goodsNo,리뷰번호,리뷰타입,작성자,리뷰내용,평점,체험단,구매옵션,키,몸무게,성별,작성일,만족도,사진유무,도움돼요,브랜드,카테고리,구매사이즈,구매상세,연도,월,일,요일,평점_raw,만족도_응답여부,사이즈,화면대비색감,퀄리티,구김,두께감,신축성,색감,보온성,퀄리티_점수,보온성_점수,신축성_점수,두께감_점수,구김_점수,사이즈_편차,사이즈_편차절대,화면대비색감_편차,화면대비색감_편차절대,색감_편차,색감_편차절대,리뷰내용_clean,리뷰내용_norm,laugh_count,cry_count,exclamation_count,question_count,emoji_count,has_repetition,text_length_orig,한글_글자수,전체_글자수,is_valid_for_topic,작성자_norm,옵션키,세션,long_gap_review,그룹크기,action,dup_flag,is_base,kept_id
﻿5475896,81935794,general,장마엔주황트랙탑,기본적으로 옷이 가볍고 보온성도 아주 만족했습니다,5.0,False,MEDIUM,171.0,75.0,남성,2026-06-02 03:55:09,사이즈: 정사이즈 / 화면 대비 색감: 화면과 비슷 / 퀄리티: 보통 / 보온성: 적당함,True,0,travel,아우터,MEDIUM,,2026,6,2,화,5,응답,정사이즈,화면과 비슷,보통,,,,,적당함,3.0,3.0,,,,0.0,0.0,0.0,0.0,,,기본적으로 옷이 가볍고 보온성도 아주 만족했습니다,기본적으로옷이가볍고보온성도아주만족했습니다,0,0,0,0,0,False,27,22,27,True,장마엔주황트랙탑,"('MEDIUM', None)",0,False,1,keep,unique,True,81935794
﻿2913656,83029028,general,상쾌한종로등산화,옷감도 부드럽고 예뻐요 색감도 예쁘고요 키 181에 마른 아들에게 많이 클까봐 걱정했는데 괜찮네요,5.0,False,MELANGE GREY / L,181.0,67.0,남성,2026-06-04 18:12:01,사이즈: 조금 큼 / 화면 대비 색감: 화면과 비슷 / 두께감: 적당함 / 퀄리티: 매우 좋음,True,0,filluminate,상의,L,MELANGE GREY,2026,6,4,목,5,응답,조금 큼,화면과 비슷,매우 좋음,,적당함,,,,5.0,,,3.0,,1.0,1.0,0.0,0.0,,,옷감도 부드럽고 예뻐요 색감도 예쁘고요 키 181에 마른 아들에게 많이 클까봐 걱정했는데 괜찮네요,옷감도부드럽고예뻐요색감도예쁘고요키181에마른아들에게많이클까봐걱정했는데괜찮네요,0,0,0,0,0,False,54,39,54,True,상쾌한종로등산화,"('L', 'MELANGE GREY')",0,False,1,keep,unique,True,83029028
2913656,83029096,general,상쾌한종로등산화,많이 드껍지 않고 색감이 참 예뻐요 멜란지보다 블랙이 예쁘네요 아들 사줬는데 m사이즈로 제것도 사고 싶어요,5.0,False,BLACK / L,181.0,67.0,남성,2026-06-04 18:11:08,사이즈: 정사이즈 / 화면 대비 색감: 화면과 비슷 / 두께감: 적당함 / 퀄리티: 보통,True,0,filluminate,상의,L,BLACK,2026,6,4,목,5,응답,정사이즈,화면과 비슷,보통,,적당함,,,,3.0,,,3.0,,0.0,0.0,0.0,0.0,,,많이 드껍지 않고 색감이 참 예뻐요 멜란지보다 블랙이 예쁘네요 아들 사줬는데 m사이즈로 제것도 사고 싶어요,많이드껍지않고색감이참예뻐요멜란지보다블랙이예쁘네요아들사줬는데m사이즈로제것도사고싶어요,0,0,0,0,0,False,59,44,59,True,상쾌한종로등산화,"('L', 'BLACK')",0,False,1,keep,unique,True,83029096
4987047,83135801,style,유유뉸ㄴ,재질 짱짱하고 적당히 크롭합니다 기본템으로 쟁겨두기 좋아요,5.0,False,블랙 · XL,180.0,80.0,남성,2026-06-01 13:35:44,사이즈: 정사이즈 / 화면 대비 색감: 화면과 비슷 / 두께감: 두꺼움 / 신축성: 적당함,True,0,jemut,상의,XL,블랙,2026,6,1,월,5,응답,정사이즈,화면과 비슷,,,두꺼움,적당함,,,,,3.0,4.0,,0.0,0.0,0.0,0.0,,,재질 짱짱하고 적당히 크롭합니다 기본템으로 쟁겨두기 좋아요,재질짱짱하고적당히크롭합니다기본템으로쟁겨두기좋아요,0,0,0,0,0,False,32,26,32,True,유유뉸ㄴ,"('XL', '블랙')",0,False,1,keep,unique,True,83135801
﻿6140870,84511050,general,맑은플럼라펠,그래픽이 귀여워서 구매했습니다. 옷재질은 엄청 탄탄하지는 않아서 오래는 못 입을 것 같아요,5.0,False,M,198.0,93.0,남성,2026-05-31 11:59:22,사이즈: 정사이즈 / 화면 대비 색감: 화면과 비슷 / 두께감: 적당함 / 신축성: 적당함,True,0,filluminate,상의,M,,2026,5,31,일,5,응답,정사이즈,화면과 비슷,,,적당함,적당함,,,,,3.0,3.0,,0.0,0.0,0.0,0.0,,,그래픽이 귀여워서 구매했습니다. 옷재질은 엄청 탄탄하지는 않아서 오래는 못 입을 것 같아요,그래픽이귀여워서구매했습니다옷재질은엄청탄탄하지는않아서오래는못입을것같아요,0,0,0,0,0,False,50,38,50,True,맑은플럼라펠,"('M', None)",0,False,1,keep,unique,True,84511050
4987047,84667659,style,rIatlan,상체가 긴편이 아니어서 일반 무지티는 기장이 너무 길었는데 이 제퓸은 기장이 짧아서 좋은거같아요,5.0,False,화이트 · L,180.0,67.0,남성,2026-06-02 01:45:01,사이즈: 정사이즈 / 화면 대비 색감: 화면과 비슷 / 두께감: 적당함 / 신축성: 적당함,True,0,jemut,상의,L,화이트,2026,6,2,화,5,응답,정사이즈,화면과 비슷,,,적당함,적당함,,,,,3.0,3.0,,0.0,0.0,0.0,0.0,,,상체가 긴편이 아니어서 일반 무지티는 기장이 너무 길었는데 이 제퓸은 기장이 짧아서 좋은거같아요,상체가긴편이아니어서일반무지티는기장이너무길었는데이제퓸은기장이짧아서좋은거같아요,0,0,0,0,0,False,53,41,53,True,rIatlan,"('L', '화이트')",0,False,1,keep,unique,True,84667659
﻿1884944,84745062,style,신나는경복궁반지,차콜 구매했다가 마음에 들어서 파란색도 구매했어요ㅎ 잘 입고있어요,5.0,False,EXTRA LARGE,172.0,85.0,남성,2026-06-05 12:08:09,사이즈: 조금 큼 / 화면 대비 색감: 화면과 비슷 / 두께감: 적당함 / 신축성: 적당함,True,0,travel,상의,EXTRA LARGE,,2026,6,5,금,5,응답,조금 큼,화면과 비슷,,,적당함,적당함,,,,,3.0,3.0,,1.0,1.0,0.0,0.0,,,차콜 구매했다가 마음에 들어서 파란색도 구매했어요ㅎ 잘 입고있어요,차콜구매했다가마음에들어서파란색도구매했어요잘입고있어요,1,0,0,0,0,False,36,28,36,True,신나는경복궁반지,"('EXTRA LARGE', None)",0,False,1,keep,unique,True,84745062
6322878,84816517,general,dhyeon_,약간 특이한 민트+초록 컬러라 예뻐요 여름에 잘 입고 다닐 것 같습니다!,3.0,False,S,168.0,53.0,여성,2026-05-29 15:25:23,사이즈: 정사이즈 / 화면 대비 색감: 밝음 / 퀄리티: 보통 / 구김: 많음,True,0,filluminate,상의,S,,2026,5,29,금,3,응답,정사이즈,밝음,보통,많음,,,,,3.0,,,,2.0,0.0,0.0,1.0,1.0,,,약간 특이한 민트+초록 컬러라 예뻐요 여름에 잘 입고 다닐 것 같습니다!,약간특이한민트초록컬러라예뻐요여름에잘입고다닐것같습니다,0,0,1,0,0,False,40,28,40,True,dhyeon_,"('S', None)",0,False,1,keep,unique,True,84816517
6322718,84821899,style,쓰묵,할인해서 저렴한 가격에 괜찮은 아이템 득템했어요,4.0,False,L,184.0,82.0,남성,2026-05-29 19:29:34,사이즈: 조금 큼 / 화면 대비 색감: 화면과 비슷 / 두께감: 적당함 / 신축성: 적당함,True,0,filluminate,상의,L,,2026,5,29,금,4,응답,조금 큼,화면과 비슷,,,적당함,적당함,,,,,3.0,3.0,,1.0,1.0,0.0,0.0,,,할인해서 저렴한 가격에 괜찮은 아이템 득템했어요,할인해서저렴한가격에괜찮은아이템득템했어요,0,0,0,0,0,False,26,21,26,True,쓰묵,"('L', None)",0,False,1,keep,unique,True,84821899
1948516,84829762,style,신화고고,베이지 주문하고 맘에 들어 추가 구매 여름에 입기 좋고 구김은 있는데 그만에 멋이 있어요,5.0,False,카키 · L,172.0,66.0,남성,2026-05-30 07:04:14,사이즈: 조금 큼 / 화면 대비 색감: 화면과 비슷 / 퀄리티: 매우 좋음 / 신축성: 적당함,True,0,jemut,하의,L,카키,2026,5,30,토,5,응답,조금 큼,화면과 비슷,매우 좋음,,,적당함,,,5.0,,3.0,,,1.0,1.0,0.0,0.0,,,베이지 주문하고 맘에 들어 추가 구매 여름에 입기 좋고 구김은 있는데 그만에 멋이 있어요,베이지주문하고맘에들어추가구매여름에입기좋고구김은있는데그만에멋이있어요,0,0,0,0,0,False,49,36,49,True,신화고고,"('L', '카키')",0,False,1,keep,unique,True,84829762
6322931,84834336,style,유능한신사양말,다 좋고 여름에도 가능할 정도로 시원한데 제가 허리가 두꺼운 편은 절대 아닌데 허리가 너무 졸려서 별 하나 뺐습니다ㅠ 핏도 제 생각보단 약간 정핏에 가까웠어요 허리에 비해 바지 길이 길어서 한사이즈 업 하기도 좀 애매해서 그냥 입고 다닙니다 예쁘긴 해요,4.0,False,S,166.0,52.0,여성,2026-05-30 18:01:46,사이즈: 조금 작음 / 화면 대비 색감: 어두움 / 퀄리티: 좋음 / 신축성: 적당함,True,0,filluminate,하의,S,,2026,5,30,토,4,응답,조금 작음,어두움,좋음,,,적당함,,,4.0,,3.0,,,-1.0,1.0,-1.0,1.0,,,다 좋고 여름에도 가능할 정도로 시원한데 제가 허리가 두꺼운 편은 절대 아닌데 허리가 너무 졸려서 별 하나 뺐습니다ㅠ 핏도 제 생각보단 약간 정핏에 가까웠어요 허리에 비해 바지 길이 길어서 한사이즈 업 하기도 좀 애매해서 그냥 입고 다닙니다 예쁘긴 해요,다좋고여름에도가능할정도로시원한데제가허리가두꺼운편은절대아닌데허리가너무졸려서별하나뺐습니다핏도제생각보단약간정핏에가까웠어요허리에비해바지길이길어서한사이즈업하기도좀애매해서그냥입고다닙니다예쁘긴해요,0,1,0,0,0,False,141,102,141,True,유능한신사양말,"('S', None)",0,False,1,keep,unique,True,84834336
4044413,84840702,style,맑은보라색새틴,좋아요 아주 이쁩니다 맘에 쏙들어요. 색감도 핏두요!!,5.0,False,크림 · XL,175.0,85.0,남성,2026-05-30 21:50:25,사이즈: 정사이즈 / 화면 대비 색감: 화면과 비슷 / 두께감: 적당함 / 신축성: 적당함,True,0,jemut,상의,XL,크림,2026,5,30,토,5,응답,정사이즈,화면과 비슷,,,적당함,적당함,,,,,3.0,3.0,,0.0,0.0,0.0,0.0,,,좋아요 아주 이쁩니다 맘에 쏙들어요. 색감도 핏두요!!,좋아요아주이쁩니다맘에쏙들어요색감도핏두요,0,0,2,0,0,False,30,21,30,True,맑은보라색새틴,"('XL', '크림')",0,False,1,keep,unique,True,84840702
4044417,84840755,style,맑은보라색새틴,좋아요 아주 이쁩니다 맘에 쏙들어요. 색감도 핏두요!!,5.0,False,브라운 · 2XL,175.0,85.0,남성,2026-05-30 21:52:03,사이즈: 정사이즈 / 화면 대비 색감: 화면과 비슷 / 두께감: 적당함 / 신축성: 적당함,True,0,jemut,상의,2XL,브라운,2026,5,30,토,5,응답,정사이즈,화면과 비슷,,,적당함,적당함,,,,,3.0,3.0,,0.0,0.0,0.0,0.0,,,좋아요 아주 이쁩니다 맘에 쏙들어요. 색감도 핏두요!!,좋아요아주이쁩니다맘에쏙들어요색감도핏두요,0,0,2,0,0,False,30,21,30,True,맑은보라색새틴,"('2XL', '브라운')",0,False,1,keep,unique,True,84840755
﻿5045661,84840768,style,맑은보라색새틴,좋아요 아주 이쁩니다 맘에 쏙들어요. 색감도 핏두요!!,5.0,False,브라운 · 2XL,175.0,85.0,남성,2026-05-30 21:51:46,사이즈: 정사이즈 / 화면 대비 색감: 화면과 비슷 / 두께감: 적당함 / 신축성: 적당함,True,0,jemut,상의,2XL,브라운,2026,5,30,토,5,응답,정사이즈,화면과 비슷,,,적당함,적당함,,,,,3.0,3.0,,0.0,0.0,0.0,0.0,,,좋아요 아주 이쁩니다 맘에 쏙들어요. 색감도 핏두요!!,좋아요아주이쁩니다맘에쏙들어요색감도핏두요,0,0,2,0,0,False,30,21,30,True,맑은보라색새틴,"('2XL', '브라운')",0,False,1,keep,unique,True,84840768
﻿5045664,84840787,style,맑은보라색새틴,좋아요 아주 이쁩니다 맘에 쏙들어요. 색감도 핏두요!!,5.0,False,크림그레이 · 2XL,175.0,85.0,남성,2026-05-30 21:52:40,사이즈: 정사이즈 / 화면 대비 색감: 화면과 비슷 / 두께감: 적당함 / 신축성: 적당함,True,0,jemut,상의,2XL,크림그레이,2026,5,30,토,5,응답,정사이즈,화면과 비슷,,,적당함,적당함,,,,,3.0,3.0,,0.0,0.0,0.0,0.0,,,좋아요 아주 이쁩니다 맘에 쏙들어요. 색감도 핏두요!!,좋아요아주이쁩니다맘에쏙들어요색감도핏두요,0,0,2,0,0,False,30,21,30,True,맑은보라색새틴,"('2XL', '크림그레이')",0,False,1,keep,unique,True,84840787
﻿3181951,84844843,style,맑은보라색새틴,아주 이쁘고 핏이 좋아요. 색감까지 좋아서 최고에여 자주입는중 ㅎㅎ,5.0,False,다크네이비 · 2XL,175.0,85.0,남성,2026-05-31 01:16:11,사이즈: 정사이즈 / 화면 대비 색감: 화면과 비슷 / 두께감: 적당함 / 신축성: 적당함,True,0,jemut,상의,2XL,다크네이비,2026,5,31,일,5,응답,정사이즈,화면과 비슷,,,적당함,적당함,,,,,3.0,3.0,,0.0,0.0,0.0,0.0,,,아주 이쁘고 핏이 좋아요. 색감까지 좋아서 최고에여 자주입는중 ㅎㅎ,아주이쁘고핏이좋아요색감까지좋아서최고에여자주입는중,2,0,0,0,0,False,37,26,37,True,맑은보라색새틴,"('2XL', '다크네이비')",0,False,1,keep,unique,True,84844843
﻿6219031,84849344,style,심심한 너구리,"색감이 진한 블랙이라 고급스럽고, 세탁해도 변형이 적어서 좋습니다.",5.0,False,LARGE,182.0,74.0,남성,2026-05-31 01:17:41,사이즈: 정사이즈 / 화면 대비 색감: 화면과 비슷 / 두께감: 적당함 / 신축성: 적당함,True,0,travel,상의,LARGE,,2026,5,31,일,5,응답,정사이즈,화면과 비슷,,,적당함,적당함,,,,,3.0,3.0,,0.0,0.0,0.0,0.0,,,"색감이 진한 블랙이라 고급스럽고, 세탁해도 변형이 적어서 좋습니다.",색감이진한블랙이라고급스럽고세탁해도변형이적어서좋습니다,0,0,0,0,0,False,37,28,37,True,심심한 너구리,"('LARGE', None)",0,False,1,keep,unique,True,84849344
6140884,84850587,general,심플한코랄소품,얇은 소재라서 여름에 걸치기 좋아요 생각보다 오버핏 느낌은 아니예요,4.0,False,M,170.0,50.0,여성,2026-05-31 05:33:17,사이즈: 정사이즈 / 화면 대비 색감: 밝음 / 퀄리티: 보통 / 구김: 약간 있음,True,0,filluminate,상의,M,,2026,5,31,일,4,응답,정사이즈,밝음,보통,약간 있음,,,,,3.0,,,,3.0,0.0,0.0,1.0,1.0,,,얇은 소재라서 여름에 걸치기 좋아요 생각보다 오버핏 느낌은 아니예요,얇은소재라서여름에걸치기좋아요생각보다오버핏느낌은아니예요,0,0,0,0,0,False,37,29,37,True,심플한코랄소품,"('M', None)",0,False,1,keep,unique,True,84850587
1884943,84850588,general,안뇽하뙈용,디자인이 이쁘고 가성비가 좋다 재질도 나쁘지 않고 신축성이 좋아 재구매 의사가 높다 너므 맘에든다,5.0,False,LARGE,181.0,79.0,남성,2026-05-31 05:33:30,사이즈: 정사이즈 / 화면 대비 색감: 화면과 비슷 / 두께감: 적당함 / 신축성: 적당함,True,0,travel,상의,LARGE,,2026,5,31,일,5,응답,정사이즈,화면과 비슷,,,적당함,적당함,,,,,3.0,3.0,,0.0,0.0,0.0,0.0,,,디자인이 이쁘고 가성비가 좋다 재질도 나쁘지 않고 신축성이 좋아 재구매 의사가 높다 너므 맘에든다,디자인이이쁘고가성비가좋다재질도나쁘지않고신축성이좋아재구매의사가높다너므맘에든다,0,0,0,0,0,False,54,41,54,True,안뇽하뙈용,"('LARGE', None)",0,False,1,keep,unique,True,84850588
6140944,84862706,style,baba12,무지 반팔보다 포인트돼서 잘입고댕겨요. 시원합니다.,5.0,False,MELANGE GREY · L,177.0,70.0,남성,2026-05-31 19:12:09,사이즈: 정사이즈 / 화면 대비 색감: 화면과 비슷 / 두께감: 적당함 / 신축성: 적당함,True,0,filluminate,상의,L,MELANGE GREY,2026,5,31,일,5,응답,정사이즈,화면과 비슷,,,적당함,적당함,,,,,3.0,3.0,,0.0,0.0,0.0,0.0,,,무지 반팔보다 포인트돼서 잘입고댕겨요. 시원합니다.,무지반팔보다포인트돼서잘입고댕겨요시원합니다,0,0,0,0,0,False,28,22,28,True,baba12,"('L', 'MELANGE GREY')",0,False,1,keep,unique,True,84862706
4728654,84866757,general,쿰척갓,두번째 구매인데 처음보다 사이즈가 작아졌어요,5.0,False,L,171.0,75.0,남성,2026-05-31 22:12:05,사이즈: 조금 작음 / 화면 대비 색감: 화면과 비슷 / 퀄리티: 좋음 / 신축성: 전혀 없음,True,0,filluminate,하의,L,,2026,5,31,일,5,응답,조금 작음,화면과 비슷,좋음,,,전혀 없음,,,4.0,,1.0,,,-1.0,1.0,0.0,0.0,,,두번째 구매인데 처음보다 사이즈가 작아졌어요,두번째구매인데처음보다사이즈가작아졌어요,0,0,0,0,0,False,24,20,24,True,쿰척갓,"('L', None)",0,False,1,keep,unique,True,84866757
6140944,84868947,style,안녕하세호이,"""디자인이 깔끔해서 어디에나 매치하기 정말 좋은 아이템입니다. 평소 입던 대로 정사이즈 주문했는데 원하던 예쁜 핏으로 딱 떨어지네요. 소재도 탄탄하고 마감 처리도 깔끔해서 가격 대비 퀄리티가 아주 만족스럽습니다. 유행 안 타고 오래 입을 수 있을 것 같아요. 배송도 빨랐습니다!""",5.0,False,MELANGE GREY · M,167.0,63.0,남성,2026-05-31 23:38:33,사이즈: 정사이즈 / 화면 대비 색감: 화면과 비슷 / 두께감: 적당함 / 신축성: 적당함,True,0,filluminate,상의,M,MELANGE GREY,2026,5,31,일,5,응답,정사이즈,화면과 비슷,,,적당함,적당함,,,,,3.0,3.0,,0.0,0.0,0.0,0.0,,,"""디자인이 깔끔해서 어디에나 매치하기 정말 좋은 아이템입니다. 평소 입던 대로 정사이즈 주문했는데 원하던 예쁜 핏으로 딱 떨어지네요. 소재도 탄탄하고 마감 처리도 깔끔해서 가격 대비 퀄리티가 아주 만족스럽습니다. 유행 안 타고 오래 입을 수 있을 것 같아요. 배송도 빨랐습니다!""",디자인이깔끔해서어디에나매치하기정말좋은아이템입니다평소입던대로정사이즈주문했는데원하던예쁜핏으로딱떨어지네요소재도탄탄하고마감처리도깔끔해서가격대비퀄리티가아주만족스럽습니다유행안타고오래입을수있을것같아요배송도빨랐습니다,0,0,1,0,0,False,156,112,156,True,안녕하세호이,"('M', 'MELANGE GREY')",0,True,1,keep,unique,True,84868947
﻿4095000,84869258,style,아루아17,길이가 좀 짧은 편이긴 한데 편하게 잘 입고 있습니다,5.0,False,XL,187.0,88.0,남성,2026-05-31 23:55:38,사이즈: 정사이즈 / 화면 대비 색감: 화면과 비슷 / 퀄리티: 보통 / 신축성: 적당함,True,0,filluminate,하의,XL,,2026,5,31,일,5,응답,정사이즈,화면과 비슷,보통,,,적당함,,,3.0,,3.0,,,0.0,0.0,0.0,0.0,,,길이가 좀 짧은 편이긴 한데 편하게 잘 입고 있습니다,길이가좀짧은편이긴한데편하게잘입고있습니다,0,0,0,0,0,False,29,21,29,True,아루아17,"('XL', None)",0,False,1,keep,unique,True,84869258
4987047,84869670,general,loge0,재질도 좋구 기장감도 좋아요.원하던 스타일이라 두번째 구매입니다.,5.0,False,화이트 · M,175.0,61.0,남성,2026-06-01 00:15:03,사이즈: 매우 작음 / 화면 대비 색감: 매우 밝음 / 두께감: 적당함 / 신축성: 적당함,True,0,jemut,상의,M,화이트,2026,6,1,월,5,응답,매우 작음,매우 밝음,,,적당함,적당함,,,,,3.0,3.0,,-2.0,2.0,2.0,2.0,,,재질도 좋구 기장감도 좋아요.원하던 스타일이라 두번째 구매입니다.,재질도좋구기장감도좋아요원하던스타일이라두번째구매입니다,0,0,0,0,0,False,36,28,36,True,loge0,"('M', '화이트')",0,False,1,keep,unique,True,84869670
3791988,84870233,general,jihwn,진짜 핏 말도안됨 걍 편하게 입을수있으면서도 꾸안꾸 가능,5.0,False,M,176.0,68.0,남성,2026-06-01 00:45:41,사이즈: 조금 큼 / 화면 대비 색감: 화면과 비슷 / 퀄리티: 보통 / 신축성: 적당함,True,0,filluminate,하의,M,,2026,6,1,월,5,응답,조금 큼,화면과 비슷,보통,,,적당함,,,3.0,,3.0,,,1.0,1.0,0.0,0.0,,,진짜 핏 말도안됨 걍 편하게 입을수있으면서도 꾸안꾸 가능,진짜핏말도안됨걍편하게입을수있으면서도꾸안꾸가능,0,0,0,0,0,False,31,24,31,True,jihwn,"('M', None)",0,False,1,keep,unique,True,84870233
6109230,84870630,general,정적인뉴델리팬츠,음 색감이 생각보다 파란색이에요. 남성용 같아요. 부스럭 거리는 소리 많이 나요. 어깨가 남자옷처럼 직각으로 떨어져요. 남성분들이 사는게 나을 듯. 165는 넘어야 사는게 나을 거 같아요.,5.0,False,S,154.0,49.0,여성,2026-06-01 01:12:33,사이즈: 조금 큼 / 화면 대비 색감: 밝음 / 퀄리티: 보통 / 두께감: 적당함,True,0,filluminate,아우터,S,,2026,6,1,월,5,응답,조금 큼,밝음,보통,,적당함,,,,3.0,,,3.0,,1.0,1.0,1.0,1.0,,,음 색감이 생각보다 파란색이에요. 남성용 같아요. 부스럭 거리는 소리 많이 나요. 어깨가 남자옷처럼 직각으로 떨어져요. 남성분들이 사는게 나을 듯. 165는 넘어야 사는게 나을 거 같아요.,음색감이생각보다파란색이에요남성용같아요부스럭거리는소리많이나요어깨가남자옷처럼직각으로떨어져요남성분들이사는게나을듯165는넘어야사는게나을거같아요,0,0,0,0,0,False,105,72,105,True,정적인뉴델리팬츠,"('S', None)",0,False,1,keep,unique,True,84870630
6140852,84871485,general,너그러운하얀버튼,색이 사진보다 밝고 붉어요.. 허리 라인도 안 잡혀있어서 그냥 스트레이트 티셔츠 느낌,4.0,False,M,170.0,63.0,여성,2026-06-01 02:49:51,사이즈: 조금 작음 / 화면 대비 색감: 밝음 / 두께감: 적당함 / 신축성: 거의 없음,False,1,filluminate,상의,M,,2026,6,1,월,4,응답,조금 작음,밝음,,,적당함,거의 없음,,,,,2.0,3.0,,-1.0,1.0,1.0,1.0,,,색이 사진보다 밝고 붉어요.. 허리 라인도 안 잡혀있어서 그냥 스트레이트 티셔츠 느낌,색이사진보다밝고붉어요허리라인도안잡혀있어서그냥스트레이트티셔츠느낌,0,0,0,0,0,False,47,34,47,True,너그러운하얀버튼,"('M', None)",0,False,1,keep,unique,True,84871485
994588,84871712,general,럭셔리한인도퍼,너무좋아요ㅜ정말 또ㅜ구매하고싶습니다추천추천,5.0,False,L(린넨),175.0,77.0,남성,2026-06-01 03:43:38,사이즈: 매우 작음 / 화면 대비 색감: 매우 밝음 / 퀄리티: 매우 나쁨 / 구김: 전혀 없음,False,0,filluminate,상의,L,(린넨),2026,6,1,월,5,응답,매우 작음,매우 밝음,매우 나쁨,전혀 없음,,,,,1.0,,,,5.0,-2.0,2.0,2.0,2.0,,,너무좋아요ㅜ정말 또ㅜ구매하고싶습니다추천추천,너무좋아요정말또구매하고싶습니다추천추천,0,1,0,0,0,False,23,20,23,True,럭셔리한인도퍼,"('L', '(린넨)')",0,False,1,keep,unique,True,84871712
3455882,84871857,general,qweasd112233,색감 너무 이쁘고 생각보다 사이즈 널널해서 너무 좋아오,5.0,False,XL,186.0,78.0,남성,2026-06-01 04:37:30,사이즈: 조금 큼 / 화면 대비 색감: 어두움 / 퀄리티: 나쁨 / 두께감: 얇음,True,0,filluminate,아우터,XL,,2026,6,1,월,5,응답,조금 큼,어두움,나쁨,,얇음,,,,2.0,,,2.0,,1.0,1.0,-1.0,1.0,,,색감 너무 이쁘고 생각보다 사이즈 널널해서 너무 좋아오,색감너무이쁘고생각보다사이즈널널해서너무좋아오,0,0,0,0,0,False,30,23,30,True,qweasd112233,"('XL', None)",0,False,1,keep,unique,True,84871857
﻿6083611,84872620,general,정제된베를린망토,옷이 너무 이쁜데 원래 크게 입어서 크게 샀더니 좀 커서 한사이즈 작게 사는걸 추천합니다!!,5.0,False,XL,165.0,80.0,missing,2026-06-01 08:00:14,사이즈: 많이 큼 / 화면 대비 색감: 화면과 비슷 / 두께감: 적당함 / 신축성: 적당함,False,0,travel,상의,XL,,2026,6,1,월,5,응답,많이 큼,화면과 비슷,,,적당함,적당함,,,,,3.0,3.0,,2.0,2.0,0.0,0.0,,,옷이 너무 이쁜데 원래 크게 입어서 크게 샀더니 좀 커서 한사이즈 작게 사는걸 추천합니다!!,옷이너무이쁜데원래크게입어서크게샀더니좀커서한사이즈작게사는걸추천합니다,0,0,2,0,0,False,51,36,51,True,정제된베를린망토,"('XL', None)",0,False,1,keep,unique,True,84872620
﻿5345842,84872622,style,Hanzen0808,옷이두께감이있고밑단스트링이있어서조았다,3.0,False,M,173.0,60.0,남성,2026-06-01 08:00:15,사이즈: 정사이즈 / 화면 대비 색감: 화면과 비슷 / 퀄리티: 보통 / 두께감: 적당함,True,0,filluminate,아우터,M,,2026,6,1,월,3,응답,정사이즈,화면과 비슷,보통,,적당함,,,,3.0,,,3.0,,0.0,0.0,0.0,0.0,,,옷이두께감이있고밑단스트링이있어서조았다,옷이두께감이있고밑단스트링이있어서조았다,0,0,0,0,0,False,20,20,20,True,Hanzen0808,"('M', None)",0,False,1,keep,unique,True,84872622
4987047,84872753,general,다퀘,적당한 두께감과 크롭감이 트렌디하게 잘 어울립니다,5.0,False,다크그레이 · L,171.0,72.0,남성,2026-06-01 08:14:53,사이즈: 정사이즈 / 화면 대비 색감: 화면과 비슷 / 두께감: 적당함 / 신축성: 적당함,False,0,jemut,상의,L,다크그레이,2026,6,1,월,5,응답,정사이즈,화면과 비슷,,,적당함,적당함,,,,,3.0,3.0,,0.0,0.0,0.0,0.0,,,적당한 두께감과 크롭감이 트렌디하게 잘 어울립니다,적당한두께감과크롭감이트렌디하게잘어울립니다,0,0,0,0,0,False,27,22,27,True,다퀘,"('L', '다크그레이')",0,False,1,keep,unique,True,84872753
6493135,84872858,style,눈누논노,골지라 살짝 고민했는데 여름 기본 필수템으로 쟁여놔야할듯 다른 색도 살려고합니다,5.0,False,BLACK · L,183.0,76.0,남성,2026-06-01 08:25:42,사이즈: 정사이즈 / 화면 대비 색감: 화면과 비슷 / 두께감: 적당함 / 신축성: 매우 강함,True,4,filluminate,상의,L,BLACK,2026,6,1,월,5,응답,정사이즈,화면과 비슷,,,적당함,매우 강함,,,,,5.0,3.0,,0.0,0.0,0.0,0.0,,,골지라 살짝 고민했는데 여름 기본 필수템으로 쟁여놔야할듯 다른 색도 살려고합니다,골지라살짝고민했는데여름기본필수템으로쟁여놔야할듯다른색도살려고합니다,0,0,0,0,0,False,44,35,44,True,눈누논노,"('L', 'BLACK')",0,False,1,keep,unique,True,84872858
3226716,84872931,general,바람직한카키쇼핑,배송 출발까지 1달이 넘게 걸려 목이 빠졌지만... 이 가격에 이런 퀄리티의 팬츠를 어디서 살 수 있나 싶긴 합니다. 예상대로 무릎을 반쯤 덮는 기장감이고 색상도 사진과 같습니딘,5.0,False,블랙 · L,168.0,60.0,남성,2026-06-01 08:34:35,사이즈: 정사이즈 / 화면 대비 색감: 화면과 비슷 / 퀄리티: 보통 / 신축성: 적당함,True,0,jemut,하의,L,블랙,2026,6,1,월,5,응답,정사이즈,화면과 비슷,보통,,,적당함,,,3.0,,3.0,,,0.0,0.0,0.0,0.0,,,배송 출발까지 1달이 넘게 걸려 목이 빠졌지만... 이 가격에 이런 퀄리티의 팬츠를 어디서 살 수 있나 싶긴 합니다. 예상대로 무릎을 반쯤 덮는 기장감이고 색상도 사진과 같습니딘,배송출발까지1달이넘게걸려목이빠졌지만이가격에이런퀄리티의팬츠를어디서살수있나싶긴합니다예상대로무릎을반쯤덮는기장감이고색상도사진과같습니딘,0,0,0,0,0,True,99,69,99,True,바람직한카키쇼핑,"('L', '블랙')",0,False,1,keep,unique,True,84872931
6394320,84873012,experience,:  D,사이즈 큰거 알고 구먀했는데도 생각했던것보다 더 크더라구요!! 다들 구매하실때 꼭 총장길이 확인❗️❗️오버하게 입으려거 샀지만 s여도 충분했을것같아요오..~... 그래두 2026 적힌게 포인트같아 올해 여름옷 요거를 열심히 입어 볼까 합니당 •• ദ്ദി(៸៸›ᴗ‹៸៸ )  여름옷이라 확실히 프린팅에 눈길이 가서 대비되게 아이보리 색으로 택했더니 맘에듭니당 너무 부담스러운 완전 흰색도 아니구 여러 바지들과 잘어울릴 색깔이여서 자주 입을것같아여 팔길이도 넉넉해서 롤업하기 좋아요💓💓  바지를 어두운색 입어서 비침도 어느정도 있지만 엄청 심하진 않아용!,4.0,True,M,165.0,57.0,여성,2026-06-01 08:40:45,사이즈: 조금 큼 / 화면 대비 색감: 화면과 비슷 / 두께감: 적당함 / 신축성: 적당함,True,0,filluminate,상의,M,,2026,6,1,월,4,응답,조금 큼,화면과 비슷,,,적당함,적당함,,,,,3.0,3.0,,1.0,1.0,0.0,0.0,,,사이즈 큰거 알고 구먀했는데도 생각했던것보다 더 크더라구요!! 다들 구매하실때 꼭 총장길이 확인 오버하게 입으려거 샀지만 s여도 충분했을것같아요오..~... 그래두 2026 적힌게 포인트같아 올해 여름옷 요거를 열심히 입어 볼까 합니당 •• ദ്ദി(៸៸›ᴗ‹៸៸ ) 여름옷이라 확실히 프린팅에 눈길이 가서 대비되게 아이보리 색으로 택했더니 맘에듭니당 너무 부담스러운 완전 흰색도 아니구 여러 바지들과 잘어울릴 색깔이여서 자주 입을것같아여 팔길이도 넉넉해서 롤업하기 좋아요 바지를 어두운색 입어서 비침도 어느정도 있지만 엄청 심하진 않아용!,사이즈큰거알고구먀했는데도생각했던것보다더크더라구요다들구매하실때꼭총장길이확인오버하게입으려거샀지만s여도충분했을것같아요오그래두2026적힌게포인트같아올해여름옷요거를열심히입어볼까합니당여름옷이라확실히프린팅에눈길이가서대비되게아이보리색으로택했더니맘에듭니당너무부담스러운완전흰색도아니구여러바지들과잘어울릴색깔이여서자주입을것같아여팔길이도넉넉해서롤업하기좋아요바지를어두운색입어서비침도어느정도있지만엄청심하진않아용,0,0,3,0,4,True,309,209,302,True,:  D,"('M', None)",0,False,1,keep,unique,True,84873012
﻿6322834,84873106,experience,루준치,"필루미네이트의 투톤 아치 로고 티셔츠 ""차콜"" 색상의 체험단 신청으로 리뷰를 작성하게 되었습니다.  브랜드: 필루미네이트 제품명: 투 톤 아치 로고 티셔츠 색상: 차콜  평소에도 차콜과 같은 어둡고 톤다운 된 계열의 색상으로된 옷을 즐겨입습니다. 이 티셔츠는 프린트가 아치형태로 되어있어서 다른티셔츠보다 지루하지않고 보는 즐거움까지 주는것 같습니다. 또한 글자도 핑크색이지만 자칫하면 남성들은 꺼려할수있는 색상을 거리낌없이 입을수있도록 톤다운된 색상이라서 여름에 맞춰 평소에도 잘입고 다닐수있습니다. 이번계기로 필루미네이트 반팔을 처음입어봤지만 생각보다 너무 잘어울리고 회사출근룩에도 포인트주기 좋아서 자주 애용할거같습니다. 잘되는 브랜드지만 더더욱 잘되었으면 좋겠습니다!!",5.0,True,L,180.0,75.0,남성,2026-06-01 08:49:55,사이즈: 조금 큼 / 화면 대비 색감: 화면과 비슷 / 두께감: 적당함 / 신축성: 강함,True,0,filluminate,상의,L,,2026,6,1,월,5,응답,조금 큼,화면과 비슷,,,적당함,강함,,,,,4.0,3.0,,1.0,1.0,0.0,0.0,,,"필루미네이트의 투톤 아치 로고 티셔츠 ""차콜"" 색상의 체험단 신청으로 리뷰를 작성하게 되었습니다. 브랜드: 필루미네이트 제품명: 투 톤 아치 로고 티셔츠 색상: 차콜 평소에도 차콜과 같은 어둡고 톤다운 된 계열의 색상으로된 옷을 즐겨입습니다. 이 티셔츠는 프린트가 아치형태로 되어있어서 다른티셔츠보다 지루하지않고 보는 즐거움까지 주는것 같습니다. 또한 글자도 핑크색이지만 자칫하면 남성들은 꺼려할수있는 색상을 거리낌없이 입을수있도록 톤다운된 색상이라서 여름에 맞춰 평소에도 잘입고 다닐수있습니다. 이번계기로 필루미네이트 반팔을 처음입어봤지만 생각보다 너무 잘어울리고 회사출근룩에도 포인트주기 좋아서 자주 애용할거같습니다. 잘되는 브랜드지만 더더욱 잘되었으면 좋겠습니다!!",필루미네이트의투톤아치로고티셔츠차콜색상의체험단신청으로리뷰를작성하게되었습니다브랜드필루미네이트제품명투톤아치로고티셔츠색상차콜평소에도차콜과같은어둡고톤다운된계열의색상으로된옷을즐겨입습니다이티셔츠는프린트가아치형태로되어있어서다른티셔츠보다지루하지않고보는즐거움까지주는것같습니다또한글자도핑크색이지만자칫하면남성들은꺼려할수있는색상을거리낌없이입을수있도록톤다운된색상이라서여름에맞춰평소에도잘입고다닐수있습니다이번계기로필루미네이트반팔을처음입어봤지만생각보다너무잘어울리고회사출근룩에도포인트주기좋아서자주애용할거같습니다잘되는브랜드지만더더욱잘되었으면좋겠습니다,0,0,2,0,0,False,377,288,375,True,루준치,"('L', None)",0,False,1,keep,unique,True,84873106
5900201,84873218,general,둔감한신당동핀,가볍고 편해서 매일 사용하고 있어요 정말 너무 만족합니다,5.0,False,S,175.0,70.0,남성,2026-06-01 09:00:41,사이즈: 정사이즈 / 화면 대비 색감: 화면과 비슷 / 퀄리티: 보통 / 두께감: 적당함,False,0,filluminate,아우터,S,,2026,6,1,월,5,응답,정사이즈,화면과 비슷,보통,,적당함,,,,3.0,,,3.0,,0.0,0.0,0.0,0.0,,,가볍고 편해서 매일 사용하고 있어요 정말 너무 만족합니다,가볍고편해서매일사용하고있어요정말너무만족합니다,0,0,0,0,0,False,31,24,31,True,둔감한신당동핀,"('S', None)",0,False,1,keep,unique,True,84873218
﻿5960801,84873349,general,ui_j,예뻐요~~ 색이 회색이라 약간 너무 편해보이는 옷 같긴 한데 편하게 입을 때 입으면 되니까~~ 엄청 예쁩니다! 재질은 두껍진 않아요,5.0,False,M,160.0,47.0,여성,2026-06-01 09:12:48,사이즈: 정사이즈 / 화면 대비 색감: 화면과 비슷 / 두께감: 얇음 / 신축성: 적당함,False,0,travel,상의,M,,2026,6,1,월,5,응답,정사이즈,화면과 비슷,,,얇음,적당함,,,,,3.0,2.0,,0.0,0.0,0.0,0.0,,,예뻐요~~ 색이 회색이라 약간 너무 편해보이는 옷 같긴 한데 편하게 입을 때 입으면 되니까~~ 엄청 예쁩니다! 재질은 두껍진 않아요,예뻐요색이회색이라약간너무편해보이는옷같긴한데편하게입을때입으면되니까엄청예쁩니다재질은두껍진않아요,0,0,1,0,0,False,73,50,73,True,ui_j,"('M', None)",0,False,1,keep,unique,True,84873349
4969807,84873519,general,고급스런스커트,일단 좀 통이 넓어서 맘에 듭니다! 막 얇은 느낌은 아니네요!,5.0,False,BLACK · M,172.0,62.0,남성,2026-06-01 09:28:16,사이즈: 정사이즈 / 화면 대비 색감: 화면과 비슷 / 퀄리티: 보통 / 신축성: 적당함,True,0,filluminate,하의,M,BLACK,2026,6,1,월,5,응답,정사이즈,화면과 비슷,보통,,,적당함,,,3.0,,3.0,,,0.0,0.0,0.0,0.0,,,일단 좀 통이 넓어서 맘에 듭니다! 막 얇은 느낌은 아니네요!,일단좀통이넓어서맘에듭니다막얇은느낌은아니네요,0,0,2,0,0,False,34,23,34,True,고급스런스커트,"('M', 'BLACK')",0,False,2,keep,multi_type_unique,True,84873519
4969807,84873523,style,고급스런스커트,막 얇은 느낌은 아닙니다! 핏 좋구 통 널널해서 좋아오,5.0,False,BLACK · M,172.0,62.0,남성,2026-06-01 09:28:50,사이즈: 정사이즈 / 화면 대비 색감: 화면과 비슷 / 퀄리티: 보통 / 신축성: 적당함,True,0,filluminate,하의,M,BLACK,2026,6,1,월,5,응답,정사이즈,화면과 비슷,보통,,,적당함,,,3.0,,3.0,,,0.0,0.0,0.0,0.0,,,막 얇은 느낌은 아닙니다! 핏 좋구 통 널널해서 좋아오,막얇은느낌은아닙니다핏좋구통널널해서좋아오,0,0,1,0,0,False,30,21,30,True,고급스런스커트,"('M', 'BLACK')",0,False,2,keep,multi_type_unique,True,84873523
3455892,84873594,style,yy729,얇아서 편하고 입기 좋아요 생각보다 크긴한데 불편할정도로 큰건 아니에요 강아지털이 잘 붙고 잘 안떨어지는 재질이라 동물 키우신다면 매일 돌돌이는 필수에요.. !  가격대비 나름 만족합니댕,5.0,False,S,164.0,56.0,여성,2026-06-01 09:33:58,사이즈: 조금 큼 / 화면 대비 색감: 화면과 비슷 / 퀄리티: 매우 좋음 / 두께감: 매우 얇음,True,2,filluminate,아우터,S,,2026,6,1,월,5,응답,조금 큼,화면과 비슷,매우 좋음,,매우 얇음,,,,5.0,,,1.0,,1.0,1.0,0.0,0.0,,,얇아서 편하고 입기 좋아요 생각보다 크긴한데 불편할정도로 큰건 아니에요 강아지털이 잘 붙고 잘 안떨어지는 재질이라 동물 키우신다면 매일 돌돌이는 필수에요.. ! 가격대비 나름 만족합니댕,얇아서편하고입기좋아요생각보다크긴한데불편할정도로큰건아니에요강아지털이잘붙고잘안떨어지는재질이라동물키우신다면매일돌돌이는필수에요가격대비나름만족합니댕,0,0,1,0,0,False,104,77,103,True,yy729,"('S', None)",0,False,1,keep,unique,True,84873594
﻿5973129,84874074,general,Ejejech,예쁜데 묘하게 엄마 등산복 느낌도 나고…. 잘 입어야할거같아요,5.0,False,F,160.0,52.0,여성,2026-06-01 09:58:36,사이즈: 조금 작음 / 화면 대비 색감: 화면과 비슷 / 퀄리티: 보통 / 두께감: 적당함,False,0,filluminate,아우터,F,,2026,6,1,월,5,응답,조금 작음,화면과 비슷,보통,,적당함,,,,3.0,,,3.0,,-1.0,1.0,0.0,0.0,,,예쁜데 묘하게 엄마 등산복 느낌도 나고…. 잘 입어야할거같아요,예쁜데묘하게엄마등산복느낌도나고잘입어야할거같아요,0,0,0,0,0,False,34,25,34,True,Ejejech,"('F', None)",0,False,1,keep,unique,True,84874074
4987047,84874857,general,세련된그린미니,데일리로 입기 좋아요 다만 마감이 좀.... 실이 뭉텅이로 옷안에 있는 건 그렇네요,4.0,False,화이트 · M,170.0,55.0,남성,2026-06-01 10:37:45,사이즈: 정사이즈 / 화면 대비 색감: 화면과 비슷 / 두께감: 두꺼움 / 신축성: 거의 없음,False,0,jemut,상의,M,화이트,2026,6,1,월,4,응답,정사이즈,화면과 비슷,,,두꺼움,거의 없음,,,,,2.0,4.0,,0.0,0.0,0.0,0.0,,,데일리로 입기 좋아요 다만 마감이 좀... 실이 뭉텅이로 옷안에 있는 건 그렇네요,데일리로입기좋아요다만마감이좀실이뭉텅이로옷안에있는건그렇네요,0,0,0,0,0,True,46,31,45,True,세련된그린미니,"('M', '화이트')",0,False,1,keep,unique,True,84874857
6352777,84875388,experience,똥글이1,"우선 색상이 마음에 듭니다. 박시한 사이즈는 아니고요 저는 덩치가 있어서 박시하게 입긴하지만은 또 입으니 날씬하게 보이는 느낌이 있습니다 하지만은  기장이 조금 짧은거 같다라는 느낌이 들고 그거 말고는 예뻐요!! 팔, 어깨사이즈도 괜찮고요 가슴 허리 배도 일반적인 사이즈였습니다 재질은 얇지도 두껍지도 않은 재질이라 딱 적당한거 같습니다!! 운전하고 등쪽을 봤는데요 구김이 좀 덜하는 느낌을 받았답니다. 그래서 재질은  고퀄리티라고 생각이 듭니다 이가격에 이 퀄리티는 추전드려요  만족하실겁니다",5.0,True,L,180.0,94.0,남성,2026-06-01 11:11:23,사이즈: 정사이즈 / 화면 대비 색감: 화면과 비슷 / 두께감: 적당함 / 신축성: 적당함,True,0,filluminate,상의,L,,2026,6,1,월,5,응답,정사이즈,화면과 비슷,,,적당함,적당함,,,,,3.0,3.0,,0.0,0.0,0.0,0.0,,,"우선 색상이 마음에 듭니다. 박시한 사이즈는 아니고요 저는 덩치가 있어서 박시하게 입긴하지만은 또 입으니 날씬하게 보이는 느낌이 있습니다 하지만은 기장이 조금 짧은거 같다라는 느낌이 들고 그거 말고는 예뻐요!! 팔, 어깨사이즈도 괜찮고요 가슴 허리 배도 일반적인 사이즈였습니다 재질은 얇지도 두껍지도 않은 재질이라 딱 적당한거 같습니다!! 운전하고 등쪽을 봤는데요 구김이 좀 덜하는 느낌을 받았답니다. 그래서 재질은 고퀄리티라고 생각이 듭니다 이가격에 이 퀄리티는 추전드려요 만족하실겁니다",우선색상이마음에듭니다박시한사이즈는아니고요저는덩치가있어서박시하게입긴하지만은또입으니날씬하게보이는느낌이있습니다하지만은기장이조금짧은거같다라는느낌이들고그거말고는예뻐요팔어깨사이즈도괜찮고요가슴허리배도일반적인사이즈였습니다재질은얇지도두껍지도않은재질이라딱적당한거같습니다운전하고등쪽을봤는데요구김이좀덜하는느낌을받았답니다그래서재질은고퀄리티라고생각이듭니다이가격에이퀄리티는추전드려요만족하실겁니다,0,0,4,0,0,False,276,205,273,True,똥글이1,"('L', None)",0,False,1,keep,unique,True,84875388
4073393,84875684,general,디디아,원단 칼라도 예쁘고 프린트도 너무 튀지 않아서 정말 잘입고 다닐꺼 같아요~만족합니다~!,5.0,False,딥그레이 · 2XL,174.0,68.0,여성,2026-06-01 11:29:18,사이즈: 정사이즈 / 화면 대비 색감: 화면과 비슷 / 두께감: 적당함 / 신축성: 적당함,True,0,jemut,상의,2XL,딥그레이,2026,6,1,월,5,응답,정사이즈,화면과 비슷,,,적당함,적당함,,,,,3.0,3.0,,0.0,0.0,0.0,0.0,,,원단 칼라도 예쁘고 프린트도 너무 튀지 않아서 정말 잘입고 다닐꺼 같아요~만족합니다~!,원단칼라도예쁘고프린트도너무튀지않아서정말잘입고다닐꺼같아요만족합니다,0,0,1,0,0,False,48,35,48,True,디디아,"('2XL', '딥그레이')",0,False,1,keep,unique,True,84875684
4969807,84875919,general,열혈성치,마감이 살짝아쉽네요 실밥 마감처리좀. 그리고 뒷주머니가 너무 헐렁해서 쳐져서 벌어지는것고 아쉽습니다.나머지는 이뿌고 좋아요~,3.0,False,INDIGO · M,171.0,68.0,남성,2026-06-01 11:41:01,사이즈: 정사이즈 / 화면 대비 색감: 화면과 비슷 / 퀄리티: 나쁨 / 신축성: 적당함,True,0,filluminate,하의,M,INDIGO,2026,6,1,월,3,응답,정사이즈,화면과 비슷,나쁨,,,적당함,,,2.0,,3.0,,,0.0,0.0,0.0,0.0,,,마감이 살짝아쉽네요 실밥 마감처리좀. 그리고 뒷주머니가 너무 헐렁해서 쳐져서 벌어지는것고 아쉽습니다.나머지는 이뿌고 좋아요~,마감이살짝아쉽네요실밥마감처리좀그리고뒷주머니가너무헐렁해서쳐져서벌어지는것고아쉽습니다나머지는이뿌고좋아요,0,0,0,0,0,False,69,54,69,True,열혈성치,"('M', 'INDIGO')",0,False,1,keep,unique,True,84875919
4969807,84875936,general,pys318,전체적 핏은 이뻐요 근데 허리는 좁고 통이 좀 큽니다만 여름용으로 ㄱㅊ,4.0,False,BLACK · L,180.0,75.0,남성,2026-06-01 11:41:43,사이즈: 조금 큼 / 화면 대비 색감: 화면과 비슷 / 퀄리티: 보통 / 신축성: 적당함,False,0,filluminate,하의,L,BLACK,2026,6,1,월,4,응답,조금 큼,화면과 비슷,보통,,,적당함,,,3.0,,3.0,,,1.0,1.0,0.0,0.0,,,전체적 핏은 이뻐요 근데 허리는 좁고 통이 좀 큽니다만 여름용으로 ㄱㅊ,전체적핏은이뻐요근데허리는좁고통이좀큽니다만여름용으로,0,0,0,0,0,False,39,27,39,True,pys318,"('L', 'BLACK')",0,False,1,keep,unique,True,84875936
3048830,84875961,general,뀨들,후기에서 보듯이 허리 진짜 크고요.. 생각보다 핏이 애매..해서 잘 모르겠어요,4.0,False,MEDIUM,170.0,65.0,남성,2026-06-01 11:42:45,사이즈: 정사이즈 / 화면 대비 색감: 화면과 비슷 / 퀄리티: 보통 / 신축성: 전혀 없음,False,0,travel,하의,MEDIUM,,2026,6,1,월,4,응답,정사이즈,화면과 비슷,보통,,,전혀 없음,,,3.0,,1.0,,,0.0,0.0,0.0,0.0,,,후기에서 보듯이 허리 진짜 크고요.. 생각보다 핏이 애매..해서 잘 모르겠어요,후기에서보듯이허리진짜크고요생각보다핏이애매해서잘모르겠어요,0,0,0,0,0,False,43,30,43,True,뀨들,"('MEDIUM', None)",0,False,1,keep,unique,True,84875961
4969869,84876262,general,윤민혁89,색감이 너무 좋아요 여름에도 시원해보여서 입을 수 있을 것 같아요!,5.0,False,(STRIPE) SKY BLUE · L,179.0,84.0,남성,2026-06-01 11:56:49,사이즈: 정사이즈 / 화면 대비 색감: 화면과 비슷 / 퀄리티: 보통 / 구김: 약간 있음,False,0,filluminate,상의,L,(STRIPE) SKY BLUE,2026,6,1,월,5,응답,정사이즈,화면과 비슷,보통,약간 있음,,,,,3.0,,,,3.0,0.0,0.0,0.0,0.0,,,색감이 너무 좋아요 여름에도 시원해보여서 입을 수 있을 것 같아요!,색감이너무좋아요여름에도시원해보여서입을수있을것같아요,0,0,1,0,0,False,37,27,37,True,윤민혁89,"('L', '(STRIPE) SKY BLUE')",0,False,1,keep,unique,True,84876262
6322928,84876760,style,튼튼한인도컷팅,밴드가 좀 더 넉넉했으면 좋겠어요 나머진 다 좋아요,5.0,False,M,172.0,73.0,남성,2026-06-01 12:26:52,사이즈: 정사이즈 / 화면 대비 색감: 화면과 비슷 / 퀄리티: 보통 / 신축성: 적당함,True,0,filluminate,하의,M,,2026,6,1,월,5,응답,정사이즈,화면과 비슷,보통,,,적당함,,,3.0,,3.0,,,0.0,0.0,0.0,0.0,,,밴드가 좀 더 넉넉했으면 좋겠어요 나머진 다 좋아요,밴드가좀더넉넉했으면좋겠어요나머진다좋아요,0,0,0,0,0,False,28,21,28,True,튼튼한인도컷팅,"('M', None)",0,False,2,keep,multi_type_dup,True,84876760
6394289,84876802,experience,믱믱ㅁ,체험단 후기를 작성할 수 있어서 너무 감사합니다. 편하게 입고 다닐 수 있는 바지인 것 같아요. 힙한 디자인으로 꾸안꾸 느낌으로 입기 좋을것같습니다. 묵직한 느낌으로 세탁시 변함이 적을것같습니다. 가격대가 저렴해서 내돈내산하더라도 괜찮을것같습니다. 사이즈는 한치수 작게입어도 맞을것같고 업하면 좀 더 힙하게 오버사이징해서도 가능할거 같습니다. 핏한 옷을 좋아하시는 분들보단 넉넉한 사이즈를 좋아하시는 분들께 어울릴것같습니다. 가성비와 디자인 고려해서 추천드립니다! 이뻐요.,5.0,True,M,179.0,75.0,남성,2026-06-01 12:28:57,사이즈: 조금 큼 / 화면 대비 색감: 화면과 비슷 / 퀄리티: 보통 / 신축성: 강함,True,0,filluminate,하의,M,,2026,6,1,월,5,응답,조금 큼,화면과 비슷,보통,,,강함,,,3.0,,4.0,,,1.0,1.0,0.0,0.0,,,체험단 후기를 작성할 수 있어서 너무 감사합니다. 편하게 입고 다닐 수 있는 바지인 것 같아요. 힙한 디자인으로 꾸안꾸 느낌으로 입기 좋을것같습니다. 묵직한 느낌으로 세탁시 변함이 적을것같습니다. 가격대가 저렴해서 내돈내산하더라도 괜찮을것같습니다. 사이즈는 한치수 작게입어도 맞을것같고 업하면 좀 더 힙하게 오버사이징해서도 가능할거 같습니다. 핏한 옷을 좋아하시는 분들보단 넉넉한 사이즈를 좋아하시는 분들께 어울릴것같습니다. 가성비와 디자인 고려해서 추천드립니다! 이뻐요.,체험단후기를작성할수있어서너무감사합니다편하게입고다닐수있는바지인것같아요힙한디자인으로꾸안꾸느낌으로입기좋을것같습니다묵직한느낌으로세탁시변함이적을것같습니다가격대가저렴해서내돈내산하더라도괜찮을것같습니다사이즈는한치수작게입어도맞을것같고업하면좀더힙하게오버사이징해서도가능할거같습니다핏한옷을좋아하시는분들보단넉넉한사이즈를좋아하시는분들께어울릴것같습니다가성비와디자인고려해서추천드립니다이뻐요,0,0,1,0,0,False,264,201,264,True,믱믱ㅁ,"('M', None)",0,False,1,keep,unique,True,84876802
﻿6491928,84876882,general,쭌슈가,행사해서 저렴하게 구매했어요. 받아보고 상품보고 더 만족,5.0,False,블랙 · L,185.0,80.0,남성,2026-06-01 12:33:47,사이즈: 정사이즈 / 화면 대비 색감: 화면과 비슷 / 퀄리티: 보통 / 두께감: 적당함,False,0,jemut,아우터,L,블랙,2026,6,1,월,5,응답,정사이즈,화면과 비슷,보통,,적당함,,,,3.0,,,3.0,,0.0,0.0,0.0,0.0,,,행사해서 저렴하게 구매했어요. 받아보고 상품보고 더 만족,행사해서저렴하게구매했어요받아보고상품보고더만족,0,0,0,0,0,False,31,24,31,True,쭌슈가,"('L', '블랙')",0,False,1,keep,unique,True,84876882
﻿1817381,84876942,general,명랑한청색쿨톤,배송빠르고 사이즈도 딱 낮아서 너무 좋아요 감사,5.0,False,SMALL,170.0,55.0,남성,2026-06-01 12:36:54,사이즈: 정사이즈 / 화면 대비 색감: 화면과 비슷 / 퀄리티: 보통 / 두께감: 적당함,False,0,travel,아우터,SMALL,,2026,6,1,월,5,응답,정사이즈,화면과 비슷,보통,,적당함,,,,3.0,,,3.0,,0.0,0.0,0.0,0.0,,,배송빠르고 사이즈도 딱 낮아서 너무 좋아요 감사,배송빠르고사이즈도딱낮아서너무좋아요감사,0,0,0,0,0,False,26,20,26,True,명랑한청색쿨톤,"('SMALL', None)",0,False,1,keep,unique,True,84876942
3455892,84876979,general,명랑한청색쿨톤,배송빠르고 사이즈도 딱 맞아서 너무 좋아요 감사,5.0,False,S,170.0,55.0,남성,2026-06-01 12:39:23,사이즈: 정사이즈 / 화면 대비 색감: 화면과 비슷 / 퀄리티: 보통 / 두께감: 적당함,False,0,filluminate,아우터,S,,2026,6,1,월,5,응답,정사이즈,화면과 비슷,보통,,적당함,,,,3.0,,,3.0,,0.0,0.0,0.0,0.0,,,배송빠르고 사이즈도 딱 맞아서 너무 좋아요 감사,배송빠르고사이즈도딱맞아서너무좋아요감사,0,0,0,0,0,False,26,20,26,True,명랑한청색쿨톤,"('S', None)",0,False,1,keep,unique,True,84876979
6394336,84877086,experience,서투른금색손수건,우선 프린팅이 힙합니다!! 프린팅이 작은 편이 아니고 크게크게 있어서 색이 베이지 색임에도 더워보이지 않아요. 그리고 사이즈는 s사이즈임에도 생각보다 많이 커서 당황했지만 옷 자체가 얇은 편이라 부해보이지 않아서 좋습니다. 소매가 길고 통이 넓은데 이건 접어서 입으면 딱 좋은 길이가 되어서 만족스러워요 오빠한테도 입혀봤었는데 남자여자 상관없이 다 어울립니다 베이지색 반팔티를 찾고 계신다면 강추합니다!! 그리고 제가 가장 좋다고 생각한 점은 프린팅이 약간 데미지 포인트가 있는데 이게 나중에 많이 빨면 프린팅들이 일어나거나 벗겨지곤하는데 제품자체의 프린팅이 그렇게 나와서 프린팅이 벗겨져도 디자인처럼 잘 입을 수 있을 것 같아요,5.0,True,S,167.0,49.0,여성,2026-06-01 12:46:19,사이즈: 조금 큼 / 화면 대비 색감: 어두움 / 두께감: 적당함 / 신축성: 강함,True,0,filluminate,상의,S,,2026,6,1,월,5,응답,조금 큼,어두움,,,적당함,강함,,,,,4.0,3.0,,1.0,1.0,-1.0,1.0,,,우선 프린팅이 힙합니다!! 프린팅이 작은 편이 아니고 크게크게 있어서 색이 베이지 색임에도 더워보이지 않아요. 그리고 사이즈는 s사이즈임에도 생각보다 많이 커서 당황했지만 옷 자체가 얇은 편이라 부해보이지 않아서 좋습니다. 소매가 길고 통이 넓은데 이건 접어서 입으면 딱 좋은 길이가 되어서 만족스러워요 오빠한테도 입혀봤었는데 남자여자 상관없이 다 어울립니다 베이지색 반팔티를 찾고 계신다면 강추합니다!! 그리고 제가 가장 좋다고 생각한 점은 프린팅이 약간 데미지 포인트가 있는데 이게 나중에 많이 빨면 프린팅들이 일어나거나 벗겨지곤하는데 제품자체의 프린팅이 그렇게 나와서 프린팅이 벗겨져도 디자인처럼 잘 입을 수 있을 것 같아요,우선프린팅이힙합니다프린팅이작은편이아니고크게크게있어서색이베이지색임에도더워보이지않아요그리고사이즈는s사이즈임에도생각보다많이커서당황했지만옷자체가얇은편이라부해보이지않아서좋습니다소매가길고통이넓은데이건접어서입으면딱좋은길이가되어서만족스러워요오빠한테도입혀봤었는데남자여자상관없이다어울립니다베이지색반팔티를찾고계신다면강추합니다그리고제가가장좋다고생각한점은프린팅이약간데미지포인트가있는데이게나중에많이빨면프린팅들이일어나거나벗겨지곤하는데제품자체의프린팅이그렇게나와서프린팅이벗겨져도디자인처럼잘입을수있을것같아요,0,0,4,0,0,False,352,264,352,True,서투른금색손수건,"('S', None)",0,False,1,keep,unique,True,84877086
6394321,84877501,experience,현아가,>재질 옷이 되게 얇고 후들후들해서 여름에 가볍고 시원하게 입기 좋은거 같아요 아직 한여름은 아니라 저는 반팔티 두개로 레이어드해서 입고 다녔는데 옷이 얇다보니 두겹을 입어도 부해보이지 않고 자연스럽게 떨어지는 핏이 예뻤어요  >색감 요즘 흔치않은 밝은 하늘색 반팔티인데 하늘 러버로써는 완전 맘에 들어요 흔한듯 아닌듯 포인트 컬러도 제대로 되는데다 여름에 시원한 느낌으로 입기에도 좋아요  >디자인 앞은 깔끔한 디자인인데 뒷면에 프린팅이 크케 들어있어서 포인트가 돼요 반팔위에 겉옷 걸칠때 앞면에 프린팅이 크게 들어있으면 좀 지저분해보여서 별로 안좋아하는데 뒷면에 프린팅이 있으니 반팔 단독으로 입어도 심심해보이지 않고 겉옷을 걸칠땐 무지티처럼 보여서 깔끔하고 좋더라고요,5.0,True,S,170.0,55.0,여성,2026-06-01 14:04:46,사이즈: 조금 큼 / 화면 대비 색감: 화면과 비슷 / 두께감: 얇음 / 신축성: 강함,True,0,filluminate,상의,S,,2026,6,1,월,5,응답,조금 큼,화면과 비슷,,,얇음,강함,,,,,4.0,2.0,,1.0,1.0,0.0,0.0,,,>재질 옷이 되게 얇고 후들후들해서 여름에 가볍고 시원하게 입기 좋은거 같아요 아직 한여름은 아니라 저는 반팔티 두개로 레이어드해서 입고 다녔는데 옷이 얇다보니 두겹을 입어도 부해보이지 않고 자연스럽게 떨어지는 핏이 예뻤어요 >색감 요즘 흔치않은 밝은 하늘색 반팔티인데 하늘 러버로써는 완전 맘에 들어요 흔한듯 아닌듯 포인트 컬러도 제대로 되는데다 여름에 시원한 느낌으로 입기에도 좋아요 >디자인 앞은 깔끔한 디자인인데 뒷면에 프린팅이 크케 들어있어서 포인트가 돼요 반팔위에 겉옷 걸칠때 앞면에 프린팅이 크게 들어있으면 좀 지저분해보여서 별로 안좋아하는데 뒷면에 프린팅이 있으니 반팔 단독으로 입어도 심심해보이지 않고 겉옷을 걸칠땐 무지티처럼 보여서 깔끔하고 좋더라고요,재질옷이되게얇고후들후들해서여름에가볍고시원하게입기좋은거같아요아직한여름은아니라저는반팔티두개로레이어드해서입고다녔는데옷이얇다보니두겹을입어도부해보이지않고자연스럽게떨어지는핏이예뻤어요색감요즘흔치않은밝은하늘색반팔티인데하늘러버로써는완전맘에들어요흔한듯아닌듯포인트컬러도제대로되는데다여름에시원한느낌으로입기에도좋아요디자인앞은깔끔한디자인인데뒷면에프린팅이크케들어있어서포인트가돼요반팔위에겉옷걸칠때앞면에프린팅이크게들어있으면좀지저분해보여서별로안좋아하는데뒷면에프린팅이있으니반팔단독으로입어도심심해보이지않고겉옷을걸칠땐무지티처럼보여서깔끔하고좋더라고요,0,0,0,0,0,False,376,285,374,True,현아가,"('S', None)",0,False,1,keep,unique,True,84877501
4969807,84877688,style,MnCt,어제 처음 꺼내보고 이틀째 연속 입으면서 후기 쓰고 있습니다!! 일단 너무 시원하고 핏도 이쁘게 잘 살아서 너무 만족하면서 앞으로도 입을 거 같아요!!,5.0,False,INDIGO · L,172.0,72.0,남성,2026-06-01 13:21:52,사이즈: 정사이즈 / 화면 대비 색감: 화면과 비슷 / 퀄리티: 매우 좋음 / 신축성: 적당함,True,1,filluminate,하의,L,INDIGO,2026,6,1,월,5,응답,정사이즈,화면과 비슷,매우 좋음,,,적당함,,,5.0,,3.0,,,0.0,0.0,0.0,0.0,,,어제 처음 꺼내보고 이틀째 연속 입으면서 후기 쓰고 있습니다!! 일단 너무 시원하고 핏도 이쁘게 잘 살아서 너무 만족하면서 앞으로도 입을 거 같아요!!,어제처음꺼내보고이틀째연속입으면서후기쓰고있습니다일단너무시원하고핏도이쁘게잘살아서너무만족하면서앞으로도입을거같아요,0,0,4,0,0,False,84,59,84,True,MnCt,"('L', 'INDIGO')",0,False,1,keep,unique,True,84877688
6322928,84877716,general,MnCt,일단 옷 생긴것부터가 너무 이쁘고 맘에 드네요!! 가성비 브랜드로 알고 입문해봤는데 편하구 조은 거 같아요,5.0,False,S,172.0,72.0,남성,2026-06-01 13:23:14,사이즈: 정사이즈 / 화면 대비 색감: 밝음 / 퀄리티: 매우 좋음 / 신축성: 강함,True,0,filluminate,하의,S,,2026,6,1,월,5,응답,정사이즈,밝음,매우 좋음,,,강함,,,5.0,,4.0,,,0.0,0.0,1.0,1.0,,,일단 옷 생긴것부터가 너무 이쁘고 맘에 드네요!! 가성비 브랜드로 알고 입문해봤는데 편하구 조은 거 같아요,일단옷생긴것부터가너무이쁘고맘에드네요가성비브랜드로알고입문해봤는데편하구조은거같아요,0,0,2,0,0,False,59,43,59,True,MnCt,"('S', None)",0,True,1,keep,unique,True,84877716
4969807,84877848,style,천사상담원,여름에 입기 시원한것 같습니다.  가격이 저렴해서 좋아요,5.0,False,BEIGE · L,176.0,70.0,남성,2026-06-01 13:30:42,사이즈: 정사이즈 / 화면 대비 색감: 화면과 비슷 / 퀄리티: 보통 / 신축성: 적당함,True,0,filluminate,하의,L,BEIGE,2026,6,1,월,5,응답,정사이즈,화면과 비슷,보통,,,적당함,,,3.0,,3.0,,,0.0,0.0,0.0,0.0,,,여름에 입기 시원한것 같습니다. 가격이 저렴해서 좋아요,여름에입기시원한것같습니다가격이저렴해서좋아요,0,0,0,0,0,False,31,23,30,True,천사상담원,"('L', 'BEIGE')",0,False,1,keep,unique,True,84877848
4969899,84877880,general,수원MJ,세일할 때 구매했는데 너무 잘 사용하고 있어요 다음에 또 구매하고싶어요!,5.0,False,LIGHT BLUE · M,174.0,58.0,남성,2026-06-01 13:32:15,사이즈: 정사이즈 / 화면 대비 색감: 화면과 비슷 / 퀄리티: 보통 / 구김: 약간 있음,False,0,filluminate,상의,M,LIGHT BLUE,2026,6,1,월,5,응답,정사이즈,화면과 비슷,보통,약간 있음,,,,,3.0,,,,3.0,0.0,0.0,0.0,0.0,,,세일할 때 구매했는데 너무 잘 사용하고 있어요 다음에 또 구매하고싶어요!,세일할때구매했는데너무잘사용하고있어요다음에또구매하고싶어요,0,0,1,0,0,False,40,30,40,True,수원MJ,"('M', 'LIGHT BLUE')",0,False,1,keep,unique,True,84877880
6322928,84877887,general,수원MJ,세일할 때 구매했는데 너무 잘 사용하고 있어요 다음에 또 구매하고싶어요!,5.0,False,S,174.0,58.0,남성,2026-06-01 13:32:29,사이즈: 정사이즈 / 화면 대비 색감: 화면과 비슷 / 퀄리티: 보통 / 신축성: 적당함,False,0,filluminate,하의,S,,2026,6,1,월,5,응답,정사이즈,화면과 비슷,보통,,,적당함,,,3.0,,3.0,,,0.0,0.0,0.0,0.0,,,세일할 때 구매했는데 너무 잘 사용하고 있어요 다음에 또 구매하고싶어요!,세일할때구매했는데너무잘사용하고있어요다음에또구매하고싶어요,0,0,1,0,0,False,40,30,40,True,수원MJ,"('S', None)",0,False,1,keep,unique,True,84877887
4969807,84878287,general,스페인짱,오랜만에 바지 샀는데 아쥬 마음에 듭니다!! 하나 더사려구요 ㅎ,5.0,False,LIGHT BLUE · M,162.0,69.0,남성,2026-06-01 13:52:28,사이즈: 정사이즈 / 화면 대비 색감: 화면과 비슷 / 퀄리티: 보통 / 신축성: 적당함,False,0,filluminate,하의,M,LIGHT BLUE,2026,6,1,월,5,응답,정사이즈,화면과 비슷,보통,,,적당함,,,3.0,,3.0,,,0.0,0.0,0.0,0.0,,,오랜만에 바지 샀는데 아쥬 마음에 듭니다!! 하나 더사려구요 ㅎ,오랜만에바지샀는데아쥬마음에듭니다하나더사려구요,1,0,2,0,0,False,35,24,35,True,스페인짱,"('M', 'LIGHT BLUE')",0,False,1,keep,unique,True,84878287
﻿5960800,84878303,general,역동적인마포체크,휘뚜루 마뚜루 입으려고 샀는데 두께도 적당하고 사이즈도 딱 좋네요,4.0,False,S,170.0,64.0,남성,2026-06-01 13:53:02,사이즈: 정사이즈 / 화면 대비 색감: 화면과 비슷 / 두께감: 적당함 / 신축성: 적당함,False,0,travel,상의,S,,2026,6,1,월,4,응답,정사이즈,화면과 비슷,,,적당함,적당함,,,,,3.0,3.0,,0.0,0.0,0.0,0.0,,,휘뚜루 마뚜루 입으려고 샀는데 두께도 적당하고 사이즈도 딱 좋네요,휘뚜루마뚜루입으려고샀는데두께도적당하고사이즈도딱좋네요,0,0,0,0,0,False,36,28,36,True,역동적인마포체크,"('S', None)",0,False,1,keep,unique,True,84878303
﻿6322655,84878560,general,AshClloud,20수라서 시원해요 앞쪽에 작은 로고라도 있으면 덜 밋밋할거 같아요,4.0,False,L,182.0,80.0,남성,2026-06-01 14:06:29,사이즈: 정사이즈 / 화면 대비 색감: 화면과 비슷 / 두께감: 얇음 / 신축성: 적당함,False,0,filluminate,상의,L,,2026,6,1,월,4,응답,정사이즈,화면과 비슷,,,얇음,적당함,,,,,3.0,2.0,,0.0,0.0,0.0,0.0,,,20수라서 시원해요 앞쪽에 작은 로고라도 있으면 덜 밋밋할거 같아요,20수라서시원해요앞쪽에작은로고라도있으면덜밋밋할거같아요,0,0,0,0,0,False,37,27,37,True,AshClloud,"('L', None)",0,False,1,keep,unique,True,84878560
3455892,84878887,general,sunnycho,두께감이 봄여름 입기 딱 좋아요 살짝 오버핏도 이쁘네요 선물했는데 좋아하네요,5.0,False,S,182.0,75.0,남성,2026-06-01 14:24:19,사이즈: 조금 큼 / 화면 대비 색감: 화면과 비슷 / 퀄리티: 좋음 / 두께감: 얇음,False,0,filluminate,아우터,S,,2026,6,1,월,5,응답,조금 큼,화면과 비슷,좋음,,얇음,,,,4.0,,,2.0,,1.0,1.0,0.0,0.0,,,두께감이 봄여름 입기 딱 좋아요 살짝 오버핏도 이쁘네요 선물했는데 좋아하네요,두께감이봄여름입기딱좋아요살짝오버핏도이쁘네요선물했는데좋아하네요,0,0,0,0,0,False,42,33,42,True,sunnycho,"('S', None)",0,False,1,keep,unique,True,84878887
6394371,84879009,experience,송이송이꽃송이가,"170cm / 69kg 기준 M 사이즈 착용했습니다.  전체적으로 여유 있는 와이드 핏이라 다리 라인이 편하게 떨어지고, 기장감도 신발 위에 자연스럽게 얹히는 정도라 마음에 들었습니다. 너무 과하게 끌리는 느낌은 아니고, 스트릿하게 입기 좋은 실루엣입니다.  소재는 바스락거리는 나일론 느낌이라 가볍고 시원한 편입니다. 착용했을 때 답답하지 않고, 움직일 때도 불편함이 거의 없었습니다. 주머니 디테일이 있어서 밋밋하지 않고, 기본 티셔츠 하나만 입어도 포인트가 됩니다.  색감은 차콜 그레이에 가까워서 블랙, 화이트, 버건디 계열 상의랑도 잘 어울렸습니다. 실제로 흰 티나 어두운 스트라이프 티셔츠와 매치했을 때 가장 깔끔했습니다. 허리 밴딩도 편해서 데일리로 자주 입기 좋을 것 같습니다.  다만 소재 특성상 구김은 어느 정도 있는 편입니다. 그래도 이 팬츠는 그런 자연스러운 주름감이 오히려 무드에 잘 맞아서 크게 거슬리지는 않았습니다.  편한 와이드 팬츠 찾으시는 분들, 여름부터 간절기까지 스트릿하게 입을 바지 찾으시는 분들께 추천드립니다.",5.0,True,CHARCOAL · M,170.0,69.0,남성,2026-06-01 14:32:00,사이즈: 정사이즈 / 화면 대비 색감: 화면과 비슷 / 퀄리티: 좋음 / 신축성: 적당함,True,3,filluminate,하의,M,CHARCOAL,2026,6,1,월,5,응답,정사이즈,화면과 비슷,좋음,,,적당함,,,4.0,,3.0,,,0.0,0.0,0.0,0.0,,,"170cm / 69kg 기준 M 사이즈 착용했습니다. 전체적으로 여유 있는 와이드 핏이라 다리 라인이 편하게 떨어지고, 기장감도 신발 위에 자연스럽게 얹히는 정도라 마음에 들었습니다. 너무 과하게 끌리는 느낌은 아니고, 스트릿하게 입기 좋은 실루엣입니다. 소재는 바스락거리는 나일론 느낌이라 가볍고 시원한 편입니다. 착용했을 때 답답하지 않고, 움직일 때도 불편함이 거의 없었습니다. 주머니 디테일이 있어서 밋밋하지 않고, 기본 티셔츠 하나만 입어도 포인트가 됩니다. 색감은 차콜 그레이에 가까워서 블랙, 화이트, 버건디 계열 상의랑도 잘 어울렸습니다. 실제로 흰 티나 어두운 스트라이프 티셔츠와 매치했을 때 가장 깔끔했습니다. 허리 밴딩도 편해서 데일리로 자주 입기 좋을 것 같습니다. 다만 소재 특성상 구김은 어느 정도 있는 편입니다. 그래도 이 팬츠는 그런 자연스러운 주름감이 오히려 무드에 잘 맞아서 크게 거슬리지는 않았습니다. 편한 와이드 팬츠 찾으시는 분들, 여름부터 간절기까지 스트릿하게 입을 바지 찾으시는 분들께 추천드립니다.",170cm69kg기준m사이즈착용했습니다전체적으로여유있는와이드핏이라다리라인이편하게떨어지고기장감도신발위에자연스럽게얹히는정도라마음에들었습니다너무과하게끌리는느낌은아니고스트릿하게입기좋은실루엣입니다소재는바스락거리는나일론느낌이라가볍고시원한편입니다착용했을때답답하지않고움직일때도불편함이거의없었습니다주머니디테일이있어서밋밋하지않고기본티셔츠하나만입어도포인트가됩니다색감은차콜그레이에가까워서블랙화이트버건디계열상의랑도잘어울렸습니다실제로흰티나어두운스트라이프티셔츠와매치했을때가장깔끔했습니다허리밴딩도편해서데일리로자주입기좋을것같습니다다만소재특성상구김은어느정도있는편입니다그래도이팬츠는그런자연스러운주름감이오히려무드에잘맞아서크게거슬리지는않았습니다편한와이드팬츠찾으시는분들여름부터간절기까지스트릿하게입을바지찾으시는분들께추천드립니다,0,0,0,0,0,False,531,373,526,True,송이송이꽃송이가,"('M', 'CHARCOAL')",0,False,1,keep,unique,True,84879009
6394341,84879156,experience,특별한시드니쇼룸,입을때 넥라인이 넓어서 목 짧으신 분들에게 강추! 편하면서 소재가 좋아서 입고다니기 너무너무 편해요! 색감도 실제로 보면 이뻐요! 다만 마르신분들한테는 추천하진 않아요 각 잡힌 느낌보다는 체형이 들어나는 옷이라 보정을 원하신다면 추천드리진 않습니다! 원단도 생각보다 얇아서 통기성은 좋아보여요! 프린팅도 이쁘고 다만 구김같은경우 잘 관리해야할것 같아요! 마감도 너무너무 만족하고 하나정도 구비하시면 이번 여름 시원하고 후회없이 보낼수 있을것 같아요! 여름용으로 진짜 진짜 강추!!,4.0,True,L,183.0,65.0,남성,2026-06-01 14:41:03,사이즈: 정사이즈 / 화면 대비 색감: 화면과 비슷 / 두께감: 적당함 / 신축성: 적당함,True,0,filluminate,상의,L,,2026,6,1,월,4,응답,정사이즈,화면과 비슷,,,적당함,적당함,,,,,3.0,3.0,,0.0,0.0,0.0,0.0,,,입을때 넥라인이 넓어서 목 짧으신 분들에게 강추! 편하면서 소재가 좋아서 입고다니기 너무너무 편해요! 색감도 실제로 보면 이뻐요! 다만 마르신분들한테는 추천하진 않아요 각 잡힌 느낌보다는 체형이 들어나는 옷이라 보정을 원하신다면 추천드리진 않습니다! 원단도 생각보다 얇아서 통기성은 좋아보여요! 프린팅도 이쁘고 다만 구김같은경우 잘 관리해야할것 같아요! 마감도 너무너무 만족하고 하나정도 구비하시면 이번 여름 시원하고 후회없이 보낼수 있을것 같아요! 여름용으로 진짜 진짜 강추!!,입을때넥라인이넓어서목짧으신분들에게강추편하면서소재가좋아서입고다니기너무너무편해요색감도실제로보면이뻐요다만마르신분들한테는추천하진않아요각잡힌느낌보다는체형이들어나는옷이라보정을원하신다면추천드리진않습니다원단도생각보다얇아서통기성은좋아보여요프린팅도이쁘고다만구김같은경우잘관리해야할것같아요마감도너무너무만족하고하나정도구비하시면이번여름시원하고후회없이보낼수있을것같아요여름용으로진짜진짜강추,0,0,9,0,0,False,268,201,268,True,특별한시드니쇼룸,"('L', None)",0,False,1,keep,unique,True,84879156
4697060,84879396,general,명후뉘,생각보다 얇아서 놀랬어요 옷은 가볍고 색상은 화면보다 더 옅은색으로 빈티지함 강한거 같아요,3.0,False,M,167.0,63.0,여성,2026-06-01 14:57:14,사이즈: 정사이즈 / 화면 대비 색감: 화면과 비슷 / 두께감: 매우 얇음 / 퀄리티: 보통,True,0,filluminate,상의,M,,2026,6,1,월,3,응답,정사이즈,화면과 비슷,보통,,매우 얇음,,,,3.0,,,1.0,,0.0,0.0,0.0,0.0,,,생각보다 얇아서 놀랬어요 옷은 가볍고 색상은 화면보다 더 옅은색으로 빈티지함 강한거 같아요,생각보다얇아서놀랬어요옷은가볍고색상은화면보다더옅은색으로빈티지함강한거같아요,0,0,0,0,0,False,50,39,50,True,명후뉘,"('M', None)",0,False,1,keep,unique,True,84879396
6394371,84879437,experience,유유시스터즈,바지 통이 넓고 입었을때 편해서 좋았어요. 춤수업 갈때 입었는데 활동하기 편하고 바지가 무겁지않고 가벼워서 좋더라구요. 블랙이라 몸도 슬림해보여요. 근데 저랑 비슷한체형이시면 s사이즈로 입으셔도  편하게 입을수 있을거 같아요. 저는 바지가 길어서 스트랩 조여서 끌리지 않게 입었어요. 통이 있는 바지라 스트랩으로 많이 줄여도 전혀 이상하지 않더라구요.  요즘 남녀공용바지가 이쁜게 많다보니  길이가 길어서 항상 수선 해야되서 밑단에 스트랩 여부를 제일 먼저 보는데 이 바지는 스트랩이 있어 수선 안해도 되서 너무너무 좋은거 같아요~,5.0,True,BLACK · M,165.0,60.0,여성,2026-06-01 14:59:44,사이즈: 정사이즈 / 화면 대비 색감: 화면과 비슷 / 퀄리티: 매우 좋음 / 신축성: 전혀 없음,True,0,filluminate,하의,M,BLACK,2026,6,1,월,5,응답,정사이즈,화면과 비슷,매우 좋음,,,전혀 없음,,,5.0,,1.0,,,0.0,0.0,0.0,0.0,,,바지 통이 넓고 입었을때 편해서 좋았어요. 춤수업 갈때 입었는데 활동하기 편하고 바지가 무겁지않고 가벼워서 좋더라구요. 블랙이라 몸도 슬림해보여요. 근데 저랑 비슷한체형이시면 s사이즈로 입으셔도 편하게 입을수 있을거 같아요. 저는 바지가 길어서 스트랩 조여서 끌리지 않게 입었어요. 통이 있는 바지라 스트랩으로 많이 줄여도 전혀 이상하지 않더라구요. 요즘 남녀공용바지가 이쁜게 많다보니 길이가 길어서 항상 수선 해야되서 밑단에 스트랩 여부를 제일 먼저 보는데 이 바지는 스트랩이 있어 수선 안해도 되서 너무너무 좋은거 같아요~,바지통이넓고입었을때편해서좋았어요춤수업갈때입었는데활동하기편하고바지가무겁지않고가벼워서좋더라구요블랙이라몸도슬림해보여요근데저랑비슷한체형이시면s사이즈로입으셔도편하게입을수있을거같아요저는바지가길어서스트랩조여서끌리지않게입었어요통이있는바지라스트랩으로많이줄여도전혀이상하지않더라구요요즘남녀공용바지가이쁜게많다보니길이가길어서항상수선해야되서밑단에스트랩여부를제일먼저보는데이바지는스트랩이있어수선안해도되서너무너무좋은거같아요,0,0,0,0,0,False,297,218,294,True,유유시스터즈,"('M', 'BLACK')",0,False,1,keep,unique,True,84879437
3132887,84879612,style,11ㅈㄷㅇ,좋은 퀄리티의 반팔을 가성비 좋은 가격에 살 수 있어서 좋습니다. 신경쓰지 않고 편하게 입고 다닐 수 있습니다,5.0,False,EXTRA LARGE,174.0,60.0,남성,2026-06-01 15:09:47,사이즈: 정사이즈 / 화면 대비 색감: 화면과 비슷 / 두께감: 적당함 / 신축성: 적당함,True,0,travel,상의,EXTRA LARGE,,2026,6,1,월,5,응답,정사이즈,화면과 비슷,,,적당함,적당함,,,,,3.0,3.0,,0.0,0.0,0.0,0.0,,,좋은 퀄리티의 반팔을 가성비 좋은 가격에 살 수 있어서 좋습니다. 신경쓰지 않고 편하게 입고 다닐 수 있습니다,좋은퀄리티의반팔을가성비좋은가격에살수있어서좋습니다신경쓰지않고편하게입고다닐수있습니다,0,0,0,0,0,False,61,44,61,True,11ㅈㄷㅇ,"('EXTRA LARGE', None)",0,False,1,keep,unique,True,84879612
6391691,84879717,general,미아내고요,스타일이 무난하니 누구에게나 어울릴듯합니당☺️,5.0,False,INDIGO · [Crop ver.] L,171.0,73.0,남성,2026-06-01 15:16:55,사이즈: 정사이즈 / 화면 대비 색감: 화면과 비슷 / 퀄리티: 보통 / 구김: 약간 있음,False,0,filluminate,상의,L,INDIGO [Crop ver.],2026,6,1,월,5,응답,정사이즈,화면과 비슷,보통,약간 있음,,,,,3.0,,,,3.0,0.0,0.0,0.0,0.0,,,스타일이 무난하니 누구에게나 어울릴듯합니당,스타일이무난하니누구에게나어울릴듯합니당,0,0,0,0,1,False,25,20,23,True,미아내고요,"('L', 'INDIGO [Crop ver.]')",0,False,1,keep,unique,True,84879717
3791891,84879770,style,ㅉㄴㅇㄴㄷ,"(할인가 18,900원에 구매) 뛰어난 장점이 있는 건 아니지만, 기본템으론 충분합니다. 무난하고 괜찮아요. 딱 검정 체크의 정석 느낌?  시원한 셔츠 느낌은 아니고, 적당히 두께있는 편입니다. (여름에 입으려면 입을 순 있는데, 36도 넘을 때 입으면 좀 텁텁할 거 같은)  두께 덕에 핏은 자연스럽게 잘 잡아주는 것 같습니다. 너무 각지지도, 흐르지도 않으면서 체형도 조금 보완되는? 레이어드 할 때 쓸 수도 있고, 막 걸치기도 괜찮고 활용할 곳이 많아서 할인할 때 사두면 충분히 만족할 것 같습니다(원가가 54,000원이라 적혀있긴한데, 원가주고 살 정도는 아님)  제 체형이랑 비슷한데 상품 썸네일 같은 핏 원하시면 L 가시면 될 것 같습니다.",5.0,False,L,173.0,59.0,남성,2026-06-01 15:19:47,사이즈: 정사이즈 / 화면 대비 색감: 화면과 비슷 / 퀄리티: 보통 / 구김: 약간 있음,True,0,filluminate,상의,L,,2026,6,1,월,5,응답,정사이즈,화면과 비슷,보통,약간 있음,,,,,3.0,,,,3.0,0.0,0.0,0.0,0.0,,,"(할인가 18,900원에 구매) 뛰어난 장점이 있는 건 아니지만, 기본템으론 충분합니다. 무난하고 괜찮아요. 딱 검정 체크의 정석 느낌? 시원한 셔츠 느낌은 아니고, 적당히 두께있는 편입니다. (여름에 입으려면 입을 순 있는데, 36도 넘을 때 입으면 좀 텁텁할 거 같은) 두께 덕에 핏은 자연스럽게 잘 잡아주는 것 같습니다. 너무 각지지도, 흐르지도 않으면서 체형도 조금 보완되는? 레이어드 할 때 쓸 수도 있고, 막 걸치기도 괜찮고 활용할 곳이 많아서 할인할 때 사두면 충분히 만족할 것 같습니다(원가가 54,000원이라 적혀있긴한데, 원가주고 살 정도는 아님) 제 체형이랑 비슷한데 상품 썸네일 같은 핏 원하시면 L 가시면 될 것 같습니다.",할인가18900원에구매뛰어난장점이있는건아니지만기본템으론충분합니다무난하고괜찮아요딱검정체크의정석느낌시원한셔츠느낌은아니고적당히두께있는편입니다여름에입으려면입을순있는데36도넘을때입으면좀텁텁할거같은두께덕에핏은자연스럽게잘잡아주는것같습니다너무각지지도흐르지도않으면서체형도조금보완되는레이어드할때쓸수도있고막걸치기도괜찮고활용할곳이많아서할인할때사두면충분히만족할것같습니다원가가54000원이라적혀있긴한데원가주고살정도는아님제체형이랑비슷한데상품썸네일같은핏원하시면l가시면될것같습니다,0,0,0,2,0,True,364,238,361,True,ㅉㄴㅇㄴㄷ,"('L', None)",0,False,2,keep,multi_type_unique,True,84879770
6391691,84879782,general,Qlpos,두께가 좀 두꺼운편이라 한여름에는 쉽지않을거같은데 옷은예뻐요,5.0,False,LIGHT BLUE · [Crop ver.] XL,180.0,70.0,남성,2026-06-01 15:20:22,사이즈: 정사이즈 / 화면 대비 색감: 화면과 비슷 / 퀄리티: 보통 / 구김: 많음,False,0,filluminate,상의,XL,LIGHT BLUE [Crop ver.],2026,6,1,월,5,응답,정사이즈,화면과 비슷,보통,많음,,,,,3.0,,,,2.0,0.0,0.0,0.0,0.0,,,두께가 좀 두꺼운편이라 한여름에는 쉽지않을거같은데 옷은예뻐요,두께가좀두꺼운편이라한여름에는쉽지않을거같은데옷은예뻐요,0,0,0,0,0,False,33,28,33,True,Qlpos,"('XL', 'LIGHT BLUE [Crop ver.]')",0,False,1,keep,unique,True,84879782
6108854,84879871,general,독창적인주황반지,요즘 유행하는 스타일로 하나 구매 해봤는데 길이도 적당하고 나쁘지 않은 거 같아요,5.0,False,S,166.0,59.0,남성,2026-06-01 15:24:55,사이즈: 조금 큼 / 화면 대비 색감: 화면과 비슷 / 퀄리티: 보통 / 구김: 거의 없음,False,0,filluminate,상의,S,,2026,6,1,월,5,응답,조금 큼,화면과 비슷,보통,거의 없음,,,,,3.0,,,,4.0,1.0,1.0,0.0,0.0,,,요즘 유행하는 스타일로 하나 구매 해봤는데 길이도 적당하고 나쁘지 않은 거 같아요,요즘유행하는스타일로하나구매해봤는데길이도적당하고나쁘지않은거같아요,0,0,0,0,0,False,45,34,45,True,독창적인주황반지,"('S', None)",0,False,1,keep,unique,True,84879871
3791891,84879910,general,ㅉㄴㅇㄴㄷ,기본템 찾는 사람 할인할 때 사면 후회는 딱히 안할 듯? 특별히 장점이 있진 않지만 단점도 딱히 없고 무난무난함. 키 170대인데 오버핏 느낌 원하면 L 고고,5.0,False,L,173.0,59.0,남성,2026-06-01 15:27:09,사이즈: 정사이즈 / 화면 대비 색감: 화면과 비슷 / 퀄리티: 좋음 / 구김: 약간 있음,True,0,filluminate,상의,L,,2026,6,1,월,5,응답,정사이즈,화면과 비슷,좋음,약간 있음,,,,,4.0,,,,3.0,0.0,0.0,0.0,0.0,,,기본템 찾는 사람 할인할 때 사면 후회는 딱히 안할 듯? 특별히 장점이 있진 않지만 단점도 딱히 없고 무난무난함. 키 170대인데 오버핏 느낌 원하면 L 고고,기본템찾는사람할인할때사면후회는딱히안할듯특별히장점이있진않지만단점도딱히없고무난무난함키170대인데오버핏느낌원하면l고고,0,0,0,1,0,False,88,58,88,True,ㅉㄴㅇㄴㄷ,"('L', None)",0,False,2,keep,multi_type_unique,True,84879910
﻿1948517,84879936,general,엘로이,한번 입고 후질근해서 안입어요. 원하던 스타일이 아니네요.,1.0,False,차콜 · M,170.0,59.0,남성,2026-06-01 15:28:30,사이즈: 조금 작음 / 화면 대비 색감: 밝음 / 퀄리티: 나쁨 / 신축성: 거의 없음,False,0,jemut,하의,M,차콜,2026,6,1,월,1,응답,조금 작음,밝음,나쁨,,,거의 없음,,,2.0,,2.0,,,-1.0,1.0,1.0,1.0,,,한번 입고 후질근해서 안입어요. 원하던 스타일이 아니네요.,한번입고후질근해서안입어요원하던스타일이아니네요,0,0,0,0,0,False,32,24,32,True,엘로이,"('M', '차콜')",0,False,1,keep,unique,True,84879936
1884943,84880256,general,Lee_namjo,세련되고 예쁨! 마른 편이라 오버핏 나올 것 같아서 줄여서 샀는데 핏 딱 나와서 좋음!,5.0,False,LARGE,190.0,72.0,남성,2026-06-01 15:48:31,사이즈: 정사이즈 / 화면 대비 색감: 밝음 / 두께감: 적당함 / 신축성: 적당함,False,0,travel,상의,LARGE,,2026,6,1,월,5,응답,정사이즈,밝음,,,적당함,적당함,,,,,3.0,3.0,,0.0,0.0,1.0,1.0,,,세련되고 예쁨! 마른 편이라 오버핏 나올 것 같아서 줄여서 샀는데 핏 딱 나와서 좋음!,세련되고예쁨마른편이라오버핏나올것같아서줄여서샀는데핏딱나와서좋음,0,0,2,0,0,False,48,33,48,True,Lee_namjo,"('LARGE', None)",0,False,1,keep,unique,True,84880256
6391691,84880299,general,Leejm0089,기성비 좋게 구매했습니다 좀 두껍긴 해요 지금 입으면 딱 좋을듯,5.0,False,INDIGO · [Crop ver.] M,174.0,65.0,남성,2026-06-01 15:51:08,사이즈: 정사이즈 / 화면 대비 색감: 화면과 비슷 / 퀄리티: 보통 / 구김: 약간 있음,False,0,filluminate,상의,M,INDIGO [Crop ver.],2026,6,1,월,5,응답,정사이즈,화면과 비슷,보통,약간 있음,,,,,3.0,,,,3.0,0.0,0.0,0.0,0.0,,,기성비 좋게 구매했습니다 좀 두껍긴 해요 지금 입으면 딱 좋을듯,기성비좋게구매했습니다좀두껍긴해요지금입으면딱좋을듯,0,0,0,0,0,False,35,26,35,True,Leejm0089,"('M', 'INDIGO [Crop ver.]')",0,False,1,keep,unique,True,84880299
6322928,84880434,experience,요즘대세니스조끼,단추인 게 너무 좋았어요! 그리고 나서는 활동성이 있는 날에  있어도 좋을 것 같다고 생각이 들었구 셔츠랑 입으면 잘 어울릴 거 같아요. 그리고 좀 더 이야기를 하자면 약간 실제보다는 밝기가 있고 사진으 보정이 들어간 느낌이 너무 강하게 났었던 거 같아요. 그리고 바지 색깔도 좋고 약간 생각했던 핏이 아니라서 당황을 하긴 했지만 그래도 니쁘지 않은 바지인 거 같앙ㅎ. 저보다 패션 감감이나 센스가 있으센 모든 분들아 한번 더 생각으르해보시고  항상 모든 바지를 만드는 데에 닜어서 가중 중요한 에 무엇인지 알게 되었습나다ㅏ.,5.0,True,L,185.0,85.0,남성,2026-06-01 16:01:25,사이즈: 조금 큼 / 화면 대비 색감: 밝음 / 퀄리티: 좋음 / 신축성: 강함,True,0,filluminate,하의,L,,2026,6,1,월,5,응답,조금 큼,밝음,좋음,,,강함,,,4.0,,4.0,,,1.0,1.0,1.0,1.0,,,단추인 게 너무 좋았어요! 그리고 나서는 활동성이 있는 날에 있어도 좋을 것 같다고 생각이 들었구 셔츠랑 입으면 잘 어울릴 거 같아요. 그리고 좀 더 이야기를 하자면 약간 실제보다는 밝기가 있고 사진으 보정이 들어간 느낌이 너무 강하게 났었던 거 같아요. 그리고 바지 색깔도 좋고 약간 생각했던 핏이 아니라서 당황을 하긴 했지만 그래도 니쁘지 않은 바지인 거 같앙ㅎ. 저보다 패션 감감이나 센스가 있으센 모든 분들아 한번 더 생각으르해보시고 항상 모든 바지를 만드는 데에 닜어서 가중 중요한 에 무엇인지 알게 되었습나다ㅏ.,단추인게너무좋았어요그리고나서는활동성이있는날에있어도좋을것같다고생각이들었구셔츠랑입으면잘어울릴거같아요그리고좀더이야기를하자면약간실제보다는밝기가있고사진으보정이들어간느낌이너무강하게났었던거같아요그리고바지색깔도좋고약간생각했던핏이아니라서당황을하긴했지만그래도니쁘지않은바지인거같앙저보다패션감감이나센스가있으센모든분들아한번더생각으르해보시고항상모든바지를만드는데에닜어서가중중요한에무엇인지알게되었습나다,1,0,1,0,0,False,294,208,292,True,요즘대세니스조끼,"('L', None)",0,False,1,keep,unique,True,84880434
994588,84880459,general,"4,3_?",린넨치고는 살짝 두꺼워요 핏은 좋아요 보통L사이즈 입는데 사이즈 추천이 m 이여서 구매했는데 딱입니다,5.0,False,M(린넨),173.0,70.0,남성,2026-06-01 16:03:06,사이즈: 정사이즈 / 화면 대비 색감: 화면과 비슷 / 퀄리티: 보통 / 구김: 약간 있음,True,0,filluminate,상의,M,(린넨),2026,6,1,월,5,응답,정사이즈,화면과 비슷,보통,약간 있음,,,,,3.0,,,,3.0,0.0,0.0,0.0,0.0,,,린넨치고는 살짝 두꺼워요 핏은 좋아요 보통L사이즈 입는데 사이즈 추천이 m 이여서 구매했는데 딱입니다,린넨치고는살짝두꺼워요핏은좋아요보통l사이즈입는데사이즈추천이m이여서구매했는데딱입니다,0,0,0,0,0,False,56,42,56,True,"4,3_?","('M', '(린넨)')",0,False,1,keep,unique,True,84880459
1884943,84880730,style,정제된방배손수건,리뷰 확인하고 구매했습니다 물빠짐 꼭 확인하세요,3.0,False,LARGE,170.0,78.0,남성,2026-06-01 16:18:29,사이즈: 정사이즈 / 화면 대비 색감: 화면과 비슷 / 두께감: 적당함 / 신축성: 적당함,True,0,travel,상의,LARGE,,2026,6,1,월,3,응답,정사이즈,화면과 비슷,,,적당함,적당함,,,,,3.0,3.0,,0.0,0.0,0.0,0.0,,,리뷰 확인하고 구매했습니다 물빠짐 꼭 확인하세요,리뷰확인하고구매했습니다물빠짐꼭확인하세요,0,0,0,0,0,False,26,21,26,True,정제된방배손수건,"('LARGE', None)",0,True,1,keep,unique,True,84880730
3048829,84880861,general,지느니,블랙을 잘 입어서 웨일블루 색상으로 추가 구매헸습니다. 핏이며 길이며 딱 좋아요.,5.0,False,SMALL,157.0,52.0,여성,2026-06-01 16:28:05,사이즈: 정사이즈 / 화면 대비 색감: 화면과 비슷 / 퀄리티: 보통 / 신축성: 적당함,False,0,travel,하의,SMALL,,2026,6,1,월,5,응답,정사이즈,화면과 비슷,보통,,,적당함,,,3.0,,3.0,,,0.0,0.0,0.0,0.0,,,블랙을 잘 입어서 웨일블루 색상으로 추가 구매헸습니다. 핏이며 길이며 딱 좋아요.,블랙을잘입어서웨일블루색상으로추가구매헸습니다핏이며길이며딱좋아요,0,0,0,0,0,False,45,33,45,True,지느니,"('SMALL', None)",0,False,1,keep,unique,True,84880861
3455892,84881246,general,흐르는제주손수건,"이번에 구매한 옷인데 전체적으로 정말 만족스럽습니다. 인터넷으로 옷을 구매하면 실제 색감이나 핏이 사진과 다를까 봐 걱정되는 경우가 많은데, 이 제품은 생각했던 느낌과 거의 비슷해서 좋았습니다.  가장 마음에 들었던 부분은 핏이었습니다. 너무 크지도 않고 너무 타이트하지도 않아서 부담 없이 입기 좋았고, 자연스럽게 떨어지는 실루엣이 예뻤습니다. 평소 데일리로 입기에도 좋고, 친구들을 만나거나 외출할 때 입어도 깔끔한 느낌이 나서 활용도가 높을 것 같습니다.  원단도 생각보다 훨씬 괜찮았습니다. 피부에 닿는 촉감이 편안하고 착용했을 때 답답하거나 불편한 느낌이 없었습니다. 하루 종일 입고 있어도 편안했고 활동하기에도 좋아서 자주 손이 갈 것 같습니다. 마감 처리도 깔끔하게 되어 있어서 가격 대비 퀄리티가 좋다고 느꼈습니다.  색상 역시 만족스러웠습니다. 화면에서 봤던 색감과 큰 차이가 없었고 어떤 옷과도 무난하게 코디할 수 있는 색이라 활용하기 좋을 것 같습니다. 청바지나 슬랙스와 함께 입어도 잘 어울리고, 다양한 스타일로 연출할 수 있어서 더욱 마음에 들었습니다.  배송도 빠르게 도착해서 좋았습니다. 포장 상태도 깔끔했고 제품 상태 역시 매우 양호했습니다. 전체적으로 가격 대비 만족도가 높은 제품이라고 생각하며, 비슷한 스타일의 다른 제품이 있다면 추가로",5.0,False,L,180.0,63.0,남성,2026-06-01 16:49:00,사이즈: 정사이즈 / 화면 대비 색감: 화면과 비슷 / 퀄리티: 보통 / 두께감: 적당함,False,0,filluminate,아우터,L,,2026,6,1,월,5,응답,정사이즈,화면과 비슷,보통,,적당함,,,,3.0,,,3.0,,0.0,0.0,0.0,0.0,,,"이번에 구매한 옷인데 전체적으로 정말 만족스럽습니다. 인터넷으로 옷을 구매하면 실제 색감이나 핏이 사진과 다를까 봐 걱정되는 경우가 많은데, 이 제품은 생각했던 느낌과 거의 비슷해서 좋았습니다. 가장 마음에 들었던 부분은 핏이었습니다. 너무 크지도 않고 너무 타이트하지도 않아서 부담 없이 입기 좋았고, 자연스럽게 떨어지는 실루엣이 예뻤습니다. 평소 데일리로 입기에도 좋고, 친구들을 만나거나 외출할 때 입어도 깔끔한 느낌이 나서 활용도가 높을 것 같습니다. 원단도 생각보다 훨씬 괜찮았습니다. 피부에 닿는 촉감이 편안하고 착용했을 때 답답하거나 불편한 느낌이 없었습니다. 하루 종일 입고 있어도 편안했고 활동하기에도 좋아서 자주 손이 갈 것 같습니다. 마감 처리도 깔끔하게 되어 있어서 가격 대비 퀄리티가 좋다고 느꼈습니다. 색상 역시 만족스러웠습니다. 화면에서 봤던 색감과 큰 차이가 없었고 어떤 옷과도 무난하게 코디할 수 있는 색이라 활용하기 좋을 것 같습니다. 청바지나 슬랙스와 함께 입어도 잘 어울리고, 다양한 스타일로 연출할 수 있어서 더욱 마음에 들었습니다. 배송도 빠르게 도착해서 좋았습니다. 포장 상태도 깔끔했고 제품 상태 역시 매우 양호했습니다. 전체적으로 가격 대비 만족도가 높은 제품이라고 생각하며, 비슷한 스타일의 다른 제품이 있다면 추가로",이번에구매한옷인데전체적으로정말만족스럽습니다인터넷으로옷을구매하면실제색감이나핏이사진과다를까봐걱정되는경우가많은데이제품은생각했던느낌과거의비슷해서좋았습니다가장마음에들었던부분은핏이었습니다너무크지도않고너무타이트하지도않아서부담없이입기좋았고자연스럽게떨어지는실루엣이예뻤습니다평소데일리로입기에도좋고친구들을만나거나외출할때입어도깔끔한느낌이나서활용도가높을것같습니다원단도생각보다훨씬괜찮았습니다피부에닿는촉감이편안하고착용했을때답답하거나불편한느낌이없었습니다하루종일입고있어도편안했고활동하기에도좋아서자주손이갈것같습니다마감처리도깔끔하게되어있어서가격대비퀄리티가좋다고느꼈습니다색상역시만족스러웠습니다화면에서봤던색감과큰차이가없었고어떤옷과도무난하게코디할수있는색이라활용하기좋을것같습니다청바지나슬랙스와함께입어도잘어울리고다양한스타일로연출할수있어서더욱마음에들었습니다배송도빠르게도착해서좋았습니다포장상태도깔끔했고제품상태역시매우양호했습니다전체적으로가격대비만족도가높은제품이라고생각하며비슷한스타일의다른제품이있다면추가로,0,0,0,0,0,False,655,478,651,True,흐르는제주손수건,"('L', None)",0,False,1,keep,unique,True,84881246
4969807,84881320,general,ㅁㅏ당,허벅돼지도 입을 수 있게 통이 커서 좋아요 그리고 색깔 예쁨,4.0,False,BEIGE · M,160.0,68.0,여성,2026-06-01 16:53:17,사이즈: 조금 큼 / 화면 대비 색감: 화면과 비슷 / 퀄리티: 보통 / 신축성: 거의 없음,False,0,filluminate,하의,M,BEIGE,2026,6,1,월,4,응답,조금 큼,화면과 비슷,보통,,,거의 없음,,,3.0,,2.0,,,1.0,1.0,0.0,0.0,,,허벅돼지도 입을 수 있게 통이 커서 좋아요 그리고 색깔 예쁨,허벅돼지도입을수있게통이커서좋아요그리고색깔예쁨,0,0,0,0,0,False,33,24,33,True,ㅁㅏ당,"('M', 'BEIGE')",0,False,2,keep,multi_type_unique,True,84881320
4969807,84881355,style,ㅁㅏ당,160이 입기에는 길어서 수선했어요 근데 하루 입었는데 잘 안 보이긴 하지만 허벅지 안쪽에 보풀이 생김 핏은 맘에 들어요,4.0,False,BEIGE · M,160.0,68.0,여성,2026-06-01 16:55:16,사이즈: 조금 큼 / 화면 대비 색감: 화면과 비슷 / 퀄리티: 보통 / 신축성: 거의 없음,True,0,filluminate,하의,M,BEIGE,2026,6,1,월,4,응답,조금 큼,화면과 비슷,보통,,,거의 없음,,,3.0,,2.0,,,1.0,1.0,0.0,0.0,,,160이 입기에는 길어서 수선했어요 근데 하루 입었는데 잘 안 보이긴 하지만 허벅지 안쪽에 보풀이 생김 핏은 맘에 들어요,160이입기에는길어서수선했어요근데하루입었는데잘안보이긴하지만허벅지안쪽에보풀이생김핏은맘에들어요,0,0,0,0,0,False,67,47,67,True,ㅁㅏ당,"('M', 'BEIGE')",0,False,2,keep,multi_type_unique,True,84881355
5972909,84881397,general,핀과제이크의옷장,뭔가 부들부들해서 좋아요 워싱은 근데 사진상보다 더 들어가잇은것같고 근데 핏이!!!!레전드임 너무좋아여,5.0,False,S,162.0,49.0,여성,2026-06-01 16:57:35,사이즈: 정사이즈 / 화면 대비 색감: 화면과 비슷 / 퀄리티: 보통 / 신축성: 적당함,False,0,filluminate,하의,S,,2026,6,1,월,5,응답,정사이즈,화면과 비슷,보통,,,적당함,,,3.0,,3.0,,,0.0,0.0,0.0,0.0,,,뭔가 부들부들해서 좋아요 워싱은 근데 사진상보다 더 들어가잇은것같고 근데 핏이!!!레전드임 너무좋아여,뭔가부들부들해서좋아요워싱은근데사진상보다더들어가잇은것같고근데핏이레전드임너무좋아여,0,0,4,0,0,True,57,43,56,True,핀과제이크의옷장,"('S', None)",0,False,1,keep,unique,True,84881397
4969807,84881513,general,휘룻,색감은 약간 붉은 기가 도는 브라운이네요 가격이 깡패라 한 시즌 쭉 입으면 본전뽑을듯ㅋ,5.0,False,BROWN · XL,182.0,88.0,남성,2026-06-01 17:05:53,사이즈: 정사이즈 / 화면 대비 색감: 화면과 비슷 / 퀄리티: 보통 / 신축성: 적당함,True,0,filluminate,하의,XL,BROWN,2026,6,1,월,5,응답,정사이즈,화면과 비슷,보통,,,적당함,,,3.0,,3.0,,,0.0,0.0,0.0,0.0,,,색감은 약간 붉은 기가 도는 브라운이네요 가격이 깡패라 한 시즌 쭉 입으면 본전뽑을듯ㅋ,색감은약간붉은기가도는브라운이네요가격이깡패라한시즌쭉입으면본전뽑을듯,1,0,0,0,0,False,48,35,48,True,휘룻,"('XL', 'BROWN')",0,False,2,keep,multi_type_unique,True,84881513
4969807,84881535,style,휘룻,약간 붉은기가 도는 브라운이라 조금 애매할 수도 있겠는데 어떻게 코디하느냐에 따라 다를듯.. 린넨라이크라서 린넨100에 비해서 살짝 더운감은 있어요,4.0,False,BROWN · XL,182.0,88.0,남성,2026-06-01 17:07:22,사이즈: 정사이즈 / 화면 대비 색감: 화면과 비슷 / 퀄리티: 보통 / 신축성: 적당함,True,0,filluminate,하의,XL,BROWN,2026,6,1,월,4,응답,정사이즈,화면과 비슷,보통,,,적당함,,,3.0,,3.0,,,0.0,0.0,0.0,0.0,,,약간 붉은기가 도는 브라운이라 조금 애매할 수도 있겠는데 어떻게 코디하느냐에 따라 다를듯.. 린넨라이크라서 린넨100에 비해서 살짝 더운감은 있어요,약간붉은기가도는브라운이라조금애매할수도있겠는데어떻게코디하느냐에따라다를듯린넨라이크라서린넨100에비해서살짝더운감은있어요,0,0,0,0,0,False,82,60,82,True,휘룻,"('XL', 'BROWN')",0,False,2,keep,multi_type_unique,True,84881535
4969807,84881553,general,무정한오치드키링,린넨특유의 거친질감이 없어서 입기 편해서 좋아요,5.0,False,INDIGO · M,170.0,60.0,남성,2026-06-01 17:08:47,사이즈: 조금 큼 / 화면 대비 색감: 화면과 비슷 / 퀄리티: 보통 / 신축성: 적당함,False,0,filluminate,하의,M,INDIGO,2026,6,1,월,5,응답,조금 큼,화면과 비슷,보통,,,적당함,,,3.0,,3.0,,,1.0,1.0,0.0,0.0,,,린넨특유의 거친질감이 없어서 입기 편해서 좋아요,린넨특유의거친질감이없어서입기편해서좋아요,0,0,0,0,0,False,26,21,26,True,무정한오치드키링,"('M', 'INDIGO')",0,False,1,keep,unique,True,84881553
4987047,84881668,general,맑은연희동반다나,적당한 크롭기장이라 입문용으로 좋아요 무난한 옷입니다,5.0,False,그레이 · L,178.0,70.0,남성,2026-06-01 17:16:52,사이즈: 정사이즈 / 화면 대비 색감: 화면과 비슷 / 두께감: 적당함 / 신축성: 적당함,False,0,jemut,상의,L,그레이,2026,6,1,월,5,응답,정사이즈,화면과 비슷,,,적당함,적당함,,,,,3.0,3.0,,0.0,0.0,0.0,0.0,,,적당한 크롭기장이라 입문용으로 좋아요 무난한 옷입니다,적당한크롭기장이라입문용으로좋아요무난한옷입니다,0,0,0,0,0,False,29,24,29,True,맑은연희동반다나,"('L', '그레이')",0,False,1,keep,unique,True,84881668
5911789,84881846,general,찹쌀팥도나스,오랜만에 정말 맘에드는 바지에요 한여름에는 못입겠지만 막판 스퍼트 달리겠습니다,4.0,False,BEIGE · L,180.0,85.0,남성,2026-06-01 17:28:03,사이즈: 정사이즈 / 화면 대비 색감: 화면과 비슷 / 퀄리티: 보통 / 신축성: 전혀 없음,True,0,filluminate,하의,L,BEIGE,2026,6,1,월,4,응답,정사이즈,화면과 비슷,보통,,,전혀 없음,,,3.0,,1.0,,,0.0,0.0,0.0,0.0,,,오랜만에 정말 맘에드는 바지에요 한여름에는 못입겠지만 막판 스퍼트 달리겠습니다,오랜만에정말맘에드는바지에요한여름에는못입겠지만막판스퍼트달리겠습니다,0,0,0,0,0,False,43,35,43,True,찹쌀팥도나스,"('L', 'BEIGE')",0,False,1,keep,unique,True,84881846
4969807,84882055,general,야야야1,여름에 입기 좋은 린넨이라 너무 좋았어요!! 원단 자체가 얇아서 확실히 여름에 편하더라구요 ㅎㅎ,5.0,False,BLACK · M,172.0,64.0,남성,2026-06-01 17:38:21,사이즈: 정사이즈 / 화면 대비 색감: 화면과 비슷 / 퀄리티: 보통 / 신축성: 적당함,True,0,filluminate,하의,M,BLACK,2026,6,1,월,5,응답,정사이즈,화면과 비슷,보통,,,적당함,,,3.0,,3.0,,,0.0,0.0,0.0,0.0,,,여름에 입기 좋은 린넨이라 너무 좋았어요!! 원단 자체가 얇아서 확실히 여름에 편하더라구요 ㅎㅎ,여름에입기좋은린넨이라너무좋았어요원단자체가얇아서확실히여름에편하더라구요,2,0,2,0,0,False,53,37,53,True,야야야1,"('M', 'BLACK')",0,False,1,keep,unique,True,84882055
3455892,84882101,general,야야야1,전투용으로 입을만한 바람막이 찾다가 구매하게 되었어요!! 확실히 가볍고 얇아서 활동하기 편하더라구요~~,5.0,False,M,172.0,64.0,남성,2026-06-01 17:39:55,사이즈: 조금 큼 / 화면 대비 색감: 화면과 비슷 / 퀄리티: 보통 / 두께감: 적당함,True,0,filluminate,아우터,M,,2026,6,1,월,5,응답,조금 큼,화면과 비슷,보통,,적당함,,,,3.0,,,3.0,,1.0,1.0,0.0,0.0,,,전투용으로 입을만한 바람막이 찾다가 구매하게 되었어요!! 확실히 가볍고 얇아서 활동하기 편하더라구요~~,전투용으로입을만한바람막이찾다가구매하게되었어요확실히가볍고얇아서활동하기편하더라구요,0,0,2,0,0,False,57,43,57,True,야야야1,"('M', None)",0,False,1,keep,unique,True,84882101
552760,84882153,general,웅별어멈,작년에 한번 사서 입고 레이어드하기에 기장감이 맘에들어 생각나서 다시 재구매합니다 맘에들고 잘 입어져요,5.0,False,화이트 · XL,167.0,49.0,여성,2026-06-01 17:43:19,사이즈: 정사이즈 / 화면 대비 색감: 화면과 비슷 / 두께감: 적당함 / 신축성: 적당함,False,0,jemut,상의,XL,화이트,2026,6,1,월,5,응답,정사이즈,화면과 비슷,,,적당함,적당함,,,,,3.0,3.0,,0.0,0.0,0.0,0.0,,,작년에 한번 사서 입고 레이어드하기에 기장감이 맘에들어 생각나서 다시 재구매합니다 맘에들고 잘 입어져요,작년에한번사서입고레이어드하기에기장감이맘에들어생각나서다시재구매합니다맘에들고잘입어져요,0,0,0,0,0,False,57,45,57,True,웅별어멈,"('XL', '화이트')",0,False,1,keep,unique,True,84882153
1884943,84882381,general,라나바아아,부담스럽지 않은 정핏이라 좋고 적당히 얇아서 여름 기본 반팔티로 편하게 입기 좋습니다.,5.0,False,LARGE,172.0,80.0,남성,2026-06-01 17:55:51,사이즈: 조금 작음 / 화면 대비 색감: 화면과 비슷 / 두께감: 얇음 / 신축성: 적당함,True,0,travel,상의,LARGE,,2026,6,1,월,5,응답,조금 작음,화면과 비슷,,,얇음,적당함,,,,,3.0,2.0,,-1.0,1.0,0.0,0.0,,,부담스럽지 않은 정핏이라 좋고 적당히 얇아서 여름 기본 반팔티로 편하게 입기 좋습니다.,부담스럽지않은정핏이라좋고적당히얇아서여름기본반팔티로편하게입기좋습니다,0,0,0,0,0,False,48,36,48,True,라나바아아,"('LARGE', None)",0,False,1,keep,unique,True,84882381
6394385,84883303,experience,아기돌만두,절개선 디테일과 작은 로고 포인트가 들어가 있어 심플하면서도 포인트가 되는 제품이었습니다!   색감이 차콜이지만 뮤트한 피그먼트 느낌이라 연청바지나 트레이닝 팬츠와 잘 어울려 코디하기 편했습니다! 소재가 너무 얇지 않아 핏이 예쁘게 떨어져서 좋았고 오버핏이라 소매를 두 번정도 롤업해서 착용하니 더욱 예쁜 느낌이었습니다.  색감도 화면과 거의 비슷했고 전체적으로 탄탄하고 마감도 깔끔한 편이라 만족하며 입고 있습니다! 편하게 활용하기에 좋을 것 같아 다른 컬러 구매의사 있습니다.,5.0,True,S,162.0,42.0,여성,2026-06-01 18:53:26,사이즈: 조금 큼 / 화면 대비 색감: 화면과 비슷 / 두께감: 두꺼움 / 신축성: 적당함,True,0,filluminate,상의,S,,2026,6,1,월,5,응답,조금 큼,화면과 비슷,,,두꺼움,적당함,,,,,3.0,4.0,,1.0,1.0,0.0,0.0,,,절개선 디테일과 작은 로고 포인트가 들어가 있어 심플하면서도 포인트가 되는 제품이었습니다! 색감이 차콜이지만 뮤트한 피그먼트 느낌이라 연청바지나 트레이닝 팬츠와 잘 어울려 코디하기 편했습니다! 소재가 너무 얇지 않아 핏이 예쁘게 떨어져서 좋았고 오버핏이라 소매를 두 번정도 롤업해서 착용하니 더욱 예쁜 느낌이었습니다. 색감도 화면과 거의 비슷했고 전체적으로 탄탄하고 마감도 깔끔한 편이라 만족하며 입고 있습니다! 편하게 활용하기에 좋을 것 같아 다른 컬러 구매의사 있습니다.,절개선디테일과작은로고포인트가들어가있어심플하면서도포인트가되는제품이었습니다색감이차콜이지만뮤트한피그먼트느낌이라연청바지나트레이닝팬츠와잘어울려코디하기편했습니다소재가너무얇지않아핏이예쁘게떨어져서좋았고오버핏이라소매를두번정도롤업해서착용하니더욱예쁜느낌이었습니다색감도화면과거의비슷했고전체적으로탄탄하고마감도깔끔한편이라만족하며입고있습니다편하게활용하기에좋을것같아다른컬러구매의사있습니다,0,0,3,0,0,True,268,200,265,True,아기돌만두,"('S', None)",0,False,1,keep,unique,True,84883303
﻿6083643,84883327,general,산뜻한홍대스포츠,163기준 많이 커요  오버핏인데 많이 오버에ㅔ요 옷 이쁨,5.0,False,S,163.0,48.0,여성,2026-06-01 18:52:56,사이즈: 많이 큼 / 화면 대비 색감: 화면과 비슷 / 두께감: 적당함 / 신축성: 적당함,True,0,travel,상의,S,,2026,6,1,월,5,응답,많이 큼,화면과 비슷,,,적당함,적당함,,,,,3.0,3.0,,2.0,2.0,0.0,0.0,,,163기준 많이 커요 오버핏인데 많이 오버에ㅔ요 옷 이쁨,163기준많이커요오버핏인데많이오버에요옷이쁨,0,0,0,0,0,False,32,20,31,True,산뜻한홍대스포츠,"('S', None)",0,False,1,keep,unique,True,84883327
﻿3791889,84883671,style,rjsrjsdl,상세페이지와 색감이 같아요 가격 대비 퀄리티 좋고 이뻐요,5.0,False,M,165.0,62.0,남성,2026-06-01 19:10:44,사이즈: 정사이즈 / 화면 대비 색감: 화면과 비슷 / 퀄리티: 매우 좋음 / 구김: 매우 많음,True,0,filluminate,상의,M,,2026,6,1,월,5,응답,정사이즈,화면과 비슷,매우 좋음,매우 많음,,,,,5.0,,,,1.0,0.0,0.0,0.0,0.0,,,상세페이지와 색감이 같아요 가격 대비 퀄리티 좋고 이뻐요,상세페이지와색감이같아요가격대비퀄리티좋고이뻐요,0,0,0,0,0,False,31,24,31,True,rjsrjsdl,"('M', None)",0,False,1,keep,unique,True,84883671
1899755,84883853,general,Poohjinny,여름에 잘 입을것 같아요 아주 두껍지도 얇지도않게 딱 좋아요,3.0,False,MEDIUM,173.0,62.0,여성,2026-06-01 19:22:31,사이즈: 정사이즈 / 화면 대비 색감: 화면과 비슷 / 두께감: 적당함 / 신축성: 적당함,True,0,travel,상의,MEDIUM,,2026,6,1,월,3,응답,정사이즈,화면과 비슷,,,적당함,적당함,,,,,3.0,3.0,,0.0,0.0,0.0,0.0,,,여름에 잘 입을것 같아요 아주 두껍지도 얇지도않게 딱 좋아요,여름에잘입을것같아요아주두껍지도얇지도않게딱좋아요,0,0,0,0,0,False,33,25,33,True,Poohjinny,"('MEDIUM', None)",0,False,1,keep,unique,True,84883853
4969807,84884054,general,레이더,생각했던 핏 나오고 색생도 만족스럽습니다 한 여름제외 착용 가능할거 같네요,4.0,False,BROWN · M,167.0,57.0,남성,2026-06-01 19:32:56,사이즈: 조금 작음 / 화면 대비 색감: 밝음 / 퀄리티: 나쁨 / 신축성: 거의 없음,True,0,filluminate,하의,M,BROWN,2026,6,1,월,4,응답,조금 작음,밝음,나쁨,,,거의 없음,,,2.0,,2.0,,,-1.0,1.0,1.0,1.0,,,생각했던 핏 나오고 색생도 만족스럽습니다 한 여름제외 착용 가능할거 같네요,생각했던핏나오고색생도만족스럽습니다한여름제외착용가능할거같네요,0,0,0,0,0,False,41,32,41,True,레이더,"('M', 'BROWN')",0,False,1,keep,unique,True,84884054
﻿5129614,84884644,general,후루루룰끼얏호우,여름에 편하게 입기 좋음   밴딩과 턱이 잘 잡혀있음,5.0,False,그레이 · XL,181.0,88.0,남성,2026-06-01 19:59:34,사이즈: 정사이즈 / 화면 대비 색감: 화면과 비슷 / 퀄리티: 좋음 / 신축성: 강함,True,0,jemut,하의,XL,그레이,2026,6,1,월,5,응답,정사이즈,화면과 비슷,좋음,,,강함,,,4.0,,4.0,,,0.0,0.0,0.0,0.0,,,여름에 편하게 입기 좋음 밴딩과 턱이 잘 잡혀있음,여름에편하게입기좋음밴딩과턱이잘잡혀있음,0,0,0,0,0,True,29,20,27,True,후루루룰끼얏호우,"('XL', '그레이')",0,False,1,keep,unique,True,84884644
﻿6140799,84884844,general,야망있는서초새틴,여름에 가볍에 입기 너무 좋아요 툭 떨어지는 핏도 예뻐요,5.0,False,F,167.0,66.0,여성,2026-06-01 20:06:40,사이즈: 정사이즈 / 화면 대비 색감: 화면과 비슷 / 퀄리티: 좋음 / 구김: 약간 있음,False,0,filluminate,상의,F,,2026,6,1,월,5,응답,정사이즈,화면과 비슷,좋음,약간 있음,,,,,4.0,,,,3.0,0.0,0.0,0.0,0.0,,,여름에 가볍에 입기 너무 좋아요 툭 떨어지는 핏도 예뻐요,여름에가볍에입기너무좋아요툭떨어지는핏도예뻐요,0,0,0,0,0,False,31,23,31,True,야망있는서초새틴,"('F', None)",0,False,1,keep,unique,True,84884844
﻿6219028,84885560,general,Under Twilight,엷고 가볍고 가성비 티셔츠로 딱 좋은것 같아요 프린팅 귀엽고 좋아요,5.0,False,LARGE,176.0,70.0,남성,2026-06-01 20:39:32,사이즈: 정사이즈 / 화면 대비 색감: 화면과 비슷 / 두께감: 얇음 / 신축성: 적당함,False,0,travel,상의,LARGE,,2026,6,1,월,5,응답,정사이즈,화면과 비슷,,,얇음,적당함,,,,,3.0,2.0,,0.0,0.0,0.0,0.0,,,엷고 가볍고 가성비 티셔츠로 딱 좋은것 같아요 프린팅 귀엽고 좋아요,엷고가볍고가성비티셔츠로딱좋은것같아요프린팅귀엽고좋아요,0,0,0,0,0,False,37,28,37,True,Under Twilight,"('LARGE', None)",0,False,1,keep,unique,True,84885560
6394298,84885615,experience,박수받는전주바지,"콘트라스트 그래픽 티셔츠 화이트 L사이즈를 직접 입어봤는데 생각보다 만족도가 높았어요. 화이트 컬러라 깔끔하고 어떤 하의와도 잘 어울려서 손이 자주 가는 티셔츠입니다. 뒷면 그래픽 디자인이 너무 과하지 않고 포인트가 되어 심플한 코디도 밋밋해 보이지 않더라고요 :)  L사이즈는 적당히 여유 있는 핏이라 편하게 입기 좋았어요. 몸에 달라붙지 않아 활동할 때도 편했고, 오버핏 느낌으로 자연스럽게 떨어져 캐주얼한 분위기를 연출하기 좋았습니다!   면 소재도 부드러운 편이라 피부에 자극 없이 편안하게 착용할 수 있었고, 하루 종일 입어도 답답한 느낌이 없었어요.여름티로 강추✨  청바지, 조거팬츠, 반바지 등 다양한 스타일과 매치하기 쉬워 활용도가 높은 점도 장점입니다. 세탁 후에도 큰 변형 없이 깔끔한 상태를 유지해 관리도 어렵지 않았어요. 편안한 착용감과 깔끔한 디자인을 찾는 분들, 데일리룩으로 부담 없이 입을 기본 티셔츠를 찾는 분들께 추천하고 싶어요💛",5.0,True,L,160.0,49.0,여성,2026-06-01 20:42:06,사이즈: 정사이즈 / 화면 대비 색감: 매우 밝음 / 두께감: 적당함 / 신축성: 강함,True,0,filluminate,상의,L,,2026,6,1,월,5,응답,정사이즈,매우 밝음,,,적당함,강함,,,,,4.0,3.0,,0.0,0.0,2.0,2.0,,,"콘트라스트 그래픽 티셔츠 화이트 L사이즈를 직접 입어봤는데 생각보다 만족도가 높았어요. 화이트 컬러라 깔끔하고 어떤 하의와도 잘 어울려서 손이 자주 가는 티셔츠입니다. 뒷면 그래픽 디자인이 너무 과하지 않고 포인트가 되어 심플한 코디도 밋밋해 보이지 않더라고요 :) L사이즈는 적당히 여유 있는 핏이라 편하게 입기 좋았어요. 몸에 달라붙지 않아 활동할 때도 편했고, 오버핏 느낌으로 자연스럽게 떨어져 캐주얼한 분위기를 연출하기 좋았습니다! 면 소재도 부드러운 편이라 피부에 자극 없이 편안하게 착용할 수 있었고, 하루 종일 입어도 답답한 느낌이 없었어요.여름티로 강추 청바지, 조거팬츠, 반바지 등 다양한 스타일과 매치하기 쉬워 활용도가 높은 점도 장점입니다. 세탁 후에도 큰 변형 없이 깔끔한 상태를 유지해 관리도 어렵지 않았어요. 편안한 착용감과 깔끔한 디자인을 찾는 분들, 데일리룩으로 부담 없이 입을 기본 티셔츠를 찾는 분들께 추천하고 싶어요",콘트라스트그래픽티셔츠화이트l사이즈를직접입어봤는데생각보다만족도가높았어요화이트컬러라깔끔하고어떤하의와도잘어울려서손이자주가는티셔츠입니다뒷면그래픽디자인이너무과하지않고포인트가되어심플한코디도밋밋해보이지않더라고요l사이즈는적당히여유있는핏이라편하게입기좋았어요몸에달라붙지않아활동할때도편했고오버핏느낌으로자연스럽게떨어져캐주얼한분위기를연출하기좋았습니다면소재도부드러운편이라피부에자극없이편안하게착용할수있었고하루종일입어도답답한느낌이없었어요여름티로강추청바지조거팬츠반바지등다양한스타일과매치하기쉬워활용도가높은점도장점입니다세탁후에도큰변형없이깔끔한상태를유지해관리도어렵지않았어요편안한착용감과깔끔한디자인을찾는분들데일리룩으로부담없이입을기본티셔츠를찾는분들께추천하고싶어요,0,0,1,0,2,True,481,346,475,True,박수받는전주바지,"('L', None)",0,False,1,keep,unique,True,84885615
3791988,84886207,general,민지만지먼지☆,색감도 좋고 시원해서 여름에 입기 너무 좋습니다,5.0,False,XS,171.0,56.0,남성,2026-06-01 21:09:46,사이즈: 정사이즈 / 화면 대비 색감: 화면과 비슷 / 퀄리티: 보통 / 신축성: 적당함,True,0,filluminate,하의,XS,,2026,6,1,월,5,응답,정사이즈,화면과 비슷,보통,,,적당함,,,3.0,,3.0,,,0.0,0.0,0.0,0.0,,,색감도 좋고 시원해서 여름에 입기 너무 좋습니다,색감도좋고시원해서여름에입기너무좋습니다,0,0,0,0,0,False,26,20,26,True,민지만지먼지☆,"('XS', None)",0,False,1,keep,unique,True,84886207
﻿4728654,84886223,general,9q9q9q,너무 튀지 않는 카모 패턴이라 예쁩니다 두께감은 좀 있어서 더 더워지면 못 입을 것 같기는 하지만 가을에 입으면 해결됨 허리가 좀 큰데 작은 거 샀으면 기장이 아쉬웠을 거라 딱 마음에 듭니다,5.0,False,M,170.0,55.0,여성,2026-06-01 21:10:38,사이즈: 조금 큼 / 화면 대비 색감: 화면과 비슷 / 퀄리티: 보통 / 신축성: 적당함,True,0,filluminate,하의,M,,2026,6,1,월,5,응답,조금 큼,화면과 비슷,보통,,,적당함,,,3.0,,3.0,,,1.0,1.0,0.0,0.0,,,너무 튀지 않는 카모 패턴이라 예쁩니다 두께감은 좀 있어서 더 더워지면 못 입을 것 같기는 하지만 가을에 입으면 해결됨 허리가 좀 큰데 작은 거 샀으면 기장이 아쉬웠을 거라 딱 마음에 듭니다,너무튀지않는카모패턴이라예쁩니다두께감은좀있어서더더워지면못입을것같기는하지만가을에입으면해결됨허리가좀큰데작은거샀으면기장이아쉬웠을거라딱마음에듭니다,0,0,0,0,0,False,106,76,106,True,9q9q9q,"('M', None)",0,False,1,keep,unique,True,84886223
5334006,84886372,style,쁘띠한파스텔고글,청바지는 불편할 것 같았는데 엄청 편하고 한여름만 아니면 1년 내내 입을 수 있을 것 같아요,5.0,False,L,175.0,85.0,missing,2026-06-01 21:16:39,사이즈: 정사이즈 / 화면 대비 색감: 화면과 비슷 / 퀄리티: 보통 / 신축성: 적당함,True,0,filluminate,하의,L,,2026,6,1,월,5,응답,정사이즈,화면과 비슷,보통,,,적당함,,,3.0,,3.0,,,0.0,0.0,0.0,0.0,,,청바지는 불편할 것 같았는데 엄청 편하고 한여름만 아니면 1년 내내 입을 수 있을 것 같아요,청바지는불편할것같았는데엄청편하고한여름만아니면1년내내입을수있을것같아요,0,0,0,0,0,False,51,36,51,True,쁘띠한파스텔고글,"('L', None)",0,False,1,keep,unique,True,84886372
4969807,84886852,general,싱싱추추,여름에도 입기 좋아보이긴 해요. 생각보다 밴딩이 잘 안 늘어나는게 아쉽네요..,5.0,False,LIGHT BLUE · M,172.0,70.0,여성,2026-06-01 21:39:04,사이즈: 조금 작음 / 화면 대비 색감: 화면과 비슷 / 퀄리티: 보통 / 신축성: 거의 없음,False,0,filluminate,하의,M,LIGHT BLUE,2026,6,1,월,5,응답,조금 작음,화면과 비슷,보통,,,거의 없음,,,3.0,,2.0,,,-1.0,1.0,0.0,0.0,,,여름에도 입기 좋아보이긴 해요. 생각보다 밴딩이 잘 안 늘어나는게 아쉽네요..,여름에도입기좋아보이긴해요생각보다밴딩이잘안늘어나는게아쉽네요,0,0,0,0,0,False,43,31,43,True,싱싱추추,"('M', 'LIGHT BLUE')",0,False,1,keep,unique,True,84886852
4969807,84887152,general,젠틀한베이지굿즈,가격대 비해 상당히 품질이 좋습니다. 허리 밴딩도 너무 타이트 하지 않고 적당해서 불편함 없을것 같아요,5.0,False,BLACK · L,177.0,82.0,남성,2026-06-01 21:53:08,사이즈: 정사이즈 / 화면 대비 색감: 화면과 비슷 / 퀄리티: 보통 / 신축성: 적당함,False,0,filluminate,하의,L,BLACK,2026,6,1,월,5,응답,정사이즈,화면과 비슷,보통,,,적당함,,,3.0,,3.0,,,0.0,0.0,0.0,0.0,,,가격대 비해 상당히 품질이 좋습니다. 허리 밴딩도 너무 타이트 하지 않고 적당해서 불편함 없을것 같아요,가격대비해상당히품질이좋습니다허리밴딩도너무타이트하지않고적당해서불편함없을것같아요,0,0,0,0,0,False,57,42,57,True,젠틀한베이지굿즈,"('L', 'BLACK')",0,False,1,keep,unique,True,84887152
6394289,84887358,experience,이해솔08,여름이 다가오고 있으나 다리가 신경쓰여 평소에 버뮤다 바지를 이용하는편인데 이제품은 너무 만족스러웠어요 딱 허벅지를 가려주고 무릎 살짝 덮는 기장이어서 너무 좋았습니다 또한 여름이기도 하고 평소에 더위를 많이 타는편이어서 두께를 중요시하는편인데 이제품은 딱 바지핏을 예쁘게 잡아주는편이면서 두껍지 않은 편입니다 그리고 뒤에 심심하지않게 포켓 하나가 있는게 포인트인것같습니다 161기준 무릎 좀 밑에 오는 기장이어서 넉넉하게 입기 좋습니다 세탁을 많이 하는 편인데 재질도 보풀 없을것같은 재질이어서 만족합니다 아빠가 입기에도 넉넉하고 좋습니다 아빠가 바지에 예민한데 요즘 맨날 입어요 ㅎㅎ,5.0,True,M,162.0,53.0,여성,2026-06-01 22:02:19,사이즈: 조금 큼 / 화면 대비 색감: 화면과 비슷 / 퀄리티: 매우 좋음 / 신축성: 매우 강함,True,0,filluminate,하의,M,,2026,6,1,월,5,응답,조금 큼,화면과 비슷,매우 좋음,,,매우 강함,,,5.0,,5.0,,,1.0,1.0,0.0,0.0,,,여름이 다가오고 있으나 다리가 신경쓰여 평소에 버뮤다 바지를 이용하는편인데 이제품은 너무 만족스러웠어요 딱 허벅지를 가려주고 무릎 살짝 덮는 기장이어서 너무 좋았습니다 또한 여름이기도 하고 평소에 더위를 많이 타는편이어서 두께를 중요시하는편인데 이제품은 딱 바지핏을 예쁘게 잡아주는편이면서 두껍지 않은 편입니다 그리고 뒤에 심심하지않게 포켓 하나가 있는게 포인트인것같습니다 161기준 무릎 좀 밑에 오는 기장이어서 넉넉하게 입기 좋습니다 세탁을 많이 하는 편인데 재질도 보풀 없을것같은 재질이어서 만족합니다 아빠가 입기에도 넉넉하고 좋습니다 아빠가 바지에 예민한데 요즘 맨날 입어요 ㅎㅎ,여름이다가오고있으나다리가신경쓰여평소에버뮤다바지를이용하는편인데이제품은너무만족스러웠어요딱허벅지를가려주고무릎살짝덮는기장이어서너무좋았습니다또한여름이기도하고평소에더위를많이타는편이어서두께를중요시하는편인데이제품은딱바지핏을예쁘게잡아주는편이면서두껍지않은편입니다그리고뒤에심심하지않게포켓하나가있는게포인트인것같습니다161기준무릎좀밑에오는기장이어서넉넉하게입기좋습니다세탁을많이하는편인데재질도보풀없을것같은재질이어서만족합니다아빠가입기에도넉넉하고좋습니다아빠가바지에예민한데요즘맨날입어요,2,0,0,0,0,False,328,250,328,True,이해솔08,"('M', None)",0,False,1,keep,unique,True,84887358
6394336,84887390,experience,자랑하는서초셔링,옷의 재질은 부드럽고 마감은 불량한 부분 없이 좋은편입니다 색도 베이지 색으로 잘 빠져 다른 옷들과 잘 어울리며 그래픽 또한 색다르고 이뻐서 마음에 듭니다 두꺼운 편이 아니라서 한여름에도 입을 수 있지않을까 생각이 되긴 하나 기능성 소재는 아니라 더울수도 있을거 같습니다 다만 제가 작은 덩치가 아닌데 다른 옷들의 동 사이즈에 비해 옷이 큰 편이라서 오버사이즈 급이라고 생각하시면 되고 평사이즈로 입으시려면 평소 사이즈보다 한치수 다운하시는것도 고민해볼만하다고 생각됩니다,5.0,True,L,178.0,83.0,남성,2026-06-01 22:03:09,사이즈: 많이 큼 / 화면 대비 색감: 화면과 비슷 / 두께감: 적당함 / 신축성: 강함,True,0,filluminate,상의,L,,2026,6,1,월,5,응답,많이 큼,화면과 비슷,,,적당함,강함,,,,,4.0,3.0,,2.0,2.0,0.0,0.0,,,옷의 재질은 부드럽고 마감은 불량한 부분 없이 좋은편입니다 색도 베이지 색으로 잘 빠져 다른 옷들과 잘 어울리며 그래픽 또한 색다르고 이뻐서 마음에 듭니다 두꺼운 편이 아니라서 한여름에도 입을 수 있지않을까 생각이 되긴 하나 기능성 소재는 아니라 더울수도 있을거 같습니다 다만 제가 작은 덩치가 아닌데 다른 옷들의 동 사이즈에 비해 옷이 큰 편이라서 오버사이즈 급이라고 생각하시면 되고 평사이즈로 입으시려면 평소 사이즈보다 한치수 다운하시는것도 고민해볼만하다고 생각됩니다,옷의재질은부드럽고마감은불량한부분없이좋은편입니다색도베이지색으로잘빠져다른옷들과잘어울리며그래픽또한색다르고이뻐서마음에듭니다두꺼운편이아니라서한여름에도입을수있지않을까생각이되긴하나기능성소재는아니라더울수도있을거같습니다다만제가작은덩치가아닌데다른옷들의동사이즈에비해옷이큰편이라서오버사이즈급이라고생각하시면되고평사이즈로입으시려면평소사이즈보다한치수다운하시는것도고민해볼만하다고생각됩니다,0,0,0,0,0,False,263,200,263,True,자랑하는서초셔링,"('L', None)",0,False,1,keep,unique,True,84887390
6108854,84887465,general,자랑하는서초셔링,편하게 걸치고 다니기 좋을만한 반팔 셔츠라고 생각됨,5.0,False,L,178.0,83.0,남성,2026-06-01 22:06:38,사이즈: 조금 큼 / 화면 대비 색감: 밝음 / 퀄리티: 좋음 / 구김: 약간 있음,True,0,filluminate,상의,L,,2026,6,1,월,5,응답,조금 큼,밝음,좋음,약간 있음,,,,,4.0,,,,3.0,1.0,1.0,1.0,1.0,,,편하게 걸치고 다니기 좋을만한 반팔 셔츠라고 생각됨,편하게걸치고다니기좋을만한반팔셔츠라고생각됨,0,0,0,0,0,False,28,22,28,True,자랑하는서초셔링,"('L', None)",0,False,2,keep,multi_type_dup,True,84887465
4728678,84887624,general,무솔릿,필루미네이트 바람막이는 처음 사봤는데 딱 좋네요 만족해요,5.0,False,M,170.0,65.0,남성,2026-06-01 22:13:02,사이즈: 정사이즈 / 화면 대비 색감: 화면과 비슷 / 퀄리티: 보통 / 두께감: 적당함,True,0,filluminate,아우터,M,,2026,6,1,월,5,응답,정사이즈,화면과 비슷,보통,,적당함,,,,3.0,,,3.0,,0.0,0.0,0.0,0.0,,,필루미네이트 바람막이는 처음 사봤는데 딱 좋네요 만족해요,필루미네이트바람막이는처음사봤는데딱좋네요만족해요,0,0,0,0,0,False,31,25,31,True,무솔릿,"('M', None)",0,False,1,keep,unique,True,84887624
﻿6140852,84888003,general,힘있는카프리웜톤,힙한느낌으로 입고싶읆대 입기 좋은거같아요. 색도 예쁘고 마음에 드네요,5.0,False,M,163.0,58.0,여성,2026-06-01 22:30:25,사이즈: 정사이즈 / 화면 대비 색감: 화면과 비슷 / 두께감: 적당함 / 신축성: 적당함,False,0,filluminate,상의,M,,2026,6,1,월,5,응답,정사이즈,화면과 비슷,,,적당함,적당함,,,,,3.0,3.0,,0.0,0.0,0.0,0.0,,,힙한느낌으로 입고싶읆대 입기 좋은거같아요. 색도 예쁘고 마음에 드네요,힙한느낌으로입고싶읆대입기좋은거같아요색도예쁘고마음에드네요,0,0,0,0,0,False,38,30,38,True,힘있는카프리웜톤,"('M', None)",0,False,1,keep,unique,True,84888003
3455892,84888228,general,은챙챙챙챙,자녀에게 바람막이 저렴하게 잘 샀네요 입혀보니 이쁘네요,5.0,False,M,176.0,68.0,남성,2026-06-01 22:40:37,사이즈: 많이 큼 / 화면 대비 색감: 매우 어두움 / 퀄리티: 매우 좋음 / 두께감: 적당함,False,0,filluminate,아우터,M,,2026,6,1,월,5,응답,많이 큼,매우 어두움,매우 좋음,,적당함,,,,5.0,,,3.0,,2.0,2.0,-2.0,2.0,,,자녀에게 바람막이 저렴하게 잘 샀네요 입혀보니 이쁘네요,자녀에게바람막이저렴하게잘샀네요입혀보니이쁘네요,0,0,0,0,0,False,30,24,30,True,은챙챙챙챙,"('M', None)",0,False,1,keep,unique,True,84888228
6391691,84888403,experience,상터,우선 데님의 진한 색이 아주 좋았습니다. 쨍한 색깔이라 여름에 포인트 주기 아주 좋을 것 같고 빛 받았을 때 저 예쁠 것 같습니다. 여름이라 반팔 셔츠가 필요했는데 크롭 느낌이라 안에 받칠 티와 함께 입으면 좋을 것 같습니다. 옷 질감이 시원한 느낌이라 여름에 입어도 덥지 않고 아주 좋을 것 같습니다. 배송도 빨라서 좋았습니다. 다만 키와 덩치에 비해 사이즈가 살짝 작아보이는 느낌도 있었습니다. 하지만 이 부분은 하의 선택과 이너를 잘 고르면 충분히 해결할 수 있는 문제라고 생각해 잘 입을 수 있을 것 같습니다.,3.0,True,INDIGO · [Crop ver.] XL,185.0,85.0,남성,2026-06-01 22:47:02,사이즈: 조금 작음 / 화면 대비 색감: 화면과 비슷 / 퀄리티: 매우 좋음 / 구김: 거의 없음,True,0,filluminate,상의,XL,INDIGO [Crop ver.],2026,6,1,월,3,응답,조금 작음,화면과 비슷,매우 좋음,거의 없음,,,,,5.0,,,,4.0,-1.0,1.0,0.0,0.0,,,우선 데님의 진한 색이 아주 좋았습니다. 쨍한 색깔이라 여름에 포인트 주기 아주 좋을 것 같고 빛 받았을 때 저 예쁠 것 같습니다. 여름이라 반팔 셔츠가 필요했는데 크롭 느낌이라 안에 받칠 티와 함께 입으면 좋을 것 같습니다. 옷 질감이 시원한 느낌이라 여름에 입어도 덥지 않고 아주 좋을 것 같습니다. 배송도 빨라서 좋았습니다. 다만 키와 덩치에 비해 사이즈가 살짝 작아보이는 느낌도 있었습니다. 하지만 이 부분은 하의 선택과 이너를 잘 고르면 충분히 해결할 수 있는 문제라고 생각해 잘 입을 수 있을 것 같습니다.,우선데님의진한색이아주좋았습니다쨍한색깔이라여름에포인트주기아주좋을것같고빛받았을때저예쁠것같습니다여름이라반팔셔츠가필요했는데크롭느낌이라안에받칠티와함께입으면좋을것같습니다옷질감이시원한느낌이라여름에입어도덥지않고아주좋을것같습니다배송도빨라서좋았습니다다만키와덩치에비해사이즈가살짝작아보이는느낌도있었습니다하지만이부분은하의선택과이너를잘고르면충분히해결할수있는문제라고생각해잘입을수있을것같습니다,0,0,0,0,0,False,289,203,289,True,상터,"('XL', 'INDIGO [Crop ver.]')",0,False,1,keep,unique,True,84888403
6394383,84889058,experience,주악꾸억주의,"반팔 받아서 입어봤는데 진짜 마음에 들었어요! 🤎 오버핏이라 핏이 자연스럽게 예쁘고 부담 없이 입기 좋더라고요. 원단도 생각보다 훨씬 탄탄하고 부드러워서 착용감이 좋았고, 무엇보다 입었을 때 엄청 시원해서 여름 내내 자주 손이 갈 것 같아요. 공부할 때나 카페 갈 때 편하게 입기 딱 좋은 느낌이라 데일리템으로 자주 활용하고 있습니다. 사이즈도 넉넉하게 나와서 가족들이랑 함께 공유해서 입기에도 좋을 것 같아요. 세탁 후에도 길이나 사이즈가 줄어들지 않아 처음 핏 그대로 입을 수 있어서 더욱 만족스러운 제품입니다!!",5.0,True,M,165.0,55.0,여성,2026-06-01 23:16:52,사이즈: 조금 큼 / 화면 대비 색감: 화면과 비슷 / 두께감: 적당함 / 신축성: 적당함,True,0,filluminate,상의,M,,2026,6,1,월,5,응답,조금 큼,화면과 비슷,,,적당함,적당함,,,,,3.0,3.0,,1.0,1.0,0.0,0.0,,,"반팔 받아서 입어봤는데 진짜 마음에 들었어요! 오버핏이라 핏이 자연스럽게 예쁘고 부담 없이 입기 좋더라고요. 원단도 생각보다 훨씬 탄탄하고 부드러워서 착용감이 좋았고, 무엇보다 입었을 때 엄청 시원해서 여름 내내 자주 손이 갈 것 같아요. 공부할 때나 카페 갈 때 편하게 입기 딱 좋은 느낌이라 데일리템으로 자주 활용하고 있습니다. 사이즈도 넉넉하게 나와서 가족들이랑 함께 공유해서 입기에도 좋을 것 같아요. 세탁 후에도 길이나 사이즈가 줄어들지 않아 처음 핏 그대로 입을 수 있어서 더욱 만족스러운 제품입니다!!",반팔받아서입어봤는데진짜마음에들었어요오버핏이라핏이자연스럽게예쁘고부담없이입기좋더라고요원단도생각보다훨씬탄탄하고부드러워서착용감이좋았고무엇보다입었을때엄청시원해서여름내내자주손이갈것같아요공부할때나카페갈때편하게입기딱좋은느낌이라데일리템으로자주활용하고있습니다사이즈도넉넉하게나와서가족들이랑함께공유해서입기에도좋을것같아요세탁후에도길이나사이즈가줄어들지않아처음핏그대로입을수있어서더욱만족스러운제품입니다,0,0,3,0,1,False,289,208,287,True,주악꾸억주의,"('M', None)",0,False,1,keep,unique,True,84889058
4987047,84889265,style,아침햇살,체형도 보완되고 무난해서 입기 좋은 것 같습니다 :),5.0,False,다크그레이 · L,170.0,62.0,남성,2026-06-01 23:25:35,사이즈: 정사이즈 / 화면 대비 색감: 화면과 비슷 / 두께감: 적당함 / 신축성: 적당함,True,0,jemut,상의,L,다크그레이,2026,6,1,월,5,응답,정사이즈,화면과 비슷,,,적당함,적당함,,,,,3.0,3.0,,0.0,0.0,0.0,0.0,,,체형도 보완되고 무난해서 입기 좋은 것 같습니다 :),체형도보완되고무난해서입기좋은것같습니다,0,0,0,0,0,False,29,20,29,True,아침햇살,"('L', '다크그레이')",0,False,1,keep,unique,True,84889265
4969807,84889428,general,혁명적인미국체크,"옷이 생각보다 와이드핏이 덜할줄알았는데, 딱 깔끔하고 재질도 좋아요",5.0,False,BEIGE · M,169.0,78.0,남성,2026-06-01 23:34:29,사이즈: 정사이즈 / 화면 대비 색감: 화면과 비슷 / 퀄리티: 보통 / 신축성: 적당함,True,0,filluminate,하의,M,BEIGE,2026,6,1,월,5,응답,정사이즈,화면과 비슷,보통,,,적당함,,,3.0,,3.0,,,0.0,0.0,0.0,0.0,,,"옷이 생각보다 와이드핏이 덜할줄알았는데, 딱 깔끔하고 재질도 좋아요",옷이생각보다와이드핏이덜할줄알았는데딱깔끔하고재질도좋아요,0,0,0,0,0,False,37,29,37,True,혁명적인미국체크,"('M', 'BEIGE')",0,False,2,keep,multi_type_dup,True,84889428
4969880,84889463,general,현란한동묘아우터,맘에듯ㄴ어요 믿고사는 필루미네이트!! 역시조아요오,5.0,False,SKY BLUE · XL,181.0,90.0,남성,2026-06-01 23:36:16,사이즈: 정사이즈 / 화면 대비 색감: 화면과 비슷 / 퀄리티: 보통 / 구김: 약간 있음,False,0,filluminate,상의,XL,SKY BLUE,2026,6,1,월,5,응답,정사이즈,화면과 비슷,보통,약간 있음,,,,,3.0,,,,3.0,0.0,0.0,0.0,0.0,,,맘에듯ㄴ어요 믿고사는 필루미네이트!! 역시조아요오,맘에듯어요믿고사는필루미네이트역시조아요오,0,0,2,0,0,False,27,21,27,True,현란한동묘아우터,"('XL', 'SKY BLUE')",0,True,1,keep,unique,True,84889463
994588,84889513,general,확실히타조,너무너무 좋슺니다 그냥 기본템 입니다조항요 ㅎ 꼭 사시길,3.0,False,S(린넨),175.0,59.0,남성,2026-06-01 23:38:49,사이즈: 정사이즈 / 화면 대비 색감: 화면과 비슷 / 퀄리티: 보통 / 구김: 약간 있음,False,0,filluminate,상의,S,(린넨),2026,6,1,월,3,응답,정사이즈,화면과 비슷,보통,약간 있음,,,,,3.0,,,,3.0,0.0,0.0,0.0,0.0,,,너무너무 좋슺니다 그냥 기본템 입니다조항요 ㅎ 꼭 사시길,너무너무좋슺니다그냥기본템입니다조항요꼭사시길,1,0,0,0,0,False,31,23,31,True,확실히타조,"('S', '(린넨)')",0,False,1,keep,unique,True,84889513
4969807,84889696,general,흑색장미,색감과 핏이 예뻐요 한여름엔 좀 힘들겠지만 자주 입겠네요,5.0,False,BEIGE · M,172.0,70.0,남성,2026-06-01 23:47:53,사이즈: 정사이즈 / 화면 대비 색감: 화면과 비슷 / 퀄리티: 보통 / 신축성: 적당함,True,0,filluminate,하의,M,BEIGE,2026,6,1,월,5,응답,정사이즈,화면과 비슷,보통,,,적당함,,,3.0,,3.0,,,0.0,0.0,0.0,0.0,,,색감과 핏이 예뻐요 한여름엔 좀 힘들겠지만 자주 입겠네요,색감과핏이예뻐요한여름엔좀힘들겠지만자주입겠네요,0,0,0,0,0,False,31,24,31,True,흑색장미,"('M', 'BEIGE')",0,False,1,keep,unique,True,84889696
﻿1899755,84889867,general,편안한파랑세트,핏이랑 프린팅 이쁘네요 사이즈는 적당합니다 굿,5.0,False,MEDIUM,174.0,72.0,남성,2026-06-01 23:58:48,사이즈: 조금 큼 / 화면 대비 색감: 화면과 비슷 / 두께감: 적당함 / 신축성: 적당함,False,0,travel,상의,MEDIUM,,2026,6,1,월,5,응답,조금 큼,화면과 비슷,,,적당함,적당함,,,,,3.0,3.0,,1.0,1.0,0.0,0.0,,,핏이랑 프린팅 이쁘네요 사이즈는 적당합니다 굿,핏이랑프린팅이쁘네요사이즈는적당합니다굿,0,0,0,0,0,False,25,20,25,True,편안한파랑세트,"('MEDIUM', None)",0,False,1,keep,unique,True,84889867
3455882,84889907,general,rhhejs,허리단이 좀 크긴함 나머지 퀄리티나 색상이나 디자인같은건 낫밷,5.0,False,M,173.0,67.0,남성,2026-06-02 00:00:19,사이즈: 조금 큼 / 화면 대비 색감: 어두움 / 퀄리티: 보통 / 두께감: 얇음,False,0,filluminate,아우터,M,,2026,6,2,화,5,응답,조금 큼,어두움,보통,,얇음,,,,3.0,,,2.0,,1.0,1.0,-1.0,1.0,,,허리단이 좀 크긴함 나머지 퀄리티나 색상이나 디자인같은건 낫밷,허리단이좀크긴함나머지퀄리티나색상이나디자인같은건낫밷,0,0,0,0,0,False,34,27,34,True,rhhejs,"('M', None)",0,False,1,keep,unique,True,84889907
6140944,84890357,general,으루어,사이즈도 딱 적당하고 기장도 맘에 들어요! 재질도 쫀쫀하니 좋습니다!!,5.0,False,CHARCOAL · L,170.0,80.0,남성,2026-06-02 00:22:36,사이즈: 정사이즈 / 화면 대비 색감: 화면과 비슷 / 두께감: 적당함 / 신축성: 적당함,False,0,filluminate,상의,L,CHARCOAL,2026,6,2,화,5,응답,정사이즈,화면과 비슷,,,적당함,적당함,,,,,3.0,3.0,,0.0,0.0,0.0,0.0,,,사이즈도 딱 적당하고 기장도 맘에 들어요! 재질도 쫀쫀하니 좋습니다!!,사이즈도딱적당하고기장도맘에들어요재질도쫀쫀하니좋습니다,0,0,3,0,0,False,39,28,39,True,으루어,"('L', 'CHARCOAL')",0,False,1,keep,unique,True,84890357
﻿2085363,84890497,general,가녀린노란색힙본,생각보다 옷이 좀 커서 교환할까 했는데 아들이 그냥 입겠다고 하네요~무난하고 깔끔한 스타일,4.0,False,블랙 · XL(쭈리),168.0,81.0,남성,2026-06-02 00:26:25,사이즈: 조금 큼 / 화면 대비 색감: 화면과 비슷 / 두께감: 두꺼움 / 퀄리티: 보통,True,0,jemut,상의,XL,블랙 (쭈리),2026,6,2,화,4,응답,조금 큼,화면과 비슷,보통,,두꺼움,,,,3.0,,,4.0,,1.0,1.0,0.0,0.0,,,생각보다 옷이 좀 커서 교환할까 했는데 아들이 그냥 입겠다고 하네요~무난하고 깔끔한 스타일,생각보다옷이좀커서교환할까했는데아들이그냥입겠다고하네요무난하고깔끔한스타일,0,0,0,0,0,False,50,38,50,True,가녀린노란색힙본,"('XL', '블랙 (쭈리)')",0,False,1,keep,unique,True,84890497
6108854,84890744,style,여수강동원2세,예상한대로 깔끔하고 무난해서 꽤 마음에 들어요,5.0,False,M,182.0,68.0,남성,2026-06-02 00:35:12,사이즈: 정사이즈 / 화면 대비 색감: 화면과 비슷 / 퀄리티: 보통 / 구김: 약간 있음,True,2,filluminate,상의,M,,2026,6,2,화,5,응답,정사이즈,화면과 비슷,보통,약간 있음,,,,,3.0,,,,3.0,0.0,0.0,0.0,0.0,,,예상한대로 깔끔하고 무난해서 꽤 마음에 들어요,예상한대로깔끔하고무난해서꽤마음에들어요,0,0,0,0,0,False,25,20,25,True,여수강동원2세,"('M', None)",0,False,1,keep,unique,True,84890744
﻿2913659,84890930,style,리코누나잉,출근용으로 샀던건데 여름에 빼고는 잘 입고다닐거같아요,4.0,False,S,167.0,60.0,여성,2026-06-02 00:43:13,사이즈: 조금 큼 / 화면 대비 색감: 화면과 비슷 / 두께감: 적당함 / 퀄리티: 보통,True,0,filluminate,상의,S,,2026,6,2,화,4,응답,조금 큼,화면과 비슷,보통,,적당함,,,,3.0,,,3.0,,1.0,1.0,0.0,0.0,,,출근용으로 샀던건데 여름에 빼고는 잘 입고다닐거같아요,출근용으로샀던건데여름에빼고는잘입고다닐거같아요,0,0,0,0,0,False,29,24,29,True,리코누나잉,"('S', None)",0,False,1,keep,unique,True,84890930
﻿6219037,84891115,general,따뜻한마포슬링백,가볍고 편해서 매일 사용하고 있어요 정말 너무 만족합니다,5.0,False,MEDIUM,161.0,50.0,남성,2026-06-02 01:01:34,사이즈: 정사이즈 / 화면 대비 색감: 화면과 비슷 / 두께감: 적당함 / 신축성: 적당함,False,0,travel,상의,MEDIUM,,2026,6,2,화,5,응답,정사이즈,화면과 비슷,,,적당함,적당함,,,,,3.0,3.0,,0.0,0.0,0.0,0.0,,,가볍고 편해서 매일 사용하고 있어요 정말 너무 만족합니다,가볍고편해서매일사용하고있어요정말너무만족합니다,0,0,0,0,0,False,31,24,31,True,따뜻한마포슬링백,"('MEDIUM', None)",0,False,1,keep,unique,True,84891115
4969899,84891281,general,현란한동묘아우터,믿고사는 필루미네이트 시원하고 색감도좋아용ㆍ,5.0,False,INDIGO · XL,181.0,90.0,남성,2026-06-02 01:14:48,사이즈: 정사이즈 / 화면 대비 색감: 화면과 비슷 / 퀄리티: 보통 / 구김: 약간 있음,False,0,filluminate,상의,XL,INDIGO,2026,6,2,화,5,응답,정사이즈,화면과 비슷,보통,약간 있음,,,,,3.0,,,,3.0,0.0,0.0,0.0,0.0,,,믿고사는 필루미네이트 시원하고 색감도좋아용ㆍ,믿고사는필루미네이트시원하고색감도좋아용,0,0,0,0,0,False,24,20,24,True,현란한동묘아우터,"('XL', 'INDIGO')",0,False,1,keep,unique,True,84891281
4987047,84891596,general,무우ㅜ시이ㄴ사아,옷 두께가 안 비치고 그렇다고 두껍지도 않아서 좋아용,5.0,False,그레이 · L,177.0,65.0,남성,2026-06-02 01:47:42,사이즈: 정사이즈 / 화면 대비 색감: 화면과 비슷 / 두께감: 적당함 / 신축성: 적당함,False,0,jemut,상의,L,그레이,2026,6,2,화,5,응답,정사이즈,화면과 비슷,,,적당함,적당함,,,,,3.0,3.0,,0.0,0.0,0.0,0.0,,,옷 두께가 안 비치고 그렇다고 두껍지도 않아서 좋아용,옷두께가안비치고그렇다고두껍지도않아서좋아용,0,0,0,0,0,False,29,22,29,True,무우ㅜ시이ㄴ사아,"('L', '그레이')",0,False,1,keep,unique,True,84891596
6140796,84892318,general,이숙이입니다,합리적인 가격에 아주 좋은 품질이라 정말 매우 만족합니다,5.0,False,F,155.0,50.0,여성,2026-06-02 03:09:31,사이즈: 정사이즈 / 화면 대비 색감: 화면과 비슷 / 퀄리티: 보통 / 구김: 약간 있음,False,0,filluminate,상의,F,,2026,6,2,화,5,응답,정사이즈,화면과 비슷,보통,약간 있음,,,,,3.0,,,,3.0,0.0,0.0,0.0,0.0,,,합리적인 가격에 아주 좋은 품질이라 정말 매우 만족합니다,합리적인가격에아주좋은품질이라정말매우만족합니다,0,0,0,0,0,False,31,24,31,True,이숙이입니다,"('F', None)",0,False,1,keep,unique,True,84892318
4055254,84892323,general,2396,프린팅이 귀엽고 원단이 탄탄하고 보드라워서 좋아요,5.0,False,LARGE,171.0,75.0,여성,2026-06-02 03:10:05,사이즈: 조금 큼 / 화면 대비 색감: 화면과 비슷 / 두께감: 얇음 / 신축성: 강함,False,0,travel,상의,LARGE,,2026,6,2,화,5,응답,조금 큼,화면과 비슷,,,얇음,강함,,,,,4.0,2.0,,1.0,1.0,0.0,0.0,,,프린팅이 귀엽고 원단이 탄탄하고 보드라워서 좋아요,프린팅이귀엽고원단이탄탄하고보드라워서좋아요,0,0,0,0,0,False,27,22,27,True,2396,"('LARGE', None)",0,False,1,keep,unique,True,84892323
5345900,84892366,general,aksen7624,핏도 너무 이쁘고 색상도 좋은데 옷에 은은한 광택감 때문에 약간 싼티난다 해야하나 이런 느낌이 좀 있습니다,5.0,False,S,173.0,63.0,남성,2026-06-02 03:15:39,사이즈: 조금 큼 / 화면 대비 색감: 화면과 비슷 / 두께감: 적당함 / 퀄리티: 보통,True,0,filluminate,상의,S,,2026,6,2,화,5,응답,조금 큼,화면과 비슷,보통,,적당함,,,,3.0,,,3.0,,1.0,1.0,0.0,0.0,,,핏도 너무 이쁘고 색상도 좋은데 옷에 은은한 광택감 때문에 약간 싼티난다 해야하나 이런 느낌이 좀 있습니다,핏도너무이쁘고색상도좋은데옷에은은한광택감때문에약간싼티난다해야하나이런느낌이좀있습니다,0,0,0,0,0,False,59,44,59,True,aksen7624,"('S', None)",0,False,1,keep,unique,True,84892366
﻿5345900,84892372,style,aksen7624,핏도 이쁘고 색상도 이쁜데 옷에 광택감이 좀 도는게 걸리네요,4.0,False,S,173.0,63.0,남성,2026-06-02 03:16:31,사이즈: 조금 큼 / 화면 대비 색감: 화면과 비슷 / 두께감: 적당함 / 퀄리티: 보통,True,0,filluminate,상의,S,,2026,6,2,화,4,응답,조금 큼,화면과 비슷,보통,,적당함,,,,3.0,,,3.0,,1.0,1.0,0.0,0.0,,,핏도 이쁘고 색상도 이쁜데 옷에 광택감이 좀 도는게 걸리네요,핏도이쁘고색상도이쁜데옷에광택감이좀도는게걸리네요,0,0,0,0,0,False,33,25,33,True,aksen7624,"('S', None)",0,False,1,keep,unique,True,84892372
994588,84892641,general,눈치없는도쿄핀,아주 마음에 들어요 계속 주문해서 이용하겠습니다,5.0,False,XL(린넨),180.0,98.0,missing,2026-06-02 05:03:50,사이즈: 정사이즈 / 화면 대비 색감: 화면과 비슷 / 퀄리티: 보통 / 구김: 약간 있음,False,0,filluminate,상의,XL,(린넨),2026,6,2,화,5,응답,정사이즈,화면과 비슷,보통,약간 있음,,,,,3.0,,,,3.0,0.0,0.0,0.0,0.0,,,아주 마음에 들어요 계속 주문해서 이용하겠습니다,아주마음에들어요계속주문해서이용하겠습니다,0,0,0,0,0,False,26,21,26,True,눈치없는도쿄핀,"('XL', '(린넨)')",0,False,1,keep,unique,True,84892641
﻿552760,84892672,general,눈치없는도쿄핀,아주 마음에 들어요 계속 주문해서 이용하겠습니다,5.0,False,블랙 · XL,181.0,98.0,남성,2026-06-02 05:08:04,사이즈: 정사이즈 / 화면 대비 색감: 화면과 비슷 / 두께감: 적당함 / 신축성: 적당함,False,0,jemut,상의,XL,블랙,2026,6,2,화,5,응답,정사이즈,화면과 비슷,,,적당함,적당함,,,,,3.0,3.0,,0.0,0.0,0.0,0.0,,,아주 마음에 들어요 계속 주문해서 이용하겠습니다,아주마음에들어요계속주문해서이용하겠습니다,0,0,0,0,0,False,26,21,26,True,눈치없는도쿄핀,"('XL', '블랙')",0,False,1,keep,unique,True,84892672
994588,84892816,general,슬기로운전주퍼,품이나 길이가 상당히 큽니다 코디만 잘하면 굉장히 멋스럽게 입을 수 있어요,4.0,False,M(옥스포드),165.0,55.0,여성,2026-06-02 06:27:42,사이즈: 많이 큼 / 화면 대비 색감: 밝음 / 퀄리티: 매우 좋음 / 구김: 거의 없음,False,0,filluminate,상의,M,(옥스포드),2026,6,2,화,4,응답,많이 큼,밝음,매우 좋음,거의 없음,,,,,5.0,,,,4.0,2.0,2.0,1.0,1.0,,,품이나 길이가 상당히 큽니다 코디만 잘하면 굉장히 멋스럽게 입을 수 있어요,품이나길이가상당히큽니다코디만잘하면굉장히멋스럽게입을수있어요,0,0,0,0,0,False,41,31,41,True,슬기로운전주퍼,"('M', '(옥스포드)')",0,False,1,keep,unique,True,84892816
3455892,84893198,general,한국남자No.1,편하게 힙하게 입을 수 있는 옷 입니다. 실패없는 옷 이에요,5.0,False,M,173.0,68.0,남성,2026-06-02 07:52:23,사이즈: 조금 큼 / 화면 대비 색감: 화면과 비슷 / 퀄리티: 좋음 / 두께감: 얇음,True,0,filluminate,아우터,M,,2026,6,2,화,5,응답,조금 큼,화면과 비슷,좋음,,얇음,,,,4.0,,,2.0,,1.0,1.0,0.0,0.0,,,편하게 힙하게 입을 수 있는 옷 입니다. 실패없는 옷 이에요,편하게힙하게입을수있는옷입니다실패없는옷이에요,0,0,0,0,0,False,33,23,33,True,한국남자No.1,"('M', None)",0,False,2,keep,multi_type_dup,True,84893198
3791988,84893286,general,장엄한마포호보백,편해요. 생각보다 널널하고 여름에도 입기 가능해요.,5.0,False,XL,180.0,100.0,남성,2026-06-02 08:06:01,사이즈: 조금 큼 / 화면 대비 색감: 화면과 비슷 / 퀄리티: 좋음 / 신축성: 적당함,False,0,filluminate,하의,XL,,2026,6,2,화,5,응답,조금 큼,화면과 비슷,좋음,,,적당함,,,4.0,,3.0,,,1.0,1.0,0.0,0.0,,,편해요. 생각보다 널널하고 여름에도 입기 가능해요.,편해요생각보다널널하고여름에도입기가능해요,0,0,0,0,0,False,28,21,28,True,장엄한마포호보백,"('XL', None)",0,False,1,keep,unique,True,84893286
3455892,84893287,general,격렬한하와이향수,이쁘고 얇아서 잘 입을거 같아요 교복 위에 입어도 이뻐서 진짜 자주 입을거 같아요!!,5.0,False,L,166.0,57.0,여성,2026-06-02 08:06:06,사이즈: 조금 큼 / 화면 대비 색감: 화면과 비슷 / 퀄리티: 좋음 / 두께감: 매우 얇음,False,0,filluminate,아우터,L,,2026,6,2,화,5,응답,조금 큼,화면과 비슷,좋음,,매우 얇음,,,,4.0,,,1.0,,1.0,1.0,0.0,0.0,,,이쁘고 얇아서 잘 입을거 같아요 교복 위에 입어도 이뻐서 진짜 자주 입을거 같아요!!,이쁘고얇아서잘입을거같아요교복위에입어도이뻐서진짜자주입을거같아요,0,0,2,0,0,False,47,33,47,True,격렬한하와이향수,"('L', None)",0,False,1,keep,unique,True,84893287
﻿4073393,84893347,general,희미한터키펑키,옷감이 부드럽고 빈티지  스타일 느낌이 나서  좋습니다.,5.0,False,딥그레이 · XL,183.0,75.0,남성,2026-06-02 08:12:31,사이즈: 정사이즈 / 화면 대비 색감: 화면과 비슷 / 두께감: 적당함 / 신축성: 적당함,True,0,jemut,상의,XL,딥그레이,2026,6,2,화,5,응답,정사이즈,화면과 비슷,,,적당함,적당함,,,,,3.0,3.0,,0.0,0.0,0.0,0.0,,,옷감이 부드럽고 빈티지 스타일 느낌이 나서 좋습니다.,옷감이부드럽고빈티지스타일느낌이나서좋습니다,0,0,0,0,0,False,31,22,29,True,희미한터키펑키,"('XL', '딥그레이')",0,False,1,keep,unique,True,84893347
6394371,84893632,experience,중요한빨강헤링본,실루엣이랑 디테일이 너무 예뻐서 체험단으로 받아보고 대만족 중인 팬츠입니다!  핏은 앞쪽에 투 턱디테일이 깊게 잡혀있어서 입었을 때 볼륨감 있게 떨어지는 와이드 핏이 진짜 좋아요 테크 팬츠 특유의 스트릿한 무드가 제대로 사는거같은 느낌? 밑단 스트링을 조여서 조거로 연출해도 예쁘고 그냥 풀어서 와이드하게 툭 떨어뜨려도 시티보이나 고프코어 룩에 찰떡이에요  착용감:나일론 소재인데 가볍고 얇아서 지금부터 여름철까지 쭉 입기 너무 좋을 것 같아요. 땀나도 살에 달라붙지 않는 쾌적한 원단입니다. 허리 밴딩도 짱짱하고 편해서 데일리로 손이 정말 자주 갑니다  170cm 55kg 기준으로 입었을 때 신발 살짝 덮으면서 예쁜 와이드 브레이크가 걸리는 기장감이에요 너무 부해 보이지 않으면서도 딱 트렌디한 오버핏이 나와서 아주 만족스러워요  맨투맨이나 숏한 바람막이에 툭 걸쳐만 줘도 꾸안꾸 룩 완성이라 가격대비 후회 안 하실 듯 합니당,5.0,True,KHAKI · S,170.0,56.0,남성,2026-06-02 08:51:32,사이즈: 정사이즈 / 화면 대비 색감: 화면과 비슷 / 퀄리티: 매우 좋음 / 신축성: 매우 강함,True,1,filluminate,하의,S,KHAKI,2026,6,2,화,5,응답,정사이즈,화면과 비슷,매우 좋음,,,매우 강함,,,5.0,,5.0,,,0.0,0.0,0.0,0.0,,,실루엣이랑 디테일이 너무 예뻐서 체험단으로 받아보고 대만족 중인 팬츠입니다! 핏은 앞쪽에 투 턱디테일이 깊게 잡혀있어서 입었을 때 볼륨감 있게 떨어지는 와이드 핏이 진짜 좋아요 테크 팬츠 특유의 스트릿한 무드가 제대로 사는거같은 느낌? 밑단 스트링을 조여서 조거로 연출해도 예쁘고 그냥 풀어서 와이드하게 툭 떨어뜨려도 시티보이나 고프코어 룩에 찰떡이에요 착용감:나일론 소재인데 가볍고 얇아서 지금부터 여름철까지 쭉 입기 너무 좋을 것 같아요. 땀나도 살에 달라붙지 않는 쾌적한 원단입니다. 허리 밴딩도 짱짱하고 편해서 데일리로 손이 정말 자주 갑니다 170cm 55kg 기준으로 입었을 때 신발 살짝 덮으면서 예쁜 와이드 브레이크가 걸리는 기장감이에요 너무 부해 보이지 않으면서도 딱 트렌디한 오버핏이 나와서 아주 만족스러워요 맨투맨이나 숏한 바람막이에 툭 걸쳐만 줘도 꾸안꾸 룩 완성이라 가격대비 후회 안 하실 듯 합니당,실루엣이랑디테일이너무예뻐서체험단으로받아보고대만족중인팬츠입니다핏은앞쪽에투턱디테일이깊게잡혀있어서입었을때볼륨감있게떨어지는와이드핏이진짜좋아요테크팬츠특유의스트릿한무드가제대로사는거같은느낌밑단스트링을조여서조거로연출해도예쁘고그냥풀어서와이드하게툭떨어뜨려도시티보이나고프코어룩에찰떡이에요착용감나일론소재인데가볍고얇아서지금부터여름철까지쭉입기너무좋을것같아요땀나도살에달라붙지않는쾌적한원단입니다허리밴딩도짱짱하고편해서데일리로손이정말자주갑니다170cm55kg기준으로입었을때신발살짝덮으면서예쁜와이드브레이크가걸리는기장감이에요너무부해보이지않으면서도딱트렌디한오버핏이나와서아주만족스러워요맨투맨이나숏한바람막이에툭걸쳐만줘도꾸안꾸룩완성이라가격대비후회안하실듯합니당,0,0,1,1,0,False,464,335,460,True,중요한빨강헤링본,"('S', 'KHAKI')",0,False,1,keep,unique,True,84893632
3455892,84893718,general,둔감한신당동핀,가격 대비 품질이 정말 좋아서 꼭 재구매 할 것 같아요,5.0,False,S,175.0,70.0,남성,2026-06-02 09:00:29,사이즈: 정사이즈 / 화면 대비 색감: 화면과 비슷 / 퀄리티: 보통 / 두께감: 적당함,False,0,filluminate,아우터,S,,2026,6,2,화,5,응답,정사이즈,화면과 비슷,보통,,적당함,,,,3.0,,,3.0,,0.0,0.0,0.0,0.0,,,가격 대비 품질이 정말 좋아서 꼭 재구매 할 것 같아요,가격대비품질이정말좋아서꼭재구매할것같아요,0,0,0,0,0,False,30,21,30,True,둔감한신당동핀,"('S', None)",0,False,1,keep,unique,True,84893718
3455892,84894319,general,장마엔초록펑키,핏이 예쁜데 사진상엔 차콜이지만 실제론 정말 검정색입니다,5.0,False,M,173.0,100.0,여성,2026-06-02 16:45:44,사이즈: 조금 큼 / 화면 대비 색감: 화면과 비슷 / 퀄리티: 보통 / 두께감: 적당함,True,0,filluminate,아우터,M,,2026,6,2,화,5,응답,조금 큼,화면과 비슷,보통,,적당함,,,,3.0,,,3.0,,1.0,1.0,0.0,0.0,,,핏이 예쁜데 사진상엔 차콜이지만 실제론 정말 검정색입니다,핏이예쁜데사진상엔차콜이지만실제론정말검정색입니다,0,0,0,0,0,False,31,25,31,True,장마엔초록펑키,"('M', None)",0,False,1,keep,unique,True,84894319
6394441,84894355,general,신선한브뤼셀밴드,체크가 있어 속이 잘 비치지 않고 원단이 걸을때 나풀나풀 시원한 느낌이에요,5.0,False,L,183.0,71.0,남성,2026-06-02 09:49:45,사이즈: 정사이즈 / 화면 대비 색감: 화면과 비슷 / 퀄리티: 매우 좋음 / 구김: 거의 없음,True,0,filluminate,상의,L,,2026,6,2,화,5,응답,정사이즈,화면과 비슷,매우 좋음,거의 없음,,,,,5.0,,,,4.0,0.0,0.0,0.0,0.0,,,체크가 있어 속이 잘 비치지 않고 원단이 걸을때 나풀나풀 시원한 느낌이에요,체크가있어속이잘비치지않고원단이걸을때나풀나풀시원한느낌이에요,0,0,0,0,0,False,41,31,41,True,신선한브뤼셀밴드,"('L', None)",0,False,1,keep,unique,True,84894355
4009326,84894549,general,쭌준아빠,생각보다 옷이 정말 마음에 드네요 옷이 망사처럼 이게 맞는 표현이지는 모르겠지만 미세한 구멍이 있어서 여름철에도 시원하게 잘 입을거 같아요,5.0,False,(WHITE)L,172.0,72.0,남성,2026-06-02 10:05:05,사이즈: 정사이즈 / 화면 대비 색감: 화면과 비슷 / 두께감: 적당함 / 신축성: 적당함,False,0,filluminate,상의,L,(WHITE),2026,6,2,화,5,응답,정사이즈,화면과 비슷,,,적당함,적당함,,,,,3.0,3.0,,0.0,0.0,0.0,0.0,,,생각보다 옷이 정말 마음에 드네요 옷이 망사처럼 이게 맞는 표현이지는 모르겠지만 미세한 구멍이 있어서 여름철에도 시원하게 잘 입을거 같아요,생각보다옷이정말마음에드네요옷이망사처럼이게맞는표현이지는모르겠지만미세한구멍이있어서여름철에도시원하게잘입을거같아요,0,0,0,0,0,False,77,59,77,True,쭌준아빠,"('L', '(WHITE)')",0,False,1,keep,unique,True,84894549
3132887,84894881,style,다양한도쿄니트,사이즈 좋고 옷도 괜찮고 다음에 또 구매 예정입니다,3.0,False,MEDIUM,176.0,76.0,여성,2026-06-02 10:28:16,사이즈: 정사이즈 / 화면 대비 색감: 화면과 비슷 / 두께감: 적당함 / 신축성: 적당함,True,0,travel,상의,MEDIUM,,2026,6,2,화,3,응답,정사이즈,화면과 비슷,,,적당함,적당함,,,,,3.0,3.0,,0.0,0.0,0.0,0.0,,,사이즈 좋고 옷도 괜찮고 다음에 또 구매 예정입니다,사이즈좋고옷도괜찮고다음에또구매예정입니다,0,0,0,0,0,False,28,21,28,True,다양한도쿄니트,"('MEDIUM', None)",0,False,1,keep,unique,True,84894881
﻿4055252,84895282,general,J794,믿고입는 트래블 계속 장바구니에 담아두다가 이번에 더워지고있길래 사서 입고있어요,5.0,False,SMALL,160.0,55.0,여성,2026-06-02 10:57:22,사이즈: 정사이즈 / 화면 대비 색감: 화면과 비슷 / 두께감: 적당함 / 신축성: 적당함,False,0,travel,상의,SMALL,,2026,6,2,화,5,응답,정사이즈,화면과 비슷,,,적당함,적당함,,,,,3.0,3.0,,0.0,0.0,0.0,0.0,,,믿고입는 트래블 계속 장바구니에 담아두다가 이번에 더워지고있길래 사서 입고있어요,믿고입는트래블계속장바구니에담아두다가이번에더워지고있길래사서입고있어요,0,0,0,0,0,False,44,36,44,True,J794,"('SMALL', None)",0,False,1,keep,unique,True,84895282
4969899,84895359,general,신림거울왕자,옷이 힙하고 핏이 너무 좋습니다 살짝 더울꺼 같긴한데 그래도 너무 예쁘네요,5.0,False,BEIGE · L,174.0,72.0,남성,2026-06-02 11:03:11,사이즈: 정사이즈 / 화면 대비 색감: 화면과 비슷 / 퀄리티: 매우 좋음 / 구김: 약간 있음,False,0,filluminate,상의,L,BEIGE,2026,6,2,화,5,응답,정사이즈,화면과 비슷,매우 좋음,약간 있음,,,,,5.0,,,,3.0,0.0,0.0,0.0,0.0,,,옷이 힙하고 핏이 너무 좋습니다 살짝 더울꺼 같긴한데 그래도 너무 예쁘네요,옷이힙하고핏이너무좋습니다살짝더울꺼같긴한데그래도너무예쁘네요,0,0,0,0,0,False,41,31,41,True,신림거울왕자,"('L', 'BEIGE')",0,False,1,keep,unique,True,84895359
6394321,84895545,experience,우아한홍콩봄웜톤,"이 티셔츠는 전체적으로 편하게 입기 좋은 데일리 아이템 느낌이 강한 제품이다. 우선 색감이 약간 톤다운된 블루 계열이라서 부담스럽지 않고, 어떤 하의랑도 무난하게 매치하기 좋은 게 가장 큰 장점이다. 실제 착용했을 때 피부톤도 자연스럽게 보정해주는 느낌이라 단독으로 입어도 심심하지 않다.  핏은 전체적으로 오버핏에 가까운 여유 있는 실루엣이라 체형 커버가 잘 되는 편이다. 어깨선이 자연스럽게 떨어지고 소매 길이도 팔꿈치 위쪽까지 내려오는 스타일이라 요즘 트렌드에 잘 맞는다. 특히 활동할 때 답답함이 없고 통풍도 잘 돼서 여름철에 입기 좋다. 원단은 너무 얇지도 두껍지도 않은 적당한 두께감이라 비침이 거의 없고, 땀 흡수도 괜찮은 편이라 데일리로 부담 없이 입기 좋다.  앞면은 깔끔한 로고 포인트로 심플하게 디자인되어 있고, 뒷면은 프린팅이 들어가 있어서 앞뒤 반전 매력이 있는 게 특징이다. 특히 뒷판 그래픽이 스트릿한 감성을 잘 살려줘서 기본 티셔츠보다 훨씬 스타일리시하게 연출할 수 있다. 바지에 넣어 입어도, 빼서 루즈하게 입어도 자연스럽게 어울린다.",5.0,True,L,168.0,49.0,남성,2026-06-02 11:17:38,사이즈: 정사이즈 / 화면 대비 색감: 화면과 비슷 / 두께감: 적당함 / 신축성: 적당함,True,0,filluminate,상의,L,,2026,6,2,화,5,응답,정사이즈,화면과 비슷,,,적당함,적당함,,,,,3.0,3.0,,0.0,0.0,0.0,0.0,,,"이 티셔츠는 전체적으로 편하게 입기 좋은 데일리 아이템 느낌이 강한 제품이다. 우선 색감이 약간 톤다운된 블루 계열이라서 부담스럽지 않고, 어떤 하의랑도 무난하게 매치하기 좋은 게 가장 큰 장점이다. 실제 착용했을 때 피부톤도 자연스럽게 보정해주는 느낌이라 단독으로 입어도 심심하지 않다. 핏은 전체적으로 오버핏에 가까운 여유 있는 실루엣이라 체형 커버가 잘 되는 편이다. 어깨선이 자연스럽게 떨어지고 소매 길이도 팔꿈치 위쪽까지 내려오는 스타일이라 요즘 트렌드에 잘 맞는다. 특히 활동할 때 답답함이 없고 통풍도 잘 돼서 여름철에 입기 좋다. 원단은 너무 얇지도 두껍지도 않은 적당한 두께감이라 비침이 거의 없고, 땀 흡수도 괜찮은 편이라 데일리로 부담 없이 입기 좋다. 앞면은 깔끔한 로고 포인트로 심플하게 디자인되어 있고, 뒷면은 프린팅이 들어가 있어서 앞뒤 반전 매력이 있는 게 특징이다. 특히 뒷판 그래픽이 스트릿한 감성을 잘 살려줘서 기본 티셔츠보다 훨씬 스타일리시하게 연출할 수 있다. 바지에 넣어 입어도, 빼서 루즈하게 입어도 자연스럽게 어울린다.",이티셔츠는전체적으로편하게입기좋은데일리아이템느낌이강한제품이다우선색감이약간톤다운된블루계열이라서부담스럽지않고어떤하의랑도무난하게매치하기좋은게가장큰장점이다실제착용했을때피부톤도자연스럽게보정해주는느낌이라단독으로입어도심심하지않다핏은전체적으로오버핏에가까운여유있는실루엣이라체형커버가잘되는편이다어깨선이자연스럽게떨어지고소매길이도팔꿈치위쪽까지내려오는스타일이라요즘트렌드에잘맞는다특히활동할때답답함이없고통풍도잘돼서여름철에입기좋다원단은너무얇지도두껍지도않은적당한두께감이라비침이거의없고땀흡수도괜찮은편이라데일리로부담없이입기좋다앞면은깔끔한로고포인트로심플하게디자인되어있고뒷면은프린팅이들어가있어서앞뒤반전매력이있는게특징이다특히뒷판그래픽이스트릿한감성을잘살려줘서기본티셔츠보다훨씬스타일리시하게연출할수있다바지에넣어입어도빼서루즈하게입어도자연스럽게어울린다,0,0,0,0,0,False,540,392,538,True,우아한홍콩봄웜톤,"('L', None)",0,False,1,keep,unique,True,84895545
6394385,84896015,experience,쥬투,안녕하세요!! 이번에 무신사 체험단으로 선정되어서 FLM 스몰 로고 피그먼트 티셔츠 리뷰를 작성하게 되었습니다.👏👏👏  1. 포장 및 배송 체험단에 당첨되고 이틀 뒤에 도착했고 포장도 꼼꼼하게 되어 있었습니다.  2. 사이즈 전에 필루미네이트에서 구입했던 바지나 티셔츠 사이즈가 전체적으로 많이 큰 편이라 이번에도 사이즈표 잘 봐보면서 M으로 골랐는데 생각했던대로 더 커서 박시핏으로 입기 너무 좋았습니다  3. 핏 면티셔츠 특성상 여름에 땀나면 흐물흐물해지고 달라 붙는게 심해서 너무 박시핏이 아닌 정핏으로 입으려는 편인데 사이즈가 조금 커도 적당하게 커서 핏도 예쁘게 잘 떨어졌습니다.  4. 재질 코튼(면) 100%라 여름에 입기에는 좀 더워보일거 같았는데 막상 도착하고 입어보니 생각보다 원단도 얇고 부드러워서 20수 원단이라 그런지 통기성이 정말 좋고 다른 티셔츠를 입은것보다 더 시원하게 느껴졌습니다.  5. 컬러 피그먼트 워싱이 낭낭하게 들어간 차콜색이라 하의로 청바지든 면바지든 어떤 바지를 입어도 간단한 데일리 코디가 가능할거 같습니다.  6. 마감/퀄리티 재질이 탄탄해 보여서 옷을 이리저리 잡아당겨 봤는데도 잘 늘어나지 않고 티셔츠 안 쪽까지 꼼꼼하게 마감되어 있었습니다. 빨래를 해도 목부분도 잘 늘어나지 않고 색상도 유지가 잘 되어서 오래 잘 입고 다닐 수 있을 거 같습니다.,5.0,True,M,158.0,65.0,여성,2026-06-02 11:52:50,사이즈: 조금 큼 / 화면 대비 색감: 화면과 비슷 / 두께감: 적당함 / 신축성: 적당함,True,0,filluminate,상의,M,,2026,6,2,화,5,응답,조금 큼,화면과 비슷,,,적당함,적당함,,,,,3.0,3.0,,1.0,1.0,0.0,0.0,,,안녕하세요!! 이번에 무신사 체험단으로 선정되어서 FLM 스몰 로고 피그먼트 티셔츠 리뷰를 작성하게 되었습니다. 1. 포장 및 배송 체험단에 당첨되고 이틀 뒤에 도착했고 포장도 꼼꼼하게 되어 있었습니다. 2. 사이즈 전에 필루미네이트에서 구입했던 바지나 티셔츠 사이즈가 전체적으로 많이 큰 편이라 이번에도 사이즈표 잘 봐보면서 M으로 골랐는데 생각했던대로 더 커서 박시핏으로 입기 너무 좋았습니다 3. 핏 면티셔츠 특성상 여름에 땀나면 흐물흐물해지고 달라 붙는게 심해서 너무 박시핏이 아닌 정핏으로 입으려는 편인데 사이즈가 조금 커도 적당하게 커서 핏도 예쁘게 잘 떨어졌습니다. 4. 재질 코튼(면) 100%라 여름에 입기에는 좀 더워보일거 같았는데 막상 도착하고 입어보니 생각보다 원단도 얇고 부드러워서 20수 원단이라 그런지 통기성이 정말 좋고 다른 티셔츠를 입은것보다 더 시원하게 느껴졌습니다. 5. 컬러 피그먼트 워싱이 낭낭하게 들어간 차콜색이라 하의로 청바지든 면바지든 어떤 바지를 입어도 간단한 데일리 코디가 가능할거 같습니다. 6. 마감/퀄리티 재질이 탄탄해 보여서 옷을 이리저리 잡아당겨 봤는데도 잘 늘어나지 않고 티셔츠 안 쪽까지 꼼꼼하게 마감되어 있었습니다. 빨래를 해도 목부분도 잘 늘어나지 않고 색상도 유지가 잘 되어서 오래 잘 입고 다닐 수 있을 거 같습니다.,안녕하세요이번에무신사체험단으로선정되어서flm스몰로고피그먼트티셔츠리뷰를작성하게되었습니다1포장및배송체험단에당첨되고이틀뒤에도착했고포장도꼼꼼하게되어있었습니다2사이즈전에필루미네이트에서구입했던바지나티셔츠사이즈가전체적으로많이큰편이라이번에도사이즈표잘봐보면서m으로골랐는데생각했던대로더커서박시핏으로입기너무좋았습니다3핏면티셔츠특성상여름에땀나면흐물흐물해지고달라붙는게심해서너무박시핏이아닌정핏으로입으려는편인데사이즈가조금커도적당하게커서핏도예쁘게잘떨어졌습니다4재질코튼면100라여름에입기에는좀더워보일거같았는데막상도착하고입어보니생각보다원단도얇고부드러워서20수원단이라그런지통기성이정말좋고다른티셔츠를입은것보다더시원하게느껴졌습니다5컬러피그먼트워싱이낭낭하게들어간차콜색이라하의로청바지든면바지든어떤바지를입어도간단한데일리코디가가능할거같습니다6마감퀄리티재질이탄탄해보여서옷을이리저리잡아당겨봤는데도잘늘어나지않고티셔츠안쪽까지꼼꼼하게마감되어있었습니다빨래를해도목부분도잘늘어나지않고색상도유지가잘되어서오래잘입고다닐수있을거같습니다,0,0,2,0,3,True,671,471,662,True,쥬투,"('M', None)",0,False,1,keep,unique,True,84896015
4969807,84896162,general,허셜킴,가볍게 입기 좋은거 같아요 편하게 잘입고다니겠습니당,5.0,False,BROWN · M,177.0,69.0,남성,2026-06-02 12:06:14,사이즈: 조금 큼 / 화면 대비 색감: 화면과 비슷 / 퀄리티: 매우 좋음 / 신축성: 강함,False,0,filluminate,하의,M,BROWN,2026,6,2,화,5,응답,조금 큼,화면과 비슷,매우 좋음,,,강함,,,5.0,,4.0,,,1.0,1.0,0.0,0.0,,,가볍게 입기 좋은거 같아요 편하게 잘입고다니겠습니당,가볍게입기좋은거같아요편하게잘입고다니겠습니당,0,0,0,0,0,False,28,23,28,True,허셜킴,"('M', 'BROWN')",0,False,1,keep,unique,True,84896162
5911789,84896280,general,돼지가,바지 핏 이쁘고 색감도 좋아요 자주 입을거 같아요,5.0,False,BEIGE · M,174.0,69.0,남성,2026-06-02 12:13:18,사이즈: 정사이즈 / 화면 대비 색감: 화면과 비슷 / 퀄리티: 보통 / 신축성: 적당함,False,0,filluminate,하의,M,BEIGE,2026,6,2,화,5,응답,정사이즈,화면과 비슷,보통,,,적당함,,,3.0,,3.0,,,0.0,0.0,0.0,0.0,,,바지 핏 이쁘고 색감도 좋아요 자주 입을거 같아요,바지핏이쁘고색감도좋아요자주입을거같아요,0,0,0,0,0,False,27,20,27,True,돼지가,"('M', 'BEIGE')",0,False,1,keep,unique,True,84896280
1884943,84896288,general,조쿠운,색감도좋고 편하게 스타일 내기 좋은 옷인거 같아요!!,5.0,False,MEDIUM,170.0,63.0,남성,2026-06-02 12:13:56,사이즈: 정사이즈 / 화면 대비 색감: 화면과 비슷 / 두께감: 적당함 / 신축성: 적당함,False,0,travel,상의,MEDIUM,,2026,6,2,화,5,응답,정사이즈,화면과 비슷,,,적당함,적당함,,,,,3.0,3.0,,0.0,0.0,0.0,0.0,,,색감도좋고 편하게 스타일 내기 좋은 옷인거 같아요!!,색감도좋고편하게스타일내기좋은옷인거같아요,0,0,2,0,0,False,29,21,29,True,조쿠운,"('MEDIUM', None)",0,False,1,keep,unique,True,84896288
4969807,84896525,style,슬기로운청담더비,허벅지가 두꺼워서 널널하면서 적당한 핏의 바지가 필요했는데 핏도 너무 좋고 밴딩덕분에 입는것도 너무 편합니다,5.0,False,BEIGE · M,172.0,76.0,남성,2026-06-02 12:31:17,사이즈: 정사이즈 / 화면 대비 색감: 화면과 비슷 / 퀄리티: 보통 / 신축성: 적당함,True,2,filluminate,하의,M,BEIGE,2026,6,2,화,5,응답,정사이즈,화면과 비슷,보통,,,적당함,,,3.0,,3.0,,,0.0,0.0,0.0,0.0,,,허벅지가 두꺼워서 널널하면서 적당한 핏의 바지가 필요했는데 핏도 너무 좋고 밴딩덕분에 입는것도 너무 편합니다,허벅지가두꺼워서널널하면서적당한핏의바지가필요했는데핏도너무좋고밴딩덕분에입는것도너무편합니다,0,0,0,0,0,False,60,47,60,True,슬기로운청담더비,"('M', 'BEIGE')",0,False,1,keep,unique,True,84896525
5249171,84896604,general,jjung85,색상과 핏 무난한 제품으로 편하게 입기 좋습니다.,4.0,False,L,178.0,77.0,남성,2026-06-02 12:37:15,사이즈: 정사이즈 / 화면 대비 색감: 화면과 비슷 / 두께감: 적당함 / 신축성: 적당함,False,0,filluminate,상의,L,,2026,6,2,화,4,응답,정사이즈,화면과 비슷,,,적당함,적당함,,,,,3.0,3.0,,0.0,0.0,0.0,0.0,,,색상과 핏 무난한 제품으로 편하게 입기 좋습니다.,색상과핏무난한제품으로편하게입기좋습니다,0,0,0,0,0,False,27,20,27,True,jjung85,"('L', None)",0,False,1,keep,unique,True,84896604
4987047,84896669,general,나는오늘도주문,사이즈 적당해서 좋았고 가성비도 괜찮아서 여름 한철 잘입을거 같아요,5.0,False,화이트 · L,168.0,72.0,남성,2026-06-02 12:42:21,사이즈: 정사이즈 / 화면 대비 색감: 화면과 비슷 / 두께감: 적당함 / 신축성: 적당함,True,0,jemut,상의,L,화이트,2026,6,2,화,5,응답,정사이즈,화면과 비슷,,,적당함,적당함,,,,,3.0,3.0,,0.0,0.0,0.0,0.0,,,사이즈 적당해서 좋았고 가성비도 괜찮아서 여름 한철 잘입을거 같아요,사이즈적당해서좋았고가성비도괜찮아서여름한철잘입을거같아요,0,0,0,0,0,False,37,29,37,True,나는오늘도주문,"('L', '화이트')",0,False,1,keep,unique,True,84896669
3226706,84896711,general,백TB,투턱?반바지는 처음 사보는데 크게 튀는거없이 문안하네요. 저한테는 엉덩이가 살짝?끼는 느낌.,4.0,False,블랙 · XL,173.0,80.0,남성,2026-06-02 12:45:33,사이즈: 정사이즈 / 화면 대비 색감: 화면과 비슷 / 퀄리티: 좋음 / 신축성: 적당함,True,0,jemut,하의,XL,블랙,2026,6,2,화,4,응답,정사이즈,화면과 비슷,좋음,,,적당함,,,4.0,,3.0,,,0.0,0.0,0.0,0.0,,,투턱?반바지는 처음 사보는데 크게 튀는거없이 문안하네요. 저한테는 엉덩이가 살짝?끼는 느낌.,투턱반바지는처음사보는데크게튀는거없이문안하네요저한테는엉덩이가살짝끼는느낌,0,0,0,2,0,False,51,38,51,True,백TB,"('XL', '블랙')",0,False,1,keep,unique,True,84896711
﻿3226706,84896729,style,백TB,투턱?반바지는 처음 사보는데 크게 튀는거없이 문안하네요. 저한테는 엉덩이가 살짝?끼는 느낌.,4.0,False,블랙 · XL,173.0,80.0,남성,2026-06-02 12:46:34,사이즈: 정사이즈 / 화면 대비 색감: 화면과 비슷 / 퀄리티: 좋음 / 신축성: 적당함,True,0,jemut,하의,XL,블랙,2026,6,2,화,4,응답,정사이즈,화면과 비슷,좋음,,,적당함,,,4.0,,3.0,,,0.0,0.0,0.0,0.0,,,투턱?반바지는 처음 사보는데 크게 튀는거없이 문안하네요. 저한테는 엉덩이가 살짝?끼는 느낌.,투턱반바지는처음사보는데크게튀는거없이문안하네요저한테는엉덩이가살짝끼는느낌,0,0,0,2,0,False,51,38,51,True,백TB,"('XL', '블랙')",0,False,1,keep,unique,True,84896729
4969807,84896759,general,난해한동묘헬멧,와이드한 핏에 발등 살짝 덮이니 너무 좋아요 근데 너무 더울 땐 못 입겠네요,4.0,False,BLACK · M,171.0,71.0,남성,2026-06-02 12:48:21,사이즈: 정사이즈 / 화면 대비 색감: 화면과 비슷 / 퀄리티: 보통 / 신축성: 적당함,True,0,filluminate,하의,M,BLACK,2026,6,2,화,4,응답,정사이즈,화면과 비슷,보통,,,적당함,,,3.0,,3.0,,,0.0,0.0,0.0,0.0,,,와이드한 핏에 발등 살짝 덮이니 너무 좋아요 근데 너무 더울 땐 못 입겠네요,와이드한핏에발등살짝덮이니너무좋아요근데너무더울땐못입겠네요,0,0,0,0,0,False,42,30,42,True,난해한동묘헬멧,"('M', 'BLACK')",0,False,1,keep,unique,True,84896759
3244829,84897126,general,영원한피사패션쇼,너무 좋아요 여름에 이거만 입을듯 기장도 딱 좋고,5.0,False,그레이 · XL,187.0,74.0,남성,2026-06-02 13:12:50,사이즈: 정사이즈 / 화면 대비 색감: 화면과 비슷 / 퀄리티: 보통 / 신축성: 적당함,False,0,jemut,하의,XL,그레이,2026,6,2,화,5,응답,정사이즈,화면과 비슷,보통,,,적당함,,,3.0,,3.0,,,0.0,0.0,0.0,0.0,,,너무 좋아요 여름에 이거만 입을듯 기장도 딱 좋고,너무좋아요여름에이거만입을듯기장도딱좋고,0,0,0,0,0,False,27,20,27,True,영원한피사패션쇼,"('XL', '그레이')",0,False,1,keep,unique,True,84897126
﻿3826331,84897579,general,재치있는런던재킷,배엉덩이골반 부부은 허벅지 부분에비해 좀 작네요,3.0,False,LARGE,162.0,63.0,여성,2026-06-02 13:41:57,사이즈: 조금 작음 / 화면 대비 색감: 화면과 비슷 / 퀄리티: 보통 / 신축성: 전혀 없음,False,0,travel,하의,LARGE,,2026,6,2,화,3,응답,조금 작음,화면과 비슷,보통,,,전혀 없음,,,3.0,,1.0,,,-1.0,1.0,0.0,0.0,,,배엉덩이골반 부부은 허벅지 부분에비해 좀 작네요,배엉덩이골반부부은허벅지부분에비해좀작네요,0,0,0,0,0,False,26,21,26,True,재치있는런던재킷,"('LARGE', None)",0,False,1,keep,unique,True,84897579
994600,84897746,general,민만먼큐,크게 나와서 좋네요 환절기에 입기 좋은 제질인 것 같아여 잘 입겠습니단,5.0,False,XL(옥스퍼드),179.0,85.0,남성,2026-06-02 13:53:52,사이즈: 정사이즈 / 화면 대비 색감: 어두움 / 퀄리티: 좋음 / 구김: 약간 있음,True,0,filluminate,상의,XL,(옥스퍼드),2026,6,2,화,5,응답,정사이즈,어두움,좋음,약간 있음,,,,,4.0,,,,3.0,0.0,0.0,-1.0,1.0,,,크게 나와서 좋네요 환절기에 입기 좋은 제질인 것 같아여 잘 입겠습니단,크게나와서좋네요환절기에입기좋은제질인것같아여잘입겠습니단,0,0,0,0,0,False,39,29,39,True,민만먼큐,"('XL', '(옥스퍼드)')",0,False,1,keep,unique,True,84897746
6322928,84897759,general,특별한서촌롱부츠,일단 린넨느낌이라 시원하고요 마감이 조금 아쉽긴 한데 핏이 예쁩니다,5.0,False,L,177.0,79.0,남성,2026-06-02 13:54:19,사이즈: 정사이즈 / 화면 대비 색감: 화면과 비슷 / 퀄리티: 보통 / 신축성: 적당함,False,0,filluminate,하의,L,,2026,6,2,화,5,응답,정사이즈,화면과 비슷,보통,,,적당함,,,3.0,,3.0,,,0.0,0.0,0.0,0.0,,,일단 린넨느낌이라 시원하고요 마감이 조금 아쉽긴 한데 핏이 예쁩니다,일단린넨느낌이라시원하고요마감이조금아쉽긴한데핏이예쁩니다,0,0,0,0,0,False,37,29,37,True,특별한서촌롱부츠,"('L', None)",0,False,1,keep,unique,True,84897759
﻿3440141,84897886,general,김추추배,가격도 싸고 디자인도 정말 맘에듭니다 꼭사세요,5.0,False,LARGE,185.0,85.0,남성,2026-06-02 14:01:25,사이즈: 정사이즈 / 화면 대비 색감: 매우 어두움 / 퀄리티: 좋음 / 신축성: 매우 강함,False,0,travel,하의,LARGE,,2026,6,2,화,5,응답,정사이즈,매우 어두움,좋음,,,매우 강함,,,4.0,,5.0,,,0.0,0.0,-2.0,2.0,,,가격도 싸고 디자인도 정말 맘에듭니다 꼭사세요,가격도싸고디자인도정말맘에듭니다꼭사세요,0,0,0,0,0,False,25,20,25,True,김추추배,"('LARGE', None)",0,False,1,keep,unique,True,84897886
3455892,84898034,general,탁월한민트파우치,무난하고 가볍게 입기 좋을것같아요 사이즈도 여유있고 스타일도 괜찮아요,4.0,False,XL,181.0,87.0,남성,2026-06-02 14:11:31,사이즈: 정사이즈 / 화면 대비 색감: 화면과 비슷 / 퀄리티: 보통 / 두께감: 적당함,True,0,filluminate,아우터,XL,,2026,6,2,화,4,응답,정사이즈,화면과 비슷,보통,,적당함,,,,3.0,,,3.0,,0.0,0.0,0.0,0.0,,,무난하고 가볍게 입기 좋을것같아요 사이즈도 여유있고 스타일도 괜찮아요,무난하고가볍게입기좋을것같아요사이즈도여유있고스타일도괜찮아요,0,0,0,0,0,False,38,31,38,True,탁월한민트파우치,"('XL', None)",0,False,1,keep,unique,True,84898034
6322931,84898156,style,B.a.B.o,여름 입기 좋고 시원하고 신축성이 뛰어납니다 국밥템이에여,4.0,False,L,181.0,66.0,남성,2026-06-02 14:17:55,사이즈: 조금 작음 / 화면 대비 색감: 화면과 비슷 / 퀄리티: 나쁨 / 신축성: 강함,True,0,filluminate,하의,L,,2026,6,2,화,4,응답,조금 작음,화면과 비슷,나쁨,,,강함,,,2.0,,4.0,,,-1.0,1.0,0.0,0.0,,,여름 입기 좋고 시원하고 신축성이 뛰어납니다 국밥템이에여,여름입기좋고시원하고신축성이뛰어납니다국밥템이에여,0,0,0,0,0,False,31,25,31,True,B.a.B.o,"('L', None)",0,False,1,keep,unique,True,84898156
6394283,84898348,experience,어리버디,"더운 여름 버뮤다 기본템으로 추천드립니다.  기본적으로 버뮤다에서 중요한게 허리밴딩이라고 생각하는데 밴딩이라 편하고 색상도 여러개 있어서 마음에 드시는 색상으로 골라도 좋을거같습니다  기장이 긴 버뮤다를 선호하는 편인데 딱 마음에 드는 기장이라서 너무 만족했고, 색도 화면에 나오는 그대로라서 너무 만족스러웠습니다 베이지나 흰색 상의로 아메카지 느낌으로 소화해도 좋을거같아요  재질은 도톰한 편이라 조금 더울 수도 있지만 봄 가을에 후드티와 매치해도 괜찮을거같습니다.",5.0,True,L,168.0,65.0,남성,2026-06-02 14:28:32,사이즈: 조금 큼 / 화면 대비 색감: 화면과 비슷 / 퀄리티: 보통 / 신축성: 적당함,True,0,filluminate,하의,L,,2026,6,2,화,5,응답,조금 큼,화면과 비슷,보통,,,적당함,,,3.0,,3.0,,,1.0,1.0,0.0,0.0,,,"더운 여름 버뮤다 기본템으로 추천드립니다. 기본적으로 버뮤다에서 중요한게 허리밴딩이라고 생각하는데 밴딩이라 편하고 색상도 여러개 있어서 마음에 드시는 색상으로 골라도 좋을거같습니다 기장이 긴 버뮤다를 선호하는 편인데 딱 마음에 드는 기장이라서 너무 만족했고, 색도 화면에 나오는 그대로라서 너무 만족스러웠습니다 베이지나 흰색 상의로 아메카지 느낌으로 소화해도 좋을거같아요 재질은 도톰한 편이라 조금 더울 수도 있지만 봄 가을에 후드티와 매치해도 괜찮을거같습니다.",더운여름버뮤다기본템으로추천드립니다기본적으로버뮤다에서중요한게허리밴딩이라고생각하는데밴딩이라편하고색상도여러개있어서마음에드시는색상으로골라도좋을거같습니다기장이긴버뮤다를선호하는편인데딱마음에드는기장이라서너무만족했고색도화면에나오는그대로라서너무만족스러웠습니다베이지나흰색상의로아메카지느낌으로소화해도좋을거같아요재질은도톰한편이라조금더울수도있지만봄가을에후드티와매치해도괜찮을거같습니다,0,0,0,0,0,False,261,200,258,True,어리버디,"('L', None)",0,False,1,keep,unique,True,84898348
994588,84898548,general,경쾌한서촌톤온톤,냄새가나서 세탁해서 다시 입어보고 생활해볼께요!,5.0,False,L(린넨),180.0,82.0,missing,2026-06-02 14:39:55,사이즈: 정사이즈 / 화면 대비 색감: 화면과 비슷 / 퀄리티: 보통 / 구김: 약간 있음,False,0,filluminate,상의,L,(린넨),2026,6,2,화,5,응답,정사이즈,화면과 비슷,보통,약간 있음,,,,,3.0,,,,3.0,0.0,0.0,0.0,0.0,,,냄새가나서 세탁해서 다시 입어보고 생활해볼께요!,냄새가나서세탁해서다시입어보고생활해볼께요,0,0,1,0,0,False,26,21,26,True,경쾌한서촌톤온톤,"('L', '(린넨)')",0,False,1,keep,unique,True,84898548
4697060,84898672,general,도봉나아,두께가 좀 많이 얇은 편인 거 같긴 하지만 빈티지스럽게 입을 수 있을 거 같아요,5.0,False,M,171.0,67.0,남성,2026-06-02 14:46:34,사이즈: 정사이즈 / 화면 대비 색감: 화면과 비슷 / 두께감: 매우 얇음 / 퀄리티: 보통,True,0,filluminate,상의,M,,2026,6,2,화,5,응답,정사이즈,화면과 비슷,보통,,매우 얇음,,,,3.0,,,1.0,,0.0,0.0,0.0,0.0,,,두께가 좀 많이 얇은 편인 거 같긴 하지만 빈티지스럽게 입을 수 있을 거 같아요,두께가좀많이얇은편인거같긴하지만빈티지스럽게입을수있을거같아요,0,0,0,0,0,False,44,31,44,True,도봉나아,"('M', None)",0,False,1,keep,unique,True,84898672
4720611,84898838,general,혼밥중인미국비즈,아주 두껍지 않아서 한여름 전까지 잘 입었습니다,5.0,False,MEDIUM,173.0,68.0,남성,2026-06-02 14:54:34,사이즈: 정사이즈 / 화면 대비 색감: 화면과 비슷 / 퀄리티: 좋음 / 두께감: 적당함,False,0,travel,아우터,MEDIUM,,2026,6,2,화,5,응답,정사이즈,화면과 비슷,좋음,,적당함,,,,4.0,,,3.0,,0.0,0.0,0.0,0.0,,,아주 두껍지 않아서 한여름 전까지 잘 입었습니다,아주두껍지않아서한여름전까지잘입었습니다,0,0,0,0,0,False,26,20,26,True,혼밥중인미국비즈,"('MEDIUM', None)",0,False,1,keep,unique,True,84898838
6140895,84899033,general,I IOVE JOY,널널하고 신원하고 핏이 기가 막히고 색감도 이쯔고 여름에 입기 너무 좋음,5.0,False,M,182.0,74.0,남성,2026-06-02 15:04:57,사이즈: 정사이즈 / 화면 대비 색감: 화면과 비슷 / 퀄리티: 보통 / 구김: 약간 있음,False,0,filluminate,상의,M,,2026,6,2,화,5,응답,정사이즈,화면과 비슷,보통,약간 있음,,,,,3.0,,,,3.0,0.0,0.0,0.0,0.0,,,널널하고 신원하고 핏이 기가 막히고 색감도 이쯔고 여름에 입기 너무 좋음,널널하고신원하고핏이기가막히고색감도이쯔고여름에입기너무좋음,0,0,0,0,0,False,40,30,40,True,I IOVE JOY,"('M', None)",0,False,1,keep,unique,True,84899033
6394371,84899108,experience,다채로운청록진주,이런 나일론 바지 여름에 입어보고 싶었는데 체험단으로 받아 입게 되어서 일단 너무 좋았는데 받아서 입어보니 요즘 날씨가 더운 편인데도 바람도 잘 통하고 폼도 넉넉해서 아무때나 입기 편해요!! 그리고 색깔은 네이비로 골랐는데 네이비 같으면서도 블랙같기도 해요. 근데 아무튼 예쁘고 차음에는 밑에 스트링을 조이지 않고 입으면 길기도 하고 스트링을 조여서 핀턱같이 걸쳐 입으몀 진짜 이뻐요ㅠㅠ 그리고 무릎쪽에 포인트 마감 처리 한것이 진짜 이뻐요! 주머니도 원단이 탄탄해서 물건 넣어도 바지가 내려가거나 핏이 쳐지지 않아서 좋아요 다른 색도 살 생각있고 이 브랜드 제품에 더 관심을 가지게 되엇어요,5.0,True,NAVY · M,166.0,53.0,여성,2026-06-02 15:09:52,사이즈: 조금 큼 / 화면 대비 색감: 화면과 비슷 / 퀄리티: 좋음 / 신축성: 거의 없음,True,0,filluminate,하의,M,NAVY,2026,6,2,화,5,응답,조금 큼,화면과 비슷,좋음,,,거의 없음,,,4.0,,2.0,,,1.0,1.0,0.0,0.0,,,이런 나일론 바지 여름에 입어보고 싶었는데 체험단으로 받아 입게 되어서 일단 너무 좋았는데 받아서 입어보니 요즘 날씨가 더운 편인데도 바람도 잘 통하고 폼도 넉넉해서 아무때나 입기 편해요!! 그리고 색깔은 네이비로 골랐는데 네이비 같으면서도 블랙같기도 해요. 근데 아무튼 예쁘고 차음에는 밑에 스트링을 조이지 않고 입으면 길기도 하고 스트링을 조여서 핀턱같이 걸쳐 입으몀 진짜 이뻐요ㅠㅠ 그리고 무릎쪽에 포인트 마감 처리 한것이 진짜 이뻐요! 주머니도 원단이 탄탄해서 물건 넣어도 바지가 내려가거나 핏이 쳐지지 않아서 좋아요 다른 색도 살 생각있고 이 브랜드 제품에 더 관심을 가지게 되엇어요,이런나일론바지여름에입어보고싶었는데체험단으로받아입게되어서일단너무좋았는데받아서입어보니요즘날씨가더운편인데도바람도잘통하고폼도넉넉해서아무때나입기편해요그리고색깔은네이비로골랐는데네이비같으면서도블랙같기도해요근데아무튼예쁘고차음에는밑에스트링을조이지않고입으면길기도하고스트링을조여서핀턱같이걸쳐입으몀진짜이뻐요그리고무릎쪽에포인트마감처리한것이진짜이뻐요주머니도원단이탄탄해서물건넣어도바지가내려가거나핏이쳐지지않아서좋아요다른색도살생각있고이브랜드제품에더관심을가지게되엇어요,0,2,3,0,0,False,331,243,331,True,다채로운청록진주,"('M', 'NAVY')",0,False,1,keep,unique,True,84899108
4697060,84899539,general,똥글나라,득템함 s사이즈 인데도 넉넉해요 빈티지 느낌이 좋습니다 그냥 편하게 입기 스타일 좋아요 지금은 덥지만 가을에 잘 입을듯 합니다 후드가 살짝 무거운듯 목 부분이 조금 답답하지만 예뻐서 만족해요,5.0,False,S,163.0,52.0,여성,2026-06-02 15:36:34,사이즈: 많이 큼 / 화면 대비 색감: 어두움 / 두께감: 적당함 / 퀄리티: 좋음,True,0,filluminate,상의,S,,2026,6,2,화,5,응답,많이 큼,어두움,좋음,,적당함,,,,4.0,,,3.0,,2.0,2.0,-1.0,1.0,,,득템함 s사이즈 인데도 넉넉해요 빈티지 느낌이 좋습니다 그냥 편하게 입기 스타일 좋아요 지금은 덥지만 가을에 잘 입을듯 합니다 후드가 살짝 무거운듯 목 부분이 조금 답답하지만 예뻐서 만족해요,득템함s사이즈인데도넉넉해요빈티지느낌이좋습니다그냥편하게입기스타일좋아요지금은덥지만가을에잘입을듯합니다후드가살짝무거운듯목부분이조금답답하지만예뻐서만족해요,0,0,0,0,0,False,106,79,106,True,똥글나라,"('S', None)",0,False,2,keep,multi_type_unique,True,84899539
6394320,84899593,experience,옫동,일단 색감이 너무너무 좋습니다!! 딱 좋게 채도 빠진 아이보리 색이구요 전체적으로 물빠진 듯한 빈티지한 컬러감이 너무 마음에 들어요ㅎㅎ 앞면은 작게 로고 포인트만 있어서 여기저기 받쳐 입을 수 있으면서도 등판 프린팅이 포인트가 되는 느낌입니다. 쨍한 흰 티셔츠는 튀어서 잘 안 입게 되는데 적당히 톤다운 되어 있어서 자연스럽고 무난하게 입기 좋은 느낌입니다. 사이즈는 S사이즈도 오버핏으로 넉넉해요! 비칠 정도는 아닌데 얇은 면티라 핏이 착하고 부드럽게 떨어지는 것이 마음에 듭니다. 뭣보다 시원하고요~ 품이 크니까 바람도 잘 통하고 편하게 입기 좋을 것 같습니다.,5.0,True,S,163.0,63.0,여성,2026-06-02 15:41:33,사이즈: 조금 큼 / 화면 대비 색감: 화면과 비슷 / 두께감: 얇음 / 신축성: 적당함,True,0,filluminate,상의,S,,2026,6,2,화,5,응답,조금 큼,화면과 비슷,,,얇음,적당함,,,,,3.0,2.0,,1.0,1.0,0.0,0.0,,,일단 색감이 너무너무 좋습니다!! 딱 좋게 채도 빠진 아이보리 색이구요 전체적으로 물빠진 듯한 빈티지한 컬러감이 너무 마음에 들어요ㅎㅎ 앞면은 작게 로고 포인트만 있어서 여기저기 받쳐 입을 수 있으면서도 등판 프린팅이 포인트가 되는 느낌입니다. 쨍한 흰 티셔츠는 튀어서 잘 안 입게 되는데 적당히 톤다운 되어 있어서 자연스럽고 무난하게 입기 좋은 느낌입니다. 사이즈는 S사이즈도 오버핏으로 넉넉해요! 비칠 정도는 아닌데 얇은 면티라 핏이 착하고 부드럽게 떨어지는 것이 마음에 듭니다. 뭣보다 시원하고요~ 품이 크니까 바람도 잘 통하고 편하게 입기 좋을 것 같습니다.,일단색감이너무너무좋습니다딱좋게채도빠진아이보리색이구요전체적으로물빠진듯한빈티지한컬러감이너무마음에들어요앞면은작게로고포인트만있어서여기저기받쳐입을수있으면서도등판프린팅이포인트가되는느낌입니다쨍한흰티셔츠는튀어서잘안입게되는데적당히톤다운되어있어서자연스럽고무난하게입기좋은느낌입니다사이즈는s사이즈도오버핏으로넉넉해요비칠정도는아닌데얇은면티라핏이착하고부드럽게떨어지는것이마음에듭니다뭣보다시원하고요품이크니까바람도잘통하고편하게입기좋을것같습니다,2,0,3,0,0,False,316,228,316,True,옫동,"('S', None)",0,False,1,keep,unique,True,84899593
4697060,84899601,style,똥글나라,사이즈도 여유롭고 빈티지해서 좋아요 여기저기 막 편하게 입기 괜찮구요 지금은 더워져 입기 그렇고 가을되면 잘 입을듯 해요 후드에 끈이 없는게 저는 더 좋아요 살짝 목 부분이 답답해 보이기는 하지만요 멋스럽게 잘입을께요,5.0,False,S,163.0,52.0,여성,2026-06-02 15:41:26,사이즈: 조금 큼 / 화면 대비 색감: 어두움 / 두께감: 적당함 / 퀄리티: 좋음,True,0,filluminate,상의,S,,2026,6,2,화,5,응답,조금 큼,어두움,좋음,,적당함,,,,4.0,,,3.0,,1.0,1.0,-1.0,1.0,,,사이즈도 여유롭고 빈티지해서 좋아요 여기저기 막 편하게 입기 괜찮구요 지금은 더워져 입기 그렇고 가을되면 잘 입을듯 해요 후드에 끈이 없는게 저는 더 좋아요 살짝 목 부분이 답답해 보이기는 하지만요 멋스럽게 잘입을께요,사이즈도여유롭고빈티지해서좋아요여기저기막편하게입기괜찮구요지금은더워져입기그렇고가을되면잘입을듯해요후드에끈이없는게저는더좋아요살짝목부분이답답해보이기는하지만요멋스럽게잘입을께요,0,0,0,0,0,False,121,91,121,True,똥글나라,"('S', None)",0,False,2,keep,multi_type_unique,True,84899601
5911790,84900187,general,dslls,스티치가 예쁜 인디고 블랙 데님이라 다양하게 활용하기 좋아요,5.0,False,S,174.0,63.0,남성,2026-06-02 16:10:20,사이즈: 정사이즈 / 화면 대비 색감: 화면과 비슷 / 퀄리티: 보통 / 신축성: 적당함,True,0,filluminate,하의,S,,2026,6,2,화,5,응답,정사이즈,화면과 비슷,보통,,,적당함,,,3.0,,3.0,,,0.0,0.0,0.0,0.0,,,스티치가 예쁜 인디고 블랙 데님이라 다양하게 활용하기 좋아요,스티치가예쁜인디고블랙데님이라다양하게활용하기좋아요,0,0,0,0,0,False,33,26,33,True,dslls,"('S', None)",0,False,2,keep,multi_type_dup,True,84900187
6140944,84900233,general,꾸루루룩,배송도 빠르고 상품도 좋아서 자주 입을 것 같아요,5.0,False,MELANGE GREY · L,171.0,72.0,남성,2026-06-02 16:12:48,사이즈: 정사이즈 / 화면 대비 색감: 화면과 비슷 / 두께감: 적당함 / 신축성: 적당함,True,0,filluminate,상의,L,MELANGE GREY,2026,6,2,화,5,응답,정사이즈,화면과 비슷,,,적당함,적당함,,,,,3.0,3.0,,0.0,0.0,0.0,0.0,,,배송도 빠르고 상품도 좋아서 자주 입을 것 같아요,배송도빠르고상품도좋아서자주입을것같아요,0,0,0,0,0,False,27,20,27,True,꾸루루룩,"('L', 'MELANGE GREY')",0,False,2,keep,multi_type_dup,True,84900233
4969807,84900506,general,Fdsa1,생각보다 시원하고 편해서 자주 입을 거 같아요 다른색상으로 구매할지 고민중입니다,5.0,False,BEIGE · L,178.0,70.0,남성,2026-06-02 16:25:46,사이즈: 정사이즈 / 화면 대비 색감: 화면과 비슷 / 퀄리티: 보통 / 신축성: 적당함,True,0,filluminate,하의,L,BEIGE,2026,6,2,화,5,응답,정사이즈,화면과 비슷,보통,,,적당함,,,3.0,,3.0,,,0.0,0.0,0.0,0.0,,,생각보다 시원하고 편해서 자주 입을 거 같아요 다른색상으로 구매할지 고민중입니다,생각보다시원하고편해서자주입을거같아요다른색상으로구매할지고민중입니다,0,0,0,0,0,False,44,35,44,True,Fdsa1,"('L', 'BEIGE')",0,False,1,keep,unique,True,84900506
994588,84900596,general,영리한블랙긱시크,원단부드럽구요 흰색이라 조심스럽지만  어디에도 잘 어울려서  흰색 즐겨입어요 네이비 색상도 주문했는데배송이 너무 오래걸리네요ㅜㅜ,5.0,False,L(린넨),172.0,70.0,여성,2026-06-02 16:30:04,사이즈: 조금 큼 / 화면 대비 색감: 매우 밝음 / 퀄리티: 매우 좋음 / 구김: 약간 있음,True,0,filluminate,상의,L,(린넨),2026,6,2,화,5,응답,조금 큼,매우 밝음,매우 좋음,약간 있음,,,,,5.0,,,,3.0,1.0,1.0,2.0,2.0,,,원단부드럽구요 흰색이라 조심스럽지만 어디에도 잘 어울려서 흰색 즐겨입어요 네이비 색상도 주문했는데배송이 너무 오래걸리네요ㅜㅜ,원단부드럽구요흰색이라조심스럽지만어디에도잘어울려서흰색즐겨입어요네이비색상도주문했는데배송이너무오래걸리네요,0,2,0,0,0,False,71,55,69,True,영리한블랙긱시크,"('L', '(린넨)')",0,False,1,keep,unique,True,84900596
4969807,84901285,general,청순한카키스포츠,생각했던거보다도 훨씬 편하고 예쁨 얇은데 비침도 없어서 여름에 좋을거 같네요,5.0,False,BEIGE · M,173.0,68.0,남성,2026-06-02 17:02:12,사이즈: 정사이즈 / 화면 대비 색감: 화면과 비슷 / 퀄리티: 좋음 / 신축성: 강함,False,0,filluminate,하의,M,BEIGE,2026,6,2,화,5,응답,정사이즈,화면과 비슷,좋음,,,강함,,,4.0,,4.0,,,0.0,0.0,0.0,0.0,,,생각했던거보다도 훨씬 편하고 예쁨 얇은데 비침도 없어서 여름에 좋을거 같네요,생각했던거보다도훨씬편하고예쁨얇은데비침도없어서여름에좋을거같네요,0,0,0,0,0,False,42,33,42,True,청순한카키스포츠,"('M', 'BEIGE')",0,False,2,keep,multi_option_unique,True,84901285
4969807,84901321,general,청순한카키스포츠,얇고 쉬원하고 편함 여름에 손이 자주갈거같네요,5.0,False,INDIGO · M,173.0,68.0,남성,2026-06-02 17:03:36,사이즈: 정사이즈 / 화면 대비 색감: 화면과 비슷 / 퀄리티: 보통 / 신축성: 강함,False,0,filluminate,하의,M,INDIGO,2026,6,2,화,5,응답,정사이즈,화면과 비슷,보통,,,강함,,,3.0,,4.0,,,0.0,0.0,0.0,0.0,,,얇고 쉬원하고 편함 여름에 손이 자주갈거같네요,얇고쉬원하고편함여름에손이자주갈거같네요,0,0,0,0,0,False,25,20,25,True,청순한카키스포츠,"('M', 'INDIGO')",0,False,2,keep,multi_option_unique,True,84901321
6394298,84901676,experience,꼼꼼한핫핑크의상,"필루미네이트의 아카이브 컬렉션 티셔츠를 직접 경험해 볼 기회를 얻었는데, 결론부터 말씀드리면 디자인과 퀄리티 모두 기대 이상으로 만족스러운 제품입니다. 가장 먼저 눈에 띄는 부분은 역시 등판에 새겨진 감각적인 레터링 디테일로, ‘CHAOS / ORDER’, ‘NOISE / SILENCE’와 같이 철학적인 문구들이 미니멀하면서도 힙한 무드를 자아내어 별다른 액세서리 없이 티셔츠 하나만으로도 충분히 스타일리시한 코디가 완성됩니다. 원단 또한 너무 얇지 않고 탄탄한 두께감을 자랑해 비침 걱정이 없으며, 세탁 후에도 변형이 적을 만큼 견고한 만듦새가 돋보여 여름 내내 마음 편히 입을 수 있겠다는 확신이 들었습니다. 핏의 경우도 너무 과하게 박시하지 않은 세미 오버핏으로 제작되어 어깨는 넓어 보이게 하면서도 전체적으로 깔끔하고 트렌디한 실루엣을 연출해 주어, 청바지나 조거 팬츠 등 어떤 하의와 매치해도 조화롭게 어우러지는 높은 활용도를 보여줍니다. 서울 베이스 브랜드 특유의 감성이 한강 야경과 같은 도시적인 분위기와도 완벽하게 어우러져 더욱 만족스러웠으며, 직접 입어보니 착용감까지 쾌적해 앞으로 제 데일리 여름 코디의 중심이 될 '교복템'이 될 것 같습니다. 합리적인 가격대에 브랜드의 아이덴티티가 확실한 제품을 찾고 계신 분들이라면 고민 없이 선택하셔도 좋을 만큼 적극 추천하는 아이템입니다",5.0,True,M,175.0,74.0,남성,2026-06-02 17:20:59,사이즈: 조금 큼 / 화면 대비 색감: 화면과 비슷 / 두께감: 적당함 / 신축성: 적당함,True,0,filluminate,상의,M,,2026,6,2,화,5,응답,조금 큼,화면과 비슷,,,적당함,적당함,,,,,3.0,3.0,,1.0,1.0,0.0,0.0,,,"필루미네이트의 아카이브 컬렉션 티셔츠를 직접 경험해 볼 기회를 얻었는데, 결론부터 말씀드리면 디자인과 퀄리티 모두 기대 이상으로 만족스러운 제품입니다. 가장 먼저 눈에 띄는 부분은 역시 등판에 새겨진 감각적인 레터링 디테일로, ‘CHAOS / ORDER’, ‘NOISE / SILENCE’와 같이 철학적인 문구들이 미니멀하면서도 힙한 무드를 자아내어 별다른 액세서리 없이 티셔츠 하나만으로도 충분히 스타일리시한 코디가 완성됩니다. 원단 또한 너무 얇지 않고 탄탄한 두께감을 자랑해 비침 걱정이 없으며, 세탁 후에도 변형이 적을 만큼 견고한 만듦새가 돋보여 여름 내내 마음 편히 입을 수 있겠다는 확신이 들었습니다. 핏의 경우도 너무 과하게 박시하지 않은 세미 오버핏으로 제작되어 어깨는 넓어 보이게 하면서도 전체적으로 깔끔하고 트렌디한 실루엣을 연출해 주어, 청바지나 조거 팬츠 등 어떤 하의와 매치해도 조화롭게 어우러지는 높은 활용도를 보여줍니다. 서울 베이스 브랜드 특유의 감성이 한강 야경과 같은 도시적인 분위기와도 완벽하게 어우러져 더욱 만족스러웠으며, 직접 입어보니 착용감까지 쾌적해 앞으로 제 데일리 여름 코디의 중심이 될 '교복템'이 될 것 같습니다. 합리적인 가격대에 브랜드의 아이덴티티가 확실한 제품을 찾고 계신 분들이라면 고민 없이 선택하셔도 좋을 만큼 적극 추천하는 아이템입니다",필루미네이트의아카이브컬렉션티셔츠를직접경험해볼기회를얻었는데결론부터말씀드리면디자인과퀄리티모두기대이상으로만족스러운제품입니다가장먼저눈에띄는부분은역시등판에새겨진감각적인레터링디테일로chaosordernoisesilence와같이철학적인문구들이미니멀하면서도힙한무드를자아내어별다른액세서리없이티셔츠하나만으로도충분히스타일리시한코디가완성됩니다원단또한너무얇지않고탄탄한두께감을자랑해비침걱정이없으며세탁후에도변형이적을만큼견고한만듦새가돋보여여름내내마음편히입을수있겠다는확신이들었습니다핏의경우도너무과하게박시하지않은세미오버핏으로제작되어어깨는넓어보이게하면서도전체적으로깔끔하고트렌디한실루엣을연출해주어청바지나조거팬츠등어떤하의와매치해도조화롭게어우러지는높은활용도를보여줍니다서울베이스브랜드특유의감성이한강야경과같은도시적인분위기와도완벽하게어우러져더욱만족스러웠으며직접입어보니착용감까지쾌적해앞으로제데일리여름코디의중심이될교복템이될것같습니다합리적인가격대에브랜드의아이덴티티가확실한제품을찾고계신분들이라면고민없이선택하셔도좋을만큼적극추천하는아이템입니다,0,0,0,0,0,False,670,474,670,True,꼼꼼한핫핑크의상,"('M', None)",0,False,1,keep,unique,True,84901676
3048838,84901707,general,탱이파파,"핏도 이쁘고 매우 좋아요 사이즈, 색상 좋아요 !  전체적으로 만족합니다",5.0,False,LARGE,182.0,82.0,남성,2026-06-02 17:22:14,사이즈: 정사이즈 / 화면 대비 색감: 화면과 비슷 / 퀄리티: 보통 / 신축성: 적당함,True,0,travel,하의,LARGE,,2026,6,2,화,5,응답,정사이즈,화면과 비슷,보통,,,적당함,,,3.0,,3.0,,,0.0,0.0,0.0,0.0,,,"핏도 이쁘고 매우 좋아요 사이즈, 색상 좋아요 ! 전체적으로 만족합니다",핏도이쁘고매우좋아요사이즈색상좋아요전체적으로만족합니다,0,0,1,0,0,False,40,28,39,True,탱이파파,"('LARGE', None)",0,False,2,keep,multi_type_dup,True,84901707
3792018,84902099,general,지님님이,제일 작은 사이즈 해도 많이 커서 한번 접어서 입으니까 예쁩니당 가벼워서 여름에 입기 너무 좋아요,5.0,False,XS,164.0,55.0,여성,2026-06-02 17:40:40,사이즈: 많이 큼 / 화면 대비 색감: 화면과 비슷 / 퀄리티: 좋음 / 신축성: 강함,False,0,filluminate,하의,XS,,2026,6,2,화,5,응답,많이 큼,화면과 비슷,좋음,,,강함,,,4.0,,4.0,,,2.0,2.0,0.0,0.0,,,제일 작은 사이즈 해도 많이 커서 한번 접어서 입으니까 예쁩니당 가벼워서 여름에 입기 너무 좋아요,제일작은사이즈해도많이커서한번접어서입으니까예쁩니당가벼워서여름에입기너무좋아요,0,0,0,0,0,False,54,40,54,True,지님님이,"('XS', None)",0,False,1,keep,unique,True,84902099
6391691,84902102,general,소가넘어갔다,길이감이 딱 좋고 두께도 좋어요 여름엔 좀 더울거같긴한데 실내에서 입기 딱이에요,5.0,False,LIGHT BLUE · [Crop ver.] M,173.0,56.0,여성,2026-06-02 17:40:55,사이즈: 정사이즈 / 화면 대비 색감: 화면과 비슷 / 퀄리티: 보통 / 구김: 약간 있음,True,0,filluminate,상의,M,LIGHT BLUE [Crop ver.],2026,6,2,화,5,응답,정사이즈,화면과 비슷,보통,약간 있음,,,,,3.0,,,,3.0,0.0,0.0,0.0,0.0,,,길이감이 딱 좋고 두께도 좋어요 여름엔 좀 더울거같긴한데 실내에서 입기 딱이에요,길이감이딱좋고두께도좋어요여름엔좀더울거같긴한데실내에서입기딱이에요,0,0,0,0,0,False,44,34,44,True,소가넘어갔다,"('M', 'LIGHT BLUE [Crop ver.]')",0,False,1,keep,unique,True,84902102
3455882,84902228,general,알프레도링귀니,진짜 너무 좋고요 제 키에 스트링 조이고 적당히 접으면 딱 맞아요!!(소매가 살짝 널널해요!!) 바스락바스락이 아니라 약간 재질이 신기해여 근데 너므 조와요!! 진짜 이 색 너무 예쁘고 완전 회색이 아니라 좀 초록 회색이에요!! 다른색도 하나 쟁이고 싶어요ㅠㅠ,5.0,False,S,156.0,48.0,여성,2026-06-02 17:46:56,사이즈: 조금 큼 / 화면 대비 색감: 어두움 / 퀄리티: 매우 좋음 / 두께감: 적당함,False,0,filluminate,아우터,S,,2026,6,2,화,5,응답,조금 큼,어두움,매우 좋음,,적당함,,,,5.0,,,3.0,,1.0,1.0,-1.0,1.0,,,진짜 너무 좋고요 제 키에 스트링 조이고 적당히 접으면 딱 맞아요!!(소매가 살짝 널널해요!!) 바스락바스락이 아니라 약간 재질이 신기해여 근데 너므 조와요!! 진짜 이 색 너무 예쁘고 완전 회색이 아니라 좀 초록 회색이에요!! 다른색도 하나 쟁이고 싶어요ㅠㅠ,진짜너무좋고요제키에스트링조이고적당히접으면딱맞아요소매가살짝널널해요바스락바스락이아니라약간재질이신기해여근데너므조와요진짜이색너무예쁘고완전회색이아니라좀초록회색이에요다른색도하나쟁이고싶어요,0,2,8,0,0,False,145,98,145,True,알프레도링귀니,"('S', None)",0,False,1,keep,unique,True,84902228
﻿5114988,84902604,style,유건이랑,린넨이라 여름에 잘 입어질듯 합니다 하나 완전 얇은 린넨은 아님,5.0,False,블랙 · L,179.0,70.0,남성,2026-06-02 18:04:17,사이즈: 정사이즈 / 화면 대비 색감: 화면과 비슷 / 퀄리티: 보통 / 신축성: 강함,True,0,jemut,하의,L,블랙,2026,6,2,화,5,응답,정사이즈,화면과 비슷,보통,,,강함,,,3.0,,4.0,,,0.0,0.0,0.0,0.0,,,린넨이라 여름에 잘 입어질듯 합니다 하나 완전 얇은 린넨은 아님,린넨이라여름에잘입어질듯합니다하나완전얇은린넨은아님,0,0,0,0,0,False,35,26,35,True,유건이랑,"('L', '블랙')",0,False,1,keep,unique,True,84902604
﻿6135425,84903297,general,청량한피사새틴,허리를 잘 잡아주긴 하는데 많이 먹으면 숨을 못 쉴 수도..? 핏은 완벽합니다,5.0,False,S,154.0,48.0,여성,2026-06-02 18:36:43,사이즈: 정사이즈 / 화면 대비 색감: 화면과 비슷 / 퀄리티: 매우 좋음 / 신축성: 강함,False,0,filluminate,하의,S,,2026,6,2,화,5,응답,정사이즈,화면과 비슷,매우 좋음,,,강함,,,5.0,,4.0,,,0.0,0.0,0.0,0.0,,,허리를 잘 잡아주긴 하는데 많이 먹으면 숨을 못 쉴 수도..? 핏은 완벽합니다,허리를잘잡아주긴하는데많이먹으면숨을못쉴수도핏은완벽합니다,0,0,0,1,0,False,43,29,43,True,청량한피사새틴,"('S', None)",0,False,1,keep,unique,True,84903297
﻿4911299,84903865,general,크리링과18호,시어서커 원단이 부들부들하고 더운 날씨에도 입기 딱 좋습니다,5.0,False,L,185.0,90.0,남성,2026-06-02 18:57:20,사이즈: 정사이즈 / 화면 대비 색감: 화면과 비슷 / 퀄리티: 보통 / 구김: 약간 있음,True,0,filluminate,상의,L,,2026,6,2,화,5,응답,정사이즈,화면과 비슷,보통,약간 있음,,,,,3.0,,,,3.0,0.0,0.0,0.0,0.0,,,시어서커 원단이 부들부들하고 더운 날씨에도 입기 딱 좋습니다,시어서커원단이부들부들하고더운날씨에도입기딱좋습니다,0,0,0,0,0,False,33,26,33,True,크리링과18호,"('L', None)",0,False,1,keep,unique,True,84903865
6394320,84905251,experience,초코폭탄빙수,뒷면 프린팅이 빈티지한 느낌이에요. 색감도 쿨화이트 아니고 아이보리라서 더 빈티지한 분위기. 청바지에 찰떡인 오버핏 반팔티 입니당.   사이즈는 생각보다 더 컸어요. 엉덩이 다 가리는 기장이고 팔꿈치까지 내려오는 소매기장이에요. 164 기준에도 크다 싶었어요. 하지만 전 이정도도 넘 예뻐서 만족❤️   필루미네이트 반팔티는 재질이 참 탄탄하고 좋은거 같아요! 탄탄하면서도 부드러워서 입었을때 착용감이 좋아요. 세탁기도 막 돌릴 수 있어서 굿! 세번 돌렸는데 늘어남 없이 탄탄해요. 세탁도 편해서 더 손이 자주 가는 반팔입니당,5.0,True,S,164.0,58.0,여성,2026-06-02 19:45:28,사이즈: 조금 큼 / 화면 대비 색감: 화면과 비슷 / 두께감: 적당함 / 신축성: 적당함,True,1,filluminate,상의,S,,2026,6,2,화,5,응답,조금 큼,화면과 비슷,,,적당함,적당함,,,,,3.0,3.0,,1.0,1.0,0.0,0.0,,,뒷면 프린팅이 빈티지한 느낌이에요. 색감도 쿨화이트 아니고 아이보리라서 더 빈티지한 분위기. 청바지에 찰떡인 오버핏 반팔티 입니당. 사이즈는 생각보다 더 컸어요. 엉덩이 다 가리는 기장이고 팔꿈치까지 내려오는 소매기장이에요. 164 기준에도 크다 싶었어요. 하지만 전 이정도도 넘 예뻐서 만족 필루미네이트 반팔티는 재질이 참 탄탄하고 좋은거 같아요! 탄탄하면서도 부드러워서 입었을때 착용감이 좋아요. 세탁기도 막 돌릴 수 있어서 굿! 세번 돌렸는데 늘어남 없이 탄탄해요. 세탁도 편해서 더 손이 자주 가는 반팔입니당,뒷면프린팅이빈티지한느낌이에요색감도쿨화이트아니고아이보리라서더빈티지한분위기청바지에찰떡인오버핏반팔티입니당사이즈는생각보다더컸어요엉덩이다가리는기장이고팔꿈치까지내려오는소매기장이에요164기준에도크다싶었어요하지만전이정도도넘예뻐서만족필루미네이트반팔티는재질이참탄탄하고좋은거같아요탄탄하면서도부드러워서입었을때착용감이좋아요세탁기도막돌릴수있어서굿세번돌렸는데늘어남없이탄탄해요세탁도편해서더손이자주가는반팔입니당,0,0,2,0,1,True,294,209,288,True,초코폭탄빙수,"('S', None)",0,False,1,keep,unique,True,84905251
4969807,84905503,general,김씨네국밥,배송이 매우 매우 짖ㄴ차 빠르고 포장또한지짜짱입,5.0,False,BEIGE · L,180.0,79.0,남성,2026-06-02 19:57:27,사이즈: 정사이즈 / 화면 대비 색감: 화면과 비슷 / 퀄리티: 보통 / 신축성: 적당함,True,0,filluminate,하의,L,BEIGE,2026,6,2,화,5,응답,정사이즈,화면과 비슷,보통,,,적당함,,,3.0,,3.0,,,0.0,0.0,0.0,0.0,,,배송이 매우 매우 짖ㄴ차 빠르고 포장또한지짜짱입,배송이매우매우짖차빠르고포장또한지짜짱입,0,0,0,0,0,False,26,20,26,True,김씨네국밥,"('L', 'BEIGE')",0,False,1,keep,unique,True,84905503
3791988,84905788,general,강한터키아이템,워싱도 이쁘고 사이즈도 적당해요 완전 한여름에 입기는 조금 두꺼울꺼 같고 그런거 빼면 무난하게 입기 좋아요,5.0,False,M,170.0,73.0,남성,2026-06-02 20:07:27,사이즈: 정사이즈 / 화면 대비 색감: 화면과 비슷 / 퀄리티: 보통 / 신축성: 적당함,False,0,filluminate,하의,M,,2026,6,2,화,5,응답,정사이즈,화면과 비슷,보통,,,적당함,,,3.0,,3.0,,,0.0,0.0,0.0,0.0,,,워싱도 이쁘고 사이즈도 적당해요 완전 한여름에 입기는 조금 두꺼울꺼 같고 그런거 빼면 무난하게 입기 좋아요,워싱도이쁘고사이즈도적당해요완전한여름에입기는조금두꺼울꺼같고그런거빼면무난하게입기좋아요,0,0,0,0,0,False,59,45,59,True,강한터키아이템,"('M', None)",0,False,1,keep,unique,True,84905788
4697060,84905893,general,고명한종로집업,배송이 빠르고 상품이 좋습니다. 색감도 좋고 질도 좋습니다.,3.0,False,M,174.0,67.0,남성,2026-06-02 20:11:09,사이즈: 정사이즈 / 화면 대비 색감: 화면과 비슷 / 두께감: 적당함 / 퀄리티: 보통,True,0,filluminate,상의,M,,2026,6,2,화,3,응답,정사이즈,화면과 비슷,보통,,적당함,,,,3.0,,,3.0,,0.0,0.0,0.0,0.0,,,배송이 빠르고 상품이 좋습니다. 색감도 좋고 질도 좋습니다.,배송이빠르고상품이좋습니다색감도좋고질도좋습니다,0,0,0,0,0,False,33,24,33,True,고명한종로집업,"('M', None)",0,False,1,keep,unique,True,84905893
﻿6322824,84906093,experience,숩랑,"S사이즈인데 품도 크고 길이도 긴 편이긴 합니다 엉덩이도 다 덮고 팔통도 커서 오버핏 좋아하시는 분들이 입기는 좋을 것 같아요 키 160 이하한테는 너무 클 것 같습니다 필루미네이트 로고 색깔도 예쁘고 로고색과 네이비 색도 잘 어울려서 손이 자주 갈 것 같아요. 너무 얇지도 않고 두껍지도 않은 적당한 두께감이에요 원단도 탄탄한 소재인 것 같아요 운동할 때나 잠깐 나갔다 올 때 편히 입기 좋은 반팔티입니다 네이비와 로고 색감이 볼수록 매력적이라, 편안하면서도 스타일리시한 오버핏 반팔을 찾으시는 분들께 적극 추천하고 싶습니다. 올여름 데일리 아이템으로 유용하게 잘 입을게요!",3.0,True,S,160.0,50.0,여성,2026-06-02 20:19:18,사이즈: 많이 큼 / 화면 대비 색감: 화면과 비슷 / 두께감: 적당함 / 신축성: 적당함,True,0,filluminate,상의,S,,2026,6,2,화,3,응답,많이 큼,화면과 비슷,,,적당함,적당함,,,,,3.0,3.0,,2.0,2.0,0.0,0.0,,,"S사이즈인데 품도 크고 길이도 긴 편이긴 합니다 엉덩이도 다 덮고 팔통도 커서 오버핏 좋아하시는 분들이 입기는 좋을 것 같아요 키 160 이하한테는 너무 클 것 같습니다 필루미네이트 로고 색깔도 예쁘고 로고색과 네이비 색도 잘 어울려서 손이 자주 갈 것 같아요. 너무 얇지도 않고 두껍지도 않은 적당한 두께감이에요 원단도 탄탄한 소재인 것 같아요 운동할 때나 잠깐 나갔다 올 때 편히 입기 좋은 반팔티입니다 네이비와 로고 색감이 볼수록 매력적이라, 편안하면서도 스타일리시한 오버핏 반팔을 찾으시는 분들께 적극 추천하고 싶습니다. 올여름 데일리 아이템으로 유용하게 잘 입을게요!",s사이즈인데품도크고길이도긴편이긴합니다엉덩이도다덮고팔통도커서오버핏좋아하시는분들이입기는좋을것같아요키160이하한테는너무클것같습니다필루미네이트로고색깔도예쁘고로고색과네이비색도잘어울려서손이자주갈것같아요너무얇지도않고두껍지도않은적당한두께감이에요원단도탄탄한소재인것같아요운동할때나잠깐나갔다올때편히입기좋은반팔티입니다네이비와로고색감이볼수록매력적이라편안하면서도스타일리시한오버핏반팔을찾으시는분들께적극추천하고싶습니다올여름데일리아이템으로유용하게잘입을게요,0,0,1,0,0,False,322,233,322,True,숩랑,"('S', None)",0,False,1,keep,unique,True,84906093
6205180,84906214,general,스타스타,핏이쁘고 몸에 너무 잘맞아서 올여름 잘입고 다닐것 같네용,5.0,False,M,172.0,68.0,남성,2026-06-02 20:24:34,사이즈: 정사이즈 / 화면 대비 색감: 화면과 비슷 / 두께감: 적당함 / 신축성: 거의 없음,False,0,travel,상의,M,,2026,6,2,화,5,응답,정사이즈,화면과 비슷,,,적당함,거의 없음,,,,,2.0,3.0,,0.0,0.0,0.0,0.0,,,핏이쁘고 몸에 너무 잘맞아서 올여름 잘입고 다닐것 같네용,핏이쁘고몸에너무잘맞아서올여름잘입고다닐것같네용,0,0,0,0,0,False,31,24,31,True,스타스타,"('M', None)",0,False,1,keep,unique,True,84906214
﻿6352769,84907036,general,패션리더포짱코,ㅎ ㅠ ㅎ 실측사이즈 허리 보고 샀는데도 진짜 딱맞고 입고 앉으면 작습니다ㅠ 왜죠 ㅠ 보통38정도 되면 딱맞게 입는데 이건 한 3-4cm는 작게 나온 것 같아요 참고하시고 평소에 38정도 입는다 치면 한치수 크게 사세요 전 핏이랑 색깔은 예뻐서 그냥 참고 입겠수다^ㅠ<,4.0,False,S,158.0,62.0,여성,2026-06-02 20:56:00,사이즈: 조금 작음 / 화면 대비 색감: 화면과 비슷 / 퀄리티: 좋음 / 신축성: 적당함,False,0,filluminate,하의,S,,2026,6,2,화,4,응답,조금 작음,화면과 비슷,좋음,,,적당함,,,4.0,,3.0,,,-1.0,1.0,0.0,0.0,,,ㅎ ㅠ ㅎ 실측사이즈 허리 보고 샀는데도 진짜 딱맞고 입고 앉으면 작습니다ㅠ 왜죠 ㅠ 보통38정도 되면 딱맞게 입는데 이건 한 3-4cm는 작게 나온 것 같아요 참고하시고 평소에 38정도 입는다 치면 한치수 크게 사세요 전 핏이랑 색깔은 예뻐서 그냥 참고 입겠수다^ㅠ<,실측사이즈허리보고샀는데도진짜딱맞고입고앉으면작습니다왜죠보통38정도되면딱맞게입는데이건한34cm는작게나온것같아요참고하시고평소에38정도입는다치면한치수크게사세요전핏이랑색깔은예뻐서그냥참고입겠수다,1,1,0,0,0,False,150,94,150,True,패션리더포짱코,"('S', None)",0,False,1,keep,unique,True,84907036
﻿5911821,84907314,general,싹싹한광화문프릴,편하게 데일리로 입고다니기 좋고 이뻐요 엄청 만족하면서 입고다니고있어요 바지 추가구매 했음!!ㅎ,5.0,False,S,181.0,85.0,남성,2026-06-02 21:06:54,사이즈: 정사이즈 / 화면 대비 색감: 화면과 비슷 / 퀄리티: 매우 좋음 / 신축성: 적당함,False,0,filluminate,하의,S,,2026,6,2,화,5,응답,정사이즈,화면과 비슷,매우 좋음,,,적당함,,,5.0,,3.0,,,0.0,0.0,0.0,0.0,,,편하게 데일리로 입고다니기 좋고 이뻐요 엄청 만족하면서 입고다니고있어요 바지 추가구매 했음!!ㅎ,편하게데일리로입고다니기좋고이뻐요엄청만족하면서입고다니고있어요바지추가구매했음,1,0,2,0,0,False,53,40,53,True,싹싹한광화문프릴,"('S', None)",0,False,1,keep,unique,True,84907314
3792018,84907380,general,싹싹한광화문프릴,보시는것처럼 이뻐요 다만 사이즈 한치수 작게 사시는거 추천드립니다 좀 크게나왔어요!! 이뻐서 다른색도 하나 더 구매했답니다!! ㅎㅎ,5.0,False,S,181.0,85.0,남성,2026-06-02 21:09:19,사이즈: 조금 큼 / 화면 대비 색감: 화면과 비슷 / 퀄리티: 매우 좋음 / 신축성: 적당함,False,0,filluminate,하의,S,,2026,6,2,화,5,응답,조금 큼,화면과 비슷,매우 좋음,,,적당함,,,5.0,,3.0,,,1.0,1.0,0.0,0.0,,,보시는것처럼 이뻐요 다만 사이즈 한치수 작게 사시는거 추천드립니다 좀 크게나왔어요!! 이뻐서 다른색도 하나 더 구매했답니다!! ㅎㅎ,보시는것처럼이뻐요다만사이즈한치수작게사시는거추천드립니다좀크게나왔어요이뻐서다른색도하나더구매했답니다,2,0,4,0,0,False,73,52,73,True,싹싹한광화문프릴,"('S', None)",0,False,1,keep,unique,True,84907380
4697060,84907387,style,별명없어열,얇고 소매가 뜯어질 수도 있을거 같습니다 아쉽네요,2.0,False,M,178.0,68.0,남성,2026-06-02 21:09:32,사이즈: 정사이즈 / 화면 대비 색감: 화면과 비슷 / 두께감: 적당함 / 퀄리티: 매우 나쁨,True,0,filluminate,상의,M,,2026,6,2,화,2,응답,정사이즈,화면과 비슷,매우 나쁨,,적당함,,,,1.0,,,3.0,,0.0,0.0,0.0,0.0,,,얇고 소매가 뜯어질 수도 있을거 같습니다 아쉽네요,얇고소매가뜯어질수도있을거같습니다아쉽네요,0,0,0,0,0,False,27,21,27,True,별명없어열,"('M', None)",0,False,1,keep,unique,True,84907387
4697060,84907565,general,유익한금색패드,옷 예뻐요 잘샀어요 좀 두툼해요 쌀때 잘샀어요 잘입을께요,5.0,False,S,170.0,63.0,여성,2026-06-02 21:17:12,사이즈: 정사이즈 / 화면 대비 색감: 화면과 비슷 / 두께감: 두꺼움 / 퀄리티: 좋음,True,0,filluminate,상의,S,,2026,6,2,화,5,응답,정사이즈,화면과 비슷,좋음,,두꺼움,,,,4.0,,,4.0,,0.0,0.0,0.0,0.0,,,옷 예뻐요 잘샀어요 좀 두툼해요 쌀때 잘샀어요 잘입을께요,옷예뻐요잘샀어요좀두툼해요쌀때잘샀어요잘입을께요,0,0,0,0,0,False,31,24,31,True,유익한금색패드,"('S', None)",0,False,2,keep,multi_type_unique,True,84907565
4697060,84907607,style,유익한금색패드,옷 이뿌네요 싸게잘샀어요 잘입을듯요. 여자들은 s싸쥬해도 살짝 오버핏으로 보여요,5.0,False,S,170.0,63.0,여성,2026-06-02 21:19:15,사이즈: 정사이즈 / 화면 대비 색감: 화면과 비슷 / 두께감: 적당함 / 퀄리티: 좋음,True,0,filluminate,상의,S,,2026,6,2,화,5,응답,정사이즈,화면과 비슷,좋음,,적당함,,,,4.0,,,3.0,,0.0,0.0,0.0,0.0,,,옷 이뿌네요 싸게잘샀어요 잘입을듯요. 여자들은 s싸쥬해도 살짝 오버핏으로 보여요,옷이뿌네요싸게잘샀어요잘입을듯요여자들은s싸쥬해도살짝오버핏으로보여요,0,0,0,0,0,False,44,34,44,True,유익한금색패드,"('S', None)",0,False,2,keep,multi_type_unique,True,84907607
1884943,84907687,general,색다른크림모델,일단핏좋구요 생각보다두껍지않아서좋았어요 과한오버핏이아니라 저는좋아요!,5.0,False,EXTRA LARGE,174.0,77.0,남성,2026-06-02 21:22:27,사이즈: 조금 큼 / 화면 대비 색감: 화면과 비슷 / 두께감: 두꺼움 / 신축성: 강함,False,0,travel,상의,EXTRA LARGE,,2026,6,2,화,5,응답,조금 큼,화면과 비슷,,,두꺼움,강함,,,,,4.0,4.0,,1.0,1.0,0.0,0.0,,,일단핏좋구요 생각보다두껍지않아서좋았어요 과한오버핏이아니라 저는좋아요!,일단핏좋구요생각보다두껍지않아서좋았어요과한오버핏이아니라저는좋아요,0,0,1,0,0,False,38,34,38,True,색다른크림모델,"('EXTRA LARGE', None)",0,False,1,keep,unique,True,84907687
4969880,84907814,general,_파크_,봄 가을에 입기 좋아요 린넨라이크라 많이 두껍진 않은데 그래도 일반 셔츠보다 조금 빳빳한 감이 있습니다 색상은 예뻐요,5.0,False,INDIGO · L,154.0,51.0,여성,2026-06-02 21:27:27,사이즈: 조금 큼 / 화면 대비 색감: 화면과 비슷 / 퀄리티: 좋음 / 구김: 약간 있음,False,0,filluminate,상의,L,INDIGO,2026,6,2,화,5,응답,조금 큼,화면과 비슷,좋음,약간 있음,,,,,4.0,,,,3.0,1.0,1.0,0.0,0.0,,,봄 가을에 입기 좋아요 린넨라이크라 많이 두껍진 않은데 그래도 일반 셔츠보다 조금 빳빳한 감이 있습니다 색상은 예뻐요,봄가을에입기좋아요린넨라이크라많이두껍진않은데그래도일반셔츠보다조금빳빳한감이있습니다색상은예뻐요,0,0,0,0,0,False,65,49,65,True,_파크_,"('L', 'INDIGO')",0,False,1,keep,unique,True,84907814
6322718,84907847,general,_파크_,얇은 면 소재고 흰색이라 조금 비침은 있습니다 길이에 비해 품이 조금 커서 편하게 입을 수 있어요,5.0,False,L,154.0,51.0,여성,2026-06-02 21:28:38,사이즈: 조금 큼 / 화면 대비 색감: 화면과 비슷 / 두께감: 얇음 / 신축성: 거의 없음,False,0,filluminate,상의,L,,2026,6,2,화,5,응답,조금 큼,화면과 비슷,,,얇음,거의 없음,,,,,2.0,2.0,,1.0,1.0,0.0,0.0,,,얇은 면 소재고 흰색이라 조금 비침은 있습니다 길이에 비해 품이 조금 커서 편하게 입을 수 있어요,얇은면소재고흰색이라조금비침은있습니다길이에비해품이조금커서편하게입을수있어요,0,0,0,0,0,False,54,39,54,True,_파크_,"('L', None)",0,False,1,keep,unique,True,84907847
﻿6352777,84907873,general,_파크_,신축성은 거의 없어요 그래도 크게 나온 편이라 불편하진 않습니다,4.0,False,L,154.0,51.0,여성,2026-06-02 21:29:30,사이즈: 정사이즈 / 화면 대비 색감: 화면과 비슷 / 두께감: 적당함 / 신축성: 거의 없음,False,0,filluminate,상의,L,,2026,6,2,화,4,응답,정사이즈,화면과 비슷,,,적당함,거의 없음,,,,,2.0,3.0,,0.0,0.0,0.0,0.0,,,신축성은 거의 없어요 그래도 크게 나온 편이라 불편하진 않습니다,신축성은거의없어요그래도크게나온편이라불편하진않습니다,0,0,0,0,0,False,35,27,35,True,_파크_,"('L', None)",0,False,1,keep,unique,True,84907873
5334006,84908033,general,커여운마포플리스,옷이 입었을때 편하고 핏이 좋습니다. 색깔도 진해서 흰티와 잘 어울립니다.,5.0,False,L,184.0,75.0,남성,2026-06-02 21:35:47,사이즈: 정사이즈 / 화면 대비 색감: 화면과 비슷 / 퀄리티: 보통 / 신축성: 전혀 없음,True,0,filluminate,하의,L,,2026,6,2,화,5,응답,정사이즈,화면과 비슷,보통,,,전혀 없음,,,3.0,,1.0,,,0.0,0.0,0.0,0.0,,,옷이 입었을때 편하고 핏이 좋습니다. 색깔도 진해서 흰티와 잘 어울립니다.,옷이입었을때편하고핏이좋습니다색깔도진해서흰티와잘어울립니다,0,0,0,0,0,False,41,30,41,True,커여운마포플리스,"('L', None)",0,False,2,keep,multi_type_unique,True,84908033
5334006,84908563,style,커여운마포플리스,옷이 편하고 색감도 쨍합니다. 바지 통이 넉넉한 편이며 키 큰 분들에게 잘 어울릴듯 합니다.,5.0,False,L,173.0,70.0,남성,2026-06-02 22:00:30,사이즈: 정사이즈 / 화면 대비 색감: 화면과 비슷 / 퀄리티: 매우 좋음 / 신축성: 전혀 없음,True,0,filluminate,하의,L,,2026,6,2,화,5,응답,정사이즈,화면과 비슷,매우 좋음,,,전혀 없음,,,5.0,,1.0,,,0.0,0.0,0.0,0.0,,,옷이 편하고 색감도 쨍합니다. 바지 통이 넉넉한 편이며 키 큰 분들에게 잘 어울릴듯 합니다.,옷이편하고색감도쨍합니다바지통이넉넉한편이며키큰분들에게잘어울릴듯합니다,0,0,0,0,0,False,51,36,51,True,커여운마포플리스,"('L', None)",0,False,2,keep,multi_type_unique,True,84908563
4969807,84908717,general,29살어른이,밴딩도 좋고 두툼한 신발 신으면 기장도 딱 맞아요,5.0,False,BLACK · XL,176.0,92.0,남성,2026-06-02 22:06:19,사이즈: 정사이즈 / 화면 대비 색감: 화면과 비슷 / 퀄리티: 보통 / 신축성: 적당함,True,0,filluminate,하의,XL,BLACK,2026,6,2,화,5,응답,정사이즈,화면과 비슷,보통,,,적당함,,,3.0,,3.0,,,0.0,0.0,0.0,0.0,,,밴딩도 좋고 두툼한 신발 신으면 기장도 딱 맞아요,밴딩도좋고두툼한신발신으면기장도딱맞아요,0,0,0,0,0,False,27,20,27,True,29살어른이,"('XL', 'BLACK')",0,False,2,keep,multi_option_unique,True,84908717
4969807,84908737,general,29살어른이,검은색 구매하면서 추가로 구매했습니다 시원해요,5.0,False,BEIGE · XL,176.0,92.0,남성,2026-06-02 22:07:02,사이즈: 정사이즈 / 화면 대비 색감: 화면과 비슷 / 퀄리티: 보통 / 신축성: 적당함,True,0,filluminate,하의,XL,BEIGE,2026,6,2,화,5,응답,정사이즈,화면과 비슷,보통,,,적당함,,,3.0,,3.0,,,0.0,0.0,0.0,0.0,,,검은색 구매하면서 추가로 구매했습니다 시원해요,검은색구매하면서추가로구매했습니다시원해요,0,0,0,0,0,False,25,21,25,True,29살어른이,"('XL', 'BEIGE')",0,False,2,keep,multi_option_unique,True,84908737
﻿6394385,84908966,experience,웅냥냥냐옹냥,"착용했을 때 두께감도 적당하고, 팔 길이랑 기장도 딱 예쁘게 오버핏으로 떨어져서 핏도 좋아보여요! 162 기준 골반정도로 떨어집니다! 로고 포인트도 자수라서 짱짱하고 예뻐요. 너무 남성용 같을까봐 좀 걱정했는데 그렇지도 않고 그냥 너무 힙하고 예뻐요! 기본티 느낌으로도 많이 입을 것 같고, 재질도 좋아보여서 오래 입을 수 있을 듯 해요! 목 뒤에 라벨 있는 거 정말 싫어하는데 딱히 까슬거리는 것도 못 느낀 것 같아요! 목이 살짝 커서 그런 것 같기도 한데 정말 살짝 큰거라 감안하고 입을 수 있을 정도입니다! 재질도 좋고 핏도 예뻐서 자주 손이 갈 거 같습니다! 다음에 기회 되면 여기서 사볼 거 같아요! 체험단 되서 너무 너무 좋았습니다👍",5.0,True,S,162.0,45.0,여성,2026-06-02 22:16:24,사이즈: 조금 큼 / 화면 대비 색감: 화면과 비슷 / 두께감: 적당함 / 신축성: 적당함,True,0,filluminate,상의,S,,2026,6,2,화,5,응답,조금 큼,화면과 비슷,,,적당함,적당함,,,,,3.0,3.0,,1.0,1.0,0.0,0.0,,,"착용했을 때 두께감도 적당하고, 팔 길이랑 기장도 딱 예쁘게 오버핏으로 떨어져서 핏도 좋아보여요! 162 기준 골반정도로 떨어집니다! 로고 포인트도 자수라서 짱짱하고 예뻐요. 너무 남성용 같을까봐 좀 걱정했는데 그렇지도 않고 그냥 너무 힙하고 예뻐요! 기본티 느낌으로도 많이 입을 것 같고, 재질도 좋아보여서 오래 입을 수 있을 듯 해요! 목 뒤에 라벨 있는 거 정말 싫어하는데 딱히 까슬거리는 것도 못 느낀 것 같아요! 목이 살짝 커서 그런 것 같기도 한데 정말 살짝 큰거라 감안하고 입을 수 있을 정도입니다! 재질도 좋고 핏도 예뻐서 자주 손이 갈 거 같습니다! 다음에 기회 되면 여기서 사볼 거 같아요! 체험단 되서 너무 너무 좋았습니다",착용했을때두께감도적당하고팔길이랑기장도딱예쁘게오버핏으로떨어져서핏도좋아보여요162기준골반정도로떨어집니다로고포인트도자수라서짱짱하고예뻐요너무남성용같을까봐좀걱정했는데그렇지도않고그냥너무힙하고예뻐요기본티느낌으로도많이입을것같고재질도좋아보여서오래입을수있을듯해요목뒤에라벨있는거정말싫어하는데딱히까슬거리는것도못느낀것같아요목이살짝커서그런것같기도한데정말살짝큰거라감안하고입을수있을정도입니다재질도좋고핏도예뻐서자주손이갈거같습니다다음에기회되면여기서사볼거같아요체험단되서너무너무좋았습니다,0,0,8,0,1,False,360,249,359,True,웅냥냥냐옹냥,"('S', None)",0,False,1,keep,unique,True,84908966
4969889,84909410,general,감미로운서울룩,"색감도 실제로 보니 더 고급스러워요. 원단이 가볍고 시원해서 여름에 입기 좋고, 핏도 너무 크거나 작지 않아 편하게 착용할 수 있습니다. 청바지나 슬랙스 어디에나 잘 어울려서 활용도가 높네요. 가격 대비 만족도가 높아서 자주 손이 갈 것 같습니다.",5.0,False,WHITE · [Crop ver.] L,180.0,70.0,남성,2026-06-02 22:34:11,사이즈: 매우 작음 / 화면 대비 색감: 매우 밝음 / 퀄리티: 매우 나쁨 / 구김: 전혀 없음,True,0,filluminate,상의,L,WHITE [Crop ver.],2026,6,2,화,5,응답,매우 작음,매우 밝음,매우 나쁨,전혀 없음,,,,,1.0,,,,5.0,-2.0,2.0,2.0,2.0,,,"색감도 실제로 보니 더 고급스러워요. 원단이 가볍고 시원해서 여름에 입기 좋고, 핏도 너무 크거나 작지 않아 편하게 착용할 수 있습니다. 청바지나 슬랙스 어디에나 잘 어울려서 활용도가 높네요. 가격 대비 만족도가 높아서 자주 손이 갈 것 같습니다.",색감도실제로보니더고급스러워요원단이가볍고시원해서여름에입기좋고핏도너무크거나작지않아편하게착용할수있습니다청바지나슬랙스어디에나잘어울려서활용도가높네요가격대비만족도가높아서자주손이갈것같습니다,0,0,0,0,0,False,138,98,138,True,감미로운서울룩,"('L', 'WHITE [Crop ver.]')",0,False,1,keep,unique,True,84909410
﻿6108955,84909463,general,errez,프린팅 이쁘고 핏 사이즈감 모두 좋아요 맘에들어요,5.0,False,L,180.0,65.0,남성,2026-06-02 22:36:20,사이즈: 정사이즈 / 화면 대비 색감: 화면과 비슷 / 두께감: 적당함 / 신축성: 적당함,False,0,filluminate,상의,L,,2026,6,2,화,5,응답,정사이즈,화면과 비슷,,,적당함,적당함,,,,,3.0,3.0,,0.0,0.0,0.0,0.0,,,프린팅 이쁘고 핏 사이즈감 모두 좋아요 맘에들어요,프린팅이쁘고핏사이즈감모두좋아요맘에들어요,0,0,0,0,0,False,27,21,27,True,errez,"('L', None)",0,False,1,keep,unique,True,84909463
6394383,84909821,experience,꾸밈없는종로벌키,"자수의 퀄리티가 전체적으로 높고, 핏도 딱 떨어지고 마감과 자수가 전체적으로 매우 깔끔해요! 넣어 입어도 옷이 큰 거에 비해 별로 부해 보이지도 않고 딱 적당한 편인 것 같아요, 브라운 티셔츠가 없어서 찾다가 이렇게 딱 찾았네요 ㅎㅎ 세탁해도 실밥 풀리고 이런 건 심하지 않아서 막 돌리기에 좋은 것 같아요! 구김도 별로 없어서 편하고 좋은 티셔츠의 정석 같아요. 캐주얼엔 빼입고 너드하고? 싶을땐 넣어입으면서 간지까지 챙기면 좋아요 ㅎㅎ. 빈티지 좋아하시는 분들도 엄청 좋아하실것 같아요. 색도 진한편이 아닌 심플하게 잘 빠졌기 때문에 많은분들이 애용하시기 좋을 것 같습니당",5.0,True,S,162.0,61.0,여성,2026-06-02 22:51:03,사이즈: 조금 큼 / 화면 대비 색감: 화면과 비슷 / 두께감: 적당함 / 신축성: 강함,True,1,filluminate,상의,S,,2026,6,2,화,5,응답,조금 큼,화면과 비슷,,,적당함,강함,,,,,4.0,3.0,,1.0,1.0,0.0,0.0,,,"자수의 퀄리티가 전체적으로 높고, 핏도 딱 떨어지고 마감과 자수가 전체적으로 매우 깔끔해요! 넣어 입어도 옷이 큰 거에 비해 별로 부해 보이지도 않고 딱 적당한 편인 것 같아요, 브라운 티셔츠가 없어서 찾다가 이렇게 딱 찾았네요 ㅎㅎ 세탁해도 실밥 풀리고 이런 건 심하지 않아서 막 돌리기에 좋은 것 같아요! 구김도 별로 없어서 편하고 좋은 티셔츠의 정석 같아요. 캐주얼엔 빼입고 너드하고? 싶을땐 넣어입으면서 간지까지 챙기면 좋아요 ㅎㅎ. 빈티지 좋아하시는 분들도 엄청 좋아하실것 같아요. 색도 진한편이 아닌 심플하게 잘 빠졌기 때문에 많은분들이 애용하시기 좋을 것 같습니당",자수의퀄리티가전체적으로높고핏도딱떨어지고마감과자수가전체적으로매우깔끔해요넣어입어도옷이큰거에비해별로부해보이지도않고딱적당한편인것같아요브라운티셔츠가없어서찾다가이렇게딱찾았네요세탁해도실밥풀리고이런건심하지않아서막돌리기에좋은것같아요구김도별로없어서편하고좋은티셔츠의정석같아요캐주얼엔빼입고너드하고싶을땐넣어입으면서간지까지챙기면좋아요빈티지좋아하시는분들도엄청좋아하실것같아요색도진한편이아닌심플하게잘빠졌기때문에많은분들이애용하시기좋을것같습니당,2,0,2,1,0,False,322,229,322,True,꾸밈없는종로벌키,"('S', None)",0,False,1,keep,unique,True,84909821
﻿6394298,84909956,experience,CHIC21,사이즈 넉넉하고 촉감도 부드러워요 두께감도 두껍지도 얇지도 않은  적당한 두께감이라 입었을때 불편함 전혀없어요 일단 사이즈가 넉넉하니 편하게 입기 괜찮아요 색감도 아주 밝은 흰색이 아닌 약간 아이보리섞인듯한 화이트라 해야하나 칙칙하지않은 부담스러운 색상이 아닌 무난한 기본색감입니다 뒷프린팅이 포인트가 되네요 목라인도 쫀똔해서 늘어질 우려없을 것 같고 마감처리도 깔끔하니 좋아보여요 다른색상도 입어보고 싶지만 선택은 하나였다는것 필루미네이트 가성비좋고 품질좋은 브랜드라 믿고 구매해도 되겠어요.,5.0,True,L,163.0,65.0,여성,2026-06-02 22:57:04,사이즈: 조금 큼 / 화면 대비 색감: 화면과 비슷 / 두께감: 적당함 / 신축성: 적당함,True,0,filluminate,상의,L,,2026,6,2,화,5,응답,조금 큼,화면과 비슷,,,적당함,적당함,,,,,3.0,3.0,,1.0,1.0,0.0,0.0,,,사이즈 넉넉하고 촉감도 부드러워요 두께감도 두껍지도 얇지도 않은 적당한 두께감이라 입었을때 불편함 전혀없어요 일단 사이즈가 넉넉하니 편하게 입기 괜찮아요 색감도 아주 밝은 흰색이 아닌 약간 아이보리섞인듯한 화이트라 해야하나 칙칙하지않은 부담스러운 색상이 아닌 무난한 기본색감입니다 뒷프린팅이 포인트가 되네요 목라인도 쫀똔해서 늘어질 우려없을 것 같고 마감처리도 깔끔하니 좋아보여요 다른색상도 입어보고 싶지만 선택은 하나였다는것 필루미네이트 가성비좋고 품질좋은 브랜드라 믿고 구매해도 되겠어요.,사이즈넉넉하고촉감도부드러워요두께감도두껍지도얇지도않은적당한두께감이라입었을때불편함전혀없어요일단사이즈가넉넉하니편하게입기괜찮아요색감도아주밝은흰색이아닌약간아이보리섞인듯한화이트라해야하나칙칙하지않은부담스러운색상이아닌무난한기본색감입니다뒷프린팅이포인트가되네요목라인도쫀똔해서늘어질우려없을것같고마감처리도깔끔하니좋아보여요다른색상도입어보고싶지만선택은하나였다는것필루미네이트가성비좋고품질좋은브랜드라믿고구매해도되겠어요,0,0,0,0,0,False,276,217,275,True,CHIC21,"('L', None)",0,False,1,keep,unique,True,84909956
3792018,84909987,general,욱하는놈,바지 가성비 좋네요 진짜 디자인도 이쁘고 완전 맘에들어요👍,5.0,False,XS,162.0,52.0,여성,2026-06-02 22:58:30,사이즈: 정사이즈 / 화면 대비 색감: 화면과 비슷 / 퀄리티: 보통 / 신축성: 적당함,True,0,filluminate,하의,XS,,2026,6,2,화,5,응답,정사이즈,화면과 비슷,보통,,,적당함,,,3.0,,3.0,,,0.0,0.0,0.0,0.0,,,바지 가성비 좋네요 진짜 디자인도 이쁘고 완전 맘에들어요,바지가성비좋네요진짜디자인도이쁘고완전맘에들어요,0,0,0,0,1,False,32,24,31,True,욱하는놈,"('XS', None)",0,False,1,keep,unique,True,84909987
1884943,84910344,general,heize､,배송빠르고 생각보다 얇아요 그리고 예상보다 사이즈가 크다고 느껴지지않아서 평소사이즈보다 1업 추천드립니다용,5.0,False,LARGE,174.0,70.0,남성,2026-06-02 23:13:54,사이즈: 정사이즈 / 화면 대비 색감: 화면과 비슷 / 두께감: 얇음 / 신축성: 적당함,True,0,travel,상의,LARGE,,2026,6,2,화,5,응답,정사이즈,화면과 비슷,,,얇음,적당함,,,,,3.0,2.0,,0.0,0.0,0.0,0.0,,,배송빠르고 생각보다 얇아요 그리고 예상보다 사이즈가 크다고 느껴지지않아서 평소사이즈보다 1업 추천드립니다용,배송빠르고생각보다얇아요그리고예상보다사이즈가크다고느껴지지않아서평소사이즈보다1업추천드립니다용,0,0,0,0,0,False,59,48,59,True,heize､,"('LARGE', None)",0,False,1,keep,unique,True,84910344
6140884,84910933,general,아디다스엠버서더,이런 옷도 꼭 사보고 싶었는데 입어보니 확실히 좋습니다!,5.0,False,M,172.0,66.0,남성,2026-06-02 23:31:41,사이즈: 정사이즈 / 화면 대비 색감: 화면과 비슷 / 퀄리티: 보통 / 구김: 약간 있음,True,0,filluminate,상의,M,,2026,6,2,화,5,응답,정사이즈,화면과 비슷,보통,약간 있음,,,,,3.0,,,,3.0,0.0,0.0,0.0,0.0,,,이런 옷도 꼭 사보고 싶었는데 입어보니 확실히 좋습니다!,이런옷도꼭사보고싶었는데입어보니확실히좋습니다,0,0,1,0,0,False,31,23,31,True,아디다스엠버서더,"('M', None)",0,False,2,keep,multi_type_dup,True,84910933
﻿4280526,84910944,general,감정없는한강비즈,"딸아이가 입겠다고 픽해 주문했는데, 마음에 들어하네요",5.0,False,SMALL,156.0,53.0,여성,2026-06-02 23:32:07,사이즈: 정사이즈 / 화면 대비 색감: 화면과 비슷 / 퀄리티: 보통 / 두께감: 적당함,False,0,travel,아우터,SMALL,,2026,6,2,화,5,응답,정사이즈,화면과 비슷,보통,,적당함,,,,3.0,,,3.0,,0.0,0.0,0.0,0.0,,,"딸아이가 입겠다고 픽해 주문했는데, 마음에 들어하네요",딸아이가입겠다고픽해주문했는데마음에들어하네요,0,0,0,0,0,False,29,23,29,True,감정없는한강비즈,"('SMALL', None)",0,False,1,keep,unique,True,84910944
6140944,84911006,general,아디다스엠버서더,이런 옷도 꼭 사보고 싶었는데 입어보니 확실히 좋습니다!,5.0,False,CHARCOAL · M,172.0,66.0,남성,2026-06-02 23:34:46,사이즈: 정사이즈 / 화면 대비 색감: 화면과 비슷 / 두께감: 적당함 / 신축성: 적당함,True,0,filluminate,상의,M,CHARCOAL,2026,6,2,화,5,응답,정사이즈,화면과 비슷,,,적당함,적당함,,,,,3.0,3.0,,0.0,0.0,0.0,0.0,,,이런 옷도 꼭 사보고 싶었는데 입어보니 확실히 좋습니다!,이런옷도꼭사보고싶었는데입어보니확실히좋습니다,0,0,1,0,0,False,31,23,31,True,아디다스엠버서더,"('M', 'CHARCOAL')",0,False,2,keep,multi_type_dup,True,84911006
6391691,84911031,general,아디다스엠버서더,이런 옷도 꼭 사보고 싶었는데 입어보니 확실히 좋습니다!,5.0,False,WHITE · [Crop ver.] M,172.0,66.0,남성,2026-06-02 23:35:41,사이즈: 정사이즈 / 화면 대비 색감: 화면과 비슷 / 퀄리티: 보통 / 구김: 약간 있음,True,0,filluminate,상의,M,WHITE [Crop ver.],2026,6,2,화,5,응답,정사이즈,화면과 비슷,보통,약간 있음,,,,,3.0,,,,3.0,0.0,0.0,0.0,0.0,,,이런 옷도 꼭 사보고 싶었는데 입어보니 확실히 좋습니다!,이런옷도꼭사보고싶었는데입어보니확실히좋습니다,0,0,1,0,0,False,31,23,31,True,아디다스엠버서더,"('M', 'WHITE [Crop ver.]')",0,False,2,keep,multi_type_dup,True,84911031
6322922,84911052,general,아디다스엠버서더,이런 옷도 꼭 사보고 싶었는데 입어보니 확실히 좋습니다!,5.0,False,S,172.0,66.0,남성,2026-06-02 23:36:35,사이즈: 정사이즈 / 화면 대비 색감: 화면과 비슷 / 퀄리티: 보통 / 신축성: 적당함,True,0,filluminate,하의,S,,2026,6,2,화,5,응답,정사이즈,화면과 비슷,보통,,,적당함,,,3.0,,3.0,,,0.0,0.0,0.0,0.0,,,이런 옷도 꼭 사보고 싶었는데 입어보니 확실히 좋습니다!,이런옷도꼭사보고싶었는데입어보니확실히좋습니다,0,0,1,0,0,False,31,23,31,True,아디다스엠버서더,"('S', None)",0,False,2,keep,multi_type_dup,True,84911052
994588,84911146,general,갈맷빛고넁이,우선 셔츠가 오버핏이여서 저처럼 오버하지 않게 입고 싶으신 분들은 s사이즈 강추 드려요!! 셔츠는 걸쳐서 입기 딱좋아요! 등에 핏도 잘 잡아주고 소매부분에 단추가 소매 윗부분 쪽에도 있어서 소매를 걷었을때 거의 안내려가구 정말 편했어요!! 글구 아랫부분 패치 포인트도 정말 이뻐요. 또 이 셔츠가 다른 셔츠들이랑 다른점이 목 카라부분이 앞쪽이 되게 넓어서 이 셔츠입고 단추도 잠그면 다른 셔츠들과 또 다른 느낌을 줄 수있어서 좋아요!! 이너로 입어도 이쁠것 같아요!,5.0,False,S(옥스포드),172.0,60.0,남성,2026-06-02 23:39:49,사이즈: 정사이즈 / 화면 대비 색감: 화면과 비슷 / 퀄리티: 매우 좋음 / 구김: 거의 없음,True,0,filluminate,상의,S,(옥스포드),2026,6,2,화,5,응답,정사이즈,화면과 비슷,매우 좋음,거의 없음,,,,,5.0,,,,4.0,0.0,0.0,0.0,0.0,,,우선 셔츠가 오버핏이여서 저처럼 오버하지 않게 입고 싶으신 분들은 s사이즈 강추 드려요!! 셔츠는 걸쳐서 입기 딱좋아요! 등에 핏도 잘 잡아주고 소매부분에 단추가 소매 윗부분 쪽에도 있어서 소매를 걷었을때 거의 안내려가구 정말 편했어요!! 글구 아랫부분 패치 포인트도 정말 이뻐요. 또 이 셔츠가 다른 셔츠들이랑 다른점이 목 카라부분이 앞쪽이 되게 넓어서 이 셔츠입고 단추도 잠그면 다른 셔츠들과 또 다른 느낌을 줄 수있어서 좋아요!! 이너로 입어도 이쁠것 같아요!,우선셔츠가오버핏이여서저처럼오버하지않게입고싶으신분들은s사이즈강추드려요셔츠는걸쳐서입기딱좋아요등에핏도잘잡아주고소매부분에단추가소매윗부분쪽에도있어서소매를걷었을때거의안내려가구정말편했어요글구아랫부분패치포인트도정말이뻐요또이셔츠가다른셔츠들이랑다른점이목카라부분이앞쪽이되게넓어서이셔츠입고단추도잠그면다른셔츠들과또다른느낌을줄수있어서좋아요이너로입어도이쁠것같아요,0,0,8,0,0,False,260,186,260,True,갈맷빛고넁이,"('S', '(옥스포드)')",0,False,1,keep,unique,True,84911146
﻿6205182,84911479,general,탱구사장,옷을 받아서 입어봤는데 목 부분이 작아서 좀 아쉬웠어요,3.0,False,L,178.0,63.0,남성,2026-06-02 23:53:32,사이즈: 정사이즈 / 화면 대비 색감: 화면과 비슷 / 두께감: 얇음 / 신축성: 적당함,False,0,travel,상의,L,,2026,6,2,화,3,응답,정사이즈,화면과 비슷,,,얇음,적당함,,,,,3.0,2.0,,0.0,0.0,0.0,0.0,,,옷을 받아서 입어봤는데 목 부분이 작아서 좀 아쉬웠어요,옷을받아서입어봤는데목부분이작아서좀아쉬웠어요,0,0,0,0,0,False,30,23,30,True,탱구사장,"('L', None)",0,False,1,keep,unique,True,84911479
1884943,84912488,general,배도고프네요,프린팅이 예뻐서 좋아요. 세탁해도 줄지 않고 색감도 예쁩니다,5.0,False,LARGE,178.0,65.0,남성,2026-06-03 00:36:36,사이즈: 정사이즈 / 화면 대비 색감: 화면과 비슷 / 두께감: 적당함 / 신축성: 적당함,False,0,travel,상의,LARGE,,2026,6,3,수,5,응답,정사이즈,화면과 비슷,,,적당함,적당함,,,,,3.0,3.0,,0.0,0.0,0.0,0.0,,,프린팅이 예뻐서 좋아요. 세탁해도 줄지 않고 색감도 예쁩니다,프린팅이예뻐서좋아요세탁해도줄지않고색감도예쁩니다,0,0,0,0,0,False,33,25,33,True,배도고프네요,"('LARGE', None)",0,False,1,keep,unique,True,84912488
4969899,84912572,style,누에보아뇨,약간 오버핏으로 입으면 좋을 것 같아요! 린넨 느낌이라서 시원하고 여름에 입기 좋아요,5.0,False,WHITE · L,179.0,74.0,남성,2026-06-03 00:41:22,사이즈: 조금 큼 / 화면 대비 색감: 화면과 비슷 / 퀄리티: 보통 / 구김: 약간 있음,True,0,filluminate,상의,L,WHITE,2026,6,3,수,5,응답,조금 큼,화면과 비슷,보통,약간 있음,,,,,3.0,,,,3.0,1.0,1.0,0.0,0.0,,,약간 오버핏으로 입으면 좋을 것 같아요! 린넨 느낌이라서 시원하고 여름에 입기 좋아요,약간오버핏으로입으면좋을것같아요린넨느낌이라서시원하고여름에입기좋아요,0,0,1,0,0,False,47,35,47,True,누에보아뇨,"('L', 'WHITE')",0,False,2,keep,multi_type_dup,True,84912572
4969807,84912818,general,선한퀸스힙본,기장도 딱 적당해요. 얇아서 지금 날씨에 입기 딱 좋아요,5.0,False,BROWN · L,177.0,66.0,남성,2026-06-03 00:55:10,사이즈: 정사이즈 / 화면 대비 색감: 화면과 비슷 / 퀄리티: 보통 / 신축성: 적당함,True,0,filluminate,하의,L,BROWN,2026,6,3,수,5,응답,정사이즈,화면과 비슷,보통,,,적당함,,,3.0,,3.0,,,0.0,0.0,0.0,0.0,,,기장도 딱 적당해요. 얇아서 지금 날씨에 입기 딱 좋아요,기장도딱적당해요얇아서지금날씨에입기딱좋아요,0,0,0,0,0,False,31,22,31,True,선한퀸스힙본,"('L', 'BROWN')",0,False,2,keep,multi_option_unique,True,84912818
﻿4694110,84912820,general,웅꿍꿍,유들유들하니 간절기때 딱 좋을거같아요  가을되면 빨리 입고싶어요.. 색도 넘 예쁘고 촉감도 좋아서 선선한 바람불때 기분좋게 입고다닐거 같아요,5.0,False,SMALL,160.0,52.0,여성,2026-06-03 00:55:23,사이즈: 조금 큼 / 화면 대비 색감: 화면과 비슷 / 퀄리티: 좋음 / 두께감: 적당함,False,0,travel,아우터,SMALL,,2026,6,3,수,5,응답,조금 큼,화면과 비슷,좋음,,적당함,,,,4.0,,,3.0,,1.0,1.0,0.0,0.0,,,유들유들하니 간절기때 딱 좋을거같아요 가을되면 빨리 입고싶어요.. 색도 넘 예쁘고 촉감도 좋아서 선선한 바람불때 기분좋게 입고다닐거 같아요,유들유들하니간절기때딱좋을거같아요가을되면빨리입고싶어요색도넘예쁘고촉감도좋아서선선한바람불때기분좋게입고다닐거같아요,0,0,0,0,0,False,78,59,77,True,웅꿍꿍,"('SMALL', None)",0,False,1,keep,unique,True,84912820
4969807,84912841,general,선한퀸스힙본,생각보다 안 밝아서 부담없이 입기 좋을거 같아요,5.0,False,BEIGE · L,177.0,66.0,남성,2026-06-03 00:56:41,사이즈: 정사이즈 / 화면 대비 색감: 화면과 비슷 / 퀄리티: 보통 / 신축성: 적당함,True,0,filluminate,하의,L,BEIGE,2026,6,3,수,5,응답,정사이즈,화면과 비슷,보통,,,적당함,,,3.0,,3.0,,,0.0,0.0,0.0,0.0,,,생각보다 안 밝아서 부담없이 입기 좋을거 같아요,생각보다안밝아서부담없이입기좋을거같아요,0,0,0,0,0,False,26,20,26,True,선한퀸스힙본,"('L', 'BEIGE')",0,False,2,keep,multi_option_unique,True,84912841
3048838,84912878,general,장식적인케냐뮬,남자입니다 신축성 없음 앞지퍼 없음 스타일은 힙해서 좋음,5.0,False,SMALL,165.0,55.0,남성,2026-06-03 00:58:34,사이즈: 조금 큼 / 화면 대비 색감: 밝음 / 퀄리티: 좋음 / 신축성: 전혀 없음,False,0,travel,하의,SMALL,,2026,6,3,수,5,응답,조금 큼,밝음,좋음,,,전혀 없음,,,4.0,,1.0,,,1.0,1.0,1.0,1.0,,,남자입니다 신축성 없음 앞지퍼 없음 스타일은 힙해서 좋음,남자입니다신축성없음앞지퍼없음스타일은힙해서좋음,0,0,0,0,0,False,31,24,31,True,장식적인케냐뮬,"('SMALL', None)",0,False,1,keep,unique,True,84912878
4987047,84913032,style,LaSen,"2장 구성이라 가성비가 정말 좋네요. 기본 반팔 티셔츠는 여러 장 있어도 항상 부족한데, 무난한 디자인이라 데일리로 활용하기 좋았습니다.  원단이 너무 얇지 않아 비침이 심하지 않았고, 착용감도 부드러운 편이라 편하게 입을 수 있었어요. 핏은 과하게 오버하지 않은 적당한 세미 오버핏 느낌이라 단독으로 입어도 깔끔하고, 아우터 안에 이너로 활용하기도 좋았습니다.  목 부분도 탄탄하게 마감되어 있어 쉽게 늘어날 것 같지 않았고, 전체적으로 가격 대비 완성도가 높다는 인상을 받았습니다. 유행 타지 않는 기본 디자인이라 손이 자주 갈 것 같네요.  기본 티셔츠를 찾는 분들이라면 부담 없이 만족할 만한 제품이라고 생각합니다 :)",5.0,False,블랙 · L,170.0,70.0,남성,2026-06-03 01:07:26,사이즈: 정사이즈 / 화면 대비 색감: 화면과 비슷 / 두께감: 적당함 / 신축성: 적당함,True,1,jemut,상의,L,블랙,2026,6,3,수,5,응답,정사이즈,화면과 비슷,,,적당함,적당함,,,,,3.0,3.0,,0.0,0.0,0.0,0.0,,,"2장 구성이라 가성비가 정말 좋네요. 기본 반팔 티셔츠는 여러 장 있어도 항상 부족한데, 무난한 디자인이라 데일리로 활용하기 좋았습니다. 원단이 너무 얇지 않아 비침이 심하지 않았고, 착용감도 부드러운 편이라 편하게 입을 수 있었어요. 핏은 과하게 오버하지 않은 적당한 세미 오버핏 느낌이라 단독으로 입어도 깔끔하고, 아우터 안에 이너로 활용하기도 좋았습니다. 목 부분도 탄탄하게 마감되어 있어 쉽게 늘어날 것 같지 않았고, 전체적으로 가격 대비 완성도가 높다는 인상을 받았습니다. 유행 타지 않는 기본 디자인이라 손이 자주 갈 것 같네요. 기본 티셔츠를 찾는 분들이라면 부담 없이 만족할 만한 제품이라고 생각합니다 :)",2장구성이라가성비가정말좋네요기본반팔티셔츠는여러장있어도항상부족한데무난한디자인이라데일리로활용하기좋았습니다원단이너무얇지않아비침이심하지않았고착용감도부드러운편이라편하게입을수있었어요핏은과하게오버하지않은적당한세미오버핏느낌이라단독으로입어도깔끔하고아우터안에이너로활용하기도좋았습니다목부분도탄탄하게마감되어있어쉽게늘어날것같지않았고전체적으로가격대비완성도가높다는인상을받았습니다유행타지않는기본디자인이라손이자주갈것같네요기본티셔츠를찾는분들이라면부담없이만족할만한제품이라고생각합니다,0,0,0,0,0,False,350,249,347,True,LaSen,"('L', '블랙')",0,False,1,keep,unique,True,84913032
4728678,84913088,general,꼬맹임,디자인이 정말 맘에 듭니다. 다만 손목 시보리 부분의 마감이 일정하지 않아 공정 하자가 있는거 같습니다.,5.0,False,M,168.0,70.0,남성,2026-06-03 01:12:11,사이즈: 정사이즈 / 화면 대비 색감: 화면과 비슷 / 퀄리티: 나쁨 / 두께감: 두꺼움,False,0,filluminate,아우터,M,,2026,6,3,수,5,응답,정사이즈,화면과 비슷,나쁨,,두꺼움,,,,2.0,,,4.0,,0.0,0.0,0.0,0.0,,,디자인이 정말 맘에 듭니다. 다만 손목 시보리 부분의 마감이 일정하지 않아 공정 하자가 있는거 같습니다.,디자인이정말맘에듭니다다만손목시보리부분의마감이일정하지않아공정하자가있는거같습니다,0,0,0,0,0,False,58,42,58,True,꼬맹임,"('M', None)",0,False,1,keep,unique,True,84913088
﻿6219047,84913204,general,세와미,"디자인도 너무 제 스타일이고, 핏도 괜찮은데 옷의 재질이 너무 아쉽네요ㅜ 보풀에 취약할 것 같고 먼지가 자주 붙어요",3.0,False,S,172.0,62.0,남성,2026-06-03 01:21:32,사이즈: 정사이즈 / 화면 대비 색감: 화면과 비슷 / 두께감: 적당함 / 신축성: 적당함,False,0,travel,상의,S,,2026,6,3,수,3,응답,정사이즈,화면과 비슷,,,적당함,적당함,,,,,3.0,3.0,,0.0,0.0,0.0,0.0,,,"디자인도 너무 제 스타일이고, 핏도 괜찮은데 옷의 재질이 너무 아쉽네요ㅜ 보풀에 취약할 것 같고 먼지가 자주 붙어요",디자인도너무제스타일이고핏도괜찮은데옷의재질이너무아쉽네요보풀에취약할것같고먼지가자주붙어요,0,1,0,0,0,False,64,46,64,True,세와미,"('S', None)",0,False,1,keep,unique,True,84913204
4969807,84913391,general,럭키비키자나나,너무 예쁘게 잘 입고 있어요 고민중이라면 추천합니다ㅎㅎ,5.0,False,INDIGO · L,168.0,86.0,여성,2026-06-03 01:37:15,사이즈: 정사이즈 / 화면 대비 색감: 화면과 비슷 / 퀄리티: 보통 / 신축성: 적당함,False,1,filluminate,하의,L,INDIGO,2026,6,3,수,5,응답,정사이즈,화면과 비슷,보통,,,적당함,,,3.0,,3.0,,,0.0,0.0,0.0,0.0,,,너무 예쁘게 잘 입고 있어요 고민중이라면 추천합니다ㅎㅎ,너무예쁘게잘입고있어요고민중이라면추천합니다,2,0,0,0,0,False,30,22,30,True,럭키비키자나나,"('L', 'INDIGO')",0,False,1,keep,unique,True,84913391
4969899,84913407,general,럭키비키자나나,너무 예쁘게 잘 입고 있어요 고민중이라면 추천합니다ㅎㅎ,5.0,False,LIGHT BLUE · L,168.0,86.0,여성,2026-06-03 01:38:31,사이즈: 정사이즈 / 화면 대비 색감: 화면과 비슷 / 퀄리티: 보통 / 구김: 약간 있음,False,0,filluminate,상의,L,LIGHT BLUE,2026,6,3,수,5,응답,정사이즈,화면과 비슷,보통,약간 있음,,,,,3.0,,,,3.0,0.0,0.0,0.0,0.0,,,너무 예쁘게 잘 입고 있어요 고민중이라면 추천합니다ㅎㅎ,너무예쁘게잘입고있어요고민중이라면추천합니다,2,0,0,0,0,False,30,22,30,True,럭키비키자나나,"('L', 'LIGHT BLUE')",0,False,2,keep,multi_option_dup,True,84913407
4946729,84914160,general,mew,얇아서 여름에 입기 딱 좋아용 디자인도 심플하고 귀여워서 여기저기 잘 입을 것 같숩니더🩵,5.0,False,MEDIUM,157.0,48.0,여성,2026-06-03 03:53:16,사이즈: 조금 큼 / 화면 대비 색감: 화면과 비슷 / 두께감: 얇음 / 신축성: 적당함,False,0,travel,상의,MEDIUM,,2026,6,3,수,5,응답,조금 큼,화면과 비슷,,,얇음,적당함,,,,,3.0,2.0,,1.0,1.0,0.0,0.0,,,얇아서 여름에 입기 딱 좋아용 디자인도 심플하고 귀여워서 여기저기 잘 입을 것 같숩니더,얇아서여름에입기딱좋아용디자인도심플하고귀여워서여기저기잘입을것같숩니더,0,0,0,0,1,False,49,36,48,True,mew,"('MEDIUM', None)",0,False,1,keep,unique,True,84914160
6140944,84914432,general,박아재,제품마음에들고 핏도 좋습니다!! 사이즈도 잘맞아요,5.0,False,MELANGE GREY · M,171.0,71.0,남성,2026-06-03 06:03:01,사이즈: 정사이즈 / 화면 대비 색감: 화면과 비슷 / 두께감: 적당함 / 신축성: 적당함,False,0,filluminate,상의,M,MELANGE GREY,2026,6,3,수,5,응답,정사이즈,화면과 비슷,,,적당함,적당함,,,,,3.0,3.0,,0.0,0.0,0.0,0.0,,,제품마음에들고 핏도 좋습니다!! 사이즈도 잘맞아요,제품마음에들고핏도좋습니다사이즈도잘맞아요,0,0,2,0,0,False,27,21,27,True,박아재,"('M', 'MELANGE GREY')",0,False,1,keep,unique,True,84914432
5911789,84915085,general,ㅇㅎㅊㅎㅇ,아디에 코디하든 괜찮고 옷 재질이 튼튼해서 좋습니당,4.0,False,BEIGE · XL,182.0,78.0,남성,2026-06-03 08:06:03,사이즈: 정사이즈 / 화면 대비 색감: 화면과 비슷 / 퀄리티: 좋음 / 신축성: 거의 없음,False,0,filluminate,하의,XL,BEIGE,2026,6,3,수,4,응답,정사이즈,화면과 비슷,좋음,,,거의 없음,,,4.0,,2.0,,,0.0,0.0,0.0,0.0,,,아디에 코디하든 괜찮고 옷 재질이 튼튼해서 좋습니당,아디에코디하든괜찮고옷재질이튼튼해서좋습니당,0,0,0,0,0,False,28,22,28,True,ㅇㅎㅊㅎㅇ,"('XL', 'BEIGE')",0,False,1,keep,unique,True,84915085
﻿2703761,84915458,general,엉덩이히말라야,바람막이처럼 입을 수 있고 아노락이여서 괜찮습니다,5.0,False,LARGE,171.0,92.0,남성,2026-06-03 08:41:27,사이즈: 정사이즈 / 화면 대비 색감: 화면과 비슷 / 퀄리티: 보통 / 두께감: 적당함,False,0,travel,아우터,LARGE,,2026,6,3,수,5,응답,정사이즈,화면과 비슷,보통,,적당함,,,,3.0,,,3.0,,0.0,0.0,0.0,0.0,,,바람막이처럼 입을 수 있고 아노락이여서 괜찮습니다,바람막이처럼입을수있고아노락이여서괜찮습니다,0,0,0,0,0,False,27,22,27,True,엉덩이히말라야,"('LARGE', None)",0,False,1,keep,unique,True,84915458
994588,84915855,style,변함없는한강자켓,졸업사진 찍으려고 샀는데 허리로 내려가면서 통이 커지는개 좀 많이 큰거 빼면 편하고 좋았습니다,4.0,False,S(린넨),170.0,68.0,남성,2026-06-03 09:10:59,사이즈: 조금 큼 / 화면 대비 색감: 화면과 비슷 / 퀄리티: 보통 / 구김: 약간 있음,True,0,filluminate,상의,S,(린넨),2026,6,3,수,4,응답,조금 큼,화면과 비슷,보통,약간 있음,,,,,3.0,,,,3.0,1.0,1.0,0.0,0.0,,,졸업사진 찍으려고 샀는데 허리로 내려가면서 통이 커지는개 좀 많이 큰거 빼면 편하고 좋았습니다,졸업사진찍으려고샀는데허리로내려가면서통이커지는개좀많이큰거빼면편하고좋았습니다,0,0,0,0,0,False,52,40,52,True,변함없는한강자켓,"('S', '(린넨)')",0,False,1,keep,unique,True,84915855
﻿1948520,84915961,style,Vergo,편하고 손이 많이 가네요 블랙에 비해 베이지 색상이 개인적으로 아쉬워요,5.0,False,블랙 · L,178.0,75.0,남성,2026-06-03 09:18:33,사이즈: 정사이즈 / 화면 대비 색감: 화면과 비슷 / 퀄리티: 보통 / 신축성: 적당함,True,0,jemut,하의,L,블랙,2026,6,3,수,5,응답,정사이즈,화면과 비슷,보통,,,적당함,,,3.0,,3.0,,,0.0,0.0,0.0,0.0,,,편하고 손이 많이 가네요 블랙에 비해 베이지 색상이 개인적으로 아쉬워요,편하고손이많이가네요블랙에비해베이지색상이개인적으로아쉬워요,0,0,0,0,0,False,39,30,39,True,Vergo,"('L', '블랙')",0,False,1,keep,unique,True,84915961
4969807,84915971,style,태우style,구김도 별로 없었고 핏이 딱 제가 바라던 느낌이에요,5.0,False,INDIGO · L,182.0,76.0,남성,2026-06-03 09:19:05,사이즈: 정사이즈 / 화면 대비 색감: 화면과 비슷 / 퀄리티: 보통 / 신축성: 적당함,True,2,filluminate,하의,L,INDIGO,2026,6,3,수,5,응답,정사이즈,화면과 비슷,보통,,,적당함,,,3.0,,3.0,,,0.0,0.0,0.0,0.0,,,구김도 별로 없었고 핏이 딱 제가 바라던 느낌이에요,구김도별로없었고핏이딱제가바라던느낌이에요,0,0,0,0,0,False,28,21,28,True,태우style,"('L', 'INDIGO')",0,False,1,keep,unique,True,84915971
6322931,84916085,general,선명한그린크롭탑,적당해요 바지 밑단 똑딱이가 있어서 수선은 힘들어요,3.0,False,S,168.0,45.0,남성,2026-06-03 09:28:20,사이즈: 조금 큼 / 화면 대비 색감: 매우 어두움 / 퀄리티: 나쁨 / 신축성: 적당함,False,0,filluminate,하의,S,,2026,6,3,수,3,응답,조금 큼,매우 어두움,나쁨,,,적당함,,,2.0,,3.0,,,1.0,1.0,-2.0,2.0,,,적당해요 바지 밑단 똑딱이가 있어서 수선은 힘들어요,적당해요바지밑단똑딱이가있어서수선은힘들어요,0,0,0,0,0,False,28,22,28,True,선명한그린크롭탑,"('S', None)",0,False,1,keep,unique,True,84916085
5249171,84916168,general,kuandk77,옷이 전체적으로 제가 원하는 디자인입니다 잘 입고 다닐게요~~!,5.0,False,M,173.0,70.0,남성,2026-06-03 09:34:16,사이즈: 정사이즈 / 화면 대비 색감: 화면과 비슷 / 두께감: 적당함 / 신축성: 적당함,False,0,filluminate,상의,M,,2026,6,3,수,5,응답,정사이즈,화면과 비슷,,,적당함,적당함,,,,,3.0,3.0,,0.0,0.0,0.0,0.0,,,옷이 전체적으로 제가 원하는 디자인입니다 잘 입고 다닐게요~~!,옷이전체적으로제가원하는디자인입니다잘입고다닐게요,0,0,1,0,0,False,35,25,35,True,kuandk77,"('M', None)",0,False,1,keep,unique,True,84916168
﻿6107568,84916171,general,이상한종로망토,데일리로 입기 편하고 무난합니다. 완전 한여름에는 더울듯합니다,5.0,False,아이보리 · XL,173.0,80.0,남성,2026-06-03 09:34:36,사이즈: 정사이즈 / 화면 대비 색감: 화면과 비슷 / 두께감: 적당함 / 신축성: 적당함,False,0,jemut,상의,XL,아이보리,2026,6,3,수,5,응답,정사이즈,화면과 비슷,,,적당함,적당함,,,,,3.0,3.0,,0.0,0.0,0.0,0.0,,,데일리로 입기 편하고 무난합니다. 완전 한여름에는 더울듯합니다,데일리로입기편하고무난합니다완전한여름에는더울듯합니다,0,0,0,0,0,False,34,27,34,True,이상한종로망토,"('XL', '아이보리')",0,False,1,keep,unique,True,84916171
﻿6107556,84916204,general,이상한종로망토,색상이 여러가지여서 코디에 맞게 골라 입으며 헨리넥이라 꾸안꾸 느낌납니다,5.0,False,브라운 · XL,173.0,80.0,남성,2026-06-03 09:36:48,사이즈: 정사이즈 / 화면 대비 색감: 화면과 비슷 / 두께감: 적당함 / 신축성: 적당함,False,0,jemut,상의,XL,브라운,2026,6,3,수,5,응답,정사이즈,화면과 비슷,,,적당함,적당함,,,,,3.0,3.0,,0.0,0.0,0.0,0.0,,,색상이 여러가지여서 코디에 맞게 골라 입으며 헨리넥이라 꾸안꾸 느낌납니다,색상이여러가지여서코디에맞게골라입으며헨리넥이라꾸안꾸느낌납니다,0,0,0,0,0,False,40,32,40,True,이상한종로망토,"('XL', '브라운')",0,False,1,keep,unique,True,84916204
6391691,84916439,general,무드있는뉴욕볼캡,색감 이쁘고 재질도 시원할것 같아요! 잘 입겠습니다~,5.0,False,LIGHT BLUE · [Crop ver.] M,171.0,68.0,남성,2026-06-03 09:51:55,사이즈: 정사이즈 / 화면 대비 색감: 화면과 비슷 / 퀄리티: 보통 / 구김: 약간 있음,True,0,filluminate,상의,M,LIGHT BLUE [Crop ver.],2026,6,3,수,5,응답,정사이즈,화면과 비슷,보통,약간 있음,,,,,3.0,,,,3.0,0.0,0.0,0.0,0.0,,,색감 이쁘고 재질도 시원할것 같아요! 잘 입겠습니다~,색감이쁘고재질도시원할것같아요잘입겠습니다,0,0,1,0,0,False,29,21,29,True,무드있는뉴욕볼캡,"('M', 'LIGHT BLUE [Crop ver.]')",0,False,2,keep,multi_option_dup,True,84916439
5092725,84916514,general,무드있는뉴욕볼캡,색감 이쁘고 재질도 시원할것 같아요! 잘 입겠습니다~,5.0,False,LIGHT BLUE · M,171.0,68.0,남성,2026-06-03 09:55:08,사이즈: 정사이즈 / 화면 대비 색감: 화면과 비슷 / 퀄리티: 보통 / 신축성: 적당함,True,0,filluminate,하의,M,LIGHT BLUE,2026,6,3,수,5,응답,정사이즈,화면과 비슷,보통,,,적당함,,,3.0,,3.0,,,0.0,0.0,0.0,0.0,,,색감 이쁘고 재질도 시원할것 같아요! 잘 입겠습니다~,색감이쁘고재질도시원할것같아요잘입겠습니다,0,0,1,0,0,False,29,21,29,True,무드있는뉴욕볼캡,"('M', 'LIGHT BLUE')",0,False,1,keep,unique,True,84916514
4969889,84916580,general,"SH,LEE",색상이랑 핏 너무 좋습니다. 기장은 길어서 수선 조금 했습니다,5.0,False,NAVY · L,178.0,68.0,남성,2026-06-03 09:58:45,사이즈: 매우 작음 / 화면 대비 색감: 매우 밝음 / 퀄리티: 매우 나쁨 / 구김: 약간 있음,True,0,filluminate,상의,L,NAVY,2026,6,3,수,5,응답,매우 작음,매우 밝음,매우 나쁨,약간 있음,,,,,1.0,,,,3.0,-2.0,2.0,2.0,2.0,,,색상이랑 핏 너무 좋습니다. 기장은 길어서 수선 조금 했습니다,색상이랑핏너무좋습니다기장은길어서수선조금했습니다,0,0,0,0,0,False,34,25,34,True,"SH,LEE","('L', 'NAVY')",0,False,2,keep,multi_option_unique,True,84916580
4969889,84916592,general,"SH,LEE",색감이랑 디자인 핏 모두 만족합니다. 색상별로 구매하려고요,5.0,False,BEIGE · L,178.0,68.0,남성,2026-06-03 09:59:20,사이즈: 매우 작음 / 화면 대비 색감: 매우 밝음 / 퀄리티: 매우 나쁨 / 구김: 약간 있음,True,0,filluminate,상의,L,BEIGE,2026,6,3,수,5,응답,매우 작음,매우 밝음,매우 나쁨,약간 있음,,,,,1.0,,,,3.0,-2.0,2.0,2.0,2.0,,,색감이랑 디자인 핏 모두 만족합니다. 색상별로 구매하려고요,색감이랑디자인핏모두만족합니다색상별로구매하려고요,0,0,0,0,0,False,32,25,32,True,"SH,LEE","('L', 'BEIGE')",0,False,2,keep,multi_option_unique,True,84916592
4756930,84917270,general,썰방관,신축성 좋고 배색조합 이뻐요. 부들부들한게 감촉이 좋아서 자주손이갈꺼같아요.,5.0,False,MEDIUM,157.0,51.0,여성,2026-06-03 10:36:09,사이즈: 정사이즈 / 화면 대비 색감: 화면과 비슷 / 퀄리티: 매우 좋음 / 신축성: 적당함,True,0,travel,하의,MEDIUM,,2026,6,3,수,5,응답,정사이즈,화면과 비슷,매우 좋음,,,적당함,,,5.0,,3.0,,,0.0,0.0,0.0,0.0,,,신축성 좋고 배색조합 이뻐요. 부들부들한게 감촉이 좋아서 자주손이갈꺼같아요.,신축성좋고배색조합이뻐요부들부들한게감촉이좋아서자주손이갈꺼같아요,0,0,0,0,0,False,42,33,42,True,썰방관,"('MEDIUM', None)",0,False,2,keep,multi_type_unique,True,84917270
4756930,84917303,style,썰방관,사이즈 루즈하게 잘맞고 확실히 여리여리한분이 입으니 버뮤다핏이 살아납니다.,5.0,False,MEDIUM,157.0,51.0,여성,2026-06-03 10:38:07,사이즈: 정사이즈 / 화면 대비 색감: 화면과 비슷 / 퀄리티: 매우 좋음 / 신축성: 적당함,True,0,travel,하의,MEDIUM,,2026,6,3,수,5,응답,정사이즈,화면과 비슷,매우 좋음,,,적당함,,,5.0,,3.0,,,0.0,0.0,0.0,0.0,,,사이즈 루즈하게 잘맞고 확실히 여리여리한분이 입으니 버뮤다핏이 살아납니다.,사이즈루즈하게잘맞고확실히여리여리한분이입으니버뮤다핏이살아납니다,0,0,0,0,0,False,41,33,41,True,썰방관,"('MEDIUM', None)",0,False,2,keep,multi_type_unique,True,84917303
4969807,84917876,general,홍마징가,허리가 끈이랑 밴딩이라 편해요. 날씨가 갑자기 더워져 신원하게 입을수있어요.,5.0,False,INDIGO · L,175.0,70.0,남성,2026-06-03 11:09:43,사이즈: 정사이즈 / 화면 대비 색감: 화면과 비슷 / 퀄리티: 보통 / 신축성: 적당함,False,0,filluminate,하의,L,INDIGO,2026,6,3,수,5,응답,정사이즈,화면과 비슷,보통,,,적당함,,,3.0,,3.0,,,0.0,0.0,0.0,0.0,,,허리가 끈이랑 밴딩이라 편해요. 날씨가 갑자기 더워져 신원하게 입을수있어요.,허리가끈이랑밴딩이라편해요날씨가갑자기더워져신원하게입을수있어요,0,0,0,0,0,False,42,32,42,True,홍마징가,"('L', 'INDIGO')",0,False,1,keep,unique,True,84917876
﻿1948516,84917918,general,멕켄,입고 되기를 기다렸던 제품입니다 작년에 사고 싶은 제품인데 올해 사게 되네요 진짜 편하고 좋아요,5.0,False,카키 · L,178.0,76.0,남성,2026-06-03 11:11:55,사이즈: 정사이즈 / 화면 대비 색감: 화면과 비슷 / 퀄리티: 보통 / 신축성: 적당함,False,0,jemut,하의,L,카키,2026,6,3,수,5,응답,정사이즈,화면과 비슷,보통,,,적당함,,,3.0,,3.0,,,0.0,0.0,0.0,0.0,,,입고 되기를 기다렸던 제품입니다 작년에 사고 싶은 제품인데 올해 사게 되네요 진짜 편하고 좋아요,입고되기를기다렸던제품입니다작년에사고싶은제품인데올해사게되네요진짜편하고좋아요,0,0,0,0,0,False,53,40,53,True,멕켄,"('L', '카키')",0,False,1,keep,unique,True,84917918
6394441,84918132,general,asapss,"약간 비치기는 하지만, 전체저긍로 시우너하고 편하게 입기 좋아요",4.0,False,S,160.0,55.0,남성,2026-06-03 11:24:34,사이즈: 정사이즈 / 화면 대비 색감: 화면과 비슷 / 퀄리티: 좋음 / 구김: 거의 없음,False,0,filluminate,상의,S,,2026,6,3,수,4,응답,정사이즈,화면과 비슷,좋음,거의 없음,,,,,4.0,,,,4.0,0.0,0.0,0.0,0.0,,,"약간 비치기는 하지만, 전체저긍로 시우너하고 편하게 입기 좋아요",약간비치기는하지만전체저긍로시우너하고편하게입기좋아요,0,0,0,0,0,False,35,27,35,True,asapss,"('S', None)",0,False,1,keep,unique,True,84918132
4987047,84918142,style,능노루,기본티로 아주 적절합니다 수축은 적당히 있는편,5.0,False,화이트 · L,158.0,50.0,여성,2026-06-03 11:25:08,사이즈: 정사이즈 / 화면 대비 색감: 화면과 비슷 / 두께감: 적당함 / 신축성: 적당함,True,0,jemut,상의,L,화이트,2026,6,3,수,5,응답,정사이즈,화면과 비슷,,,적당함,적당함,,,,,3.0,3.0,,0.0,0.0,0.0,0.0,,,기본티로 아주 적절합니다 수축은 적당히 있는편,기본티로아주적절합니다수축은적당히있는편,0,0,0,0,0,False,25,20,25,True,능노루,"('L', '화이트')",0,False,2,keep,multi_type_unique,True,84918142
6322922,84918320,general,구르미군,생각보다 기장이 조금 길지만 전체적인 바지 품질은 좋습니다,5.0,False,M,173.0,68.0,남성,2026-06-03 11:34:27,사이즈: 조금 큼 / 화면 대비 색감: 화면과 비슷 / 퀄리티: 좋음 / 신축성: 적당함,True,0,filluminate,하의,M,,2026,6,3,수,5,응답,조금 큼,화면과 비슷,좋음,,,적당함,,,4.0,,3.0,,,1.0,1.0,0.0,0.0,,,생각보다 기장이 조금 길지만 전체적인 바지 품질은 좋습니다,생각보다기장이조금길지만전체적인바지품질은좋습니다,0,0,0,0,0,False,32,25,32,True,구르미군,"('M', None)",0,False,1,keep,unique,True,84918320
5102757,84919156,general,땅콩버터듬뿍,세트로 저렴하게 사서 좋았어요 항상 회색 검정만 입는데 여긴 색상이 다양해서 좋더라고요,5.0,False,브라운 · M,165.0,53.0,여성,2026-06-03 12:14:17,사이즈: 정사이즈 / 화면 대비 색감: 화면과 비슷 / 퀄리티: 보통 / 신축성: 적당함,True,0,jemut,하의,M,브라운,2026,6,3,수,5,응답,정사이즈,화면과 비슷,보통,,,적당함,,,3.0,,3.0,,,0.0,0.0,0.0,0.0,,,세트로 저렴하게 사서 좋았어요 항상 회색 검정만 입는데 여긴 색상이 다양해서 좋더라고요,세트로저렴하게사서좋았어요항상회색검정만입는데여긴색상이다양해서좋더라고요,0,0,0,0,0,False,48,37,48,True,땅콩버터듬뿍,"('M', '브라운')",0,False,1,keep,unique,True,84919156
4054546,84919872,style,Jt111,싸게 사서 좋아요. 재질은 약간 아쉬운 편 이긴 하지만 디자인 좋고 가격 좋아서 만족하고 입습니다,5.0,False,LARGE,174.0,74.0,남성,2026-06-03 12:54:00,사이즈: 정사이즈 / 화면 대비 색감: 화면과 비슷 / 두께감: 매우 얇음 / 신축성: 적당함,True,0,travel,상의,LARGE,,2026,6,3,수,5,응답,정사이즈,화면과 비슷,,,매우 얇음,적당함,,,,,3.0,1.0,,0.0,0.0,0.0,0.0,,,싸게 사서 좋아요. 재질은 약간 아쉬운 편 이긴 하지만 디자인 좋고 가격 좋아서 만족하고 입습니다,싸게사서좋아요재질은약간아쉬운편이긴하지만디자인좋고가격좋아서만족하고입습니다,0,0,0,0,0,False,54,39,54,True,Jt111,"('LARGE', None)",0,False,1,keep,unique,True,84919872
4697060,84920148,general,황홀한초록커프스,제가 좋아하는 빈티지디쟌이라 넘 맘에 들어용용,5.0,False,L,168.0,66.0,여성,2026-06-03 13:10:21,사이즈: 정사이즈 / 화면 대비 색감: 화면과 비슷 / 두께감: 적당함 / 퀄리티: 보통,False,0,filluminate,상의,L,,2026,6,3,수,5,응답,정사이즈,화면과 비슷,보통,,적당함,,,,3.0,,,3.0,,0.0,0.0,0.0,0.0,,,제가 좋아하는 빈티지디쟌이라 넘 맘에 들어용용,제가좋아하는빈티지디쟌이라넘맘에들어용용,0,0,0,0,0,False,25,20,25,True,황홀한초록커프스,"('L', None)",0,False,1,keep,unique,True,84920148
6322928,84920264,general,대윤권,기본 베이지 입니다 핏이 조금 마음에 드네요 추천해요,5.0,False,S,168.0,65.0,남성,2026-06-03 13:17:24,사이즈: 정사이즈 / 화면 대비 색감: 화면과 비슷 / 퀄리티: 보통 / 신축성: 적당함,True,0,filluminate,하의,S,,2026,6,3,수,5,응답,정사이즈,화면과 비슷,보통,,,적당함,,,3.0,,3.0,,,0.0,0.0,0.0,0.0,,,기본 베이지 입니다 핏이 조금 마음에 드네요 추천해요,기본베이지입니다핏이조금마음에드네요추천해요,0,0,0,0,0,False,29,22,29,True,대윤권,"('S', None)",0,False,2,keep,multi_type_unique,True,84920264
4987047,84920285,general,능노루,적당히 크롭한 티셔츠입니다 수축이 살짝 있습니다,5.0,False,화이트 · L,171.0,70.0,남성,2026-06-03 13:18:11,사이즈: 정사이즈 / 화면 대비 색감: 화면과 비슷 / 두께감: 적당함 / 신축성: 적당함,True,0,jemut,상의,L,화이트,2026,6,3,수,5,응답,정사이즈,화면과 비슷,,,적당함,적당함,,,,,3.0,3.0,,0.0,0.0,0.0,0.0,,,적당히 크롭한 티셔츠입니다 수축이 살짝 있습니다,적당히크롭한티셔츠입니다수축이살짝있습니다,0,0,0,0,0,False,26,21,26,True,능노루,"('L', '화이트')",0,False,2,keep,multi_type_unique,True,84920285
6322928,84920290,style,대윤권,조금더 펑퍼짐하면 좋으꺼 같든데 핏이 안나어네요 그래도 좋아요,5.0,False,S,168.0,65.0,남성,2026-06-03 13:18:38,사이즈: 정사이즈 / 화면 대비 색감: 화면과 비슷 / 퀄리티: 보통 / 신축성: 적당함,True,0,filluminate,하의,S,,2026,6,3,수,5,응답,정사이즈,화면과 비슷,보통,,,적당함,,,3.0,,3.0,,,0.0,0.0,0.0,0.0,,,조금더 펑퍼짐하면 좋으꺼 같든데 핏이 안나어네요 그래도 좋아요,조금더펑퍼짐하면좋으꺼같든데핏이안나어네요그래도좋아요,0,0,0,0,0,False,34,27,34,True,대윤권,"('S', None)",0,False,2,keep,multi_type_unique,True,84920290
﻿1291017,84921088,general,성숙한페루포멀,외국인 친구에서 선물로 보내는 옷입니다. 너무 마음에 들어하네요.,5.0,False,블랙 · L,183.0,80.0,남성,2026-06-03 13:55:04,사이즈: 정사이즈 / 화면 대비 색감: 화면과 비슷 / 퀄리티: 보통 / 두께감: 적당함,False,0,jemut,아우터,L,블랙,2026,6,3,수,5,응답,정사이즈,화면과 비슷,보통,,적당함,,,,3.0,,,3.0,,0.0,0.0,0.0,0.0,,,외국인 친구에서 선물로 보내는 옷입니다. 너무 마음에 들어하네요.,외국인친구에서선물로보내는옷입니다너무마음에들어하네요,0,0,0,0,0,False,36,27,36,True,성숙한페루포멀,"('L', '블랙')",0,False,1,keep,unique,True,84921088
4987047,84921217,general,우돌님,두툼하미 가성비 좋네요 좀 넉넉하게 사이즈 주문하세요 크롬이라 약간 타이트하네용,5.0,False,크림그레이 · 2XL,180.0,70.0,남성,2026-06-03 14:01:58,사이즈: 정사이즈 / 화면 대비 색감: 화면과 비슷 / 두께감: 적당함 / 신축성: 적당함,False,0,jemut,상의,2XL,크림그레이,2026,6,3,수,5,응답,정사이즈,화면과 비슷,,,적당함,적당함,,,,,3.0,3.0,,0.0,0.0,0.0,0.0,,,두툼하미 가성비 좋네요 좀 넉넉하게 사이즈 주문하세요 크롬이라 약간 타이트하네용,두툼하미가성비좋네요좀넉넉하게사이즈주문하세요크롬이라약간타이트하네용,0,0,0,0,0,False,44,35,44,True,우돌님,"('2XL', '크림그레이')",0,False,1,keep,unique,True,84921217
3244829,84921457,general,돌핀3,바지사이즈 좋고 탄탄하고 가격대비 품질 진짜 좋아요,5.0,False,그레이 · 2XL,165.0,56.0,여성,2026-06-03 14:13:43,사이즈: 정사이즈 / 화면 대비 색감: 화면과 비슷 / 퀄리티: 보통 / 신축성: 적당함,False,0,jemut,하의,2XL,그레이,2026,6,3,수,5,응답,정사이즈,화면과 비슷,보통,,,적당함,,,3.0,,3.0,,,0.0,0.0,0.0,0.0,,,바지사이즈 좋고 탄탄하고 가격대비 품질 진짜 좋아요,바지사이즈좋고탄탄하고가격대비품질진짜좋아요,0,0,0,0,0,False,28,22,28,True,돌핀3,"('2XL', '그레이')",0,False,1,keep,unique,True,84921457
994600,84921610,general,데깔,배송도 빠르고 생각했던 만큼 제품도 마음에 듭니다,5.0,False,XL(린넨),173.0,80.0,남성,2026-06-03 14:21:33,사이즈: 정사이즈 / 화면 대비 색감: 화면과 비슷 / 퀄리티: 보통 / 구김: 약간 있음,False,0,filluminate,상의,XL,(린넨),2026,6,3,수,5,응답,정사이즈,화면과 비슷,보통,약간 있음,,,,,3.0,,,,3.0,0.0,0.0,0.0,0.0,,,배송도 빠르고 생각했던 만큼 제품도 마음에 듭니다,배송도빠르고생각했던만큼제품도마음에듭니다,0,0,0,0,0,False,27,21,27,True,데깔,"('XL', '(린넨)')",0,False,1,keep,unique,True,84921610
3455892,84921684,general,저명한한강망토,재질이 좋고 시원합니다 바람막이로 입기 딱 좋은 제품입니다,5.0,False,L,173.0,70.0,남성,2026-06-03 14:25:39,사이즈: 정사이즈 / 화면 대비 색감: 화면과 비슷 / 퀄리티: 보통 / 두께감: 적당함,True,0,filluminate,아우터,L,,2026,6,3,수,5,응답,정사이즈,화면과 비슷,보통,,적당함,,,,3.0,,,3.0,,0.0,0.0,0.0,0.0,,,재질이 좋고 시원합니다 바람막이로 입기 딱 좋은 제품입니다,재질이좋고시원합니다바람막이로입기딱좋은제품입니다,0,0,0,0,0,False,32,25,32,True,저명한한강망토,"('L', None)",0,False,1,keep,unique,True,84921684
6108854,84922265,general,무농약귤,무난하고 청량한 체크셔츠입니다. 크롭이 부담되서 좀 크게 샀어요.,5.0,False,M,165.0,60.0,남성,2026-06-03 14:53:19,사이즈: 조금 큼 / 화면 대비 색감: 화면과 비슷 / 퀄리티: 보통 / 구김: 약간 있음,True,0,filluminate,상의,M,,2026,6,3,수,5,응답,조금 큼,화면과 비슷,보통,약간 있음,,,,,3.0,,,,3.0,1.0,1.0,0.0,0.0,,,무난하고 청량한 체크셔츠입니다. 크롭이 부담되서 좀 크게 샀어요.,무난하고청량한체크셔츠입니다크롭이부담되서좀크게샀어요,0,0,0,0,0,False,36,27,36,True,무농약귤,"('M', None)",0,False,2,keep,multi_type_dup,True,84922265
﻿6322718,84922282,experience,안전한인도캡슐,평소 입던 사이즈로 주문했는데 생각보다 크게 나온 편이라 넉넉하게 착용할 수 있었습니다. 오버핏 느낌이 나서 편하게 입기 좋았고 활동할 때도 불편함이 없었습니다. 흰색 티셔츠라 두께가 어느 정도 있을 줄 알았는데 예상보다 얇은 소재여서 가볍고 시원한 느낌이 들었습니다. 특히 여름철에 부담 없이 입기 좋을 것 같습니다. 전체적으로 착용감이 편안하고 핏도 자연스러워 만족스러운 제품입니다.   다만 정사이즈보다는 조금 크게 나온 것 같고 비침이 있을  수 있어서 안에 입고 입어야 할것 같다는 점? 구매 시 참고하면 좋을 것 같습니다.,4.0,True,L,184.0,74.0,남성,2026-06-03 14:54:35,사이즈: 조금 작음 / 화면 대비 색감: 화면과 비슷 / 두께감: 얇음 / 신축성: 거의 없음,True,0,filluminate,상의,L,,2026,6,3,수,4,응답,조금 작음,화면과 비슷,,,얇음,거의 없음,,,,,2.0,2.0,,-1.0,1.0,0.0,0.0,,,평소 입던 사이즈로 주문했는데 생각보다 크게 나온 편이라 넉넉하게 착용할 수 있었습니다. 오버핏 느낌이 나서 편하게 입기 좋았고 활동할 때도 불편함이 없었습니다. 흰색 티셔츠라 두께가 어느 정도 있을 줄 알았는데 예상보다 얇은 소재여서 가볍고 시원한 느낌이 들었습니다. 특히 여름철에 부담 없이 입기 좋을 것 같습니다. 전체적으로 착용감이 편안하고 핏도 자연스러워 만족스러운 제품입니다. 다만 정사이즈보다는 조금 크게 나온 것 같고 비침이 있을 수 있어서 안에 입고 입어야 할것 같다는 점? 구매 시 참고하면 좋을 것 같습니다.,평소입던사이즈로주문했는데생각보다크게나온편이라넉넉하게착용할수있었습니다오버핏느낌이나서편하게입기좋았고활동할때도불편함이없었습니다흰색티셔츠라두께가어느정도있을줄알았는데예상보다얇은소재여서가볍고시원한느낌이들었습니다특히여름철에부담없이입기좋을것같습니다전체적으로착용감이편안하고핏도자연스러워만족스러운제품입니다다만정사이즈보다는조금크게나온것같고비침이있을수있어서안에입고입어야할것같다는점구매시참고하면좋을것같습니다,0,0,0,1,0,True,298,214,295,True,안전한인도캡슐,"('L', None)",0,False,1,keep,unique,True,84922282
6140944,84922353,style,Swag jm,치노팬츠나 슬랙스랑 자주 입을 것 같습니다. 편하네요.,5.0,False,LIGHT KHAKI · L,179.0,71.0,남성,2026-06-03 14:57:52,사이즈: 정사이즈 / 화면 대비 색감: 화면과 비슷 / 두께감: 적당함 / 신축성: 적당함,True,0,filluminate,상의,L,LIGHT KHAKI,2026,6,3,수,5,응답,정사이즈,화면과 비슷,,,적당함,적당함,,,,,3.0,3.0,,0.0,0.0,0.0,0.0,,,치노팬츠나 슬랙스랑 자주 입을 것 같습니다. 편하네요.,치노팬츠나슬랙스랑자주입을것같습니다편하네요,0,0,0,0,0,False,30,22,30,True,Swag jm,"('L', 'LIGHT KHAKI')",0,False,1,keep,unique,True,84922353
5970741,84922922,general,내가 제일 최고야,"지금 입기엔 너무 덥지만, 간절기에 입기 딱 좋았어요. 색깔은 차분한 톤의 노르스름한 색에다가 셔츠라 단정하게 입기에 괜찮았습니다. 세탁 후 변형은 없었습니다.",5.0,False,F,162.0,55.0,여성,2026-06-03 15:23:41,사이즈: 조금 큼 / 화면 대비 색감: 밝음 / 퀄리티: 좋음 / 구김: 거의 없음,False,0,filluminate,상의,F,,2026,6,3,수,5,응답,조금 큼,밝음,좋음,거의 없음,,,,,4.0,,,,4.0,1.0,1.0,1.0,1.0,,,"지금 입기엔 너무 덥지만, 간절기에 입기 딱 좋았어요. 색깔은 차분한 톤의 노르스름한 색에다가 셔츠라 단정하게 입기에 괜찮았습니다. 세탁 후 변형은 없었습니다.",지금입기엔너무덥지만간절기에입기딱좋았어요색깔은차분한톤의노르스름한색에다가셔츠라단정하게입기에괜찮았습니다세탁후변형은없었습니다,0,0,0,0,0,False,89,65,89,True,내가 제일 최고야,"('F', None)",0,False,1,keep,unique,True,84922922
4969807,84923236,general,브메,시원한 여름 바지입니다. 색이나 재질이 마음에들어요,5.0,False,BEIGE · M,173.0,68.0,남성,2026-06-03 15:39:05,사이즈: 정사이즈 / 화면 대비 색감: 화면과 비슷 / 퀄리티: 좋음 / 신축성: 적당함,True,0,filluminate,하의,M,BEIGE,2026,6,3,수,5,응답,정사이즈,화면과 비슷,좋음,,,적당함,,,4.0,,3.0,,,0.0,0.0,0.0,0.0,,,시원한 여름 바지입니다. 색이나 재질이 마음에들어요,시원한여름바지입니다색이나재질이마음에들어요,0,0,0,0,0,False,28,22,28,True,브메,"('M', 'BEIGE')",0,False,2,keep,multi_type_unique,True,84923236
4969807,84923250,style,브메,시원한 재질의 바지입니다. 허리 끈있는게 좋았어요,5.0,False,BEIGE · M,173.0,68.0,남성,2026-06-03 15:39:41,사이즈: 정사이즈 / 화면 대비 색감: 화면과 비슷 / 퀄리티: 좋음 / 신축성: 거의 없음,True,1,filluminate,하의,M,BEIGE,2026,6,3,수,5,응답,정사이즈,화면과 비슷,좋음,,,거의 없음,,,4.0,,2.0,,,0.0,0.0,0.0,0.0,,,시원한 재질의 바지입니다. 허리 끈있는게 좋았어요,시원한재질의바지입니다허리끈있는게좋았어요,0,0,0,0,0,False,27,21,27,True,브메,"('M', 'BEIGE')",0,False,2,keep,multi_type_unique,True,84923250
6140883,84923362,general,클린넥스수앤수,"다른색도 사서 너무 만족했는데, 스카이블루도 고민없이 일단 샀습니다 추천이요!!",5.0,False,L,180.0,85.0,남성,2026-06-03 15:45:03,사이즈: 정사이즈 / 화면 대비 색감: 화면과 비슷 / 퀄리티: 나쁨 / 구김: 거의 없음,True,0,filluminate,상의,L,,2026,6,3,수,5,응답,정사이즈,화면과 비슷,나쁨,거의 없음,,,,,2.0,,,,4.0,0.0,0.0,0.0,0.0,,,"다른색도 사서 너무 만족했는데, 스카이블루도 고민없이 일단 샀습니다 추천이요!!",다른색도사서너무만족했는데스카이블루도고민없이일단샀습니다추천이요,0,0,2,0,0,False,44,33,44,True,클린넥스수앤수,"('L', None)",0,False,1,keep,unique,True,84923362
994588,84923404,general,제롤롤롤ㄹ룰루,이전에 입었던 린넨셔츠가 좋아서 재구매 했는데 이상하게 편했어요... 전 별로입니다! 너무 두꺼운 느낌에 너무 뻣뻣해요,2.0,False,L(린넨),176.0,74.0,남성,2026-06-03 15:46:48,사이즈: 조금 작음 / 화면 대비 색감: 화면과 비슷 / 퀄리티: 보통 / 구김: 약간 있음,True,0,filluminate,상의,L,(린넨),2026,6,3,수,2,응답,조금 작음,화면과 비슷,보통,약간 있음,,,,,3.0,,,,3.0,-1.0,1.0,0.0,0.0,,,이전에 입었던 린넨셔츠가 좋아서 재구매 했는데 이상하게 편했어요... 전 별로입니다! 너무 두꺼운 느낌에 너무 뻣뻣해요,이전에입었던린넨셔츠가좋아서재구매했는데이상하게편했어요전별로입니다너무두꺼운느낌에너무뻣뻣해요,0,0,1,0,0,True,66,48,66,True,제롤롤롤ㄹ룰루,"('L', '(린넨)')",0,False,1,keep,unique,True,84923404
﻿5059757,84923498,general,취향저격영국데님,운동할때도 입기 좋고 평상시에도 입기 좋은거같아요,5.0,False,L,177.0,67.0,남성,2026-06-03 15:52:01,사이즈: 정사이즈 / 화면 대비 색감: 화면과 비슷 / 두께감: 적당함 / 신축성: 적당함,False,0,filluminate,상의,L,,2026,6,3,수,5,응답,정사이즈,화면과 비슷,,,적당함,적당함,,,,,3.0,3.0,,0.0,0.0,0.0,0.0,,,운동할때도 입기 좋고 평상시에도 입기 좋은거같아요,운동할때도입기좋고평상시에도입기좋은거같아요,0,0,0,0,0,False,27,22,27,True,취향저격영국데님,"('L', None)",0,False,1,keep,unique,True,84923498
6394371,84923722,experience,찬란한텍사스린넨,"요즘처럼 덥고 습한 날씨에 입을 수 있는 편한 팬츠를 찾고 있었는데, 생각보다 만족도가 높았습니다. 가장 먼저 느낀 장점은 원단이 정말 가볍다는 점이었어요!   나일론 100% 소재라 바스락거리는 특유의 텍스처가 있는데 착용했을 때 답답함 없이 시원하게 느껴졌습니다. 장마철이나 한여름에도 부담 없이 입기 좋을 것 같아요!  핏도 마음에 들었습니다. 투턱 디테일 덕분에 허벅지 부분이 자연스럽게 여유 있게 떨어지고 전체적으로 와이드 스트레이트 핏이라 체형에 크게 구애받지 않을 것 같습니다. 너무 과하게 넓은 와이드 팬츠가 아니라 데일리하게 활용하기 좋은 실루엣이여요  허리 전체 밴딩 구조라 착용감도 편했는데 장시간 착용해도 불편함이 없었고 활동량이 많은 날에도 부담 없이 입을 수 있었습니다! 밑단 스트링으로 핏 조절이 가능해서 운동화, 샌들 등 다양한 신발과 매치하기도 좋아 활용도 또한 좋은 것 같습니다   가볍고 편안한 착용감, 활용도 높은 핏을 찾는 분들에게 추천드려요 ~✨✨",5.0,True,KHAKI · M,163.0,54.0,여성,2026-06-03 16:03:25,사이즈: 조금 큼 / 화면 대비 색감: 화면과 비슷 / 퀄리티: 보통 / 신축성: 적당함,True,0,filluminate,하의,M,KHAKI,2026,6,3,수,5,응답,조금 큼,화면과 비슷,보통,,,적당함,,,3.0,,3.0,,,1.0,1.0,0.0,0.0,,,"요즘처럼 덥고 습한 날씨에 입을 수 있는 편한 팬츠를 찾고 있었는데, 생각보다 만족도가 높았습니다. 가장 먼저 느낀 장점은 원단이 정말 가볍다는 점이었어요! 나일론 100% 소재라 바스락거리는 특유의 텍스처가 있는데 착용했을 때 답답함 없이 시원하게 느껴졌습니다. 장마철이나 한여름에도 부담 없이 입기 좋을 것 같아요! 핏도 마음에 들었습니다. 투턱 디테일 덕분에 허벅지 부분이 자연스럽게 여유 있게 떨어지고 전체적으로 와이드 스트레이트 핏이라 체형에 크게 구애받지 않을 것 같습니다. 너무 과하게 넓은 와이드 팬츠가 아니라 데일리하게 활용하기 좋은 실루엣이여요 허리 전체 밴딩 구조라 착용감도 편했는데 장시간 착용해도 불편함이 없었고 활동량이 많은 날에도 부담 없이 입을 수 있었습니다! 밑단 스트링으로 핏 조절이 가능해서 운동화, 샌들 등 다양한 신발과 매치하기도 좋아 활용도 또한 좋은 것 같습니다 가볍고 편안한 착용감, 활용도 높은 핏을 찾는 분들에게 추천드려요 ~",요즘처럼덥고습한날씨에입을수있는편한팬츠를찾고있었는데생각보다만족도가높았습니다가장먼저느낀장점은원단이정말가볍다는점이었어요나일론100소재라바스락거리는특유의텍스처가있는데착용했을때답답함없이시원하게느껴졌습니다장마철이나한여름에도부담없이입기좋을것같아요핏도마음에들었습니다투턱디테일덕분에허벅지부분이자연스럽게여유있게떨어지고전체적으로와이드스트레이트핏이라체형에크게구애받지않을것같습니다너무과하게넓은와이드팬츠가아니라데일리하게활용하기좋은실루엣이여요허리전체밴딩구조라착용감도편했는데장시간착용해도불편함이없었고활동량이많은날에도부담없이입을수있었습니다밑단스트링으로핏조절이가능해서운동화샌들등다양한신발과매치하기도좋아활용도또한좋은것같습니다가볍고편안한착용감활용도높은핏을찾는분들에게추천드려요,0,0,3,0,2,True,496,354,488,True,찬란한텍사스린넨,"('M', 'KHAKI')",0,False,1,keep,unique,True,84923722
6322928,84924019,style,MnCt,일단 핏은 당연히 잘 나오는것 같구용 여름 바지용으로 샀는데 얇으면서 생각과 다르게 신축성이 좋아서 너무 만족합니당,5.0,False,S,172.0,73.0,남성,2026-06-03 16:16:07,사이즈: 정사이즈 / 화면 대비 색감: 밝음 / 퀄리티: 매우 좋음 / 신축성: 매우 강함,True,0,filluminate,하의,S,,2026,6,3,수,5,응답,정사이즈,밝음,매우 좋음,,,매우 강함,,,5.0,,5.0,,,0.0,0.0,1.0,1.0,,,일단 핏은 당연히 잘 나오는것 같구용 여름 바지용으로 샀는데 얇으면서 생각과 다르게 신축성이 좋아서 너무 만족합니당,일단핏은당연히잘나오는것같구용여름바지용으로샀는데얇으면서생각과다르게신축성이좋아서너무만족합니당,0,0,0,0,0,False,64,49,64,True,MnCt,"('S', None)",1,True,1,keep,unique,True,84924019
6394383,84924364,general,신림거울왕자,색감이 너무 예쁘고 핏도 딱 좋습니다 다른색도 사려구요,5.0,False,L,174.0,72.0,남성,2026-06-03 16:32:12,사이즈: 정사이즈 / 화면 대비 색감: 화면과 비슷 / 두께감: 적당함 / 신축성: 적당함,False,0,filluminate,상의,L,,2026,6,3,수,5,응답,정사이즈,화면과 비슷,,,적당함,적당함,,,,,3.0,3.0,,0.0,0.0,0.0,0.0,,,색감이 너무 예쁘고 핏도 딱 좋습니다 다른색도 사려구요,색감이너무예쁘고핏도딱좋습니다다른색도사려구요,0,0,0,0,0,False,30,23,30,True,신림거울왕자,"('L', None)",0,False,1,keep,unique,True,84924364
﻿3048629,84924958,style,중복안되는닉,원했던 핏~! 이 퀄에 어케 이가격 가능이죠? 바지가 너무 잘만들어졌습니다 사이드에 로고플레이 자수도 은색이라 너무 튀지않으면서 자연스러워서 센스가 느껴져요 후루룩 국밥템으로 영원히 함께할게요 아주 얇지는 않아서 핏이 좋아요 28도에 입고 나갔더니 좀 땀이 차는 편이네요 레이온 함유량이 좀더 높았으면 하지만 그래도 이쁘고 가격도 착하고 넘 맘에 들어요~!,5.0,False,MEDIUM,160.0,57.0,여성,2026-06-03 16:59:38,사이즈: 정사이즈 / 화면 대비 색감: 화면과 비슷 / 퀄리티: 매우 좋음 / 신축성: 적당함,True,0,travel,하의,MEDIUM,,2026,6,3,수,5,응답,정사이즈,화면과 비슷,매우 좋음,,,적당함,,,5.0,,3.0,,,0.0,0.0,0.0,0.0,,,원했던 핏~! 이 퀄에 어케 이가격 가능이죠? 바지가 너무 잘만들어졌습니다 사이드에 로고플레이 자수도 은색이라 너무 튀지않으면서 자연스러워서 센스가 느껴져요 후루룩 국밥템으로 영원히 함께할게요 아주 얇지는 않아서 핏이 좋아요 28도에 입고 나갔더니 좀 땀이 차는 편이네요 레이온 함유량이 좀더 높았으면 하지만 그래도 이쁘고 가격도 착하고 넘 맘에 들어요~!,원했던핏이퀄에어케이가격가능이죠바지가너무잘만들어졌습니다사이드에로고플레이자수도은색이라너무튀지않으면서자연스러워서센스가느껴져요후루룩국밥템으로영원히함께할게요아주얇지는않아서핏이좋아요28도에입고나갔더니좀땀이차는편이네요레이온함유량이좀더높았으면하지만그래도이쁘고가격도착하고넘맘에들어요,0,0,2,1,0,False,199,146,199,True,중복안되는닉,"('MEDIUM', None)",0,False,1,keep,unique,True,84924958
1884943,84924992,general,신선한광주팬츠,건조기에 돌리니 사이즈는 좀 줄었지만 한철입기는 괜찮아요. 잘입을듯해요.,4.0,False,LARGE,165.0,65.0,여성,2026-06-03 17:01:03,사이즈: 정사이즈 / 화면 대비 색감: 화면과 비슷 / 두께감: 적당함 / 신축성: 적당함,False,0,travel,상의,LARGE,,2026,6,3,수,4,응답,정사이즈,화면과 비슷,,,적당함,적당함,,,,,3.0,3.0,,0.0,0.0,0.0,0.0,,,건조기에 돌리니 사이즈는 좀 줄었지만 한철입기는 괜찮아요. 잘입을듯해요.,건조기에돌리니사이즈는좀줄었지만한철입기는괜찮아요잘입을듯해요,0,0,0,0,0,False,40,31,40,True,신선한광주팬츠,"('LARGE', None)",0,False,1,keep,unique,True,84924992
4969807,84925054,general,mrsangsan,색감 좋고 깔끔하게 입기 좋은 것 같습니다. 합리적인 가격 마음에 듭니다.,5.0,False,BEIGE · XL,183.0,77.0,남성,2026-06-03 17:04:02,사이즈: 정사이즈 / 화면 대비 색감: 화면과 비슷 / 퀄리티: 보통 / 신축성: 적당함,False,0,filluminate,하의,XL,BEIGE,2026,6,3,수,5,응답,정사이즈,화면과 비슷,보통,,,적당함,,,3.0,,3.0,,,0.0,0.0,0.0,0.0,,,색감 좋고 깔끔하게 입기 좋은 것 같습니다. 합리적인 가격 마음에 듭니다.,색감좋고깔끔하게입기좋은것같습니다합리적인가격마음에듭니다,0,0,0,0,0,False,41,29,41,True,mrsangsan,"('XL', 'BEIGE')",0,False,1,keep,unique,True,84925054
6338111,84925070,general,krodm,소재특성상 좀 구김이있고 기장이 약간 긴 느낌이에요,4.0,False,브라운 · L,175.0,66.0,남성,2026-06-03 17:05:02,사이즈: 정사이즈 / 화면 대비 색감: 화면과 비슷 / 퀄리티: 보통 / 신축성: 적당함,True,0,jemut,하의,L,브라운,2026,6,3,수,4,응답,정사이즈,화면과 비슷,보통,,,적당함,,,3.0,,3.0,,,0.0,0.0,0.0,0.0,,,소재특성상 좀 구김이있고 기장이 약간 긴 느낌이에요,소재특성상좀구김이있고기장이약간긴느낌이에요,0,0,0,0,0,False,28,22,28,True,krodm,"('L', '브라운')",0,False,1,keep,unique,True,84925070
3455892,84925116,general,무찌2,빠른 배송 정말 감사드려요 물건도 너무 좋아요 만족해요,5.0,False,S,173.0,68.0,남성,2026-06-03 17:07:16,사이즈: 정사이즈 / 화면 대비 색감: 화면과 비슷 / 퀄리티: 보통 / 두께감: 적당함,False,0,filluminate,아우터,S,,2026,6,3,수,5,응답,정사이즈,화면과 비슷,보통,,적당함,,,,3.0,,,3.0,,0.0,0.0,0.0,0.0,,,빠른 배송 정말 감사드려요 물건도 너무 좋아요 만족해요,빠른배송정말감사드려요물건도너무좋아요만족해요,0,0,0,0,0,False,30,23,30,True,무찌2,"('S', None)",0,False,1,keep,unique,True,84925116
3132887,84925258,general,뜨거운라임무스탕,너무 좋구요 다음에도 사려고요 핏이 진짜 좋라요,5.0,False,LARGE,180.0,70.0,남성,2026-06-03 17:13:30,사이즈: 정사이즈 / 화면 대비 색감: 화면과 비슷 / 두께감: 적당함 / 신축성: 적당함,False,0,travel,상의,LARGE,,2026,6,3,수,5,응답,정사이즈,화면과 비슷,,,적당함,적당함,,,,,3.0,3.0,,0.0,0.0,0.0,0.0,,,너무 좋구요 다음에도 사려고요 핏이 진짜 좋라요,너무좋구요다음에도사려고요핏이진짜좋라요,0,0,0,0,0,False,26,20,26,True,뜨거운라임무스탕,"('LARGE', None)",0,False,1,keep,unique,True,84925258
3455882,84925294,general,무찌2,착용감이 편하고 디자인도 마음에 들어요 정말 추천합니다,5.0,False,S,173.0,68.0,남성,2026-06-03 17:14:47,사이즈: 정사이즈 / 화면 대비 색감: 화면과 비슷 / 퀄리티: 보통 / 두께감: 적당함,False,0,filluminate,아우터,S,,2026,6,3,수,5,응답,정사이즈,화면과 비슷,보통,,적당함,,,,3.0,,,3.0,,0.0,0.0,0.0,0.0,,,착용감이 편하고 디자인도 마음에 들어요 정말 추천합니다,착용감이편하고디자인도마음에들어요정말추천합니다,0,0,0,0,0,False,30,24,30,True,무찌2,"('S', None)",0,False,1,keep,unique,True,84925294
3791891,84925313,general,앤디우,원단이 안 구겨지고 좋습니다. 편하게 입을 수 있어요.,5.0,False,XL,179.0,80.0,남성,2026-06-03 17:15:45,사이즈: 정사이즈 / 화면 대비 색감: 화면과 비슷 / 퀄리티: 좋음 / 구김: 전혀 없음,False,0,filluminate,상의,XL,,2026,6,3,수,5,응답,정사이즈,화면과 비슷,좋음,전혀 없음,,,,,4.0,,,,5.0,0.0,0.0,0.0,0.0,,,원단이 안 구겨지고 좋습니다. 편하게 입을 수 있어요.,원단이안구겨지고좋습니다편하게입을수있어요,0,0,0,0,0,False,30,21,30,True,앤디우,"('XL', None)",0,False,1,keep,unique,True,84925313
5911790,84925389,general,무찌2,기대 이상으로 만족스러운 제품이에요 정말로 너무 좋아요,5.0,False,S,173.0,68.0,남성,2026-06-03 17:18:45,사이즈: 정사이즈 / 화면 대비 색감: 화면과 비슷 / 퀄리티: 보통 / 신축성: 적당함,False,0,filluminate,하의,S,,2026,6,3,수,5,응답,정사이즈,화면과 비슷,보통,,,적당함,,,3.0,,3.0,,,0.0,0.0,0.0,0.0,,,기대 이상으로 만족스러운 제품이에요 정말로 너무 좋아요,기대이상으로만족스러운제품이에요정말로너무좋아요,0,0,0,0,0,False,30,24,30,True,무찌2,"('S', None)",0,False,1,keep,unique,True,84925389
4946729,84925567,general,Cxxicar,실제 색감이 사진과 큰 차이 없이 깔끔했고 여름에 가볍게 입기 좋은 두께감이였어요,5.0,False,MEDIUM,160.0,55.0,여성,2026-06-03 17:26:18,사이즈: 정사이즈 / 화면 대비 색감: 화면과 비슷 / 두께감: 적당함 / 신축성: 적당함,False,0,travel,상의,MEDIUM,,2026,6,3,수,5,응답,정사이즈,화면과 비슷,,,적당함,적당함,,,,,3.0,3.0,,0.0,0.0,0.0,0.0,,,실제 색감이 사진과 큰 차이 없이 깔끔했고 여름에 가볍게 입기 좋은 두께감이였어요,실제색감이사진과큰차이없이깔끔했고여름에가볍게입기좋은두께감이였어요,0,0,0,0,0,False,45,34,45,True,Cxxicar,"('MEDIUM', None)",0,False,1,keep,unique,True,84925567
1884943,84925624,general,테스님,피그먼트가 요즘 땡기는데 딱 이쁜색이네요. 잘산거같아요.,5.0,False,LARGE,173.0,70.0,남성,2026-06-03 17:28:47,사이즈: 정사이즈 / 화면 대비 색감: 화면과 비슷 / 두께감: 적당함 / 신축성: 적당함,True,0,travel,상의,LARGE,,2026,6,3,수,5,응답,정사이즈,화면과 비슷,,,적당함,적당함,,,,,3.0,3.0,,0.0,0.0,0.0,0.0,,,피그먼트가 요즘 땡기는데 딱 이쁜색이네요. 잘산거같아요.,피그먼트가요즘땡기는데딱이쁜색이네요잘산거같아요,0,0,0,0,0,False,31,24,31,True,테스님,"('LARGE', None)",0,False,2,keep,multi_type_dup,True,84925624
3132887,84925659,general,테스님,옷이 깔끔하고 마음에 드네요~ 색이 무난해서 어디 입어도 잘 어울려요.,5.0,False,LARGE,173.0,70.0,남성,2026-06-03 17:30:53,사이즈: 정사이즈 / 화면 대비 색감: 화면과 비슷 / 두께감: 적당함 / 신축성: 적당함,True,0,travel,상의,LARGE,,2026,6,3,수,5,응답,정사이즈,화면과 비슷,,,적당함,적당함,,,,,3.0,3.0,,0.0,0.0,0.0,0.0,,,옷이 깔끔하고 마음에 드네요~ 색이 무난해서 어디 입어도 잘 어울려요.,옷이깔끔하고마음에드네요색이무난해서어디입어도잘어울려요,0,0,0,0,0,False,39,28,39,True,테스님,"('LARGE', None)",0,False,2,keep,multi_type_dup,True,84925659
4055254,84925859,general,뛰뛰립뛰뛰,트래블 티 가성비도 좋고 부들부들 촉감도 넘 조아용 여기서 티만 10벌 가까이 산 거 같아요,5.0,False,MEDIUM,160.0,60.0,여성,2026-06-03 17:38:53,사이즈: 정사이즈 / 화면 대비 색감: 화면과 비슷 / 두께감: 적당함 / 신축성: 적당함,False,0,travel,상의,MEDIUM,,2026,6,3,수,5,응답,정사이즈,화면과 비슷,,,적당함,적당함,,,,,3.0,3.0,,0.0,0.0,0.0,0.0,,,트래블 티 가성비도 좋고 부들부들 촉감도 넘 조아용 여기서 티만 10벌 가까이 산 거 같아요,트래블티가성비도좋고부들부들촉감도넘조아용여기서티만10벌가까이산거같아요,0,0,0,0,0,False,51,35,51,True,뛰뛰립뛰뛰,"('MEDIUM', None)",0,False,1,keep,unique,True,84925859
3244829,84925968,style,hg_8og0,편해서 자주 입고 다녀요. 2장 사는데 이 가격이면 좋은 거 같아요.  다들 추천합니다,5.0,False,그레이 · M,168.0,58.0,남성,2026-06-03 17:43:31,사이즈: 정사이즈 / 화면 대비 색감: 화면과 비슷 / 퀄리티: 좋음 / 신축성: 강함,True,0,jemut,하의,M,그레이,2026,6,3,수,5,응답,정사이즈,화면과 비슷,좋음,,,강함,,,4.0,,4.0,,,0.0,0.0,0.0,0.0,,,편해서 자주 입고 다녀요. 2장 사는데 이 가격이면 좋은 거 같아요. 다들 추천합니다,편해서자주입고다녀요2장사는데이가격이면좋은거같아요다들추천합니다,0,0,0,0,0,False,48,32,47,True,hg_8og0,"('M', '그레이')",0,False,2,keep,multi_type_unique,True,84925968
3244829,84926031,general,hg_8og0,편해서 평소에 자주 입고 다녀요. 밖에 나갈 때 자주 입습니다.,5.0,False,그레이 · M,168.0,58.0,남성,2026-06-03 17:45:30,사이즈: 정사이즈 / 화면 대비 색감: 화면과 비슷 / 퀄리티: 보통 / 신축성: 강함,True,0,jemut,하의,M,그레이,2026,6,3,수,5,응답,정사이즈,화면과 비슷,보통,,,강함,,,3.0,,4.0,,,0.0,0.0,0.0,0.0,,,편해서 평소에 자주 입고 다녀요. 밖에 나갈 때 자주 입습니다.,편해서평소에자주입고다녀요밖에나갈때자주입습니다,0,0,0,0,0,False,35,24,35,True,hg_8og0,"('M', '그레이')",0,False,2,keep,multi_type_unique,True,84926031
﻿4044428,84926107,general,jdieiri,가성비가 아주 좋아요 가격 대비 품질이 많이 좋아요,5.0,False,크림 · XL,182.0,85.0,남성,2026-06-03 17:47:40,사이즈: 정사이즈 / 화면 대비 색감: 화면과 비슷 / 두께감: 적당함 / 신축성: 적당함,False,0,jemut,상의,XL,크림,2026,6,3,수,5,응답,정사이즈,화면과 비슷,,,적당함,적당함,,,,,3.0,3.0,,0.0,0.0,0.0,0.0,,,가성비가 아주 좋아요 가격 대비 품질이 많이 좋아요,가성비가아주좋아요가격대비품질이많이좋아요,0,0,0,0,0,False,28,21,28,True,jdieiri,"('XL', '크림')",0,False,1,keep,unique,True,84926107
﻿4735498,84926332,general,민첩한피사슬랙스,체크 패턴이 예쁘고 색감도 좋아서 잘 입을 것 같습니다.,5.0,False,버건디 · M,164.0,60.0,남성,2026-06-03 17:54:04,사이즈: 정사이즈 / 화면 대비 색감: 화면과 비슷 / 퀄리티: 보통 / 구김: 약간 있음,False,0,jemut,상의,M,버건디,2026,6,3,수,5,응답,정사이즈,화면과 비슷,보통,약간 있음,,,,,3.0,,,,3.0,0.0,0.0,0.0,0.0,,,체크 패턴이 예쁘고 색감도 좋아서 잘 입을 것 같습니다.,체크패턴이예쁘고색감도좋아서잘입을것같습니다,0,0,0,0,0,False,31,22,31,True,민첩한피사슬랙스,"('M', '버건디')",0,False,1,keep,unique,True,84926332
6391691,84927209,general,fhdgwcwhb,크롭한 기장이 키작은 저에게도 딱좋았고요 롤업이 고정이 잘돼서 좋았어요,4.0,False,LIGHT BLUE · [Crop ver.] M,168.0,50.0,남성,2026-06-03 18:29:39,사이즈: 정사이즈 / 화면 대비 색감: 매우 밝음 / 퀄리티: 좋음 / 구김: 거의 없음,False,0,filluminate,상의,M,LIGHT BLUE [Crop ver.],2026,6,3,수,4,응답,정사이즈,매우 밝음,좋음,거의 없음,,,,,4.0,,,,4.0,0.0,0.0,2.0,2.0,,,크롭한 기장이 키작은 저에게도 딱좋았고요 롤업이 고정이 잘돼서 좋았어요,크롭한기장이키작은저에게도딱좋았고요롤업이고정이잘돼서좋았어요,0,0,0,0,0,False,39,31,39,True,fhdgwcwhb,"('M', 'LIGHT BLUE [Crop ver.]')",0,False,1,keep,unique,True,84927209
6083675,84927313,general,솔옝,상세 사이즈는 같은데 실착용시 미시간 티에 비해 짧고 작아요 핏 개애매함,5.0,False,S,158.0,48.0,여성,2026-06-03 18:35:24,사이즈: 매우 작음 / 화면 대비 색감: 화면과 비슷 / 두께감: 적당함 / 신축성: 적당함,False,1,travel,상의,S,,2026,6,3,수,5,응답,매우 작음,화면과 비슷,,,적당함,적당함,,,,,3.0,3.0,,-2.0,2.0,0.0,0.0,,,상세 사이즈는 같은데 실착용시 미시간 티에 비해 짧고 작아요 핏 개애매함,상세사이즈는같은데실착용시미시간티에비해짧고작아요핏개애매함,0,0,0,0,0,False,40,30,40,True,솔옝,"('S', None)",0,False,1,keep,unique,True,84927313
6322931,84927366,general,박병뀨,178에 85키로인데 m사이즈 무리아닐까 싶었는데 허리에 밴딩이있어서 편하게 입고있숩니당 기장도 적당합니당,5.0,False,M,178.0,85.0,남성,2026-06-03 18:37:41,사이즈: 정사이즈 / 화면 대비 색감: 화면과 비슷 / 퀄리티: 보통 / 신축성: 적당함,False,0,filluminate,하의,M,,2026,6,3,수,5,응답,정사이즈,화면과 비슷,보통,,,적당함,,,3.0,,3.0,,,0.0,0.0,0.0,0.0,,,178에 85키로인데 m사이즈 무리아닐까 싶었는데 허리에 밴딩이있어서 편하게 입고있숩니당 기장도 적당합니당,178에85키로인데m사이즈무리아닐까싶었는데허리에밴딩이있어서편하게입고있숩니당기장도적당합니당,0,0,0,0,0,False,59,43,59,True,박병뀨,"('M', None)",0,False,1,keep,unique,True,84927366
﻿5054385,84927628,general,화창한미국레트로,소재가 부드럽고 얇아서 엄청 덥기전까지 입을만합니다 허리도 밴딩이라 넘 편해요,5.0,False,S,170.0,70.0,여성,2026-06-03 18:50:24,사이즈: 정사이즈 / 화면 대비 색감: 화면과 비슷 / 퀄리티: 좋음 / 신축성: 적당함,False,0,filluminate,하의,S,,2026,6,3,수,5,응답,정사이즈,화면과 비슷,좋음,,,적당함,,,4.0,,3.0,,,0.0,0.0,0.0,0.0,,,소재가 부드럽고 얇아서 엄청 덥기전까지 입을만합니다 허리도 밴딩이라 넘 편해요,소재가부드럽고얇아서엄청덥기전까지입을만합니다허리도밴딩이라넘편해요,0,0,0,0,0,False,43,34,43,True,화창한미국레트로,"('S', None)",0,False,1,keep,unique,True,84927628
6175818,84927763,general,최고의회색한정판,편하게 입을 수 있는 좋은 제품입니다. 감사합니다.,4.0,False,블랙 · XL,181.0,78.0,남성,2026-06-03 18:59:12,사이즈: 정사이즈 / 화면 대비 색감: 화면과 비슷 / 두께감: 적당함 / 신축성: 적당함,False,0,jemut,상의,XL,블랙,2026,6,3,수,4,응답,정사이즈,화면과 비슷,,,적당함,적당함,,,,,3.0,3.0,,0.0,0.0,0.0,0.0,,,편하게 입을 수 있는 좋은 제품입니다. 감사합니다.,편하게입을수있는좋은제품입니다감사합니다,0,0,0,0,0,False,28,20,28,True,최고의회색한정판,"('XL', '블랙')",0,False,1,keep,unique,True,84927763
﻿3440142,84928015,style,Kz0,기장은 생각보다 살짝 짧은거같긴 합니다만 만족합니다,5.0,False,LARGE,185.0,85.0,남성,2026-06-03 19:11:37,사이즈: 정사이즈 / 화면 대비 색감: 화면과 비슷 / 퀄리티: 보통 / 신축성: 적당함,True,0,travel,하의,LARGE,,2026,6,3,수,5,응답,정사이즈,화면과 비슷,보통,,,적당함,,,3.0,,3.0,,,0.0,0.0,0.0,0.0,,,기장은 생각보다 살짝 짧은거같긴 합니다만 만족합니다,기장은생각보다살짝짧은거같긴합니다만만족합니다,0,0,0,0,0,False,28,23,28,True,Kz0,"('LARGE', None)",0,False,1,keep,unique,True,84928015
﻿4044413,84928176,general,local_2Pro,오버핏이고 살집이 있는 저한테도 잘 맞고 옷이 예뻐요!,5.0,False,크림 · XL,173.0,90.0,남성,2026-06-03 19:21:34,사이즈: 정사이즈 / 화면 대비 색감: 밝음 / 두께감: 두꺼움 / 신축성: 적당함,True,0,jemut,상의,XL,크림,2026,6,3,수,5,응답,정사이즈,밝음,,,두꺼움,적당함,,,,,3.0,4.0,,0.0,0.0,1.0,1.0,,,오버핏이고 살집이 있는 저한테도 잘 맞고 옷이 예뻐요!,오버핏이고살집이있는저한테도잘맞고옷이예뻐요,0,0,1,0,0,False,30,22,30,True,local_2Pro,"('XL', '크림')",0,False,1,keep,unique,True,84928176
1884943,84928456,general,강지1114,음 사이즈도 잘 맞고 색상 이쁘고 잘 맞아요 잘 입겟습니다,5.0,False,LARGE,178.0,70.0,남성,2026-06-03 19:34:12,사이즈: 조금 작음 / 화면 대비 색감: 화면과 비슷 / 두께감: 적당함 / 신축성: 적당함,False,0,travel,상의,LARGE,,2026,6,3,수,5,응답,조금 작음,화면과 비슷,,,적당함,적당함,,,,,3.0,3.0,,-1.0,1.0,0.0,0.0,,,음 사이즈도 잘 맞고 색상 이쁘고 잘 맞아요 잘 입겟습니다,음사이즈도잘맞고색상이쁘고잘맞아요잘입겟습니다,0,0,0,0,0,False,32,23,32,True,강지1114,"('LARGE', None)",0,False,1,keep,unique,True,84928456
﻿6354607,84929281,general,가성비템,링거티 디자인에 프린팅도 과하지 않아서 너무 이뻐요 팔부분 통도 안넓어서 핏이 되게 만족스럽습니다!,5.0,False,블랙 · L,175.0,80.0,남성,2026-06-03 20:20:02,사이즈: 정사이즈 / 화면 대비 색감: 화면과 비슷 / 두께감: 적당함 / 신축성: 적당함,True,0,jemut,상의,L,블랙,2026,6,3,수,5,응답,정사이즈,화면과 비슷,,,적당함,적당함,,,,,3.0,3.0,,0.0,0.0,0.0,0.0,,,링거티 디자인에 프린팅도 과하지 않아서 너무 이뻐요 팔부분 통도 안넓어서 핏이 되게 만족스럽습니다!,링거티디자인에프린팅도과하지않아서너무이뻐요팔부분통도안넓어서핏이되게만족스럽습니다,0,0,1,0,0,False,55,42,55,True,가성비템,"('L', '블랙')",0,False,1,keep,unique,True,84929281
6394383,84929300,experience,바건삔냥이,그레이와 브라운 컬러중 고민했는데 물 빠진 특유의 피그먼트 다크 브라운이라  생각했던 그대로 색감이 예뻤어요🤎  재질도 면 100%로 보들보들 좋고  신축성도 적당하고 무엇보다 입었을때 편해요! 두께감은 여름에 입어도 얇음~적당할 정도의 두께라서 만족합니다 넥라인과 팔부분 박음질도 탄탄하니 잘되어있고 겨드랑이 부분쪽과 밑부분 마감도 깔끔해서 좋았어요✨️  가슴쪽 필루미네이트 로고도 프린팅이 아니고 자수라 더운 여름 자주 세탁해도 걱정 없을듯 해요! ღ'ᴗ'ღ  소매부분 길이감이 넉넉해서 고냥 러프하게  소매 롤업해서 입어도 예뿝니다 잘 입을게용🫶,5.0,True,M,167.0,52.0,여성,2026-06-03 20:20:52,사이즈: 조금 큼 / 화면 대비 색감: 화면과 비슷 / 두께감: 적당함 / 신축성: 강함,True,0,filluminate,상의,M,,2026,6,3,수,5,응답,조금 큼,화면과 비슷,,,적당함,강함,,,,,4.0,3.0,,1.0,1.0,0.0,0.0,,,그레이와 브라운 컬러중 고민했는데 물 빠진 특유의 피그먼트 다크 브라운이라 생각했던 그대로 색감이 예뻤어요 재질도 면 100%로 보들보들 좋고 신축성도 적당하고 무엇보다 입었을때 편해요! 두께감은 여름에 입어도 얇음~적당할 정도의 두께라서 만족합니다 넥라인과 팔부분 박음질도 탄탄하니 잘되어있고 겨드랑이 부분쪽과 밑부분 마감도 깔끔해서 좋았어요 가슴쪽 필루미네이트 로고도 프린팅이 아니고 자수라 더운 여름 자주 세탁해도 걱정 없을듯 해요! ღ'ᴗ'ღ 소매부분 길이감이 넉넉해서 고냥 러프하게 소매 롤업해서 입어도 예뿝니다 잘 입을게용,그레이와브라운컬러중고민했는데물빠진특유의피그먼트다크브라운이라생각했던그대로색감이예뻤어요재질도면100로보들보들좋고신축성도적당하고무엇보다입었을때편해요두께감은여름에입어도얇음적당할정도의두께라서만족합니다넥라인과팔부분박음질도탄탄하니잘되어있고겨드랑이부분쪽과밑부분마감도깔끔해서좋았어요가슴쪽필루미네이트로고도프린팅이아니고자수라더운여름자주세탁해도걱정없을듯해요소매부분길이감이넉넉해서고냥러프하게소매롤업해서입어도예뿝니다잘입을게용,0,0,2,0,3,False,308,220,298,True,바건삔냥이,"('M', None)",0,False,1,keep,unique,True,84929300
5911789,84929972,general,충실한체코숄더백,"같은 제품 베이지 색상 구매 후 너무 만족스러워서 색깔별로 다 샀어요. 핏, 원단느낌 모두 만족합니다",5.0,False,CREAM · M,177.0,76.0,남성,2026-06-03 20:51:03,사이즈: 조금 큼 / 화면 대비 색감: 화면과 비슷 / 퀄리티: 보통 / 신축성: 거의 없음,False,0,filluminate,하의,M,CREAM,2026,6,3,수,5,응답,조금 큼,화면과 비슷,보통,,,거의 없음,,,3.0,,2.0,,,1.0,1.0,0.0,0.0,,,"같은 제품 베이지 색상 구매 후 너무 만족스러워서 색깔별로 다 샀어요. 핏, 원단느낌 모두 만족합니다",같은제품베이지색상구매후너무만족스러워서색깔별로다샀어요핏원단느낌모두만족합니다,0,0,0,0,0,False,56,40,56,True,충실한체코숄더백,"('M', 'CREAM')",0,False,1,keep,unique,True,84929972
3791988,84930067,general,충실한체코숄더백,"분명 코튼 100 으로 알고 있는데, 원단이 좀 얇아서 그런가 . 좀 흐물거리는 느낌입니다. 힘있는 느낌보다는 좀 흐르는 느낌의 핏이라 저는 좀 아쉬웠어요",3.0,False,M,177.0,76.0,남성,2026-06-03 20:55:45,사이즈: 조금 큼 / 화면 대비 색감: 화면과 비슷 / 퀄리티: 보통 / 신축성: 적당함,False,0,filluminate,하의,M,,2026,6,3,수,3,응답,조금 큼,화면과 비슷,보통,,,적당함,,,3.0,,3.0,,,1.0,1.0,0.0,0.0,,,"분명 코튼 100 으로 알고 있는데, 원단이 좀 얇아서 그런가 . 좀 흐물거리는 느낌입니다. 힘있는 느낌보다는 좀 흐르는 느낌의 핏이라 저는 좀 아쉬웠어요",분명코튼100으로알고있는데원단이좀얇아서그런가좀흐물거리는느낌입니다힘있는느낌보다는좀흐르는느낌의핏이라저는좀아쉬웠어요,0,0,0,0,0,False,86,58,86,True,충실한체코숄더백,"('M', None)",0,False,1,keep,unique,True,84930067
4969807,84930399,general,프로틴쿠키,편안하고 넉넉하고 어디에나 스타일을 챙길 수 있는 팬츠,5.0,False,BEIGE · XL,182.0,95.0,남성,2026-06-03 21:13:34,사이즈: 정사이즈 / 화면 대비 색감: 화면과 비슷 / 퀄리티: 보통 / 신축성: 적당함,True,0,filluminate,하의,XL,BEIGE,2026,6,3,수,5,응답,정사이즈,화면과 비슷,보통,,,적당함,,,3.0,,3.0,,,0.0,0.0,0.0,0.0,,,편안하고 넉넉하고 어디에나 스타일을 챙길 수 있는 팬츠,편안하고넉넉하고어디에나스타일을챙길수있는팬츠,0,0,0,0,0,False,30,23,30,True,프로틴쿠키,"('XL', 'BEIGE')",0,False,1,keep,unique,True,84930399
3455892,84930638,general,youje07,배송지연이였지만 대만족이에요! 티도 선물로 받았는데 완전 좋음!! 사진을 못 찍어서 아쉽,5.0,False,S,168.0,54.0,여성,2026-06-03 21:22:30,사이즈: 정사이즈 / 화면 대비 색감: 화면과 비슷 / 퀄리티: 매우 좋음 / 두께감: 적당함,False,0,filluminate,아우터,S,,2026,6,3,수,5,응답,정사이즈,화면과 비슷,매우 좋음,,적당함,,,,5.0,,,3.0,,0.0,0.0,0.0,0.0,,,배송지연이였지만 대만족이에요! 티도 선물로 받았는데 완전 좋음!! 사진을 못 찍어서 아쉽,배송지연이였지만대만족이에요티도선물로받았는데완전좋음사진을못찍어서아쉽,0,0,3,0,0,False,49,36,49,True,youje07,"('S', None)",0,False,1,keep,unique,True,84930638
6391691,84930644,general,충실한체코숄더백,가격대비 훌륭한 퀄리티와 디자인 입니다 올여름 만족스럽게 입을거 같아요,5.0,False,LIGHT BLUE · [Crop ver.] XL,177.0,76.0,남성,2026-06-03 21:22:40,사이즈: 정사이즈 / 화면 대비 색감: 화면과 비슷 / 퀄리티: 보통 / 구김: 약간 있음,False,0,filluminate,상의,XL,LIGHT BLUE [Crop ver.],2026,6,3,수,5,응답,정사이즈,화면과 비슷,보통,약간 있음,,,,,3.0,,,,3.0,0.0,0.0,0.0,0.0,,,가격대비 훌륭한 퀄리티와 디자인 입니다 올여름 만족스럽게 입을거 같아요,가격대비훌륭한퀄리티와디자인입니다올여름만족스럽게입을거같아요,0,0,0,0,0,False,39,31,39,True,충실한체코숄더백,"('XL', 'LIGHT BLUE [Crop ver.]')",0,False,1,keep,unique,True,84930644
4987047,84930654,style,Edwin92,가격대비 깔끔하고 소재랑 핏이 너무 마음에 드네요,5.0,False,블랙 · M,169.0,67.0,남성,2026-06-03 21:23:18,사이즈: 정사이즈 / 화면 대비 색감: 화면과 비슷 / 두께감: 적당함 / 신축성: 적당함,True,0,jemut,상의,M,블랙,2026,6,3,수,5,응답,정사이즈,화면과 비슷,,,적당함,적당함,,,,,3.0,3.0,,0.0,0.0,0.0,0.0,,,가격대비 깔끔하고 소재랑 핏이 너무 마음에 드네요,가격대비깔끔하고소재랑핏이너무마음에드네요,0,0,0,0,0,False,27,21,27,True,Edwin92,"('M', '블랙')",0,False,1,keep,unique,True,84930654
6140944,84930745,general,충실한체코숄더백,정돈된 느낌의 깔끔한 셔츠! 스트라이프 패턴 너무 예쁘구요 단정하게 입기 너무 좋습니다,5.0,False,CHARCOAL · L,177.0,76.0,남성,2026-06-03 21:27:07,사이즈: 정사이즈 / 화면 대비 색감: 화면과 비슷 / 두께감: 적당함 / 신축성: 적당함,False,0,filluminate,상의,L,CHARCOAL,2026,6,3,수,5,응답,정사이즈,화면과 비슷,,,적당함,적당함,,,,,3.0,3.0,,0.0,0.0,0.0,0.0,,,정돈된 느낌의 깔끔한 셔츠! 스트라이프 패턴 너무 예쁘구요 단정하게 입기 너무 좋습니다,정돈된느낌의깔끔한셔츠스트라이프패턴너무예쁘구요단정하게입기너무좋습니다,0,0,1,0,0,False,48,36,48,True,충실한체코숄더백,"('L', 'CHARCOAL')",0,False,1,keep,unique,True,84930745
6394439,84931236,experience,야니링,"필루미네이트 제품은 처음 착용해봤는데 생각보다 만족스러웠어요!    일단 체크 패턴이 은은해서 부담 없이 입기 좋고 브라운 컬러도 차분해서 데일리로 활용하기 좋았어요!  그리고 원단이 가볍고 시원한 편이라 여름에도 편하게 착용 가능했고, 세미 크롭 기장이라 비율도 좋아 보이는 느낌!!  슬랙스, 데님, 반바지 등 다양한 하의와 매치하기 쉬워서 코디 활용도도 높은 것 같아요!   전체적으로 깔끔한 핏과 무난한 디자인 덕분에 손이 자주 갈 것 같네요. 여름철 가볍게 입을 반팔 셔츠를 찾는 분들께 추천드려요!!",5.0,True,L,175.0,75.0,남성,2026-06-03 21:47:52,사이즈: 정사이즈 / 화면 대비 색감: 화면과 비슷 / 퀄리티: 좋음 / 구김: 약간 있음,True,0,filluminate,상의,L,,2026,6,3,수,5,응답,정사이즈,화면과 비슷,좋음,약간 있음,,,,,4.0,,,,3.0,0.0,0.0,0.0,0.0,,,"필루미네이트 제품은 처음 착용해봤는데 생각보다 만족스러웠어요! 일단 체크 패턴이 은은해서 부담 없이 입기 좋고 브라운 컬러도 차분해서 데일리로 활용하기 좋았어요! 그리고 원단이 가볍고 시원한 편이라 여름에도 편하게 착용 가능했고, 세미 크롭 기장이라 비율도 좋아 보이는 느낌!! 슬랙스, 데님, 반바지 등 다양한 하의와 매치하기 쉬워서 코디 활용도도 높은 것 같아요! 전체적으로 깔끔한 핏과 무난한 디자인 덕분에 손이 자주 갈 것 같네요. 여름철 가볍게 입을 반팔 셔츠를 찾는 분들께 추천드려요!!",필루미네이트제품은처음착용해봤는데생각보다만족스러웠어요일단체크패턴이은은해서부담없이입기좋고브라운컬러도차분해서데일리로활용하기좋았어요그리고원단이가볍고시원한편이라여름에도편하게착용가능했고세미크롭기장이라비율도좋아보이는느낌슬랙스데님반바지등다양한하의와매치하기쉬워서코디활용도도높은것같아요전체적으로깔끔한핏과무난한디자인덕분에손이자주갈것같네요여름철가볍게입을반팔셔츠를찾는분들께추천드려요,0,0,7,0,0,True,285,200,278,True,야니링,"('L', None)",0,False,1,keep,unique,True,84931236
4987047,84931300,general,내일부터 공부만함,가격도 좋고 핏도 크롭하고 딱 좋고 편해요 잘 입을게요,5.0,False,블랙 · L,178.0,67.0,남성,2026-06-03 21:51:29,사이즈: 정사이즈 / 화면 대비 색감: 화면과 비슷 / 두께감: 적당함 / 신축성: 적당함,False,0,jemut,상의,L,블랙,2026,6,3,수,5,응답,정사이즈,화면과 비슷,,,적당함,적당함,,,,,3.0,3.0,,0.0,0.0,0.0,0.0,,,가격도 좋고 핏도 크롭하고 딱 좋고 편해요 잘 입을게요,가격도좋고핏도크롭하고딱좋고편해요잘입을게요,0,0,0,0,0,False,30,22,30,True,내일부터 공부만함,"('L', '블랙')",0,False,1,keep,unique,True,84931300
4969807,84931580,general,얌 뭐해,예쁘고 마음에 들어요. 가격도 착하고 잘 입고다닐게요,5.0,False,BEIGE · M,173.0,62.0,남성,2026-06-03 22:03:27,사이즈: 정사이즈 / 화면 대비 색감: 화면과 비슷 / 퀄리티: 보통 / 신축성: 적당함,False,0,filluminate,하의,M,BEIGE,2026,6,3,수,5,응답,정사이즈,화면과 비슷,보통,,,적당함,,,3.0,,3.0,,,0.0,0.0,0.0,0.0,,,예쁘고 마음에 들어요. 가격도 착하고 잘 입고다닐게요,예쁘고마음에들어요가격도착하고잘입고다닐게요,0,0,0,0,0,False,29,22,29,True,얌 뭐해,"('M', 'BEIGE')",0,False,1,keep,unique,True,84931580
6083678,84931900,general,기쁜이대목도리,넘무이쁘고좋아요 소매를 걷어올리면 자꾸 풀리는게 그르킨한데ㅠ 세번?은 접어야대여 근데 이뻐여 노란색좋앙,5.0,False,M,165.0,50.0,여성,2026-06-04 08:09:56,사이즈: 정사이즈 / 화면 대비 색감: 화면과 비슷 / 두께감: 적당함 / 신축성: 적당함,False,0,travel,상의,M,,2026,6,4,목,5,응답,정사이즈,화면과 비슷,,,적당함,적당함,,,,,3.0,3.0,,0.0,0.0,0.0,0.0,,,넘무이쁘고좋아요 소매를 걷어올리면 자꾸 풀리는게 그르킨한데ㅠ 세번?은 접어야대여 근데 이뻐여 노란색좋앙,넘무이쁘고좋아요소매를걷어올리면자꾸풀리는게그르킨한데세번은접어야대여근데이뻐여노란색좋앙,0,1,0,1,0,False,57,45,57,True,기쁜이대목도리,"('M', None)",0,False,1,keep,unique,True,84931900
﻿6083682,84931976,general,기쁜이대목도리,쫌 커용 근데 ㄱㅊ음 오버핏울 원한거라서 근데 우리 아빠도 맞더라고여 이뻐용,5.0,False,M,165.0,50.0,missing,2026-06-03 22:20:28,사이즈: 조금 큼 / 화면 대비 색감: 화면과 비슷 / 두께감: 적당함 / 신축성: 적당함,False,0,travel,상의,M,,2026,6,3,수,5,응답,조금 큼,화면과 비슷,,,적당함,적당함,,,,,3.0,3.0,,1.0,1.0,0.0,0.0,,,쫌 커용 근데 ㄱㅊ음 오버핏울 원한거라서 근데 우리 아빠도 맞더라고여 이뻐용,쫌커용근데음오버핏울원한거라서근데우리아빠도맞더라고여이뻐용,0,0,0,0,0,False,42,30,42,True,기쁜이대목도리,"('M', None)",0,False,1,keep,unique,True,84931976
﻿3048827,84932247,general,굥굩굥,조아용 근데 뭔가 더 널널항 항아리핏이었으면 좋았겠다는 생각해용,4.0,False,SMALL,166.0,56.0,여성,2026-06-03 22:31:43,사이즈: 정사이즈 / 화면 대비 색감: 밝음 / 퀄리티: 보통 / 신축성: 전혀 없음,False,0,travel,하의,SMALL,,2026,6,3,수,4,응답,정사이즈,밝음,보통,,,전혀 없음,,,3.0,,1.0,,,0.0,0.0,1.0,1.0,,,조아용 근데 뭔가 더 널널항 항아리핏이었으면 좋았겠다는 생각해용,조아용근데뭔가더널널항항아리핏이었으면좋았겠다는생각해용,0,0,0,0,0,False,35,28,35,True,굥굩굥,"('SMALL', None)",0,False,1,keep,unique,True,84932247
4946729,84932282,general,굥굩굥,막입기엔 좋은데 뭔가 좀더 덩치있게 버이기도 해요…. 근데 그건 제 몸 탓일듯 ㅎㅎ 생각보다 화이트보다 아이보리 느낌이 강해요,4.0,False,LARGE,166.0,56.0,여성,2026-06-03 22:33:17,사이즈: 정사이즈 / 화면 대비 색감: 화면과 비슷 / 두께감: 적당함 / 신축성: 강함,False,0,travel,상의,LARGE,,2026,6,3,수,4,응답,정사이즈,화면과 비슷,,,적당함,강함,,,,,4.0,3.0,,0.0,0.0,0.0,0.0,,,막입기엔 좋은데 뭔가 좀더 덩치있게 버이기도 해요…. 근데 그건 제 몸 탓일듯 ㅎㅎ 생각보다 화이트보다 아이보리 느낌이 강해요,막입기엔좋은데뭔가좀더덩치있게버이기도해요근데그건제몸탓일듯생각보다화이트보다아이보리느낌이강해요,2,0,0,0,0,False,70,49,70,True,굥굩굥,"('LARGE', None)",0,False,1,keep,unique,True,84932282
﻿6140949,84932352,general,내가짱ㅋ1,필루미네이트 반팔을 좋아해서 색깔별로 사는데 쿨코튼 좋아요,5.0,False,M,160.0,51.0,여성,2026-06-03 22:36:15,사이즈: 정사이즈 / 화면 대비 색감: 화면과 비슷 / 두께감: 적당함 / 신축성: 적당함,False,0,filluminate,상의,M,,2026,6,3,수,5,응답,정사이즈,화면과 비슷,,,적당함,적당함,,,,,3.0,3.0,,0.0,0.0,0.0,0.0,,,필루미네이트 반팔을 좋아해서 색깔별로 사는데 쿨코튼 좋아요,필루미네이트반팔을좋아해서색깔별로사는데쿨코튼좋아요,0,0,0,0,0,False,32,26,32,True,내가짱ㅋ1,"('M', None)",0,False,1,keep,unique,True,84932352
6140950,84932369,general,내가짱ㅋ1,딱 제가 원하는 재질에 사이즈도 적당하네요 편해요,5.0,False,M,160.0,51.0,여성,2026-06-03 22:36:48,사이즈: 정사이즈 / 화면 대비 색감: 화면과 비슷 / 두께감: 적당함 / 신축성: 적당함,False,0,filluminate,상의,M,,2026,6,3,수,5,응답,정사이즈,화면과 비슷,,,적당함,적당함,,,,,3.0,3.0,,0.0,0.0,0.0,0.0,,,딱 제가 원하는 재질에 사이즈도 적당하네요 편해요,딱제가원하는재질에사이즈도적당하네요편해요,0,0,0,0,0,False,27,21,27,True,내가짱ㅋ1,"('M', None)",0,False,1,keep,unique,True,84932369
5407086,84932426,general,소극적인독일타월,뚱띠라서 일부로 16수로 샀는데 정말 두껍네요 살짝 얇은 맨투맨으로 생각할수있을것같아용 두껍다보흰색을 입어도 비치지가 않아서 정말 좋습니다!!,5.0,False,화이트 · XL,180.0,87.0,남성,2026-06-03 22:39:35,사이즈: 조금 큼 / 화면 대비 색감: 밝음 / 두께감: 매우 두꺼움 / 신축성: 적당함,False,0,jemut,상의,XL,화이트,2026,6,3,수,5,응답,조금 큼,밝음,,,매우 두꺼움,적당함,,,,,3.0,5.0,,1.0,1.0,1.0,1.0,,,뚱띠라서 일부로 16수로 샀는데 정말 두껍네요 살짝 얇은 맨투맨으로 생각할수있을것같아용 두껍다보흰색을 입어도 비치지가 않아서 정말 좋습니다!!,뚱띠라서일부로16수로샀는데정말두껍네요살짝얇은맨투맨으로생각할수있을것같아용두껍다보흰색을입어도비치지가않아서정말좋습니다,0,0,2,0,0,False,79,60,79,True,소극적인독일타월,"('XL', '화이트')",0,False,1,keep,unique,True,84932426
6352768,84932806,experience,halfm00n,"이 옷을 한줄평 하자면 깔끔 단백한 버뮤다 코튼팬츠의 정석이라고 할 수 있을 것 같습니다.  화려한 디자인 포인트는 없지만 총장, 허벅지 통 등 너무 베이직하고 깔끔해서 말 그대로 '어느 옷에나 잘 뭍는' 기본템중에 기본템입니다. 그렇다고 디테일이 없다는 뜻은 아닌 것이, 단추에도 음각으로 브랜드 로고가 박혀있고 허리부분의 가죽 패치도 살짝 디자인이 들어가서 넣입해서 입으면 특별히 상의로 포인트 주지 않아도 심심하지는 않을 것 같습니다. 소재는 한여름에도 크게 덥진 않을 정도의 얇은 면 소재이고, 그것때문에 세탁이 좀 걱정되었으나 세탁 후에도 변형이나 수축이 없었습니다. 지퍼 등 부자재도 꽤 퀄리티가 좋고 마감도 깔끔해서 솔직히 가성비 여름 면바지로는 1등인 것 같습니다. 활용도 부분에서 나무랄 데 전혀 없어서 자주 입고 다닐 것 같습니다.",5.0,True,L,182.0,79.0,남성,2026-06-03 22:54:20,사이즈: 정사이즈 / 화면 대비 색감: 화면과 비슷 / 퀄리티: 매우 좋음 / 신축성: 거의 없음,True,0,filluminate,하의,L,,2026,6,3,수,5,응답,정사이즈,화면과 비슷,매우 좋음,,,거의 없음,,,5.0,,2.0,,,0.0,0.0,0.0,0.0,,,"이 옷을 한줄평 하자면 깔끔 단백한 버뮤다 코튼팬츠의 정석이라고 할 수 있을 것 같습니다. 화려한 디자인 포인트는 없지만 총장, 허벅지 통 등 너무 베이직하고 깔끔해서 말 그대로 '어느 옷에나 잘 뭍는' 기본템중에 기본템입니다. 그렇다고 디테일이 없다는 뜻은 아닌 것이, 단추에도 음각으로 브랜드 로고가 박혀있고 허리부분의 가죽 패치도 살짝 디자인이 들어가서 넣입해서 입으면 특별히 상의로 포인트 주지 않아도 심심하지는 않을 것 같습니다. 소재는 한여름에도 크게 덥진 않을 정도의 얇은 면 소재이고, 그것때문에 세탁이 좀 걱정되었으나 세탁 후에도 변형이나 수축이 없었습니다. 지퍼 등 부자재도 꽤 퀄리티가 좋고 마감도 깔끔해서 솔직히 가성비 여름 면바지로는 1등인 것 같습니다. 활용도 부분에서 나무랄 데 전혀 없어서 자주 입고 다닐 것 같습니다.",이옷을한줄평하자면깔끔단백한버뮤다코튼팬츠의정석이라고할수있을것같습니다화려한디자인포인트는없지만총장허벅지통등너무베이직하고깔끔해서말그대로어느옷에나잘뭍는기본템중에기본템입니다그렇다고디테일이없다는뜻은아닌것이단추에도음각으로브랜드로고가박혀있고허리부분의가죽패치도살짝디자인이들어가서넣입해서입으면특별히상의로포인트주지않아도심심하지는않을것같습니다소재는한여름에도크게덥진않을정도의얇은면소재이고그것때문에세탁이좀걱정되었으나세탁후에도변형이나수축이없었습니다지퍼등부자재도꽤퀄리티가좋고마감도깔끔해서솔직히가성비여름면바지로는1등인것같습니다활용도부분에서나무랄데전혀없어서자주입고다닐것같습니다,0,0,0,0,0,False,419,302,418,True,halfm00n,"('L', None)",0,False,1,keep,unique,True,84932806
6083675,84933549,general,니나노릴리야,재질도좋고 넘편해요 믿고사는 트래블입니다 다른티셔츠도 사야겠어요 히히,5.0,False,XL,162.0,59.0,여성,2026-06-03 23:24:32,사이즈: 조금 큼 / 화면 대비 색감: 화면과 비슷 / 두께감: 적당함 / 신축성: 적당함,False,0,travel,상의,XL,,2026,6,3,수,5,응답,조금 큼,화면과 비슷,,,적당함,적당함,,,,,3.0,3.0,,1.0,1.0,0.0,0.0,,,재질도좋고 넘편해요 믿고사는 트래블입니다 다른티셔츠도 사야겠어요 히히,재질도좋고넘편해요믿고사는트래블입니다다른티셔츠도사야겠어요히히,0,0,0,0,0,False,38,32,38,True,니나노릴리야,"('XL', None)",0,False,1,keep,unique,True,84933549
4697060,84933588,general,맑은헝가리아노락,"할인해서 저렴히 구입했어요 좀,,, 특이하네요 받으니 색이랑 기타 등등 크게 빠져서 잘 입을 것 같아요~",4.0,False,S,164.0,60.0,여성,2026-06-03 23:26:02,사이즈: 조금 큼 / 화면 대비 색감: 화면과 비슷 / 두께감: 두꺼움 / 퀄리티: 좋음,True,0,filluminate,상의,S,,2026,6,3,수,4,응답,조금 큼,화면과 비슷,좋음,,두꺼움,,,,4.0,,,4.0,,1.0,1.0,0.0,0.0,,,"할인해서 저렴히 구입했어요 좀,,, 특이하네요 받으니 색이랑 기타 등등 크게 빠져서 잘 입을 것 같아요~",할인해서저렴히구입했어요좀특이하네요받으니색이랑기타등등크게빠져서잘입을것같아요,0,0,0,0,0,True,58,40,58,True,맑은헝가리아노락,"('S', None)",0,False,1,keep,unique,True,84933588
4969807,84933750,general,Ha_dex,색감 좋고 핏 이쁘네요 린넨바지 시원하고 편해요,5.0,False,BEIGE · M,173.0,68.0,남성,2026-06-03 23:32:53,사이즈: 정사이즈 / 화면 대비 색감: 화면과 비슷 / 퀄리티: 보통 / 신축성: 적당함,False,0,filluminate,하의,M,BEIGE,2026,6,3,수,5,응답,정사이즈,화면과 비슷,보통,,,적당함,,,3.0,,3.0,,,0.0,0.0,0.0,0.0,,,색감 좋고 핏 이쁘네요 린넨바지 시원하고 편해요,색감좋고핏이쁘네요린넨바지시원하고편해요,0,0,0,0,0,False,26,20,26,True,Ha_dex,"('M', 'BEIGE')",0,False,1,keep,unique,True,84933750
﻿6083608,84933884,general,장엄한블루망토,스트라이프에 포인트로 꽃이 있어서 그냥 반팔 하나만 입어도 꾸안꾸 같고 이쁘게 잘 입을 것 같아요,5.0,False,S,158.0,56.0,여성,2026-06-03 23:39:08,사이즈: 조금 큼 / 화면 대비 색감: 화면과 비슷 / 두께감: 두꺼움 / 신축성: 적당함,True,0,travel,상의,S,,2026,6,3,수,5,응답,조금 큼,화면과 비슷,,,두꺼움,적당함,,,,,3.0,4.0,,1.0,1.0,0.0,0.0,,,스트라이프에 포인트로 꽃이 있어서 그냥 반팔 하나만 입어도 꾸안꾸 같고 이쁘게 잘 입을 것 같아요,스트라이프에포인트로꽃이있어서그냥반팔하나만입어도꾸안꾸같고이쁘게잘입을것같아요,0,0,0,0,0,False,54,40,54,True,장엄한블루망토,"('S', None)",0,False,1,keep,unique,True,84933884
﻿6204817,84934027,general,제모받은세종발찌,핏이 이쁘게 딱 떨어지고 생각보다 탄탄해서 어떻게든 입어도 잘어울릴것처럼 이뻐요,5.0,False,L,178.0,61.0,남성,2026-06-03 23:45:30,사이즈: 조금 큼 / 화면 대비 색감: 화면과 비슷 / 퀄리티: 매우 좋음 / 신축성: 매우 강함,False,0,travel,하의,L,,2026,6,3,수,5,응답,조금 큼,화면과 비슷,매우 좋음,,,매우 강함,,,5.0,,5.0,,,1.0,1.0,0.0,0.0,,,핏이 이쁘게 딱 떨어지고 생각보다 탄탄해서 어떻게든 입어도 잘어울릴것처럼 이뻐요,핏이이쁘게딱떨어지고생각보다탄탄해서어떻게든입어도잘어울릴것처럼이뻐요,0,0,0,0,0,False,44,35,44,True,제모받은세종발찌,"('L', None)",0,False,1,keep,unique,True,84934027
5334006,84934140,general,OoOo_oO,딱 원하던 색감에 기장도 정말 좋아요! 166기준 발등 덮는 사이즈 임당,5.0,False,M,166.0,70.0,여성,2026-06-03 23:50:14,사이즈: 정사이즈 / 화면 대비 색감: 화면과 비슷 / 퀄리티: 보통 / 신축성: 적당함,False,0,filluminate,하의,M,,2026,6,3,수,5,응답,정사이즈,화면과 비슷,보통,,,적당함,,,3.0,,3.0,,,0.0,0.0,0.0,0.0,,,딱 원하던 색감에 기장도 정말 좋아요! 166기준 발등 덮는 사이즈 임당,딱원하던색감에기장도정말좋아요166기준발등덮는사이즈임당,0,0,1,0,0,False,40,26,40,True,OoOo_oO,"('M', None)",0,False,1,keep,unique,True,84934140
4987047,84934259,general,뷸닭볶음면,원단이 생각보다 탄탄해서 잘 늘어나지 않고 오래입을 수 있을 거 같아요. 너무 부담스럽지 않은 크롭기장이라 데일리로 입기 좋고 핏도 너무 벙벙하지 않게 이쁘네요.,5.0,False,다크그레이 · XL,181.0,81.0,남성,2026-06-03 23:56:07,사이즈: 정사이즈 / 화면 대비 색감: 화면과 비슷 / 두께감: 적당함 / 신축성: 적당함,True,0,jemut,상의,XL,다크그레이,2026,6,3,수,5,응답,정사이즈,화면과 비슷,,,적당함,적당함,,,,,3.0,3.0,,0.0,0.0,0.0,0.0,,,원단이 생각보다 탄탄해서 잘 늘어나지 않고 오래입을 수 있을 거 같아요. 너무 부담스럽지 않은 크롭기장이라 데일리로 입기 좋고 핏도 너무 벙벙하지 않게 이쁘네요.,원단이생각보다탄탄해서잘늘어나지않고오래입을수있을거같아요너무부담스럽지않은크롭기장이라데일리로입기좋고핏도너무벙벙하지않게이쁘네요,0,0,0,0,0,False,90,66,90,True,뷸닭볶음면,"('XL', '다크그레이')",0,False,1,keep,unique,True,84934259
4969807,84934407,general,랩이좋은노랑래플,화면에서 보는 그대로에요. 생각했던 것보단 두께감이 있지만 잘 입을 것 같아요.,5.0,False,BLACK · XL,184.0,80.0,여성,2026-06-04 00:04:01,사이즈: 정사이즈 / 화면 대비 색감: 화면과 비슷 / 퀄리티: 보통 / 신축성: 전혀 없음,False,0,filluminate,하의,XL,BLACK,2026,6,4,목,5,응답,정사이즈,화면과 비슷,보통,,,전혀 없음,,,3.0,,1.0,,,0.0,0.0,0.0,0.0,,,화면에서 보는 그대로에요. 생각했던 것보단 두께감이 있지만 잘 입을 것 같아요.,화면에서보는그대로에요생각했던것보단두께감이있지만잘입을것같아요,0,0,0,0,0,False,44,32,44,True,랩이좋은노랑래플,"('XL', 'BLACK')",0,False,1,keep,unique,True,84934407
6391691,84934529,general,소중한이대슬림,색감도 핏감도 맘에들어요 여름시즌 내내 잘 입고 다닐듯,5.0,False,LIGHT BLUE · [Crop ver.] M,162.0,65.0,missing,2026-06-04 00:13:04,사이즈: 정사이즈 / 화면 대비 색감: 화면과 비슷 / 퀄리티: 좋음 / 구김: 약간 있음,True,0,filluminate,상의,M,LIGHT BLUE [Crop ver.],2026,6,4,목,5,응답,정사이즈,화면과 비슷,좋음,약간 있음,,,,,4.0,,,,3.0,0.0,0.0,0.0,0.0,,,색감도 핏감도 맘에들어요 여름시즌 내내 잘 입고 다닐듯,색감도핏감도맘에들어요여름시즌내내잘입고다닐듯,0,0,0,0,0,False,30,23,30,True,소중한이대슬림,"('M', 'LIGHT BLUE [Crop ver.]')",0,False,1,keep,unique,True,84934529
6394383,84934543,experience,힙한호이안뮬,"안녕하세요:) 이번에 처음으로 체험단에 당첨되어 필루미네이트 FLM 스몰 로고 피그먼트 티셔츠를 착용해보게 되었습니다.  평소 관심 있던 브랜드라 더욱 기대가 되었는데, 직접 입어보니 쫀쫀하면서도 여유있는 핏이 전혀 불편하지 않으면서 스타일을 연출하기 괜찮았고, 특히 색감이 만족스러웠습니다. 베이지색과 매칭해도 어울렸고 사진에는 없지만 청바지와도 잘 어울렸네요!  좋은 기회로 체험해볼 수 있어서 즐거웠고, 기본티 한장만으로도 여유있게 꾸안꾸 데이트룩 스타일을 연출하고 싶으신 분들께 추천드리고 싶습니다.",5.0,True,L,177.0,75.0,남성,2026-06-04 00:14:04,사이즈: 정사이즈 / 화면 대비 색감: 화면과 비슷 / 두께감: 얇음 / 신축성: 강함,True,0,filluminate,상의,L,,2026,6,4,목,5,응답,정사이즈,화면과 비슷,,,얇음,강함,,,,,4.0,2.0,,0.0,0.0,0.0,0.0,,,"안녕하세요:) 이번에 처음으로 체험단에 당첨되어 필루미네이트 FLM 스몰 로고 피그먼트 티셔츠를 착용해보게 되었습니다. 평소 관심 있던 브랜드라 더욱 기대가 되었는데, 직접 입어보니 쫀쫀하면서도 여유있는 핏이 전혀 불편하지 않으면서 스타일을 연출하기 괜찮았고, 특히 색감이 만족스러웠습니다. 베이지색과 매칭해도 어울렸고 사진에는 없지만 청바지와도 잘 어울렸네요! 좋은 기회로 체험해볼 수 있어서 즐거웠고, 기본티 한장만으로도 여유있게 꾸안꾸 데이트룩 스타일을 연출하고 싶으신 분들께 추천드리고 싶습니다.",안녕하세요이번에처음으로체험단에당첨되어필루미네이트flm스몰로고피그먼트티셔츠를착용해보게되었습니다평소관심있던브랜드라더욱기대가되었는데직접입어보니쫀쫀하면서도여유있는핏이전혀불편하지않으면서스타일을연출하기괜찮았고특히색감이만족스러웠습니다베이지색과매칭해도어울렸고사진에는없지만청바지와도잘어울렸네요좋은기회로체험해볼수있어서즐거웠고기본티한장만으로도여유있게꾸안꾸데이트룩스타일을연출하고싶으신분들께추천드리고싶습니다,0,0,1,0,0,False,283,211,281,True,힙한호이안뮬,"('L', None)",0,False,1,keep,unique,True,84934543
5911789,84934911,style,낮은인디고고글,베이지 색이 예쁘고 핏이 잘 떨어집니다 배송이 조금 느려서 아쉬웠습니다,3.0,False,BEIGE · S,173.0,60.0,남성,2026-06-04 00:43:54,사이즈: 조금 큼 / 화면 대비 색감: 화면과 비슷 / 퀄리티: 보통 / 신축성: 적당함,True,0,filluminate,하의,S,BEIGE,2026,6,4,목,3,응답,조금 큼,화면과 비슷,보통,,,적당함,,,3.0,,3.0,,,1.0,1.0,0.0,0.0,,,베이지 색이 예쁘고 핏이 잘 떨어집니다 배송이 조금 느려서 아쉬웠습니다,베이지색이예쁘고핏이잘떨어집니다배송이조금느려서아쉬웠습니다,0,0,0,0,0,False,39,30,39,True,낮은인디고고글,"('S', 'BEIGE')",0,False,1,keep,unique,True,84934911
4969807,84934921,style,드타링,이뻐요 린넨이라기엔 약간 무거운 느낌이 있네요. 한여름에 걱정됨,4.0,False,BEIGE · M,170.0,63.0,남성,2026-06-04 00:44:25,사이즈: 정사이즈 / 화면 대비 색감: 화면과 비슷 / 퀄리티: 좋음 / 신축성: 거의 없음,True,0,filluminate,하의,M,BEIGE,2026,6,4,목,4,응답,정사이즈,화면과 비슷,좋음,,,거의 없음,,,4.0,,2.0,,,0.0,0.0,0.0,0.0,,,이뻐요 린넨이라기엔 약간 무거운 느낌이 있네요. 한여름에 걱정됨,이뻐요린넨이라기엔약간무거운느낌이있네요한여름에걱정됨,0,0,0,0,0,False,35,27,35,True,드타링,"('M', 'BEIGE')",0,False,2,keep,multi_type_dup,True,84934921
﻿3399783,84935039,general,whathe,사이즈감 좋고 프린트도 느낌있고 편하게입기 좋아요,5.0,False,LARGE,176.0,80.0,남성,2026-06-04 00:53:29,사이즈: 정사이즈 / 화면 대비 색감: 화면과 비슷 / 두께감: 적당함 / 신축성: 적당함,True,0,travel,상의,LARGE,,2026,6,4,목,5,응답,정사이즈,화면과 비슷,,,적당함,적당함,,,,,3.0,3.0,,0.0,0.0,0.0,0.0,,,사이즈감 좋고 프린트도 느낌있고 편하게입기 좋아요,사이즈감좋고프린트도느낌있고편하게입기좋아요,0,0,0,0,0,False,27,22,27,True,whathe,"('LARGE', None)",0,False,1,keep,unique,True,84935039
3455892,84935158,style,재순재순,굿굿 역시 믿고구매하는 무신사제품이에요!! 두께도괜찮고 핏도괜찮아요!,5.0,False,XL,181.0,95.0,남성,2026-06-04 00:58:08,사이즈: 정사이즈 / 화면 대비 색감: 화면과 비슷 / 퀄리티: 보통 / 두께감: 적당함,True,0,filluminate,아우터,XL,,2026,6,4,목,5,응답,정사이즈,화면과 비슷,보통,,적당함,,,,3.0,,,3.0,,0.0,0.0,0.0,0.0,,,굿굿 역시 믿고구매하는 무신사제품이에요!! 두께도괜찮고 핏도괜찮아요!,굿굿역시믿고구매하는무신사제품이에요두께도괜찮고핏도괜찮아요,0,0,3,0,0,False,38,30,38,True,재순재순,"('XL', None)",0,False,1,keep,unique,True,84935158
1884943,84935268,general,공개된성수숄더백,세일할때 자주 사는 브랜드인데  가볍게 입기 좋아요!  낙낙하게 입으려고 구매했는데 만족했습니다~,5.0,False,EXTRA LARGE,157.0,55.0,여성,2026-06-04 01:01:43,사이즈: 정사이즈 / 화면 대비 색감: 어두움 / 두께감: 적당함 / 신축성: 거의 없음,False,0,travel,상의,EXTRA LARGE,,2026,6,4,목,5,응답,정사이즈,어두움,,,적당함,거의 없음,,,,,2.0,3.0,,0.0,0.0,-1.0,1.0,,,세일할때 자주 사는 브랜드인데 가볍게 입기 좋아요! 낙낙하게 입으려고 구매했는데 만족했습니다~,세일할때자주사는브랜드인데가볍게입기좋아요낙낙하게입으려고구매했는데만족했습니다,0,0,1,0,0,False,54,40,52,True,공개된성수숄더백,"('EXTRA LARGE', None)",0,False,1,keep,unique,True,84935268
6394341,84935467,experience,최신덕수궁빅카라,"신축성이 좋아 움직임이 많은 운동할 때도 편안하게 착용할 수 있었습니다. 원단 두께도 너무 얇거나 두껍지 않아 사계절 활용하기에 적당한 느낌이었습니다. 특히 운동 중 땀을 많이 흘렸는데도 옷이 과하게 젖는 느낌이 적어 쾌적하게 입을 수 있었습니다. 또한 소매 기장도 짧지 않아 운동하는 동안 말려 올라가거나 불편함이 없었고, 전반적으로 만족스러운 착용감을 느낄 수 있었습니다. 세탁 후에도 원단 변형이 크지 않았고 착용감 역시 처음과 비슷하게 유지되어 더욱 만족스러웠습니다. 운동뿐만 아니라 일상복으로 활용하기에도 무난한 제품이라고 생각합니다.",4.0,True,L,184.0,84.0,남성,2026-06-04 01:14:35,사이즈: 조금 작음 / 화면 대비 색감: 밝음 / 두께감: 적당함 / 신축성: 강함,True,0,filluminate,상의,L,,2026,6,4,목,4,응답,조금 작음,밝음,,,적당함,강함,,,,,4.0,3.0,,-1.0,1.0,1.0,1.0,,,"신축성이 좋아 움직임이 많은 운동할 때도 편안하게 착용할 수 있었습니다. 원단 두께도 너무 얇거나 두껍지 않아 사계절 활용하기에 적당한 느낌이었습니다. 특히 운동 중 땀을 많이 흘렸는데도 옷이 과하게 젖는 느낌이 적어 쾌적하게 입을 수 있었습니다. 또한 소매 기장도 짧지 않아 운동하는 동안 말려 올라가거나 불편함이 없었고, 전반적으로 만족스러운 착용감을 느낄 수 있었습니다. 세탁 후에도 원단 변형이 크지 않았고 착용감 역시 처음과 비슷하게 유지되어 더욱 만족스러웠습니다. 운동뿐만 아니라 일상복으로 활용하기에도 무난한 제품이라고 생각합니다.",신축성이좋아움직임이많은운동할때도편안하게착용할수있었습니다원단두께도너무얇거나두껍지않아사계절활용하기에적당한느낌이었습니다특히운동중땀을많이흘렸는데도옷이과하게젖는느낌이적어쾌적하게입을수있었습니다또한소매기장도짧지않아운동하는동안말려올라가거나불편함이없었고전반적으로만족스러운착용감을느낄수있었습니다세탁후에도원단변형이크지않았고착용감역시처음과비슷하게유지되어더욱만족스러웠습니다운동뿐만아니라일상복으로활용하기에도무난한제품이라고생각합니다,0,0,0,0,0,False,304,226,304,True,최신덕수궁빅카라,"('L', None)",0,False,1,keep,unique,True,84935467
4969899,84935688,general,오늘은영국쇼핑,색감도 좋고 사이즈도 다 괜찮은데 조금 아쉬운 건 박음질이 조금 아쉽습니다.,5.0,False,WHITE · L,181.0,75.0,남성,2026-06-04 01:37:18,사이즈: 정사이즈 / 화면 대비 색감: 어두움 / 퀄리티: 나쁨 / 구김: 약간 있음,False,0,filluminate,상의,L,WHITE,2026,6,4,목,5,응답,정사이즈,어두움,나쁨,약간 있음,,,,,2.0,,,,3.0,0.0,0.0,-1.0,1.0,,,색감도 좋고 사이즈도 다 괜찮은데 조금 아쉬운 건 박음질이 조금 아쉽습니다.,색감도좋고사이즈도다괜찮은데조금아쉬운건박음질이조금아쉽습니다,0,0,0,0,0,False,42,31,42,True,오늘은영국쇼핑,"('L', 'WHITE')",0,False,1,keep,unique,True,84935688
4969899,84935823,general,발랄한허드슨양말,생각보다 너무 커서 미래의 아들이 커서 입으라거 놔뒀어요. ㅋㅋ,3.0,False,SKY BLUE · M,169.0,70.0,여성,2026-06-04 02:00:08,사이즈: 조금 큼 / 화면 대비 색감: 화면과 비슷 / 퀄리티: 보통 / 구김: 약간 있음,False,0,filluminate,상의,M,SKY BLUE,2026,6,4,목,3,응답,조금 큼,화면과 비슷,보통,약간 있음,,,,,3.0,,,,3.0,1.0,1.0,0.0,0.0,,,생각보다 너무 커서 미래의 아들이 커서 입으라거 놔뒀어요. ㅋㅋ,생각보다너무커서미래의아들이커서입으라거놔뒀어요,2,0,0,0,0,False,35,24,35,True,발랄한허드슨양말,"('M', 'SKY BLUE')",0,False,1,keep,unique,True,84935823
4969889,84935991,general,라라바라라,"두께 적당해서 좋아요. 품, 길이 등 전체적으로 맘에 들어요",5.0,False,WHITE · [Crop ver.] XL,171.0,80.0,남성,2026-06-04 02:29:59,사이즈: 정사이즈 / 화면 대비 색감: 화면과 비슷 / 퀄리티: 매우 좋음 / 구김: 약간 있음,True,0,filluminate,상의,XL,WHITE [Crop ver.],2026,6,4,목,5,응답,정사이즈,화면과 비슷,매우 좋음,약간 있음,,,,,5.0,,,,3.0,0.0,0.0,0.0,0.0,,,"두께 적당해서 좋아요. 품, 길이 등 전체적으로 맘에 들어요",두께적당해서좋아요품길이등전체적으로맘에들어요,0,0,0,0,0,False,33,23,33,True,라라바라라,"('XL', 'WHITE [Crop ver.]')",0,False,2,keep,multi_type_dup,True,84935991
﻿1615818,84936357,general,대세는베이지장갑,요세 유행하는 오버핏 스타일입니다. 안감이 기모라서 겨울철 입기 좋습니다.,5.0,False,그레이 · XL,172.0,68.0,남성,2026-06-04 04:13:17,사이즈: 정사이즈 / 화면 대비 색감: 화면과 비슷 / 두께감: 두꺼움 / 퀄리티: 좋음,True,0,jemut,상의,XL,그레이,2026,6,4,목,5,응답,정사이즈,화면과 비슷,좋음,,두꺼움,,,,4.0,,,4.0,,0.0,0.0,0.0,0.0,,,요세 유행하는 오버핏 스타일입니다. 안감이 기모라서 겨울철 입기 좋습니다.,요세유행하는오버핏스타일입니다안감이기모라서겨울철입기좋습니다,0,0,0,0,0,False,41,31,41,True,대세는베이지장갑,"('XL', '그레이')",0,False,1,keep,unique,True,84936357
4697060,84936378,general,Lee.d,s치고는 조금 크게 나온거 같아요 배송도 빠르고 가격은 저렴해서 좋네요,5.0,False,S,173.0,65.0,남성,2026-06-04 04:23:22,사이즈: 조금 큼 / 화면 대비 색감: 화면과 비슷 / 두께감: 얇음 / 퀄리티: 보통,False,0,filluminate,상의,S,,2026,6,4,목,5,응답,조금 큼,화면과 비슷,보통,,얇음,,,,3.0,,,2.0,,1.0,1.0,0.0,0.0,,,s치고는 조금 크게 나온거 같아요 배송도 빠르고 가격은 저렴해서 좋네요,s치고는조금크게나온거같아요배송도빠르고가격은저렴해서좋네요,0,0,0,0,0,False,39,29,39,True,Lee.d,"('S', None)",0,False,1,keep,unique,True,84936378
﻿6394320,84936554,experience,활동적인라임세럼,"📍사이즈 및 핏 스펙, 172cm에 70kg입니다. 모델분 입으신 것 보고 박시한 티를 생각하고 L사이즈로 주문했는데, 여성 170대에게는 오히려 어깨가 더 넓어지는 핏이었습니다. 원단자체가 흐르는 느낌은 아니어서 어깨선 크기만큼 어깨로 보이더라구요. 체형커버를 위해 저와 비슷한 스펙이신 분들 중 남성분들은 L사이즈로 가시면 좋을 것 같고(어깨가 좀 더 넓어집니다), 여성분들은 오히려 S사이즈로 핏하게 가는게 더 예쁠 것 같아요. (단 160대 여성분들에게는 L사이즈 오버핏으로 예쁘게 맞을 수도 있으니 다른 후기들 참고하세요)  📍원단감 및 착용감 20수 코튼 100% 원단이라 확실히 가볍고 얇으면서도 짱짱한 느낌이 있습니다. 아이보리 색상인데도 얇은 원단감에 비해 비침이 심하지 않아 저는 그냥 연한 색 속옷 위에 입어줬어용. 안에 핑크색 속옷 받쳐 입으니.. 실루엣 정도는 보여요.  📍디자인 및 디테일 앞면: 미니멀하고 깔끔한 브랜드 로고만 작게 들어가 있어서 단품으로 입거나 가디건, 자켓 안에 이너로 매치하기에 좋아요. 뒷면: 후면에 큼직하게 들어간 폴라로이드 포토 그래픽.  이 티셔츠 한 장에 청바지나 스커트만 입어줘도 예쁜 티예요.  총평!! 사이즈만 잘 선택하시면 좋을 것 같아요, 티셔츠 자체는 예뻐요",5.0,True,L,172.0,70.0,여성,2026-06-04 05:39:55,사이즈: 많이 큼 / 화면 대비 색감: 화면과 비슷 / 두께감: 적당함 / 신축성: 강함,True,0,filluminate,상의,L,,2026,6,4,목,5,응답,많이 큼,화면과 비슷,,,적당함,강함,,,,,4.0,3.0,,2.0,2.0,0.0,0.0,,,"사이즈 및 핏 스펙, 172cm에 70kg입니다. 모델분 입으신 것 보고 박시한 티를 생각하고 L사이즈로 주문했는데, 여성 170대에게는 오히려 어깨가 더 넓어지는 핏이었습니다. 원단자체가 흐르는 느낌은 아니어서 어깨선 크기만큼 어깨로 보이더라구요. 체형커버를 위해 저와 비슷한 스펙이신 분들 중 남성분들은 L사이즈로 가시면 좋을 것 같고(어깨가 좀 더 넓어집니다), 여성분들은 오히려 S사이즈로 핏하게 가는게 더 예쁠 것 같아요. (단 160대 여성분들에게는 L사이즈 오버핏으로 예쁘게 맞을 수도 있으니 다른 후기들 참고하세요) 원단감 및 착용감 20수 코튼 100% 원단이라 확실히 가볍고 얇으면서도 짱짱한 느낌이 있습니다. 아이보리 색상인데도 얇은 원단감에 비해 비침이 심하지 않아 저는 그냥 연한 색 속옷 위에 입어줬어용. 안에 핑크색 속옷 받쳐 입으니.. 실루엣 정도는 보여요. 디자인 및 디테일 앞면: 미니멀하고 깔끔한 브랜드 로고만 작게 들어가 있어서 단품으로 입거나 가디건, 자켓 안에 이너로 매치하기에 좋아요. 뒷면: 후면에 큼직하게 들어간 폴라로이드 포토 그래픽. 이 티셔츠 한 장에 청바지나 스커트만 입어줘도 예쁜 티예요. 총평!! 사이즈만 잘 선택하시면 좋을 것 같아요, 티셔츠 자체는 예뻐요",사이즈및핏스펙172cm에70kg입니다모델분입으신것보고박시한티를생각하고l사이즈로주문했는데여성170대에게는오히려어깨가더넓어지는핏이었습니다원단자체가흐르는느낌은아니어서어깨선크기만큼어깨로보이더라구요체형커버를위해저와비슷한스펙이신분들중남성분들은l사이즈로가시면좋을것같고어깨가좀더넓어집니다여성분들은오히려s사이즈로핏하게가는게더예쁠것같아요단160대여성분들에게는l사이즈오버핏으로예쁘게맞을수도있으니다른후기들참고하세요원단감및착용감20수코튼100원단이라확실히가볍고얇으면서도짱짱한느낌이있습니다아이보리색상인데도얇은원단감에비해비침이심하지않아저는그냥연한색속옷위에입어줬어용안에핑크색속옷받쳐입으니실루엣정도는보여요디자인및디테일앞면미니멀하고깔끔한브랜드로고만작게들어가있어서단품으로입거나가디건자켓안에이너로매치하기에좋아요뒷면후면에큼직하게들어간폴라로이드포토그래픽이티셔츠한장에청바지나스커트만입어줘도예쁜티예요총평사이즈만잘선택하시면좋을것같아요티셔츠자체는예뻐요,0,0,2,0,3,False,630,426,623,True,활동적인라임세럼,"('L', None)",0,False,1,keep,unique,True,84936554
3792018,84936595,general,명예로운크림탱크,아주 편하고 좋습니다 조금 많이 큽니다 기장도 길고,5.0,False,M,186.0,82.0,남성,2026-06-04 06:00:54,사이즈: 조금 큼 / 화면 대비 색감: 어두움 / 퀄리티: 매우 좋음 / 신축성: 적당함,False,0,filluminate,하의,M,,2026,6,4,목,5,응답,조금 큼,어두움,매우 좋음,,,적당함,,,5.0,,3.0,,,1.0,1.0,-1.0,1.0,,,아주 편하고 좋습니다 조금 많이 큽니다 기장도 길고,아주편하고좋습니다조금많이큽니다기장도길고,0,0,0,0,0,False,28,21,28,True,명예로운크림탱크,"('M', None)",0,False,1,keep,unique,True,84936595
3455892,84937475,general,침착한코랄로맨틱,가격 대비 품질이 정말 좋아서 꼭 재구매 할 것 같아요,5.0,False,L,173.0,70.0,남성,2026-06-04 09:01:24,사이즈: 정사이즈 / 화면 대비 색감: 화면과 비슷 / 퀄리티: 보통 / 두께감: 적당함,False,0,filluminate,아우터,L,,2026,6,4,목,5,응답,정사이즈,화면과 비슷,보통,,적당함,,,,3.0,,,3.0,,0.0,0.0,0.0,0.0,,,가격 대비 품질이 정말 좋아서 꼭 재구매 할 것 같아요,가격대비품질이정말좋아서꼭재구매할것같아요,0,0,0,0,0,False,30,21,30,True,침착한코랄로맨틱,"('L', None)",0,False,1,keep,unique,True,84937475
6140944,84938143,general,친근한플럼벨라인,사진보다 실물이 더 예뻐요~ 완전 강추! 이번 여름에 자주 입고 다닐거같아요 :),5.0,False,CHARCOAL · L,178.0,72.0,남성,2026-06-04 09:53:45,사이즈: 정사이즈 / 화면 대비 색감: 화면과 비슷 / 두께감: 적당함 / 신축성: 적당함,False,0,filluminate,상의,L,CHARCOAL,2026,6,4,목,5,응답,정사이즈,화면과 비슷,,,적당함,적당함,,,,,3.0,3.0,,0.0,0.0,0.0,0.0,,,사진보다 실물이 더 예뻐요~ 완전 강추! 이번 여름에 자주 입고 다닐거같아요 :),사진보다실물이더예뻐요완전강추이번여름에자주입고다닐거같아요,0,0,1,0,0,False,45,30,45,True,친근한플럼벨라인,"('L', 'CHARCOAL')",0,False,1,keep,unique,True,84938143
3244829,84938281,general,은밀한살구색퍼,중학생아들 입으려고 샀어요 교복입듯 편하게 매일 입고 다녀요,5.0,False,그레이 · XL,173.0,74.0,남성,2026-06-04 10:03:50,사이즈: 정사이즈 / 화면 대비 색감: 화면과 비슷 / 퀄리티: 보통 / 신축성: 적당함,False,0,jemut,하의,XL,그레이,2026,6,4,목,5,응답,정사이즈,화면과 비슷,보통,,,적당함,,,3.0,,3.0,,,0.0,0.0,0.0,0.0,,,중학생아들 입으려고 샀어요 교복입듯 편하게 매일 입고 다녀요,중학생아들입으려고샀어요교복입듯편하게매일입고다녀요,0,0,0,0,0,False,33,26,33,True,은밀한살구색퍼,"('XL', '그레이')",0,False,1,keep,unique,True,84938281
3791988,84938464,general,제인천사,처음에 주문했을때 재고가 있어서 주문했는데 다음날 재고가 없다고 일방적으로 취소해서 기분이 상했는데 곧바로다시 주문했더니 재고가 있더라구요. 그래서 바지를 받았는데 색상도 핏도 마음에 들었습니다.,3.0,False,XL,181.0,67.0,남성,2026-06-04 10:17:58,사이즈: 정사이즈 / 화면 대비 색감: 화면과 비슷 / 퀄리티: 보통 / 신축성: 적당함,False,0,filluminate,하의,XL,,2026,6,4,목,3,응답,정사이즈,화면과 비슷,보통,,,적당함,,,3.0,,3.0,,,0.0,0.0,0.0,0.0,,,처음에 주문했을때 재고가 있어서 주문했는데 다음날 재고가 없다고 일방적으로 취소해서 기분이 상했는데 곧바로다시 주문했더니 재고가 있더라구요. 그래서 바지를 받았는데 색상도 핏도 마음에 들었습니다.,처음에주문했을때재고가있어서주문했는데다음날재고가없다고일방적으로취소해서기분이상했는데곧바로다시주문했더니재고가있더라구요그래서바지를받았는데색상도핏도마음에들었습니다,0,0,0,0,0,False,109,85,109,True,제인천사,"('XL', None)",0,False,1,keep,unique,True,84938464
6140944,84938508,general,제인천사,바지와 같이 입으려고 주문했는데 색상도 핏도 마음에 들었습니다.  화면도 그대로이구요. 데일리로 코디해서 잘 이고 다니고 있습니다. 구입하길 잘 한 것 같습니다.,3.0,False,MELANGE GREY · L,181.0,67.0,남성,2026-06-04 10:20:33,사이즈: 정사이즈 / 화면 대비 색감: 화면과 비슷 / 두께감: 적당함 / 신축성: 적당함,False,0,filluminate,상의,L,MELANGE GREY,2026,6,4,목,3,응답,정사이즈,화면과 비슷,,,적당함,적당함,,,,,3.0,3.0,,0.0,0.0,0.0,0.0,,,바지와 같이 입으려고 주문했는데 색상도 핏도 마음에 들었습니다. 화면도 그대로이구요. 데일리로 코디해서 잘 이고 다니고 있습니다. 구입하길 잘 한 것 같습니다.,바지와같이입으려고주문했는데색상도핏도마음에들었습니다화면도그대로이구요데일리로코디해서잘이고다니고있습니다구입하길잘한것같습니다,0,0,0,0,0,False,90,65,89,True,제인천사,"('L', 'MELANGE GREY')",0,False,1,keep,unique,True,84938508
6322928,84938551,general,깔롱한고양이,재질이 얇아서 시원하지만 구김이 잘간다는 단점도 있습니다! 그래도 이뻐서 자주손이 가요,4.0,False,L,180.0,64.0,남성,2026-06-04 10:23:40,사이즈: 정사이즈 / 화면 대비 색감: 밝음 / 퀄리티: 보통 / 신축성: 거의 없음,False,0,filluminate,하의,L,,2026,6,4,목,4,응답,정사이즈,밝음,보통,,,거의 없음,,,3.0,,2.0,,,0.0,0.0,1.0,1.0,,,재질이 얇아서 시원하지만 구김이 잘간다는 단점도 있습니다! 그래도 이뻐서 자주손이 가요,재질이얇아서시원하지만구김이잘간다는단점도있습니다그래도이뻐서자주손이가요,0,0,1,0,0,False,48,37,48,True,깔롱한고양이,"('L', None)",0,False,1,keep,unique,True,84938551
﻿6338111,84938563,general,모리왕,빠르게잘받았구요 사이즈도 잘맞고 이쁘네요 잘입을게요!,5.0,False,브라운 · XL,180.0,85.0,남성,2026-06-04 10:24:42,사이즈: 정사이즈 / 화면 대비 색감: 화면과 비슷 / 퀄리티: 보통 / 신축성: 적당함,False,0,jemut,하의,XL,브라운,2026,6,4,목,5,응답,정사이즈,화면과 비슷,보통,,,적당함,,,3.0,,3.0,,,0.0,0.0,0.0,0.0,,,빠르게잘받았구요 사이즈도 잘맞고 이쁘네요 잘입을게요!,빠르게잘받았구요사이즈도잘맞고이쁘네요잘입을게요,0,0,1,0,0,False,29,24,29,True,모리왕,"('XL', '브라운')",0,False,1,keep,unique,True,84938563
4022791,84938648,general,저녁은뭘까,"색감, 두께, 핏 전부 만족합니다. 감사히 잘 입겠습니다.",5.0,False,버건디 · M,168.0,66.0,남성,2026-06-04 10:31:12,사이즈: 정사이즈 / 화면 대비 색감: 화면과 비슷 / 두께감: 적당함 / 신축성: 적당함,True,0,jemut,상의,M,버건디,2026,6,4,목,5,응답,정사이즈,화면과 비슷,,,적당함,적당함,,,,,3.0,3.0,,0.0,0.0,0.0,0.0,,,"색감, 두께, 핏 전부 만족합니다. 감사히 잘 입겠습니다.",색감두께핏전부만족합니다감사히잘입겠습니다,0,0,0,0,0,False,32,21,32,True,저녁은뭘까,"('M', '버건디')",0,False,1,keep,unique,True,84938648
﻿4022791,84938657,style,저녁은뭘까,"색감, 두께, 핏 전부 만족합니다. 감사히 잘 입겠습니다.",5.0,False,버건디 · M,168.0,66.0,남성,2026-06-04 10:31:37,사이즈: 정사이즈 / 화면 대비 색감: 화면과 비슷 / 두께감: 적당함 / 신축성: 적당함,True,0,jemut,상의,M,버건디,2026,6,4,목,5,응답,정사이즈,화면과 비슷,,,적당함,적당함,,,,,3.0,3.0,,0.0,0.0,0.0,0.0,,,"색감, 두께, 핏 전부 만족합니다. 감사히 잘 입겠습니다.",색감두께핏전부만족합니다감사히잘입겠습니다,0,0,0,0,0,False,32,21,32,True,저녁은뭘까,"('M', '버건디')",0,False,1,keep,unique,True,84938657
3791891,84938695,general,와카,살짝 오버핏스럽게 입을수있어요 이 가격에 이정도 퀄리티 매우 만족스럽습니다,5.0,False,L,177.0,70.0,남성,2026-06-04 10:35:06,사이즈: 조금 큼 / 화면 대비 색감: 화면과 비슷 / 퀄리티: 좋음 / 구김: 거의 없음,True,0,filluminate,상의,L,,2026,6,4,목,5,응답,조금 큼,화면과 비슷,좋음,거의 없음,,,,,4.0,,,,4.0,1.0,1.0,0.0,0.0,,,살짝 오버핏스럽게 입을수있어요 이 가격에 이정도 퀄리티 매우 만족스럽습니다,살짝오버핏스럽게입을수있어요이가격에이정도퀄리티매우만족스럽습니다,0,0,0,0,0,False,41,33,41,True,와카,"('L', None)",0,False,1,keep,unique,True,84938695
﻿6140812,84938733,general,버거랑사과랑,핏이 정말 좋아요 팔뚝도 잘 가려지고 길이도 너무 짧지 않아 좋아요,5.0,False,M,165.0,65.0,여성,2026-06-04 10:36:59,사이즈: 정사이즈 / 화면 대비 색감: 화면과 비슷 / 두께감: 적당함 / 신축성: 적당함,False,0,filluminate,상의,M,,2026,6,4,목,5,응답,정사이즈,화면과 비슷,,,적당함,적당함,,,,,3.0,3.0,,0.0,0.0,0.0,0.0,,,핏이 정말 좋아요 팔뚝도 잘 가려지고 길이도 너무 짧지 않아 좋아요,핏이정말좋아요팔뚝도잘가려지고길이도너무짧지않아좋아요,0,0,0,0,0,False,37,27,37,True,버거랑사과랑,"('M', None)",0,False,1,keep,unique,True,84938733
4728678,84938806,general,와카,지퍼 퀄리티가 좀 안좋은거 같은데 그래도 가격대비 만족스럽습니다,5.0,False,L,177.0,70.0,남성,2026-06-04 10:40:22,사이즈: 정사이즈 / 화면 대비 색감: 화면과 비슷 / 퀄리티: 보통 / 두께감: 적당함,True,0,filluminate,아우터,L,,2026,6,4,목,5,응답,정사이즈,화면과 비슷,보통,,적당함,,,,3.0,,,3.0,,0.0,0.0,0.0,0.0,,,지퍼 퀄리티가 좀 안좋은거 같은데 그래도 가격대비 만족스럽습니다,지퍼퀄리티가좀안좋은거같은데그래도가격대비만족스럽습니다,0,0,0,0,0,False,35,28,35,True,와카,"('L', None)",0,False,1,keep,unique,True,84938806
1884943,84938920,general,정제된방배손수건,혹시나 해서 손빨래했는데 물 빠짐 장난아니네여..,1.0,False,LARGE,170.0,78.0,남성,2026-06-04 10:47:23,사이즈: 정사이즈 / 화면 대비 색감: 화면과 비슷 / 두께감: 적당함 / 신축성: 적당함,True,0,travel,상의,LARGE,,2026,6,4,목,1,응답,정사이즈,화면과 비슷,,,적당함,적당함,,,,,3.0,3.0,,0.0,0.0,0.0,0.0,,,혹시나 해서 손빨래했는데 물 빠짐 장난아니네여..,혹시나해서손빨래했는데물빠짐장난아니네여,0,0,0,0,0,False,27,20,27,True,정제된방배손수건,"('LARGE', None)",1,True,1,keep,unique,True,84938920
4728678,84938951,general,거친오슬로정장,길이가 적당해요 추천합니다  두껍지 읺아서 좋이요,5.0,False,L,180.0,66.0,남성,2026-06-04 10:50:44,사이즈: 정사이즈 / 화면 대비 색감: 화면과 비슷 / 퀄리티: 보통 / 두께감: 적당함,True,0,filluminate,아우터,L,,2026,6,4,목,5,응답,정사이즈,화면과 비슷,보통,,적당함,,,,3.0,,,3.0,,0.0,0.0,0.0,0.0,,,길이가 적당해요 추천합니다 두껍지 읺아서 좋이요,길이가적당해요추천합니다두껍지읺아서좋이요,0,0,0,0,0,False,27,21,26,True,거친오슬로정장,"('L', None)",0,False,1,keep,unique,True,84938951
4969807,84939025,general,Rosearia,와이드팬츠 처음구매해보는데 많이크네요. 넓어서 여름에입는건 좋을거같습니다. 가격도 적당하고 맘에들어요,5.0,False,BEIGE · M,173.0,67.0,남성,2026-06-04 10:56:08,사이즈: 많이 큼 / 화면 대비 색감: 화면과 비슷 / 퀄리티: 좋음 / 신축성: 적당함,False,0,filluminate,하의,M,BEIGE,2026,6,4,목,5,응답,많이 큼,화면과 비슷,좋음,,,적당함,,,4.0,,3.0,,,2.0,2.0,0.0,0.0,,,와이드팬츠 처음구매해보는데 많이크네요. 넓어서 여름에입는건 좋을거같습니다. 가격도 적당하고 맘에들어요,와이드팬츠처음구매해보는데많이크네요넓어서여름에입는건좋을거같습니다가격도적당하고맘에들어요,0,0,0,0,0,False,56,46,56,True,Rosearia,"('M', 'BEIGE')",0,False,1,keep,unique,True,84939025
4697060,84939279,general,심오한청록포멀룩,구매평보고 구멍 났나 살펴봤는데 깨끗합니다. 옷 깔끔하고 예쁨,5.0,False,M,170.0,64.0,여성,2026-06-04 11:15:23,사이즈: 정사이즈 / 화면 대비 색감: 밝음 / 두께감: 얇음 / 퀄리티: 매우 좋음,True,0,filluminate,상의,M,,2026,6,4,목,5,응답,정사이즈,밝음,매우 좋음,,얇음,,,,5.0,,,2.0,,0.0,0.0,1.0,1.0,,,구매평보고 구멍 났나 살펴봤는데 깨끗합니다. 옷 깔끔하고 예쁨,구매평보고구멍났나살펴봤는데깨끗합니다옷깔끔하고예쁨,0,0,0,0,0,False,34,26,34,True,심오한청록포멀룩,"('M', None)",0,False,1,keep,unique,True,84939279
4987047,84939436,general,권장법사,저번에 구매하고 재구매합니다 기본티로 좋아요,5.0,False,그레이 · M,169.0,63.0,남성,2026-06-04 11:28:52,사이즈: 정사이즈 / 화면 대비 색감: 화면과 비슷 / 두께감: 적당함 / 신축성: 적당함,False,0,jemut,상의,M,그레이,2026,6,4,목,5,응답,정사이즈,화면과 비슷,,,적당함,적당함,,,,,3.0,3.0,,0.0,0.0,0.0,0.0,,,저번에 구매하고 재구매합니다 기본티로 좋아요,저번에구매하고재구매합니다기본티로좋아요,0,0,0,0,0,False,24,20,24,True,권장법사,"('M', '그레이')",0,False,1,keep,unique,True,84939436
6205180,84939849,style,낭만낭만낭만,신장:178 체중:72 체형인 저에겐 머슬핏 같이 보여 조금 운동한 사람처럼 보여지는 효과가 있네요^^ 원단도 부드러우면서 변형도 없고 얇은 느낌이라 더위를 많이 타는 저로서는 너무 좋습니다! 강추 합니다♡,5.0,False,L,178.0,70.0,남성,2026-06-05 14:06:22,사이즈: 정사이즈 / 화면 대비 색감: 화면과 비슷 / 두께감: 적당함 / 신축성: 적당함,True,0,travel,상의,L,,2026,6,5,금,5,응답,정사이즈,화면과 비슷,,,적당함,적당함,,,,,3.0,3.0,,0.0,0.0,0.0,0.0,,,신장:178 체중:72 체형인 저에겐 머슬핏 같이 보여 조금 운동한 사람처럼 보여지는 효과가 있네요^^ 원단도 부드러우면서 변형도 없고 얇은 느낌이라 더위를 많이 타는 저로서는 너무 좋습니다! 강추 합니다♡,신장178체중72체형인저에겐머슬핏같이보여조금운동한사람처럼보여지는효과가있네요원단도부드러우면서변형도없고얇은느낌이라더위를많이타는저로서는너무좋습니다강추합니다,0,0,1,0,0,False,115,78,115,True,낭만낭만낭만,"('L', None)",0,False,1,keep,unique,True,84939849
5129630,84940210,general,설ㄸ,슬럽감도 잘 느껴지고 사이즈도 잘맞아요 여름에 잘입을게요,5.0,False,아이보리 · M,171.0,74.0,남성,2026-06-04 12:26:45,사이즈: 정사이즈 / 화면 대비 색감: 화면과 비슷 / 두께감: 적당함 / 신축성: 적당함,True,0,jemut,상의,M,아이보리,2026,6,4,목,5,응답,정사이즈,화면과 비슷,,,적당함,적당함,,,,,3.0,3.0,,0.0,0.0,0.0,0.0,,,슬럽감도 잘 느껴지고 사이즈도 잘맞아요 여름에 잘입을게요,슬럽감도잘느껴지고사이즈도잘맞아요여름에잘입을게요,0,0,0,0,0,False,31,25,31,True,설ㄸ,"('M', '아이보리')",0,False,1,keep,unique,True,84940210
﻿5129630,84940223,style,설ㄸ,기장 사이즈 다 잘맞아요 이너든 단품이든 잘 입을 수 있을거같아요,5.0,False,아이보리 · M,171.0,74.0,남성,2026-06-04 12:27:35,사이즈: 정사이즈 / 화면 대비 색감: 화면과 비슷 / 두께감: 적당함 / 신축성: 적당함,True,0,jemut,상의,M,아이보리,2026,6,4,목,5,응답,정사이즈,화면과 비슷,,,적당함,적당함,,,,,3.0,3.0,,0.0,0.0,0.0,0.0,,,기장 사이즈 다 잘맞아요 이너든 단품이든 잘 입을 수 있을거같아요,기장사이즈다잘맞아요이너든단품이든잘입을수있을거같아요,0,0,0,0,0,False,36,27,36,True,설ㄸ,"('M', '아이보리')",0,False,1,keep,unique,True,84940223
3244829,84940362,general,뭇신사랑햐,이 바지만 벌써 네개째임 버뮤다 추리링 중에선 최고에여 좀 두껍긴 하지만 틴탄하구 조음,5.0,False,블랙 · XL,172.0,58.0,여성,2026-06-04 12:37:52,사이즈: 많이 큼 / 화면 대비 색감: 화면과 비슷 / 퀄리티: 매우 좋음 / 신축성: 매우 강함,False,0,jemut,하의,XL,블랙,2026,6,4,목,5,응답,많이 큼,화면과 비슷,매우 좋음,,,매우 강함,,,5.0,,5.0,,,2.0,2.0,0.0,0.0,,,이 바지만 벌써 네개째임 버뮤다 추리링 중에선 최고에여 좀 두껍긴 하지만 틴탄하구 조음,이바지만벌써네개째임버뮤다추리링중에선최고에여좀두껍긴하지만틴탄하구조음,0,0,0,0,0,False,48,36,48,True,뭇신사랑햐,"('XL', '블랙')",0,False,1,keep,unique,True,84940362
4987047,84940384,general,Secado7,빨래 한번돌리고 목늘어나는거는 처음 보네요.. 아쉽습니다,1.0,False,그레이 · XL,183.0,82.0,남성,2026-06-04 12:39:04,사이즈: 정사이즈 / 화면 대비 색감: 어두움 / 두께감: 적당함 / 신축성: 거의 없음,False,0,jemut,상의,XL,그레이,2026,6,4,목,1,응답,정사이즈,어두움,,,적당함,거의 없음,,,,,2.0,3.0,,0.0,0.0,-1.0,1.0,,,빨래 한번돌리고 목늘어나는거는 처음 보네요.. 아쉽습니다,빨래한번돌리고목늘어나는거는처음보네요아쉽습니다,0,0,0,0,0,False,31,24,31,True,Secado7,"('XL', '그레이')",0,False,1,keep,unique,True,84940384
﻿3551178,84940604,style,박동환1340,"색감이 잘 빠진거 같아요 기장감도 적당하고, 봄, 가을에 입기 좋을거같아요",5.0,False,버건디 · L,180.0,72.0,남성,2026-06-04 12:52:55,사이즈: 정사이즈 / 화면 대비 색감: 화면과 비슷 / 두께감: 두꺼움 / 퀄리티: 좋음,True,0,jemut,아우터,L,버건디,2026,6,4,목,5,응답,정사이즈,화면과 비슷,좋음,,두꺼움,,,,4.0,,,4.0,,0.0,0.0,0.0,0.0,,,"색감이 잘 빠진거 같아요 기장감도 적당하고, 봄, 가을에 입기 좋을거같아요",색감이잘빠진거같아요기장감도적당하고봄가을에입기좋을거같아요,0,0,0,0,0,False,41,30,41,True,박동환1340,"('L', '버건디')",0,False,1,keep,unique,True,84940604
4987047,84940694,general,xcmxcm,"생각보다 많이 좀 두껍고, 큰 느낌이고 타사 크롭 반팔 티셔츠랑 비교하면 긴 편",3.0,False,브릭레드 · M,160.0,50.0,여성,2026-06-04 12:57:40,사이즈: 조금 큼 / 화면 대비 색감: 화면과 비슷 / 두께감: 적당함 / 신축성: 적당함,False,0,jemut,상의,M,브릭레드,2026,6,4,목,3,응답,조금 큼,화면과 비슷,,,적당함,적당함,,,,,3.0,3.0,,1.0,1.0,0.0,0.0,,,"생각보다 많이 좀 두껍고, 큰 느낌이고 타사 크롭 반팔 티셔츠랑 비교하면 긴 편",생각보다많이좀두껍고큰느낌이고타사크롭반팔티셔츠랑비교하면긴편,0,0,0,0,0,False,44,31,44,True,xcmxcm,"('M', '브릭레드')",0,False,1,keep,unique,True,84940694
3792018,84940698,general,온리지원,배송도 빠르고 상품도 잘 도착했어요 실물이 더 예쁘네요 소재확인을 안 했는데 린넨같은 소재네요,5.0,False,XS,160.0,70.0,여성,2026-06-04 12:57:50,사이즈: 많이 큼 / 화면 대비 색감: 화면과 비슷 / 퀄리티: 보통 / 신축성: 적당함,True,1,filluminate,하의,XS,,2026,6,4,목,5,응답,많이 큼,화면과 비슷,보통,,,적당함,,,3.0,,3.0,,,2.0,2.0,0.0,0.0,,,배송도 빠르고 상품도 잘 도착했어요 실물이 더 예쁘네요 소재확인을 안 했는데 린넨같은 소재네요,배송도빠르고상품도잘도착했어요실물이더예쁘네요소재확인을안했는데린넨같은소재네요,0,0,0,0,0,False,52,40,52,True,온리지원,"('XS', None)",0,False,2,keep,multi_type_unique,True,84940698
﻿6205179,84940858,general,열심인카프리키링,사람들이 왜 크롭티를 입는지 알거 같아요  나이가 많이서 고민했는데 나쁘지 않습니다,5.0,False,M,168.0,75.0,남성,2026-06-04 13:06:41,사이즈: 정사이즈 / 화면 대비 색감: 화면과 비슷 / 두께감: 적당함 / 신축성: 적당함,False,0,travel,상의,M,,2026,6,4,목,5,응답,정사이즈,화면과 비슷,,,적당함,적당함,,,,,3.0,3.0,,0.0,0.0,0.0,0.0,,,사람들이 왜 크롭티를 입는지 알거 같아요 나이가 많이서 고민했는데 나쁘지 않습니다,사람들이왜크롭티를입는지알거같아요나이가많이서고민했는데나쁘지않습니다,0,0,0,0,0,False,46,35,45,True,열심인카프리키링,"('M', None)",0,False,1,keep,unique,True,84940858
﻿6083614,84940882,general,열심인카프리키링,한번 빨았는데 후질그레 해졌지만 원단이 좋아서 그런지 구제 느낌이 나서 더 좋아요,5.0,False,M,168.0,75.0,남성,2026-06-04 13:07:52,사이즈: 정사이즈 / 화면 대비 색감: 화면과 비슷 / 두께감: 적당함 / 신축성: 적당함,False,0,travel,상의,M,,2026,6,4,목,5,응답,정사이즈,화면과 비슷,,,적당함,적당함,,,,,3.0,3.0,,0.0,0.0,0.0,0.0,,,한번 빨았는데 후질그레 해졌지만 원단이 좋아서 그런지 구제 느낌이 나서 더 좋아요,한번빨았는데후질그레해졌지만원단이좋아서그런지구제느낌이나서더좋아요,0,0,0,0,0,False,45,34,45,True,열심인카프리키링,"('M', None)",0,False,1,keep,unique,True,84940882
4969899,84940893,general,의리있는유럽리본,깔끔한 청셔츠에 색상도 깔끔해서 아무 하의에 매치해도 잘 어울리는 것 같아요,5.0,False,LIGHT BLUE · L,181.0,76.0,남성,2026-06-04 13:08:33,사이즈: 조금 큼 / 화면 대비 색감: 화면과 비슷 / 퀄리티: 좋음 / 구김: 약간 있음,True,0,filluminate,상의,L,LIGHT BLUE,2026,6,4,목,5,응답,조금 큼,화면과 비슷,좋음,약간 있음,,,,,4.0,,,,3.0,1.0,1.0,0.0,0.0,,,깔끔한 청셔츠에 색상도 깔끔해서 아무 하의에 매치해도 잘 어울리는 것 같아요,깔끔한청셔츠에색상도깔끔해서아무하의에매치해도잘어울리는것같아요,0,0,0,0,0,False,42,32,42,True,의리있는유럽리본,"('L', 'LIGHT BLUE')",0,True,1,keep,unique,True,84940893
5911789,84940897,general,발랄한방배골프화,지금은 좀덥지만 원단 부들부들하고 깔쌈합니다 추천해요,5.0,False,BEIGE · XS,165.0,58.0,missing,2026-06-04 13:08:41,사이즈: 정사이즈 / 화면 대비 색감: 화면과 비슷 / 퀄리티: 보통 / 신축성: 적당함,True,0,filluminate,하의,XS,BEIGE,2026,6,4,목,5,응답,정사이즈,화면과 비슷,보통,,,적당함,,,3.0,,3.0,,,0.0,0.0,0.0,0.0,,,지금은 좀덥지만 원단 부들부들하고 깔쌈합니다 추천해요,지금은좀덥지만원단부들부들하고깔쌈합니다추천해요,0,0,0,0,0,False,29,24,29,True,발랄한방배골프화,"('XS', 'BEIGE')",0,False,1,keep,unique,True,84940897
4969807,84941221,general,현명한제주오글리,기장좋고 안성맞춤 핏이 너무 좋습니다 굿곳굿곳,5.0,False,INDIGO · M,171.0,67.0,남성,2026-06-04 13:31:37,사이즈: 정사이즈 / 화면 대비 색감: 화면과 비슷 / 퀄리티: 보통 / 신축성: 적당함,False,0,filluminate,하의,M,INDIGO,2026,6,4,목,5,응답,정사이즈,화면과 비슷,보통,,,적당함,,,3.0,,3.0,,,0.0,0.0,0.0,0.0,,,기장좋고 안성맞춤 핏이 너무 좋습니다 굿곳굿곳,기장좋고안성맞춤핏이너무좋습니다굿곳굿곳,0,0,0,0,0,False,25,20,25,True,현명한제주오글리,"('M', 'INDIGO')",0,False,1,keep,unique,True,84941221
6140920,84941951,general,Euneun86,색감도 이쁘고 가볍다고 남동생이 아주 맘에 들어해요ㅎ 오늘 바로 개시하고 외출했어요 ㅎ 참고로 많이 오버사이즈에요 S사이즈로 정핏으로 입었어요 ㅎ 키 176센치에 79킬로 입니다 ㅎ,5.0,False,S,172.0,60.0,여성,2026-06-04 18:30:15,사이즈: 조금 큼 / 화면 대비 색감: 화면과 비슷 / 퀄리티: 좋음 / 구김: 거의 없음,True,0,filluminate,상의,S,,2026,6,4,목,5,응답,조금 큼,화면과 비슷,좋음,거의 없음,,,,,4.0,,,,4.0,1.0,1.0,0.0,0.0,,,색감도 이쁘고 가볍다고 남동생이 아주 맘에 들어해요ㅎ 오늘 바로 개시하고 외출했어요 ㅎ 참고로 많이 오버사이즈에요 S사이즈로 정핏으로 입었어요 ㅎ 키 176센치에 79킬로 입니다 ㅎ,색감도이쁘고가볍다고남동생이아주맘에들어해요오늘바로개시하고외출했어요참고로많이오버사이즈에요s사이즈로정핏으로입었어요키176센치에79킬로입니다,1,0,0,0,0,False,101,68,101,True,Euneun86,"('S', None)",0,False,1,keep,unique,True,84941951
6140950,84941985,style,더리얼파티,깔끔하고 원단 좋습니다. 어느 착장에도 잘어울릴거 같고 편하게 입을거 같네요. 특히 이번 여름 자주 입을거 같아요.  소재는 믿을 수 있어서 같은 브랜드 다른 지품들도 관심이가네요.,5.0,False,S,171.0,65.0,남성,2026-06-04 14:21:21,사이즈: 정사이즈 / 화면 대비 색감: 화면과 비슷 / 두께감: 적당함 / 신축성: 적당함,True,0,filluminate,상의,S,,2026,6,4,목,5,응답,정사이즈,화면과 비슷,,,적당함,적당함,,,,,3.0,3.0,,0.0,0.0,0.0,0.0,,,깔끔하고 원단 좋습니다. 어느 착장에도 잘어울릴거 같고 편하게 입을거 같네요. 특히 이번 여름 자주 입을거 같아요. 소재는 믿을 수 있어서 같은 브랜드 다른 지품들도 관심이가네요.,깔끔하고원단좋습니다어느착장에도잘어울릴거같고편하게입을거같네요특히이번여름자주입을거같아요소재는믿을수있어서같은브랜드다른지품들도관심이가네요,0,0,0,0,0,False,101,72,100,True,더리얼파티,"('S', None)",0,False,1,keep,unique,True,84941985
﻿6140888,84942010,general,Euneun86,여름에 실내에 들어가면 에어컨 때문에 추워서 햇빛 가리는겸 보온겸 가볍게 입을려고 구매 했어요 ㅎ 밝은색은 잘 안입어서 아주 맘에 들어요 자주 입을것 같아요,5.0,False,M,172.0,60.0,여성,2026-06-04 14:24:07,사이즈: 조금 큼 / 화면 대비 색감: 화면과 비슷 / 퀄리티: 좋음 / 구김: 약간 있음,True,0,filluminate,상의,M,,2026,6,4,목,5,응답,조금 큼,화면과 비슷,좋음,약간 있음,,,,,4.0,,,,3.0,1.0,1.0,0.0,0.0,,,여름에 실내에 들어가면 에어컨 때문에 추워서 햇빛 가리는겸 보온겸 가볍게 입을려고 구매 했어요 ㅎ 밝은색은 잘 안입어서 아주 맘에 들어요 자주 입을것 같아요,여름에실내에들어가면에어컨때문에추워서햇빛가리는겸보온겸가볍게입을려고구매했어요밝은색은잘안입어서아주맘에들어요자주입을것같아요,1,0,0,0,0,False,87,64,87,True,Euneun86,"('M', None)",0,False,1,keep,unique,True,84942010
5092725,84942320,general,고양이총각,기장수선은 했지만 만족해서 인디고하고 브라운추가구입했어요,4.0,False,LIGHT BLUE · M,168.0,70.0,남성,2026-06-04 14:40:34,사이즈: 정사이즈 / 화면 대비 색감: 화면과 비슷 / 퀄리티: 보통 / 신축성: 거의 없음,False,0,filluminate,하의,M,LIGHT BLUE,2026,6,4,목,4,응답,정사이즈,화면과 비슷,보통,,,거의 없음,,,3.0,,2.0,,,0.0,0.0,0.0,0.0,,,기장수선은 했지만 만족해서 인디고하고 브라운추가구입했어요,기장수선은했지만만족해서인디고하고브라운추가구입했어요,0,0,0,0,0,False,31,27,31,True,고양이총각,"('M', 'LIGHT BLUE')",0,False,1,keep,unique,True,84942320
6391691,84942500,general,정겨운민트스키니,진짜 잘 입고 있습니다 최애 셔츠 될 것 같은 느낌입니당,5.0,False,LIGHT BLUE · [Crop ver.] M,170.0,65.0,남성,2026-06-04 14:49:57,사이즈: 정사이즈 / 화면 대비 색감: 화면과 비슷 / 퀄리티: 보통 / 구김: 약간 있음,True,0,filluminate,상의,M,LIGHT BLUE [Crop ver.],2026,6,4,목,5,응답,정사이즈,화면과 비슷,보통,약간 있음,,,,,3.0,,,,3.0,0.0,0.0,0.0,0.0,,,진짜 잘 입고 있습니다 최애 셔츠 될 것 같은 느낌입니당,진짜잘입고있습니다최애셔츠될것같은느낌입니당,0,0,0,0,0,False,31,22,31,True,정겨운민트스키니,"('M', 'LIGHT BLUE [Crop ver.]')",0,False,1,keep,unique,True,84942500
3226716,84942516,general,Juneoh,배송이 너무나 늦어서 제품을 받았을때 잊고 있었네요. 바지는 적당합니다. 봏지도 나쁘지고 않고 주름이 좀 잘 생길거 같네요. 싸게 올여름 막 입을 생각입니다,3.0,False,베이지 · L,174.0,70.0,남성,2026-06-04 14:50:31,사이즈: 정사이즈 / 화면 대비 색감: 화면과 비슷 / 퀄리티: 보통 / 신축성: 적당함,True,0,jemut,하의,L,베이지,2026,6,4,목,3,응답,정사이즈,화면과 비슷,보통,,,적당함,,,3.0,,3.0,,,0.0,0.0,0.0,0.0,,,배송이 너무나 늦어서 제품을 받았을때 잊고 있었네요. 바지는 적당합니다. 봏지도 나쁘지고 않고 주름이 좀 잘 생길거 같네요. 싸게 올여름 막 입을 생각입니다,배송이너무나늦어서제품을받았을때잊고있었네요바지는적당합니다봏지도나쁘지고않고주름이좀잘생길거같네요싸게올여름막입을생각입니다,0,0,0,0,0,False,87,63,87,True,Juneoh,"('L', '베이지')",0,False,1,keep,unique,True,84942516
4697060,84942532,general,사교적인초록팔찌,유니크해서 너무 예뻐요 ㅎ 피그먼트좋아해서 아주 만족스러워요!!,4.0,False,L,160.0,60.0,여성,2026-06-04 14:51:25,사이즈: 정사이즈 / 화면 대비 색감: 어두움 / 두께감: 적당함 / 퀄리티: 보통,False,0,filluminate,상의,L,,2026,6,4,목,4,응답,정사이즈,어두움,보통,,적당함,,,,3.0,,,3.0,,0.0,0.0,-1.0,1.0,,,유니크해서 너무 예뻐요 ㅎ 피그먼트좋아해서 아주 만족스러워요!!,유니크해서너무예뻐요피그먼트좋아해서아주만족스러워요,1,0,2,0,0,False,35,26,35,True,사교적인초록팔찌,"('L', None)",0,False,1,keep,unique,True,84942532
4009326,84942958,general,이하하잉,헬스할때 입으려고 샀어요~ 길이감도 좋고 옷도 예뻐요,5.0,False,(WHITE)M,163.0,45.0,여성,2026-06-04 15:15:04,사이즈: 많이 큼 / 화면 대비 색감: 화면과 비슷 / 두께감: 얇음 / 신축성: 강함,True,0,filluminate,상의,M,(WHITE),2026,6,4,목,5,응답,많이 큼,화면과 비슷,,,얇음,강함,,,,,4.0,2.0,,2.0,2.0,0.0,0.0,,,헬스할때 입으려고 샀어요~ 길이감도 좋고 옷도 예뻐요,헬스할때입으려고샀어요길이감도좋고옷도예뻐요,0,0,0,0,0,False,29,22,29,True,이하하잉,"('M', '(WHITE)')",0,False,1,keep,unique,True,84942958
4969807,84943509,general,김탱끄,허리 조금 덜 늘어나고 턱이 양쪽 살짝씩 다르게 잡혀서 아쉬워요 하지만 두께는 적당히 두꺼워서 너무 펄럭이지 않아서 좋아요! 브라운색상 좋구요,4.0,False,BROWN · L,181.0,66.0,남성,2026-06-04 15:45:32,사이즈: 조금 작음 / 화면 대비 색감: 밝음 / 퀄리티: 좋음 / 신축성: 적당함,True,0,filluminate,하의,L,BROWN,2026,6,4,목,4,응답,조금 작음,밝음,좋음,,,적당함,,,4.0,,3.0,,,-1.0,1.0,1.0,1.0,,,허리 조금 덜 늘어나고 턱이 양쪽 살짝씩 다르게 잡혀서 아쉬워요 하지만 두께는 적당히 두꺼워서 너무 펄럭이지 않아서 좋아요! 브라운색상 좋구요,허리조금덜늘어나고턱이양쪽살짝씩다르게잡혀서아쉬워요하지만두께는적당히두꺼워서너무펄럭이지않아서좋아요브라운색상좋구요,0,0,1,0,0,False,79,59,79,True,김탱끄,"('L', 'BROWN')",0,False,1,keep,unique,True,84943509
﻿6140794,84943566,general,erica_,여름에 끈나시에 살짝 걸쳐 입으려고 구매했어요 재질도 생각보다 괜찮고 컬러도 무난해서 자꾸 손이 갈 것 같네요,5.0,False,F,158.0,51.0,여성,2026-06-04 15:48:24,사이즈: 정사이즈 / 화면 대비 색감: 화면과 비슷 / 퀄리티: 보통 / 구김: 약간 있음,True,0,filluminate,상의,F,,2026,6,4,목,5,응답,정사이즈,화면과 비슷,보통,약간 있음,,,,,3.0,,,,3.0,0.0,0.0,0.0,0.0,,,여름에 끈나시에 살짝 걸쳐 입으려고 구매했어요 재질도 생각보다 괜찮고 컬러도 무난해서 자꾸 손이 갈 것 같네요,여름에끈나시에살짝걸쳐입으려고구매했어요재질도생각보다괜찮고컬러도무난해서자꾸손이갈것같네요,0,0,0,0,0,False,61,46,61,True,erica_,"('F', None)",0,False,1,keep,unique,True,84943566
4987047,84943615,general,비가오면,가성비가좋아서 재구내해요 다들 후회없을거에요,5.0,False,블랙 · L,174.0,67.0,남성,2026-06-04 15:51:08,사이즈: 매우 작음 / 화면 대비 색감: 밝음 / 두께감: 매우 두꺼움 / 신축성: 적당함,False,0,jemut,상의,L,블랙,2026,6,4,목,5,응답,매우 작음,밝음,,,매우 두꺼움,적당함,,,,,3.0,5.0,,-2.0,2.0,1.0,1.0,,,가성비가좋아서 재구내해요 다들 후회없을거에요,가성비가좋아서재구내해요다들후회없을거에요,0,0,0,0,0,False,24,21,24,True,비가오면,"('L', '블랙')",0,False,1,keep,unique,True,84943615
3792018,84943873,style,온리지원,배송도 빠르고 상품도 잘 도착했어요 실물이 더 예뻐요 제가 날씬한 편이 아닌데도 XS이 약간 커요,5.0,False,XS,160.0,70.0,여성,2026-06-04 16:06:01,사이즈: 많이 큼 / 화면 대비 색감: 화면과 비슷 / 퀄리티: 보통 / 신축성: 적당함,True,0,filluminate,하의,XS,,2026,6,4,목,5,응답,많이 큼,화면과 비슷,보통,,,적당함,,,3.0,,3.0,,,2.0,2.0,0.0,0.0,,,배송도 빠르고 상품도 잘 도착했어요 실물이 더 예뻐요 제가 날씬한 편이 아닌데도 XS이 약간 커요,배송도빠르고상품도잘도착했어요실물이더예뻐요제가날씬한편이아닌데도xs이약간커요,0,0,0,0,0,False,54,38,54,True,온리지원,"('XS', None)",0,False,2,keep,multi_type_unique,True,84943873
3791990,84944031,general,이이벽,같은 라인으로 네가지 색상을 구매했어요 아들한테 잘 어울리는 핏의 바지에요,5.0,False,M,173.0,67.0,여성,2026-06-04 16:13:56,사이즈: 정사이즈 / 화면 대비 색감: 화면과 비슷 / 퀄리티: 보통 / 신축성: 적당함,True,0,filluminate,하의,M,,2026,6,4,목,5,응답,정사이즈,화면과 비슷,보통,,,적당함,,,3.0,,3.0,,,0.0,0.0,0.0,0.0,,,같은 라인으로 네가지 색상을 구매했어요 아들한테 잘 어울리는 핏의 바지에요,같은라인으로네가지색상을구매했어요아들한테잘어울리는핏의바지에요,0,0,0,0,0,False,41,32,41,True,이이벽,"('M', None)",0,False,1,keep,unique,True,84944031
4969807,84944700,general,냉담한연희동소품,린넨이라 조금 까슬거리긴 하지만 시원합니다. 벤딩부분이 조금 두꺼워서 오히려 벨트보다 더울 수도 있을거같습니다. 옷 자체는 예뻐서 좋아요.,5.0,False,BROWN · M,168.0,63.0,남성,2026-06-04 16:45:58,사이즈: 조금 큼 / 화면 대비 색감: 화면과 비슷 / 퀄리티: 매우 좋음 / 신축성: 적당함,True,0,filluminate,하의,M,BROWN,2026,6,4,목,5,응답,조금 큼,화면과 비슷,매우 좋음,,,적당함,,,5.0,,3.0,,,1.0,1.0,0.0,0.0,,,린넨이라 조금 까슬거리긴 하지만 시원합니다. 벤딩부분이 조금 두꺼워서 오히려 벨트보다 더울 수도 있을거같습니다. 옷 자체는 예뻐서 좋아요.,린넨이라조금까슬거리긴하지만시원합니다벤딩부분이조금두꺼워서오히려벨트보다더울수도있을거같습니다옷자체는예뻐서좋아요,0,0,0,0,0,False,77,58,77,True,냉담한연희동소품,"('M', 'BROWN')",0,False,1,keep,unique,True,84944700
4969899,84944782,style,점버,핏 좋고 가격도 합리적으로 구매했어요 색감도 좋아요 굿,5.0,False,INDIGO · M,178.0,70.0,남성,2026-06-04 16:49:55,사이즈: 정사이즈 / 화면 대비 색감: 화면과 비슷 / 퀄리티: 보통 / 구김: 약간 있음,True,0,filluminate,상의,M,INDIGO,2026,6,4,목,5,응답,정사이즈,화면과 비슷,보통,약간 있음,,,,,3.0,,,,3.0,0.0,0.0,0.0,0.0,,,핏 좋고 가격도 합리적으로 구매했어요 색감도 좋아요 굿,핏좋고가격도합리적으로구매했어요색감도좋아요굿,0,0,0,0,0,False,30,23,30,True,점버,"('M', 'INDIGO')",0,False,1,keep,unique,True,84944782
4987047,84945246,general,더블군,흰색회색 하나씩 입고 다니다가 좋아서 다른 색으로 추가 구매했습니다. 툭 걸쳐서 입고 다니기 좋아요. 다만 안에 받쳐 입기엔 좀 도톰하고 목이 좁아서 안 어울릴 수도 있어요. 단독으로 입기엔 최고라고 생각합니다,5.0,False,브릭레드 · L,175.0,68.0,missing,2026-06-04 17:10:06,사이즈: 정사이즈 / 화면 대비 색감: 화면과 비슷 / 두께감: 두꺼움 / 신축성: 적당함,True,0,jemut,상의,L,브릭레드,2026,6,4,목,5,응답,정사이즈,화면과 비슷,,,두꺼움,적당함,,,,,3.0,4.0,,0.0,0.0,0.0,0.0,,,흰색회색 하나씩 입고 다니다가 좋아서 다른 색으로 추가 구매했습니다. 툭 걸쳐서 입고 다니기 좋아요. 다만 안에 받쳐 입기엔 좀 도톰하고 목이 좁아서 안 어울릴 수도 있어요. 단독으로 입기엔 최고라고 생각합니다,흰색회색하나씩입고다니다가좋아서다른색으로추가구매했습니다툭걸쳐서입고다니기좋아요다만안에받쳐입기엔좀도톰하고목이좁아서안어울릴수도있어요단독으로입기엔최고라고생각합니다,0,0,0,0,0,False,117,85,117,True,더블군,"('L', '브릭레드')",0,False,1,keep,unique,True,84945246
4697060,84945418,general,바나나조아,배송도 빠르고 이뻐요 잘입고 다니고 있습니다 감사합니다,5.0,False,S,170.0,65.0,남성,2026-06-04 17:18:03,사이즈: 정사이즈 / 화면 대비 색감: 화면과 비슷 / 두께감: 적당함 / 퀄리티: 보통,False,0,filluminate,상의,S,,2026,6,4,목,5,응답,정사이즈,화면과 비슷,보통,,적당함,,,,3.0,,,3.0,,0.0,0.0,0.0,0.0,,,배송도 빠르고 이뻐요 잘입고 다니고 있습니다 감사합니다,배송도빠르고이뻐요잘입고다니고있습니다감사합니다,0,0,0,0,0,False,30,24,30,True,바나나조아,"('S', None)",0,False,1,keep,unique,True,84945418
3791988,84945467,general,상큼한핑크캔버스,얇은 편이라 여름에도 입을수 있겠어요 핏도 이뻐요.,5.0,False,M,165.0,65.0,여성,2026-06-04 17:20:39,사이즈: 정사이즈 / 화면 대비 색감: 화면과 비슷 / 퀄리티: 보통 / 신축성: 적당함,True,1,filluminate,하의,M,,2026,6,4,목,5,응답,정사이즈,화면과 비슷,보통,,,적당함,,,3.0,,3.0,,,0.0,0.0,0.0,0.0,,,얇은 편이라 여름에도 입을수 있겠어요 핏도 이뻐요.,얇은편이라여름에도입을수있겠어요핏도이뻐요,0,0,0,0,0,False,28,21,28,True,상큼한핑크캔버스,"('M', None)",0,False,2,keep,multi_type_unique,True,84945467
3791988,84945626,style,상큼한핑크캔버스,바지가 너무 두툼한 소재가 아니라서 여름에도  입을수 있겠어요. 허리가 너무 딱맞긴 한데 엉덩이나 허벅지를 커버해줘서 핏은 마음에 듭니다.,5.0,False,M,165.0,65.0,여성,2026-06-04 17:29:11,사이즈: 정사이즈 / 화면 대비 색감: 화면과 비슷 / 퀄리티: 보통 / 신축성: 적당함,True,1,filluminate,하의,M,,2026,6,4,목,5,응답,정사이즈,화면과 비슷,보통,,,적당함,,,3.0,,3.0,,,0.0,0.0,0.0,0.0,,,바지가 너무 두툼한 소재가 아니라서 여름에도 입을수 있겠어요. 허리가 너무 딱맞긴 한데 엉덩이나 허벅지를 커버해줘서 핏은 마음에 듭니다.,바지가너무두툼한소재가아니라서여름에도입을수있겠어요허리가너무딱맞긴한데엉덩이나허벅지를커버해줘서핏은마음에듭니다,0,0,0,0,0,False,77,57,76,True,상큼한핑크캔버스,"('M', None)",0,False,2,keep,multi_type_unique,True,84945626
6322922,84945700,general,신찬므,면이 좀 색다른데 시원합니다! 길이도 좋고 이뻐요!,5.0,False,M,176.0,72.0,남성,2026-06-04 17:32:54,사이즈: 정사이즈 / 화면 대비 색감: 화면과 비슷 / 퀄리티: 보통 / 신축성: 적당함,False,0,filluminate,하의,M,,2026,6,4,목,5,응답,정사이즈,화면과 비슷,보통,,,적당함,,,3.0,,3.0,,,0.0,0.0,0.0,0.0,,,면이 좀 색다른데 시원합니다! 길이도 좋고 이뻐요!,면이좀색다른데시원합니다길이도좋고이뻐요,0,0,2,0,0,False,28,20,28,True,신찬므,"('M', None)",0,False,1,keep,unique,True,84945700
4969807,84945727,general,나혼자일등1,편하게 입기좋고 생각보다 편하고 코디하기도 쉽습니다.,5.0,False,BLACK · M,171.0,69.0,missing,2026-06-04 17:34:16,사이즈: 정사이즈 / 화면 대비 색감: 화면과 비슷 / 퀄리티: 보통 / 신축성: 적당함,False,0,filluminate,하의,M,BLACK,2026,6,4,목,5,응답,정사이즈,화면과 비슷,보통,,,적당함,,,3.0,,3.0,,,0.0,0.0,0.0,0.0,,,편하게 입기좋고 생각보다 편하고 코디하기도 쉽습니다.,편하게입기좋고생각보다편하고코디하기도쉽습니다,0,0,0,0,0,False,29,23,29,True,나혼자일등1,"('M', 'BLACK')",1,True,1,keep,unique,True,84945727
4969889,84945971,general,캐슬오브도어,기본 버전이 좋았어서 크롭 사이즈도 샀어요 깔끔하고 좋아요,5.0,False,WHITE · [Crop ver.] M,172.0,70.0,남성,2026-06-04 17:44:40,사이즈: 정사이즈 / 화면 대비 색감: 화면과 비슷 / 퀄리티: 좋음 / 구김: 거의 없음,True,1,filluminate,상의,M,WHITE [Crop ver.],2026,6,4,목,5,응답,정사이즈,화면과 비슷,좋음,거의 없음,,,,,4.0,,,,4.0,0.0,0.0,0.0,0.0,,,기본 버전이 좋았어서 크롭 사이즈도 샀어요 깔끔하고 좋아요,기본버전이좋았어서크롭사이즈도샀어요깔끔하고좋아요,0,0,0,0,0,False,32,25,32,True,캐슬오브도어,"('M', 'WHITE [Crop ver.]')",0,False,1,keep,unique,True,84945971
994588,84945993,general,캐슬오브도어,너무 한여름 아니면 입을만해요 린넨 재질이라 시원해서 좋아요,5.0,False,S(린넨),172.0,70.0,남성,2026-06-04 17:45:50,사이즈: 정사이즈 / 화면 대비 색감: 화면과 비슷 / 퀄리티: 좋음 / 구김: 거의 없음,True,0,filluminate,상의,S,(린넨),2026,6,4,목,5,응답,정사이즈,화면과 비슷,좋음,거의 없음,,,,,4.0,,,,4.0,0.0,0.0,0.0,0.0,,,너무 한여름 아니면 입을만해요 린넨 재질이라 시원해서 좋아요,너무한여름아니면입을만해요린넨재질이라시원해서좋아요,0,0,0,0,0,False,33,26,33,True,캐슬오브도어,"('S', '(린넨)')",0,False,1,keep,unique,True,84945993
﻿6394383,84946010,experience,솔직한대구힙본,"워싱 느낌이 진짜 예쁘고 실물 색감이 훨씬 고급스러워요. 색이 자연스럽게 잘 빠져서 빈티지한 무드가 마음에 들었습니다! 평소 무난하게 입기 좋은 오버핏이라 데님이나 카고팬츠랑 매치하기 편했고, 슬랙스랑 입어도 깔끔하게 잘 어울렸어요. 원단도 너무 얇지 않아서 간절기에 딱 좋았고 착용감도 부드러운 편이라 편하게 입기 좋았습니다. 목 부분도 탄탄해서 늘어날 걱정 없이 오래 입을 수 있을 것 같고 자수 포인트도 은근히 예뻐서 심심하지 않네요. 하나만 입어도 스타일 살아서 자주 손이 갈 것 같습니다 👍",5.0,True,L,177.0,80.0,남성,2026-06-04 17:46:24,사이즈: 정사이즈 / 화면 대비 색감: 화면과 비슷 / 두께감: 적당함 / 신축성: 적당함,True,0,filluminate,상의,L,,2026,6,4,목,5,응답,정사이즈,화면과 비슷,,,적당함,적당함,,,,,3.0,3.0,,0.0,0.0,0.0,0.0,,,"워싱 느낌이 진짜 예쁘고 실물 색감이 훨씬 고급스러워요. 색이 자연스럽게 잘 빠져서 빈티지한 무드가 마음에 들었습니다! 평소 무난하게 입기 좋은 오버핏이라 데님이나 카고팬츠랑 매치하기 편했고, 슬랙스랑 입어도 깔끔하게 잘 어울렸어요. 원단도 너무 얇지 않아서 간절기에 딱 좋았고 착용감도 부드러운 편이라 편하게 입기 좋았습니다. 목 부분도 탄탄해서 늘어날 걱정 없이 오래 입을 수 있을 것 같고 자수 포인트도 은근히 예뻐서 심심하지 않네요. 하나만 입어도 스타일 살아서 자주 손이 갈 것 같습니다",워싱느낌이진짜예쁘고실물색감이훨씬고급스러워요색이자연스럽게잘빠져서빈티지한무드가마음에들었습니다평소무난하게입기좋은오버핏이라데님이나카고팬츠랑매치하기편했고슬랙스랑입어도깔끔하게잘어울렸어요원단도너무얇지않아서간절기에딱좋았고착용감도부드러운편이라편하게입기좋았습니다목부분도탄탄해서늘어날걱정없이오래입을수있을것같고자수포인트도은근히예뻐서심심하지않네요하나만입어도스타일살아서자주손이갈것같습니다,0,0,1,0,1,False,279,202,277,True,솔직한대구힙본,"('L', None)",0,False,1,keep,unique,True,84946010
4969807,84946039,general,캐슬오브도어,시원하고 편하게 입을 바지 찾았는데 딱이에요 좋아요,5.0,False,BLACK · M,172.0,70.0,남성,2026-06-04 17:47:21,사이즈: 정사이즈 / 화면 대비 색감: 화면과 비슷 / 퀄리티: 보통 / 신축성: 거의 없음,True,0,filluminate,하의,M,BLACK,2026,6,4,목,5,응답,정사이즈,화면과 비슷,보통,,,거의 없음,,,3.0,,2.0,,,0.0,0.0,0.0,0.0,,,시원하고 편하게 입을 바지 찾았는데 딱이에요 좋아요,시원하고편하게입을바지찾았는데딱이에요좋아요,0,0,0,0,0,False,28,22,28,True,캐슬오브도어,"('M', 'BLACK')",0,False,1,keep,unique,True,84946039
4969807,84946257,general,사용중아닌닉,사이즈는 딱맞아서 따로 수선필요 없어보이는데 색이 생각한 연청보다 좀더 진하네여 조금 촌스러운?,5.0,False,LIGHT BLUE · L,173.0,75.0,남성,2026-06-04 17:56:06,사이즈: 정사이즈 / 화면 대비 색감: 화면과 비슷 / 퀄리티: 보통 / 신축성: 적당함,False,0,filluminate,하의,L,LIGHT BLUE,2026,6,4,목,5,응답,정사이즈,화면과 비슷,보통,,,적당함,,,3.0,,3.0,,,0.0,0.0,0.0,0.0,,,사이즈는 딱맞아서 따로 수선필요 없어보이는데 색이 생각한 연청보다 좀더 진하네여 조금 촌스러운?,사이즈는딱맞아서따로수선필요없어보이는데색이생각한연청보다좀더진하네여조금촌스러운,0,0,0,1,0,False,53,41,53,True,사용중아닌닉,"('L', 'LIGHT BLUE')",0,False,1,keep,unique,True,84946257
5334006,84947213,general,시크한멜버른웜톤,컬러는 화면과 동일하고  한여름엔  조금 더울수도 있는데  마음에 듭니다 길이는 살짝 길어서 접어입어도 괜찮을거 같습니다,5.0,False,M,165.0,56.0,여성,2026-06-04 18:41:32,사이즈: 정사이즈 / 화면 대비 색감: 화면과 비슷 / 퀄리티: 좋음 / 신축성: 거의 없음,True,0,filluminate,하의,M,,2026,6,4,목,5,응답,정사이즈,화면과 비슷,좋음,,,거의 없음,,,4.0,,2.0,,,0.0,0.0,0.0,0.0,,,컬러는 화면과 동일하고 한여름엔 조금 더울수도 있는데 마음에 듭니다 길이는 살짝 길어서 접어입어도 괜찮을거 같습니다,컬러는화면과동일하고한여름엔조금더울수도있는데마음에듭니다길이는살짝길어서접어입어도괜찮을거같습니다,0,0,0,0,0,False,67,50,64,True,시크한멜버른웜톤,"('M', None)",0,False,1,keep,unique,True,84947213
1884943,84947250,general,명랑한시애틀키링,엄마 사줬는데 마음에 든다고 하네용 잘 입겠습니당,5.0,False,SMALL,166.0,47.0,여성,2026-06-04 18:42:51,사이즈: 정사이즈 / 화면 대비 색감: 화면과 비슷 / 두께감: 적당함 / 신축성: 적당함,False,0,travel,상의,SMALL,,2026,6,4,목,5,응답,정사이즈,화면과 비슷,,,적당함,적당함,,,,,3.0,3.0,,0.0,0.0,0.0,0.0,,,엄마 사줬는데 마음에 든다고 하네용 잘 입겠습니당,엄마사줬는데마음에든다고하네용잘입겠습니당,0,0,0,0,0,False,27,21,27,True,명랑한시애틀키링,"('SMALL', None)",0,False,1,keep,unique,True,84947250
﻿1899753,84947272,general,화창한몰디브키링,생각보다 천이 너무 얇네요. 보기에는 그정도까지는 아니었는데..색은 마음에 듭니다.,4.0,False,EXTRA LARGE,160.0,50.0,여성,2026-06-04 18:43:38,사이즈: 정사이즈 / 화면 대비 색감: 화면과 비슷 / 두께감: 얇음 / 신축성: 강함,True,0,travel,상의,EXTRA LARGE,,2026,6,4,목,4,응답,정사이즈,화면과 비슷,,,얇음,강함,,,,,4.0,2.0,,0.0,0.0,0.0,0.0,,,생각보다 천이 너무 얇네요. 보기에는 그정도까지는 아니었는데..색은 마음에 듭니다.,생각보다천이너무얇네요보기에는그정도까지는아니었는데색은마음에듭니다,0,0,0,0,0,False,46,34,46,True,화창한몰디브키링,"('EXTRA LARGE', None)",0,False,1,keep,unique,True,84947272
3791988,84947422,style,로와이브,가격이 너무 착하도 좋네요 핏도 예쁘고 어디하나 안 좋은 곳이 없습니다!,5.0,False,S,171.0,60.0,남성,2026-06-04 18:49:43,사이즈: 조금 큼 / 화면 대비 색감: 화면과 비슷 / 퀄리티: 좋음 / 신축성: 적당함,True,0,filluminate,하의,S,,2026,6,4,목,5,응답,조금 큼,화면과 비슷,좋음,,,적당함,,,4.0,,3.0,,,1.0,1.0,0.0,0.0,,,가격이 너무 착하도 좋네요 핏도 예쁘고 어디하나 안 좋은 곳이 없습니다!,가격이너무착하도좋네요핏도예쁘고어디하나안좋은곳이없습니다,0,0,1,0,0,False,40,29,40,True,로와이브,"('S', None)",0,False,2,keep,multi_type_unique,True,84947422
3791988,84947489,general,로와이브,키가 작기도 하고 몸 자체가 좋은편이 아닌데 그래도 이 가격에 요정도면 너무 만족합니다!,5.0,False,S,171.0,60.0,남성,2026-06-04 18:53:21,사이즈: 조금 큼 / 화면 대비 색감: 화면과 비슷 / 퀄리티: 보통 / 신축성: 적당함,True,0,filluminate,하의,S,,2026,6,4,목,5,응답,조금 큼,화면과 비슷,보통,,,적당함,,,3.0,,3.0,,,1.0,1.0,0.0,0.0,,,키가 작기도 하고 몸 자체가 좋은편이 아닌데 그래도 이 가격에 요정도면 너무 만족합니다!,키가작기도하고몸자체가좋은편이아닌데그래도이가격에요정도면너무만족합니다,0,0,1,0,0,False,49,36,49,True,로와이브,"('S', None)",0,False,2,keep,multi_type_unique,True,84947489
3791988,84947653,general,김깨밍,허리 사이즈가 생각보다 타이트하고 마른 사람들이 입기 좋을거 같아요,5.0,False,XS,166.0,58.0,남성,2026-06-04 19:00:21,사이즈: 조금 작음 / 화면 대비 색감: 화면과 비슷 / 퀄리티: 보통 / 신축성: 적당함,False,0,filluminate,하의,XS,,2026,6,4,목,5,응답,조금 작음,화면과 비슷,보통,,,적당함,,,3.0,,3.0,,,-1.0,1.0,0.0,0.0,,,허리 사이즈가 생각보다 타이트하고 마른 사람들이 입기 좋을거 같아요,허리사이즈가생각보다타이트하고마른사람들이입기좋을거같아요,0,0,0,0,0,False,37,29,37,True,김깨밍,"('XS', None)",0,True,1,keep,unique,True,84947653
4946729,84948416,general,예니0312,넉넉한 사이즈가 좋았어요. 제가 172/80으로 바스트가 있는 편인데도 넉넉하게 입을 수 있어서 좋았습니당,5.0,False,LARGE,172.0,80.0,여성,2026-06-04 19:30:53,사이즈: 조금 큼 / 화면 대비 색감: 화면과 비슷 / 두께감: 얇음 / 신축성: 거의 없음,False,0,travel,상의,LARGE,,2026,6,4,목,5,응답,조금 큼,화면과 비슷,,,얇음,거의 없음,,,,,2.0,2.0,,1.0,1.0,0.0,0.0,,,넉넉한 사이즈가 좋았어요. 제가 172/80으로 바스트가 있는 편인데도 넉넉하게 입을 수 있어서 좋았습니당,넉넉한사이즈가좋았어요제가17280으로바스트가있는편인데도넉넉하게입을수있어서좋았습니당,0,0,0,0,0,False,59,40,59,True,예니0312,"('LARGE', None)",0,False,1,keep,unique,True,84948416
5092725,84948651,general,사교적인LA실크,청 사보고 좋아서 추가구매했어요. 여름용으로 너무 편하고 좋아요,5.0,False,BLACK · L,177.0,80.0,남성,2026-06-04 19:39:16,사이즈: 정사이즈 / 화면 대비 색감: 화면과 비슷 / 퀄리티: 보통 / 신축성: 거의 없음,True,0,filluminate,하의,L,BLACK,2026,6,4,목,5,응답,정사이즈,화면과 비슷,보통,,,거의 없음,,,3.0,,2.0,,,0.0,0.0,0.0,0.0,,,청 사보고 좋아서 추가구매했어요. 여름용으로 너무 편하고 좋아요,청사보고좋아서추가구매했어요여름용으로너무편하고좋아요,0,0,0,0,0,False,35,27,35,True,사교적인LA실크,"('L', 'BLACK')",0,False,1,keep,unique,True,84948651
﻿5102757,84948968,general,CFC_8.Lampard,사이즈는 딱 좋아서 마음에 드는데 생각보다 반바지치고는 옷이 좀 두껍네요??,5.0,False,그레이 · L,176.0,85.0,남성,2026-06-04 19:52:18,사이즈: 정사이즈 / 화면 대비 색감: 화면과 비슷 / 퀄리티: 보통 / 신축성: 적당함,True,0,jemut,하의,L,그레이,2026,6,4,목,5,응답,정사이즈,화면과 비슷,보통,,,적당함,,,3.0,,3.0,,,0.0,0.0,0.0,0.0,,,사이즈는 딱 좋아서 마음에 드는데 생각보다 반바지치고는 옷이 좀 두껍네요??,사이즈는딱좋아서마음에드는데생각보다반바지치고는옷이좀두껍네요,0,0,0,2,0,False,42,31,42,True,CFC_8.Lampard,"('L', '그레이')",0,False,1,keep,unique,True,84948968
4697060,84949141,general,권태로운동묘장갑,사진보다 살짝 더 짙은 색감.  사이즈는 정사이즈. 캐주얼하게 입을 수 있을것 같다.,5.0,False,L,176.0,80.0,남성,2026-06-04 19:59:55,사이즈: 정사이즈 / 화면 대비 색감: 어두움 / 두께감: 적당함 / 퀄리티: 좋음,True,0,filluminate,상의,L,,2026,6,4,목,5,응답,정사이즈,어두움,좋음,,적당함,,,,4.0,,,3.0,,0.0,0.0,-1.0,1.0,,,사진보다 살짝 더 짙은 색감. 사이즈는 정사이즈. 캐주얼하게 입을 수 있을것 같다.,사진보다살짝더짙은색감사이즈는정사이즈캐주얼하게입을수있을것같다,0,0,0,0,0,False,47,32,46,True,권태로운동묘장갑,"('L', None)",0,False,1,keep,unique,True,84949141
﻿4095002,84949192,general,ONBE,이전에 시킨 청바지가 이뻐서 다른 색으로 시켜봤는데 이번에도 만족이에요 잘 입을게요,5.0,False,L,180.0,71.0,남성,2026-06-04 20:03:08,사이즈: 정사이즈 / 화면 대비 색감: 밝음 / 퀄리티: 매우 좋음 / 신축성: 매우 강함,True,0,filluminate,하의,L,,2026,6,4,목,5,응답,정사이즈,밝음,매우 좋음,,,매우 강함,,,5.0,,5.0,,,0.0,0.0,1.0,1.0,,,이전에 시킨 청바지가 이뻐서 다른 색으로 시켜봤는데 이번에도 만족이에요 잘 입을게요,이전에시킨청바지가이뻐서다른색으로시켜봤는데이번에도만족이에요잘입을게요,0,0,0,0,0,False,46,36,46,True,ONBE,"('L', None)",0,False,1,keep,unique,True,84949192
4697060,84949610,style,yh7955,팔이 긴편인데도 소매가 많이 길어서 저는 좋았어요~편하게입기 좋아요 디자인도 이쁘고 행사때 사서 잘입을께요,5.0,False,L,169.0,68.0,여성,2026-06-04 20:22:31,사이즈: 많이 큼 / 화면 대비 색감: 화면과 비슷 / 두께감: 적당함 / 퀄리티: 좋음,True,0,filluminate,상의,L,,2026,6,4,목,5,응답,많이 큼,화면과 비슷,좋음,,적당함,,,,4.0,,,3.0,,2.0,2.0,0.0,0.0,,,팔이 긴편인데도 소매가 많이 길어서 저는 좋았어요~편하게입기 좋아요 디자인도 이쁘고 행사때 사서 잘입을께요,팔이긴편인데도소매가많이길어서저는좋았어요편하게입기좋아요디자인도이쁘고행사때사서잘입을께요,0,0,0,0,0,False,59,46,59,True,yh7955,"('L', None)",0,False,1,keep,unique,True,84949610
6394283,84949735,experience,위얼라잇,"평소 편하게 입을 수 있는 버뮤다 팬츠를 찾고 있었는데, 이번에 착용해보니 기대 이상으로 만족스러웠습니다. 스웨트 소재라 착용감이 정말 편하고 활동할 때도 불편함이 없었습니다. 허리 밴딩도 적당히 탄탄해서 안정감 있게 착용할 수 있었고, 전체적인 실루엣이 자연스럽게 떨어져 부담 없이 코디하기 좋았습니다.  사이즈는 평소 입는 M 사이즈로 선택했는데 정사이즈로 잘 맞았고, 너무 크거나 작지 않아 원하는 핏이 나왔습니다. 브라운 색상도 화면에서 본 것과 거의 동일해서 만족스러웠으며, 다양한 상의와 매치하기 쉬운 색감이라 활용도가 높았습니다. 마감 상태 역시 깔끔했고 소재도 탄탄하게 느껴져 오래 입을 수 있을 것 같습니다. 편안함과 디자인을 모두 갖춘 제품이라 데일리 팬츠로 추천하고 싶습니다.",5.0,True,M,172.0,67.0,남성,2026-06-04 20:27:21,사이즈: 정사이즈 / 화면 대비 색감: 화면과 비슷 / 퀄리티: 보통 / 신축성: 적당함,True,0,filluminate,하의,M,,2026,6,4,목,5,응답,정사이즈,화면과 비슷,보통,,,적당함,,,3.0,,3.0,,,0.0,0.0,0.0,0.0,,,"평소 편하게 입을 수 있는 버뮤다 팬츠를 찾고 있었는데, 이번에 착용해보니 기대 이상으로 만족스러웠습니다. 스웨트 소재라 착용감이 정말 편하고 활동할 때도 불편함이 없었습니다. 허리 밴딩도 적당히 탄탄해서 안정감 있게 착용할 수 있었고, 전체적인 실루엣이 자연스럽게 떨어져 부담 없이 코디하기 좋았습니다. 사이즈는 평소 입는 M 사이즈로 선택했는데 정사이즈로 잘 맞았고, 너무 크거나 작지 않아 원하는 핏이 나왔습니다. 브라운 색상도 화면에서 본 것과 거의 동일해서 만족스러웠으며, 다양한 상의와 매치하기 쉬운 색감이라 활용도가 높았습니다. 마감 상태 역시 깔끔했고 소재도 탄탄하게 느껴져 오래 입을 수 있을 것 같습니다. 편안함과 디자인을 모두 갖춘 제품이라 데일리 팬츠로 추천하고 싶습니다.",평소편하게입을수있는버뮤다팬츠를찾고있었는데이번에착용해보니기대이상으로만족스러웠습니다스웨트소재라착용감이정말편하고활동할때도불편함이없었습니다허리밴딩도적당히탄탄해서안정감있게착용할수있었고전체적인실루엣이자연스럽게떨어져부담없이코디하기좋았습니다사이즈는평소입는m사이즈로선택했는데정사이즈로잘맞았고너무크거나작지않아원하는핏이나왔습니다브라운색상도화면에서본것과거의동일해서만족스러웠으며다양한상의와매치하기쉬운색감이라활용도가높았습니다마감상태역시깔끔했고소재도탄탄하게느껴져오래입을수있을것같습니다편안함과디자인을모두갖춘제품이라데일리팬츠로추천하고싶습니다,0,0,0,0,0,False,389,284,388,True,위얼라잇,"('M', None)",0,False,1,keep,unique,True,84949735
4019081,84949912,general,고민했는데,가격대비 괜찮네요 편하게 데일리로 주변 마실용으로 잘 입고  있어요,4.0,False,딥그레이 · M,175.0,75.0,남성,2026-06-04 20:34:27,사이즈: 정사이즈 / 화면 대비 색감: 화면과 비슷 / 퀄리티: 좋음 / 신축성: 적당함,True,0,jemut,하의,M,딥그레이,2026,6,4,목,4,응답,정사이즈,화면과 비슷,좋음,,,적당함,,,4.0,,3.0,,,0.0,0.0,0.0,0.0,,,가격대비 괜찮네요 편하게 데일리로 주변 마실용으로 잘 입고 있어요,가격대비괜찮네요편하게데일리로주변마실용으로잘입고있어요,0,0,0,0,0,False,37,28,36,True,고민했는데,"('M', '딥그레이')",0,False,1,keep,unique,True,84949912
1884943,84950171,general,수엳,저렴하게 잘 샀어요 핏도 색감도 마음에 듭니다 굿,5.0,False,MEDIUM,150.0,42.0,여성,2026-06-04 20:46:18,사이즈: 정사이즈 / 화면 대비 색감: 화면과 비슷 / 두께감: 적당함 / 신축성: 적당함,False,0,travel,상의,MEDIUM,,2026,6,4,목,5,응답,정사이즈,화면과 비슷,,,적당함,적당함,,,,,3.0,3.0,,0.0,0.0,0.0,0.0,,,저렴하게 잘 샀어요 핏도 색감도 마음에 듭니다 굿,저렴하게잘샀어요핏도색감도마음에듭니다굿,0,0,0,0,0,False,27,20,27,True,수엳,"('MEDIUM', None)",0,False,1,keep,unique,True,84950171
3048838,84950205,general,아니다사용중?,S 구매했는데 저랑 비슷한 체형인 분들은 M 구매하셔도 될 거 같아요. 기장이 좀 더 길었으면 예뻤을 거 같아용,3.0,False,SMALL,160.0,60.0,여성,2026-06-04 20:47:42,사이즈: 정사이즈 / 화면 대비 색감: 화면과 비슷 / 퀄리티: 보통 / 신축성: 적당함,False,0,travel,하의,SMALL,,2026,6,4,목,3,응답,정사이즈,화면과 비슷,보통,,,적당함,,,3.0,,3.0,,,0.0,0.0,0.0,0.0,,,S 구매했는데 저랑 비슷한 체형인 분들은 M 구매하셔도 될 거 같아요. 기장이 좀 더 길었으면 예뻤을 거 같아용,s구매했는데저랑비슷한체형인분들은m구매하셔도될거같아요기장이좀더길었으면예뻤을거같아용,0,0,0,0,0,False,62,42,62,True,아니다사용중?,"('SMALL', None)",0,False,1,keep,unique,True,84950205
3791891,84950239,general,Wan_i,"한 여름에 입기는 다소 더울 수 있는데, 그래도 저렴하게 잘 샀습니다.",5.0,False,M,175.0,64.0,남성,2026-06-04 20:48:42,사이즈: 정사이즈 / 화면 대비 색감: 화면과 비슷 / 퀄리티: 보통 / 구김: 거의 없음,True,0,filluminate,상의,M,,2026,6,4,목,5,응답,정사이즈,화면과 비슷,보통,거의 없음,,,,,3.0,,,,4.0,0.0,0.0,0.0,0.0,,,"한 여름에 입기는 다소 더울 수 있는데, 그래도 저렴하게 잘 샀습니다.",한여름에입기는다소더울수있는데그래도저렴하게잘샀습니다,0,0,0,0,0,False,39,27,39,True,Wan_i,"('M', None)",0,False,1,keep,unique,True,84950239
4969899,84950479,general,아몰랑아무거나해,기본템으로 하나씩 가지고 있으면 좋을거 같아요,5.0,False,SKY BLUE · L,180.0,80.0,남성,2026-06-04 20:56:04,사이즈: 정사이즈 / 화면 대비 색감: 화면과 비슷 / 퀄리티: 좋음 / 구김: 약간 있음,False,0,filluminate,상의,L,SKY BLUE,2026,6,4,목,5,응답,정사이즈,화면과 비슷,좋음,약간 있음,,,,,4.0,,,,3.0,0.0,0.0,0.0,0.0,,,기본템으로 하나씩 가지고 있으면 좋을거 같아요,기본템으로하나씩가지고있으면좋을거같아요,0,0,0,0,0,False,25,20,25,True,아몰랑아무거나해,"('L', 'SKY BLUE')",0,False,2,keep,multi_option_unique,True,84950479
4969807,84950510,general,아몰랑아무거나해,원래 아이보리 색 하나 가지고 있었는데 작년 여름에 많이 입었어서 이번에 검은색도 샀어요,5.0,False,BLACK · L,180.0,80.0,남성,2026-06-04 20:57:04,사이즈: 정사이즈 / 화면 대비 색감: 화면과 비슷 / 퀄리티: 좋음 / 신축성: 적당함,False,0,filluminate,하의,L,BLACK,2026,6,4,목,5,응답,정사이즈,화면과 비슷,좋음,,,적당함,,,4.0,,3.0,,,0.0,0.0,0.0,0.0,,,원래 아이보리 색 하나 가지고 있었는데 작년 여름에 많이 입었어서 이번에 검은색도 샀어요,원래아이보리색하나가지고있었는데작년여름에많이입었어서이번에검은색도샀어요,0,0,0,0,0,False,49,37,49,True,아몰랑아무거나해,"('L', 'BLACK')",0,False,1,keep,unique,True,84950510
4969899,84950547,general,아몰랑아무거나해,색깔도 예쁘고 기본템으로 좋습니다. 인디고 베이지 블루 다 예뻐요,5.0,False,BEIGE · L,180.0,80.0,남성,2026-06-04 20:58:10,사이즈: 정사이즈 / 화면 대비 색감: 화면과 비슷 / 퀄리티: 좋음 / 구김: 약간 있음,False,0,filluminate,상의,L,BEIGE,2026,6,4,목,5,응답,정사이즈,화면과 비슷,좋음,약간 있음,,,,,4.0,,,,3.0,0.0,0.0,0.0,0.0,,,색깔도 예쁘고 기본템으로 좋습니다. 인디고 베이지 블루 다 예뻐요,색깔도예쁘고기본템으로좋습니다인디고베이지블루다예뻐요,0,0,0,0,0,False,36,27,36,True,아몰랑아무거나해,"('L', 'BEIGE')",0,False,2,keep,multi_option_unique,True,84950547
994588,84950722,general,화창한인도세럼,재질이 시원한 재질이라 여름에 입기에도 좋은것 같다는 생각이 들었고 여름에 입어도 크게 지장이 없을 재질와 두께감입니다~~,5.0,False,S(린넨),168.0,55.0,남성,2026-06-04 21:06:33,사이즈: 정사이즈 / 화면 대비 색감: 화면과 비슷 / 퀄리티: 좋음 / 구김: 약간 있음,False,0,filluminate,상의,S,(린넨),2026,6,4,목,5,응답,정사이즈,화면과 비슷,좋음,약간 있음,,,,,4.0,,,,3.0,0.0,0.0,0.0,0.0,,,재질이 시원한 재질이라 여름에 입기에도 좋은것 같다는 생각이 들었고 여름에 입어도 크게 지장이 없을 재질와 두께감입니다~~,재질이시원한재질이라여름에입기에도좋은것같다는생각이들었고여름에입어도크게지장이없을재질와두께감입니다,0,0,0,0,0,False,68,51,68,True,화창한인도세럼,"('S', '(린넨)')",0,False,1,keep,unique,True,84950722
4969807,84951004,style,godbeaver,얇고 넓어서 편하게 입기에 좋아요 깔별로 사려구요!,5.0,False,BLACK · L,176.0,75.0,남성,2026-06-04 21:16:04,사이즈: 정사이즈 / 화면 대비 색감: 화면과 비슷 / 퀄리티: 보통 / 신축성: 전혀 없음,True,0,filluminate,하의,L,BLACK,2026,6,4,목,5,응답,정사이즈,화면과 비슷,보통,,,전혀 없음,,,3.0,,1.0,,,0.0,0.0,0.0,0.0,,,얇고 넓어서 편하게 입기에 좋아요 깔별로 사려구요!,얇고넓어서편하게입기에좋아요깔별로사려구요,0,0,1,0,0,False,28,21,28,True,godbeaver,"('L', 'BLACK')",0,False,2,keep,multi_type_unique,True,84951004
4969807,84951107,general,godbeaver,얇아서 시원하게 입습니다. 레귤러나 크롭한 상의랑 잘 어울릴것 같아요,5.0,False,BLACK · L,176.0,75.0,남성,2026-06-04 21:21:50,사이즈: 정사이즈 / 화면 대비 색감: 화면과 비슷 / 퀄리티: 보통 / 신축성: 전혀 없음,True,0,filluminate,하의,L,BLACK,2026,6,4,목,5,응답,정사이즈,화면과 비슷,보통,,,전혀 없음,,,3.0,,1.0,,,0.0,0.0,0.0,0.0,,,얇아서 시원하게 입습니다. 레귤러나 크롭한 상의랑 잘 어울릴것 같아요,얇아서시원하게입습니다레귤러나크롭한상의랑잘어울릴것같아요,0,0,0,0,0,False,38,29,38,True,godbeaver,"('L', 'BLACK')",0,False,2,keep,multi_type_unique,True,84951107
3791988,84951148,general,헤헷홋,동생이 바지가 필요해서 사줬는데 잘 입고 다닙니다 허리 잘 보고 사시는 거 추천,5.0,False,L,173.0,74.0,남성,2026-06-04 21:20:35,사이즈: 정사이즈 / 화면 대비 색감: 화면과 비슷 / 퀄리티: 좋음 / 신축성: 전혀 없음,False,0,filluminate,하의,L,,2026,6,4,목,5,응답,정사이즈,화면과 비슷,좋음,,,전혀 없음,,,4.0,,1.0,,,0.0,0.0,0.0,0.0,,,동생이 바지가 필요해서 사줬는데 잘 입고 다닙니다 허리 잘 보고 사시는 거 추천,동생이바지가필요해서사줬는데잘입고다닙니다허리잘보고사시는거추천,0,0,0,0,0,False,44,32,44,True,헤헷홋,"('L', None)",0,False,1,keep,unique,True,84951148
﻿5911814,84951235,general,SeoSeoYp,화면이랑 같고 색감도 예뻐요. 여름에 자주 입을것 같아요,5.0,False,S,168.0,75.0,여성,2026-06-04 21:23:10,사이즈: 조금 큼 / 색감: 화면과 비슷 / 신축성: 적당함 / 퀄리티: 보통,False,0,filluminate,상의,S,,2026,6,4,목,5,응답,조금 큼,,보통,,,적당함,화면과 비슷,,3.0,,3.0,,,1.0,1.0,,,0.0,0.0,화면이랑 같고 색감도 예뻐요. 여름에 자주 입을것 같아요,화면이랑같고색감도예뻐요여름에자주입을것같아요,0,0,0,0,0,False,31,23,31,True,SeoSeoYp,"('S', None)",0,False,1,keep,unique,True,84951235
6140944,84951406,general,서투른경복궁벨벳,제 키 기준 기장이 좀 애매해요. 그리고 한 번 빨았는데 목 부분이 우글거리네요ㅜ,3.0,False,LIGHT KHAKI · S,171.0,53.0,남성,2026-06-04 21:29:11,사이즈: 정사이즈 / 화면 대비 색감: 화면과 비슷 / 두께감: 두꺼움 / 신축성: 강함,True,0,filluminate,상의,S,LIGHT KHAKI,2026,6,4,목,3,응답,정사이즈,화면과 비슷,,,두꺼움,강함,,,,,4.0,4.0,,0.0,0.0,0.0,0.0,,,제 키 기준 기장이 좀 애매해요. 그리고 한 번 빨았는데 목 부분이 우글거리네요ㅜ,제키기준기장이좀애매해요그리고한번빨았는데목부분이우글거리네요,0,1,0,0,0,False,45,31,45,True,서투른경복궁벨벳,"('S', 'LIGHT KHAKI')",0,False,1,keep,unique,True,84951406
6394439,84951455,general,뀨뀩뀨뀨,약간 작네여 ㅋ 뭐랄까 음.. 내가 덩치가 이렇게 컷었나? 한사이즈 크게 사야할듯 정핏은 정핏임데 약감 작운 정핏느낌,3.0,False,S,167.0,65.0,남성,2026-06-04 21:31:03,사이즈: 조금 작음 / 화면 대비 색감: 화면과 비슷 / 퀄리티: 보통 / 구김: 거의 없음,False,0,filluminate,상의,S,,2026,6,4,목,3,응답,조금 작음,화면과 비슷,보통,거의 없음,,,,,3.0,,,,4.0,-1.0,1.0,0.0,0.0,,,약간 작네여 ㅋ 뭐랄까 음.. 내가 덩치가 이렇게 컷었나? 한사이즈 크게 사야할듯 정핏은 정핏임데 약감 작운 정핏느낌,약간작네여뭐랄까음내가덩치가이렇게컷었나한사이즈크게사야할듯정핏은정핏임데약감작운정핏느낌,1,0,0,1,0,False,65,45,65,True,뀨뀩뀨뀨,"('S', None)",0,False,1,keep,unique,True,84951455
1884944,84951694,general,1등은내꺼야,"옷 너무 이쁩니다 루즈핏으로 딱이구요 171cm, 75kg XL 루즈하게 잘 맞습니당",5.0,False,EXTRA LARGE,171.0,75.0,남성,2026-06-04 21:40:32,사이즈: 정사이즈 / 화면 대비 색감: 화면과 비슷 / 두께감: 적당함 / 신축성: 적당함,False,0,travel,상의,EXTRA LARGE,,2026,6,4,목,5,응답,정사이즈,화면과 비슷,,,적당함,적당함,,,,,3.0,3.0,,0.0,0.0,0.0,0.0,,,"옷 너무 이쁩니다 루즈핏으로 딱이구요 171cm, 75kg XL 루즈하게 잘 맞습니당",옷너무이쁩니다루즈핏으로딱이구요171cm75kgxl루즈하게잘맞습니당,0,0,0,0,0,False,47,25,47,True,1등은내꺼야,"('EXTRA LARGE', None)",0,False,1,keep,unique,True,84951694
6391691,84952125,general,옷잘입고시픈이,생각보다 사이즈가 작네요. 한 시이즈 더 업했어도 괜찮았을거 같네요,5.0,False,LIGHT BLUE · [Crop ver.] L,170.0,75.0,남성,2026-06-04 21:55:36,사이즈: 정사이즈 / 화면 대비 색감: 화면과 비슷 / 퀄리티: 보통 / 구김: 약간 있음,True,0,filluminate,상의,L,LIGHT BLUE [Crop ver.],2026,6,4,목,5,응답,정사이즈,화면과 비슷,보통,약간 있음,,,,,3.0,,,,3.0,0.0,0.0,0.0,0.0,,,생각보다 사이즈가 작네요. 한 시이즈 더 업했어도 괜찮았을거 같네요,생각보다사이즈가작네요한시이즈더업했어도괜찮았을거같네요,0,0,0,0,0,False,37,28,37,True,옷잘입고시픈이,"('L', 'LIGHT BLUE [Crop ver.]')",0,False,2,keep,multi_type_dup,True,84952125
6394289,84952230,experience,상냥한명동미니,"무신사 체험단으로 선정해 주셔서 감사합니다! 솔직하게 후기를 작성해 보겠습니다.  가장 먼저 만족했던 부분은 바지의 마감 퀄리티였습니다. 박음질이 전체적으로 깔끔하고 꼼꼼하게 되어 있어 완성도가 높다는 느낌을 받았습니다. 원단은 생각보다 두께감이 있는 편인데, 저는 더위를 많이 타지 않아 편하게 착용할 수 있었습니다. 더위를 타시는 분들은 한여름보다는 조금 선선한 날씨에 입으시면 좋을 것 같습니다.  색감도 정말 만족스러웠습니다. 진한 블랙 컬러라 깔끔하고 고급스러운 느낌이 있었으며, 세탁 후에도 물 빠짐이 거의 없어 더욱 좋았습니다. 기장감도 무릎을 덮는 길이로 부담이 없고, 다양한 상의와 잘 어울려 코디하기 편했습니다. 전체적으로 마감, 색감, 핏 모두 만족스러운 제품이었습니다!",4.0,True,L,169.0,57.0,남성,2026-06-04 21:59:26,사이즈: 조금 큼 / 화면 대비 색감: 화면과 비슷 / 퀄리티: 매우 좋음 / 신축성: 강함,True,0,filluminate,하의,L,,2026,6,4,목,4,응답,조금 큼,화면과 비슷,매우 좋음,,,강함,,,5.0,,4.0,,,1.0,1.0,0.0,0.0,,,"무신사 체험단으로 선정해 주셔서 감사합니다! 솔직하게 후기를 작성해 보겠습니다. 가장 먼저 만족했던 부분은 바지의 마감 퀄리티였습니다. 박음질이 전체적으로 깔끔하고 꼼꼼하게 되어 있어 완성도가 높다는 느낌을 받았습니다. 원단은 생각보다 두께감이 있는 편인데, 저는 더위를 많이 타지 않아 편하게 착용할 수 있었습니다. 더위를 타시는 분들은 한여름보다는 조금 선선한 날씨에 입으시면 좋을 것 같습니다. 색감도 정말 만족스러웠습니다. 진한 블랙 컬러라 깔끔하고 고급스러운 느낌이 있었으며, 세탁 후에도 물 빠짐이 거의 없어 더욱 좋았습니다. 기장감도 무릎을 덮는 길이로 부담이 없고, 다양한 상의와 잘 어울려 코디하기 편했습니다. 전체적으로 마감, 색감, 핏 모두 만족스러운 제품이었습니다!",무신사체험단으로선정해주셔서감사합니다솔직하게후기를작성해보겠습니다가장먼저만족했던부분은바지의마감퀄리티였습니다박음질이전체적으로깔끔하고꼼꼼하게되어있어완성도가높다는느낌을받았습니다원단은생각보다두께감이있는편인데저는더위를많이타지않아편하게착용할수있었습니다더위를타시는분들은한여름보다는조금선선한날씨에입으시면좋을것같습니다색감도정말만족스러웠습니다진한블랙컬러라깔끔하고고급스러운느낌이있었으며세탁후에도물빠짐이거의없어더욱좋았습니다기장감도무릎을덮는길이로부담이없고다양한상의와잘어울려코디하기편했습니다전체적으로마감색감핏모두만족스러운제품이었습니다,0,0,2,0,0,False,386,282,384,True,상냥한명동미니,"('L', None)",0,False,1,keep,unique,True,84952230
4946729,84952281,general,zzkzjj,프린팅 귀엽고 저렴하게 잘산거같아여 시원한재질,5.0,False,MEDIUM,160.0,50.0,여성,2026-06-04 22:01:18,사이즈: 조금 큼 / 화면 대비 색감: 화면과 비슷 / 두께감: 적당함 / 신축성: 적당함,True,0,travel,상의,MEDIUM,,2026,6,4,목,5,응답,조금 큼,화면과 비슷,,,적당함,적당함,,,,,3.0,3.0,,1.0,1.0,0.0,0.0,,,프린팅 귀엽고 저렴하게 잘산거같아여 시원한재질,프린팅귀엽고저렴하게잘산거같아여시원한재질,0,0,0,0,0,False,25,21,25,True,zzkzjj,"('MEDIUM', None)",0,False,1,keep,unique,True,84952281
﻿4808908,84952339,general,정상적인플럼바지,옷이 두껍고 색감이 좋아요 사이즈는 조금 큰거같고 핏은 좋아여,5.0,False,베이지 · 34,182.0,77.0,남성,2026-06-04 22:02:59,사이즈: 조금 큼 / 화면 대비 색감: 어두움 / 퀄리티: 보통 / 신축성: 거의 없음,True,0,jemut,하의,34,베이지,2026,6,4,목,5,응답,조금 큼,어두움,보통,,,거의 없음,,,3.0,,2.0,,,1.0,1.0,-1.0,1.0,,,옷이 두껍고 색감이 좋아요 사이즈는 조금 큰거같고 핏은 좋아여,옷이두껍고색감이좋아요사이즈는조금큰거같고핏은좋아여,0,0,0,0,0,False,34,26,34,True,정상적인플럼바지,"('34', '베이지')",0,False,1,keep,unique,True,84952339
﻿6083678,84952631,general,유능한분홍머슬핏,가격 싼데 옷 변형이 없어서 만족합니다! 탄탄하고 적당히 얇아서 여름에 잘 입을 수 있어요,5.0,False,S,160.0,50.0,여성,2026-06-04 22:14:30,사이즈: 정사이즈 / 화면 대비 색감: 화면과 비슷 / 두께감: 적당함 / 신축성: 적당함,True,0,travel,상의,S,,2026,6,4,목,5,응답,정사이즈,화면과 비슷,,,적당함,적당함,,,,,3.0,3.0,,0.0,0.0,0.0,0.0,,,가격 싼데 옷 변형이 없어서 만족합니다! 탄탄하고 적당히 얇아서 여름에 잘 입을 수 있어요,가격싼데옷변형이없어서만족합니다탄탄하고적당히얇아서여름에잘입을수있어요,0,0,1,0,0,False,50,36,50,True,유능한분홍머슬핏,"('S', None)",0,False,1,keep,unique,True,84952631
6083675,84952824,general,민쩡공쥬,컬러가 좀 달라서 옷이 잘못온줄 알았네요 좀 우중충해보이긴 하는데 그냥 입을게요^^,4.0,False,L,165.0,48.0,여성,2026-06-04 22:21:13,사이즈: 조금 큼 / 화면 대비 색감: 어두움 / 두께감: 적당함 / 신축성: 적당함,True,0,travel,상의,L,,2026,6,4,목,4,응답,조금 큼,어두움,,,적당함,적당함,,,,,3.0,3.0,,1.0,1.0,-1.0,1.0,,,컬러가 좀 달라서 옷이 잘못온줄 알았네요 좀 우중충해보이긴 하는데 그냥 입을게요^^,컬러가좀달라서옷이잘못온줄알았네요좀우중충해보이긴하는데그냥입을게요,0,0,0,0,0,False,46,34,46,True,민쩡공쥬,"('L', None)",0,False,1,keep,unique,True,84952824
6394441,84952981,experience,산만잡지,얇고 시원한 여름 반소매 셔츠! 여름에 입을 포인트 체크 셔츠 찾고 있었는데 포완전 원하던 그 셔츠였습니다.   최근 2박3일 여행 중에도 입어보았는데 더운날씨임에도 민소매랑 매치해서 입으니까 여행내내 시원하게 잘 입고 다녔어요. 몸에 잘 안붙는 오글오글(?)한 재질의 원단이라 구김이 가도 티가 크게 안나서 좋았습니다. 대충 가방에 넣었다가 탈탈 털고 꺼내입어도 무리 없었어요.  단추 다 잠그고 버뮤다 팬츠랑 입어도 귀엽고 단추 풀고 걸쳐도 편하게 입을 수 있었어요. 더 더워져도 입을 수 있을것같아서 아주 만족합니다!,5.0,True,S,162.0,55.0,여성,2026-06-04 22:26:18,사이즈: 정사이즈 / 화면 대비 색감: 화면과 비슷 / 퀄리티: 좋음 / 구김: 약간 있음,True,0,filluminate,상의,S,,2026,6,4,목,5,응답,정사이즈,화면과 비슷,좋음,약간 있음,,,,,4.0,,,,3.0,0.0,0.0,0.0,0.0,,,얇고 시원한 여름 반소매 셔츠! 여름에 입을 포인트 체크 셔츠 찾고 있었는데 포완전 원하던 그 셔츠였습니다. 최근 2박3일 여행 중에도 입어보았는데 더운날씨임에도 민소매랑 매치해서 입으니까 여행내내 시원하게 잘 입고 다녔어요. 몸에 잘 안붙는 오글오글(?)한 재질의 원단이라 구김이 가도 티가 크게 안나서 좋았습니다. 대충 가방에 넣었다가 탈탈 털고 꺼내입어도 무리 없었어요. 단추 다 잠그고 버뮤다 팬츠랑 입어도 귀엽고 단추 풀고 걸쳐도 편하게 입을 수 있었어요. 더 더워져도 입을 수 있을것같아서 아주 만족합니다!,얇고시원한여름반소매셔츠여름에입을포인트체크셔츠찾고있었는데포완전원하던그셔츠였습니다최근2박3일여행중에도입어보았는데더운날씨임에도민소매랑매치해서입으니까여행내내시원하게잘입고다녔어요몸에잘안붙는오글오글한재질의원단이라구김이가도티가크게안나서좋았습니다대충가방에넣었다가탈탈털고꺼내입어도무리없었어요단추다잠그고버뮤다팬츠랑입어도귀엽고단추풀고걸쳐도편하게입을수있었어요더더워져도입을수있을것같아서아주만족합니다,0,0,2,1,0,True,292,207,289,True,산만잡지,"('S', None)",0,False,1,keep,unique,True,84952981
6140883,84953091,style,한유섭,"배송이 빨리와서 좋았고 생각보다 가볍고 얇아서 더 좋았어요!  그리고 실밥 마감도 꽤 준수해서 좋았어요.  소매랑 옷 기장이 저한테는 약간 길긴 한데, 전체적인 어깨나 면적 부분은 맘에 들었어요!  어차피 봄,가을, 초여름에 가볍게 걸치려는 느낌이라 오히려 오버핏 느낌이 더 좋은거 같아요~~",5.0,False,S,169.0,65.0,남성,2026-06-04 22:30:07,사이즈: 조금 큼 / 화면 대비 색감: 어두움 / 퀄리티: 좋음 / 구김: 약간 있음,True,0,filluminate,상의,S,,2026,6,4,목,5,응답,조금 큼,어두움,좋음,약간 있음,,,,,4.0,,,,3.0,1.0,1.0,-1.0,1.0,,,"배송이 빨리와서 좋았고 생각보다 가볍고 얇아서 더 좋았어요! 그리고 실밥 마감도 꽤 준수해서 좋았어요. 소매랑 옷 기장이 저한테는 약간 길긴 한데, 전체적인 어깨나 면적 부분은 맘에 들었어요! 어차피 봄,가을, 초여름에 가볍게 걸치려는 느낌이라 오히려 오버핏 느낌이 더 좋은거 같아요~~",배송이빨리와서좋았고생각보다가볍고얇아서더좋았어요그리고실밥마감도꽤준수해서좋았어요소매랑옷기장이저한테는약간길긴한데전체적인어깨나면적부분은맘에들었어요어차피봄가을초여름에가볍게걸치려는느낌이라오히려오버핏느낌이더좋은거같아요,0,0,2,0,0,False,163,114,160,True,한유섭,"('S', None)",0,False,1,keep,unique,True,84953091
﻿6140883,84953136,general,한유섭,마감도 좋고 품질도 나쁘지 않아서 좋았어요!  오버핏 느낌이 많이 나서 기장은 좀 길었는데  오히려 원하던 느낌이라 좋았습니다~~  색상은 약간 어두워요! 사진보다 더,5.0,False,S,169.0,65.0,남성,2026-06-04 22:32:10,사이즈: 조금 큼 / 화면 대비 색감: 어두움 / 퀄리티: 좋음 / 구김: 약간 있음,True,0,filluminate,상의,S,,2026,6,4,목,5,응답,조금 큼,어두움,좋음,약간 있음,,,,,4.0,,,,3.0,1.0,1.0,-1.0,1.0,,,마감도 좋고 품질도 나쁘지 않아서 좋았어요! 오버핏 느낌이 많이 나서 기장은 좀 길었는데 오히려 원하던 느낌이라 좋았습니다~~ 색상은 약간 어두워요! 사진보다 더,마감도좋고품질도나쁘지않아서좋았어요오버핏느낌이많이나서기장은좀길었는데오히려원하던느낌이라좋았습니다색상은약간어두워요사진보다더,0,0,2,0,0,False,93,65,90,True,한유섭,"('S', None)",0,False,1,keep,unique,True,84953136
﻿5249256,84953141,style,샤를미끌레르,데일리로 좋은 것 같아요 아무옷이랑 다 잘어울리는거 같아요,5.0,False,BLACK · S,155.0,53.0,여성,2026-06-04 22:32:21,사이즈: 조금 큼 / 화면 대비 색감: 화면과 비슷 / 퀄리티: 보통 / 신축성: 적당함,True,0,filluminate,하의,S,BLACK,2026,6,4,목,5,응답,조금 큼,화면과 비슷,보통,,,적당함,,,3.0,,3.0,,,1.0,1.0,0.0,0.0,,,데일리로 좋은 것 같아요 아무옷이랑 다 잘어울리는거 같아요,데일리로좋은것같아요아무옷이랑다잘어울리는거같아요,0,0,0,0,0,False,32,25,32,True,샤를미끌레르,"('S', 'BLACK')",1,True,1,keep,unique,True,84953141
6394371,84953177,general,어마어마한오버핏,색깔 맞춰 입기 에매한 카키색입니다. 사진과 전혀 다른 색감. 밝고 누런끼가 많아서 쿨톤인 저에게는 너무 안어울려요. ㅠ,4.0,False,KHAKI · S,160.0,50.0,여성,2026-06-04 22:33:42,사이즈: 정사이즈 / 화면 대비 색감: 화면과 비슷 / 퀄리티: 보통 / 신축성: 적당함,True,0,filluminate,하의,S,KHAKI,2026,6,4,목,4,응답,정사이즈,화면과 비슷,보통,,,적당함,,,3.0,,3.0,,,0.0,0.0,0.0,0.0,,,색깔 맞춰 입기 에매한 카키색입니다. 사진과 전혀 다른 색감. 밝고 누런끼가 많아서 쿨톤인 저에게는 너무 안어울려요. ㅠ,색깔맞춰입기에매한카키색입니다사진과전혀다른색감밝고누런끼가많아서쿨톤인저에게는너무안어울려요,0,1,0,0,0,False,67,47,67,True,어마어마한오버핏,"('S', 'KHAKI')",1,True,2,keep,multi_type_unique,True,84953177
4987047,84953206,style,HQ지킴이,진짜 올해 반팔티 엄청 찾았는데 1황이네요. 다 좋아요,5.0,False,화이트 · L,175.0,65.0,남성,2026-06-04 22:34:37,사이즈: 정사이즈 / 화면 대비 색감: 화면과 비슷 / 두께감: 적당함 / 신축성: 적당함,True,0,jemut,상의,L,화이트,2026,6,4,목,5,응답,정사이즈,화면과 비슷,,,적당함,적당함,,,,,3.0,3.0,,0.0,0.0,0.0,0.0,,,진짜 올해 반팔티 엄청 찾았는데 1황이네요. 다 좋아요,진짜올해반팔티엄청찾았는데1황이네요다좋아요,0,0,0,0,0,False,30,21,30,True,HQ지킴이,"('L', '화이트')",0,False,1,keep,unique,True,84953206
6394371,84953244,style,어마어마한오버핏,사진과 전혀 다른 색감의 카키색이다. 노란끼가 많고 밝아서 쿨톤에겐 더워 보이고 떠보이는 색깔 ㅠ. 옷맞춰 입기 참 힘든 색감. 반품하려다 제품엔 이상 없어서 그냥 구매확정.,4.0,False,KHAKI · S,160.0,50.0,여성,2026-06-04 22:35:55,사이즈: 정사이즈 / 화면 대비 색감: 화면과 비슷 / 퀄리티: 보통 / 신축성: 적당함,True,0,filluminate,하의,S,KHAKI,2026,6,4,목,4,응답,정사이즈,화면과 비슷,보통,,,적당함,,,3.0,,3.0,,,0.0,0.0,0.0,0.0,,,사진과 전혀 다른 색감의 카키색이다. 노란끼가 많고 밝아서 쿨톤에겐 더워 보이고 떠보이는 색깔 ㅠ. 옷맞춰 입기 참 힘든 색감. 반품하려다 제품엔 이상 없어서 그냥 구매확정.,사진과전혀다른색감의카키색이다노란끼가많고밝아서쿨톤에겐더워보이고떠보이는색깔옷맞춰입기참힘든색감반품하려다제품엔이상없어서그냥구매확정,0,1,0,0,0,False,97,68,97,True,어마어마한오버핏,"('S', 'KHAKI')",1,True,2,keep,multi_type_unique,True,84953244
4019081,84953248,general,자랑하는뉴욕쇼룸,배송도 엄청 빠르고 사이즈며 핏이며 원하던데로에요. 맘에 아주 쏙 들어요 ㅋㅋ 깔별로 쟁여야겠습니다,5.0,False,딥그레이 · L,173.0,93.0,남성,2026-06-04 22:36:05,사이즈: 정사이즈 / 화면 대비 색감: 화면과 비슷 / 퀄리티: 보통 / 신축성: 적당함,True,0,jemut,하의,L,딥그레이,2026,6,4,목,5,응답,정사이즈,화면과 비슷,보통,,,적당함,,,3.0,,3.0,,,0.0,0.0,0.0,0.0,,,배송도 엄청 빠르고 사이즈며 핏이며 원하던데로에요. 맘에 아주 쏙 들어요 ㅋㅋ 깔별로 쟁여야겠습니다,배송도엄청빠르고사이즈며핏이며원하던데로에요맘에아주쏙들어요깔별로쟁여야겠습니다,2,0,0,0,0,False,55,40,55,True,자랑하는뉴욕쇼룸,"('L', '딥그레이')",0,False,1,keep,unique,True,84953248
﻿2712419,84953341,general,능동적인이지웨어,와이프가 회사에서 간단히 입으려고 샀어요 가격도 싼대 재질 다 좋네요 ㅎㅎ,5.0,False,S,171.0,75.0,남성,2026-06-04 22:39:21,사이즈: 정사이즈 / 화면 대비 색감: 화면과 비슷 / 두께감: 적당함 / 퀄리티: 보통,False,0,filluminate,아우터,S,,2026,6,4,목,5,응답,정사이즈,화면과 비슷,보통,,적당함,,,,3.0,,,3.0,,0.0,0.0,0.0,0.0,,,와이프가 회사에서 간단히 입으려고 샀어요 가격도 싼대 재질 다 좋네요 ㅎㅎ,와이프가회사에서간단히입으려고샀어요가격도싼대재질다좋네요,2,0,0,0,0,False,41,29,41,True,능동적인이지웨어,"('S', None)",0,False,1,keep,unique,True,84953341
6140920,84953621,general,명료한스웨덴미니,한번사서 잘입음 계속 그 브랜드옷만 사는편이라 가성비 기본값은 최고인듯 기본이 필요할때 또구매,5.0,False,L,180.0,100.0,여성,2026-06-04 22:49:28,사이즈: 정사이즈 / 화면 대비 색감: 화면과 비슷 / 퀄리티: 보통 / 구김: 약간 있음,False,0,filluminate,상의,L,,2026,6,4,목,5,응답,정사이즈,화면과 비슷,보통,약간 있음,,,,,3.0,,,,3.0,0.0,0.0,0.0,0.0,,,한번사서 잘입음 계속 그 브랜드옷만 사는편이라 가성비 기본값은 최고인듯 기본이 필요할때 또구매,한번사서잘입음계속그브랜드옷만사는편이라가성비기본값은최고인듯기본이필요할때또구매,0,0,0,0,0,False,52,41,52,True,명료한스웨덴미니,"('L', None)",0,False,1,keep,unique,True,84953621
﻿6140880,84953690,general,피가끓는청색캡,그레이 색상 버뮤다 사고 약간 다른 스타일 버뮤다 구매할려고 찾다가 주머니가 포인트 되면서 심플한 디자인이라 구매했습니다. 원단 탄탄해서 모양 잘 잡아주네요. 길이감도 맘에 들어요. 다만 두께감은 좀 있어서 약간 더울수도 있어 보입니다,5.0,False,L,185.0,100.0,남성,2026-06-04 22:51:43,사이즈: 조금 큼 / 화면 대비 색감: 화면과 비슷 / 퀄리티: 좋음 / 신축성: 강함,True,0,filluminate,하의,L,,2026,6,4,목,5,응답,조금 큼,화면과 비슷,좋음,,,강함,,,4.0,,4.0,,,1.0,1.0,0.0,0.0,,,그레이 색상 버뮤다 사고 약간 다른 스타일 버뮤다 구매할려고 찾다가 주머니가 포인트 되면서 심플한 디자인이라 구매했습니다. 원단 탄탄해서 모양 잘 잡아주네요. 길이감도 맘에 들어요. 다만 두께감은 좀 있어서 약간 더울수도 있어 보입니다,그레이색상버뮤다사고약간다른스타일버뮤다구매할려고찾다가주머니가포인트되면서심플한디자인이라구매했습니다원단탄탄해서모양잘잡아주네요길이감도맘에들어요다만두께감은좀있어서약간더울수도있어보입니다,0,0,0,0,0,False,131,97,131,True,피가끓는청색캡,"('L', None)",0,False,1,keep,unique,True,84953690
5092725,84953800,general,도토리먹는다람쥐,이번에 야구장에 입고 다녀왔는데 엄청 시원해요,5.0,False,LIGHT BLUE · M,168.0,66.0,남성,2026-06-04 22:56:21,사이즈: 정사이즈 / 화면 대비 색감: 화면과 비슷 / 퀄리티: 매우 좋음 / 신축성: 적당함,True,0,filluminate,하의,M,LIGHT BLUE,2026,6,4,목,5,응답,정사이즈,화면과 비슷,매우 좋음,,,적당함,,,5.0,,3.0,,,0.0,0.0,0.0,0.0,,,이번에 야구장에 입고 다녀왔는데 엄청 시원해요,이번에야구장에입고다녀왔는데엄청시원해요,0,0,0,0,0,False,25,20,25,True,도토리먹는다람쥐,"('M', 'LIGHT BLUE')",0,False,2,keep,multi_type_dup,True,84953800
4946729,84954532,general,듀뱌뱌듀듀,이뽀요 목 부분 짱짱해서 잘 안늘어날듯 그거랑 엄청 얇아용,4.0,False,SMALL,158.0,50.0,여성,2026-06-04 23:27:15,사이즈: 정사이즈 / 화면 대비 색감: 화면과 비슷 / 두께감: 적당함 / 신축성: 적당함,True,0,travel,상의,SMALL,,2026,6,4,목,4,응답,정사이즈,화면과 비슷,,,적당함,적당함,,,,,3.0,3.0,,0.0,0.0,0.0,0.0,,,이뽀요 목 부분 짱짱해서 잘 안늘어날듯 그거랑 엄청 얇아용,이뽀요목부분짱짱해서잘안늘어날듯그거랑엄청얇아용,0,0,0,0,0,False,32,24,32,True,듀뱌뱌듀듀,"('SMALL', None)",0,False,1,keep,unique,True,84954532
﻿3132774,84954542,general,듀뱌뱌듀듀,이뻐용 프린팅이 잘 안보이긴 함 근데 걍 무난무난하게 입기 기능,4.0,False,SMALL,158.0,50.0,여성,2026-06-04 23:27:58,사이즈: 정사이즈 / 화면 대비 색감: 화면과 비슷 / 두께감: 적당함 / 신축성: 적당함,True,0,travel,상의,SMALL,,2026,6,4,목,4,응답,정사이즈,화면과 비슷,,,적당함,적당함,,,,,3.0,3.0,,0.0,0.0,0.0,0.0,,,이뻐용 프린팅이 잘 안보이긴 함 근데 걍 무난무난하게 입기 기능,이뻐용프린팅이잘안보이긴함근데걍무난무난하게입기기능,0,0,0,0,0,False,35,26,35,True,듀뱌뱌듀듀,"('SMALL', None)",0,False,1,keep,unique,True,84954542
994588,84954898,general,MNVV,옷 세미 오버핏이고 잘 받아요 색감도 찡하고 휘뚜루 입기 좋은듯,5.0,False,M(린넨),173.0,57.0,남성,2026-06-04 23:45:46,사이즈: 조금 큼 / 화면 대비 색감: 화면과 비슷 / 퀄리티: 보통 / 구김: 약간 있음,True,0,filluminate,상의,M,(린넨),2026,6,4,목,5,응답,조금 큼,화면과 비슷,보통,약간 있음,,,,,3.0,,,,3.0,1.0,1.0,0.0,0.0,,,옷 세미 오버핏이고 잘 받아요 색감도 찡하고 휘뚜루 입기 좋은듯,옷세미오버핏이고잘받아요색감도찡하고휘뚜루입기좋은듯,0,0,0,0,0,False,35,26,35,True,MNVV,"('M', '(린넨)')",0,False,1,keep,unique,True,84954898
3048830,84955245,general,희망찬퀸스모헤어,바지길이가 적당해서 좋았고 바지핏을 조절할 수 있는 단추가 있어서 마음에 들었습니다,5.0,False,MEDIUM,169.0,76.0,남성,2026-06-05 00:06:37,사이즈: 정사이즈 / 화면 대비 색감: 화면과 비슷 / 퀄리티: 보통 / 신축성: 적당함,True,0,travel,하의,MEDIUM,,2026,6,5,금,5,응답,정사이즈,화면과 비슷,보통,,,적당함,,,3.0,,3.0,,,0.0,0.0,0.0,0.0,,,바지길이가 적당해서 좋았고 바지핏을 조절할 수 있는 단추가 있어서 마음에 들었습니다,바지길이가적당해서좋았고바지핏을조절할수있는단추가있어서마음에들었습니다,0,0,0,0,0,False,46,36,46,True,희망찬퀸스모헤어,"('MEDIUM', None)",0,False,1,keep,unique,True,84955245
4697060,84955877,general,쥑쥑_,편하고 예뻐요 할인할때 좋은 가격으로 살수있어서 좋았ㅓ영,5.0,False,M,165.0,56.0,여성,2026-06-05 00:45:25,사이즈: 정사이즈 / 화면 대비 색감: 화면과 비슷 / 두께감: 적당함 / 퀄리티: 보통,False,0,filluminate,상의,M,,2026,6,5,금,5,응답,정사이즈,화면과 비슷,보통,,적당함,,,,3.0,,,3.0,,0.0,0.0,0.0,0.0,,,편하고 예뻐요 할인할때 좋은 가격으로 살수있어서 좋았ㅓ영,편하고예뻐요할인할때좋은가격으로살수있어서좋았영,0,0,0,0,0,False,31,24,31,True,쥑쥑_,"('M', None)",0,False,1,keep,unique,True,84955877
3792018,84956082,general,lllllolo,한여름에 입기에 얇은 긴바지에요. 활동하기에도 편하고 좋아요,5.0,False,S,175.0,75.0,남성,2026-06-05 01:05:21,사이즈: 조금 큼 / 화면 대비 색감: 화면과 비슷 / 퀄리티: 좋음 / 신축성: 강함,False,0,filluminate,하의,S,,2026,6,5,금,5,응답,조금 큼,화면과 비슷,좋음,,,강함,,,4.0,,4.0,,,1.0,1.0,0.0,0.0,,,한여름에 입기에 얇은 긴바지에요. 활동하기에도 편하고 좋아요,한여름에입기에얇은긴바지에요활동하기에도편하고좋아요,0,0,0,0,0,False,33,26,33,True,lllllolo,"('S', None)",0,False,1,keep,unique,True,84956082
4862836,84956151,general,내일은연희동지갑,기대 이상으로 만족스러운 제품이에요 정말로 너무 좋아요,5.0,False,S,176.0,85.0,남성,2026-06-05 01:13:04,사이즈: 정사이즈 / 화면 대비 색감: 화면과 비슷 / 퀄리티: 보통 / 두께감: 적당함,False,0,filluminate,아우터,S,,2026,6,5,금,5,응답,정사이즈,화면과 비슷,보통,,적당함,,,,3.0,,,3.0,,0.0,0.0,0.0,0.0,,,기대 이상으로 만족스러운 제품이에요 정말로 너무 좋아요,기대이상으로만족스러운제품이에요정말로너무좋아요,0,0,0,0,0,False,30,24,30,True,내일은연희동지갑,"('S', None)",0,False,1,keep,unique,True,84956151
﻿4862836,84956158,general,내일은연희동지갑,생각보다 훨씬 더 좋은 품질이에요 정말 매우 만족합니다,5.0,False,L,176.0,85.0,남성,2026-06-05 01:13:54,사이즈: 정사이즈 / 화면 대비 색감: 화면과 비슷 / 퀄리티: 보통 / 두께감: 적당함,False,0,filluminate,아우터,L,,2026,6,5,금,5,응답,정사이즈,화면과 비슷,보통,,적당함,,,,3.0,,,3.0,,0.0,0.0,0.0,0.0,,,생각보다 훨씬 더 좋은 품질이에요 정말 매우 만족합니다,생각보다훨씬더좋은품질이에요정말매우만족합니다,0,0,0,0,0,False,30,23,30,True,내일은연희동지갑,"('L', None)",0,False,1,keep,unique,True,84956158
5092725,84956203,general,내일은연희동지갑,마감도 꼼꼼하고 전체적으로 만족스러운 상품이에요 추천해요,5.0,False,BROWN · L,176.0,85.0,남성,2026-06-05 01:18:28,사이즈: 정사이즈 / 화면 대비 색감: 화면과 비슷 / 퀄리티: 보통 / 신축성: 적당함,False,0,filluminate,하의,L,BROWN,2026,6,5,금,5,응답,정사이즈,화면과 비슷,보통,,,적당함,,,3.0,,3.0,,,0.0,0.0,0.0,0.0,,,마감도 꼼꼼하고 전체적으로 만족스러운 상품이에요 추천해요,마감도꼼꼼하고전체적으로만족스러운상품이에요추천해요,0,0,0,0,0,False,31,26,31,True,내일은연희동지갑,"('L', 'BROWN')",0,False,1,keep,unique,True,84956203
﻿6219016,84956351,general,쵸코쇼코쵸코,생각보다 색이 어두운데 그래도 이뻐요 평소에 정말 잘입고 다닙니다,5.0,False,MEDIUM,172.0,65.0,남성,2026-06-05 01:34:17,사이즈: 정사이즈 / 화면 대비 색감: 화면과 비슷 / 두께감: 적당함 / 신축성: 적당함,False,0,travel,상의,MEDIUM,,2026,6,5,금,5,응답,정사이즈,화면과 비슷,,,적당함,적당함,,,,,3.0,3.0,,0.0,0.0,0.0,0.0,,,생각보다 색이 어두운데 그래도 이뻐요 평소에 정말 잘입고 다닙니다,생각보다색이어두운데그래도이뻐요평소에정말잘입고다닙니다,0,0,0,0,0,False,36,28,36,True,쵸코쇼코쵸코,"('MEDIUM', None)",0,False,1,keep,unique,True,84956351
6493135,84956774,general,진식스,"귀찮아서 리뷰를 진짜 안 쓰는 편인데, 이건 사진이랑 너무 다릅니다. M이랑 L 사이즈 둘 다 샀는데 사진에서는 넥라인이 짱짱해 보여서 구매했는데, 막상 받아보니 잠옷 티셔츠인줄 알았네요.",1.0,False,BLACK · L,170.0,65.0,남성,2026-06-05 02:52:06,사이즈: 정사이즈 / 화면 대비 색감: 화면과 비슷 / 두께감: 적당함 / 신축성: 적당함,False,10,filluminate,상의,L,BLACK,2026,6,5,금,1,응답,정사이즈,화면과 비슷,,,적당함,적당함,,,,,3.0,3.0,,0.0,0.0,0.0,0.0,,,"귀찮아서 리뷰를 진짜 안 쓰는 편인데, 이건 사진이랑 너무 다릅니다. M이랑 L 사이즈 둘 다 샀는데 사진에서는 넥라인이 짱짱해 보여서 구매했는데, 막상 받아보니 잠옷 티셔츠인줄 알았네요.",귀찮아서리뷰를진짜안쓰는편인데이건사진이랑너무다릅니다m이랑l사이즈둘다샀는데사진에서는넥라인이짱짱해보여서구매했는데막상받아보니잠옷티셔츠인줄알았네요,0,0,0,0,0,False,105,74,105,True,진식스,"('L', 'BLACK')",0,False,1,keep,unique,True,84956774
3048830,84956961,general,차분한베이지시계,바람 잘 통하고 시원해서 굿굿 허리가 좀 여유가있음,5.0,False,MEDIUM,170.0,78.0,남성,2026-06-05 03:21:42,사이즈: 조금 큼 / 화면 대비 색감: 어두움 / 퀄리티: 보통 / 신축성: 전혀 없음,False,0,travel,하의,MEDIUM,,2026,6,5,금,5,응답,조금 큼,어두움,보통,,,전혀 없음,,,3.0,,1.0,,,1.0,1.0,-1.0,1.0,,,바람 잘 통하고 시원해서 굿굿 허리가 좀 여유가있음,바람잘통하고시원해서굿굿허리가좀여유가있음,0,0,0,0,0,False,28,21,28,True,차분한베이지시계,"('MEDIUM', None)",0,False,1,keep,unique,True,84956961
﻿5972909,84957051,general,솜방망이발바닥,깔끔해서 데일리로 잘 입고다닐 것 같아요! 조아요~,5.0,False,M,156.0,52.0,여성,2026-06-05 03:46:34,사이즈: 정사이즈 / 화면 대비 색감: 화면과 비슷 / 퀄리티: 보통 / 신축성: 적당함,False,0,filluminate,하의,M,,2026,6,5,금,5,응답,정사이즈,화면과 비슷,보통,,,적당함,,,3.0,,3.0,,,0.0,0.0,0.0,0.0,,,깔끔해서 데일리로 잘 입고다닐 것 같아요! 조아요~,깔끔해서데일리로잘입고다닐것같아요조아요,0,0,1,0,0,False,28,20,28,True,솜방망이발바닥,"('M', None)",0,False,1,keep,unique,True,84957051
1884943,84957182,general,둔감한제주스키니,트레블 제품중에 ㄹㅇ 반팔 핏은 진짜 GOAT인듯요 아래는 슬림하게 떨어지면서 위에는 넉넉하게 살아서 체형 보완 확실하고 재질도 좋아요,5.0,False,MEDIUM,170.0,60.0,남성,2026-06-05 05:05:47,사이즈: 정사이즈 / 화면 대비 색감: 화면과 비슷 / 두께감: 적당함 / 신축성: 강함,False,0,travel,상의,MEDIUM,,2026,6,5,금,5,응답,정사이즈,화면과 비슷,,,적당함,강함,,,,,4.0,3.0,,0.0,0.0,0.0,0.0,,,트레블 제품중에 ㄹㅇ 반팔 핏은 진짜 GOAT인듯요 아래는 슬림하게 떨어지면서 위에는 넉넉하게 살아서 체형 보완 확실하고 재질도 좋아요,트레블제품중에반팔핏은진짜goat인듯요아래는슬림하게떨어지면서위에는넉넉하게살아서체형보완확실하고재질도좋아요,0,0,0,0,0,False,75,52,75,True,둔감한제주스키니,"('MEDIUM', None)",0,False,1,keep,unique,True,84957182
6205180,84957652,general,돌체형님,적당하게 크롭한 느낌에 티셔츠고 프린팅도 재질도 나쁘지 않아요,5.0,False,M,171.0,70.0,남성,2026-06-05 07:13:36,사이즈: 정사이즈 / 화면 대비 색감: 화면과 비슷 / 두께감: 적당함 / 신축성: 적당함,False,0,travel,상의,M,,2026,6,5,금,5,응답,정사이즈,화면과 비슷,,,적당함,적당함,,,,,3.0,3.0,,0.0,0.0,0.0,0.0,,,적당하게 크롭한 느낌에 티셔츠고 프린팅도 재질도 나쁘지 않아요,적당하게크롭한느낌에티셔츠고프린팅도재질도나쁘지않아요,0,0,0,0,0,False,34,27,34,True,돌체형님,"('M', None)",0,False,1,keep,unique,True,84957652
4969807,84958170,general,lllllIIllIl,허리밴딩은 강해서 좋습니다 사이즈표보고 클거라 생각했는데 역시 크네요 린넨이지만 얇지는 않아요,3.0,False,BLACK · M,172.0,70.0,남성,2026-06-05 08:17:10,사이즈: 조금 큼 / 화면 대비 색감: 화면과 비슷 / 퀄리티: 보통 / 신축성: 거의 없음,False,0,filluminate,하의,M,BLACK,2026,6,5,금,3,응답,조금 큼,화면과 비슷,보통,,,거의 없음,,,3.0,,2.0,,,1.0,1.0,0.0,0.0,,,허리밴딩은 강해서 좋습니다 사이즈표보고 클거라 생각했는데 역시 크네요 린넨이지만 얇지는 않아요,허리밴딩은강해서좋습니다사이즈표보고클거라생각했는데역시크네요린넨이지만얇지는않아요,0,0,0,0,0,False,52,42,52,True,lllllIIllIl,"('M', 'BLACK')",0,False,1,keep,unique,True,84958170
4969880,84958489,general,현란한동묘아우터,색은 예쁜데34입는사람은 타이트할듯 그래도 쌈,5.0,False,WHITE · XL,181.0,90.0,남성,2026-06-05 08:43:28,사이즈: 정사이즈 / 화면 대비 색감: 화면과 비슷 / 퀄리티: 보통 / 구김: 약간 있음,False,0,filluminate,상의,XL,WHITE,2026,6,5,금,5,응답,정사이즈,화면과 비슷,보통,약간 있음,,,,,3.0,,,,3.0,0.0,0.0,0.0,0.0,,,색은 예쁜데34입는사람은 타이트할듯 그래도 쌈,색은예쁜데34입는사람은타이트할듯그래도쌈,0,0,0,0,0,False,25,19,25,True,현란한동묘아우터,"('XL', 'WHITE')",1,True,2,keep,multi_option_dup,True,84958489
5092725,84958499,general,현란한동묘아우터,색은 예쁜데34입는사람은 타이트할듯 그래도 쌈,5.0,False,INDIGO · XL,181.0,90.0,남성,2026-06-05 08:44:09,사이즈: 정사이즈 / 화면 대비 색감: 화면과 비슷 / 퀄리티: 보통 / 신축성: 적당함,False,0,filluminate,하의,XL,INDIGO,2026,6,5,금,5,응답,정사이즈,화면과 비슷,보통,,,적당함,,,3.0,,3.0,,,0.0,0.0,0.0,0.0,,,색은 예쁜데34입는사람은 타이트할듯 그래도 쌈,색은예쁜데34입는사람은타이트할듯그래도쌈,0,0,0,0,0,False,25,19,25,True,현란한동묘아우터,"('XL', 'INDIGO')",0,False,1,keep,unique,True,84958499
4969807,84958506,general,현란한동묘아우터,색은 예쁜데34입는사람은 타이트할듯 그래도 쌈,5.0,False,LIGHT BLUE · XL,181.0,90.0,남성,2026-06-05 08:44:28,사이즈: 정사이즈 / 화면 대비 색감: 화면과 비슷 / 퀄리티: 보통 / 신축성: 적당함,False,0,filluminate,하의,XL,LIGHT BLUE,2026,6,5,금,5,응답,정사이즈,화면과 비슷,보통,,,적당함,,,3.0,,3.0,,,0.0,0.0,0.0,0.0,,,색은 예쁜데34입는사람은 타이트할듯 그래도 쌈,색은예쁜데34입는사람은타이트할듯그래도쌈,0,0,0,0,0,False,25,19,25,True,현란한동묘아우터,"('XL', 'LIGHT BLUE')",1,True,1,keep,unique,True,84958506
4969807,84958598,general,'#ny#,편하게 입을수 있어서 좋아요 핏도 이뻐서 자주 집어요,5.0,False,LIGHT BLUE · L,176.0,77.0,남성,2026-06-05 08:52:55,사이즈: 정사이즈 / 화면 대비 색감: 화면과 비슷 / 퀄리티: 좋음 / 신축성: 매우 강함,False,0,filluminate,하의,L,LIGHT BLUE,2026,6,5,금,5,응답,정사이즈,화면과 비슷,좋음,,,매우 강함,,,4.0,,5.0,,,0.0,0.0,0.0,0.0,,,편하게 입을수 있어서 좋아요 핏도 이뻐서 자주 집어요,편하게입을수있어서좋아요핏도이뻐서자주집어요,0,0,0,0,0,False,29,22,29,True,'#ny#,"('L', 'LIGHT BLUE')",0,False,1,keep,unique,True,84958598
﻿2724701,84958798,style,느네느네,이 가격에 절대 살수없는 질입니다 좋은 가격에 득템해서 기쁩니더,5.0,False,[NO기모]MEDIUM,164.0,51.0,여성,2026-06-05 09:06:19,사이즈: 정사이즈 / 화면 대비 색감: 화면과 비슷 / 퀄리티: 보통 / 두께감: 적당함,True,0,travel,아우터,MEDIUM,[NO기모],2026,6,5,금,5,응답,정사이즈,화면과 비슷,보통,,적당함,,,,3.0,,,3.0,,0.0,0.0,0.0,0.0,,,이 가격에 절대 살수없는 질입니다 좋은 가격에 득템해서 기쁩니더,이가격에절대살수없는질입니다좋은가격에득템해서기쁩니더,0,0,0,0,0,False,35,27,35,True,느네느네,"('MEDIUM', '[NO기모]')",0,False,1,keep,unique,True,84958798
4969807,84959285,general,Ichig0,여름에 입으려고 샀는데 얇아서 시원하고 좋을 것 같습니다,5.0,False,BROWN · L,165.0,60.0,여성,2026-06-05 09:35:41,사이즈: 정사이즈 / 화면 대비 색감: 화면과 비슷 / 퀄리티: 보통 / 신축성: 거의 없음,True,0,filluminate,하의,L,BROWN,2026,6,5,금,5,응답,정사이즈,화면과 비슷,보통,,,거의 없음,,,3.0,,2.0,,,0.0,0.0,0.0,0.0,,,여름에 입으려고 샀는데 얇아서 시원하고 좋을 것 같습니다,여름에입으려고샀는데얇아서시원하고좋을것같습니다,0,0,0,0,0,False,31,24,31,True,Ichig0,"('L', 'BROWN')",0,False,1,keep,unique,True,84959285
4987047,84959592,general,소중한퀸스클러치,싼맛에 이용하기 좋은 기본티입니다~2번째 재구매하네요,5.0,False,그레이 · XL,168.0,65.0,남성,2026-06-05 09:51:54,사이즈: 조금 큼 / 화면 대비 색감: 어두움 / 두께감: 두꺼움 / 신축성: 강함,True,0,jemut,상의,XL,그레이,2026,6,5,금,5,응답,조금 큼,어두움,,,두꺼움,강함,,,,,4.0,4.0,,1.0,1.0,-1.0,1.0,,,싼맛에 이용하기 좋은 기본티입니다~2번째 재구매하네요,싼맛에이용하기좋은기본티입니다2번째재구매하네요,0,0,0,0,0,False,29,23,29,True,소중한퀸스클러치,"('XL', '그레이')",0,False,1,keep,unique,True,84959592
﻿4987043,84959877,general,외로운리스본장화,기장과 색감이 화면과 같이 마음에 들고 자주 입을거같아요,5.0,False,다크브라운 · XL,187.0,88.0,남성,2026-06-05 10:05:05,사이즈: 정사이즈 / 화면 대비 색감: 화면과 비슷 / 두께감: 적당함 / 신축성: 적당함,False,0,jemut,상의,XL,다크브라운,2026,6,5,금,5,응답,정사이즈,화면과 비슷,,,적당함,적당함,,,,,3.0,3.0,,0.0,0.0,0.0,0.0,,,기장과 색감이 화면과 같이 마음에 들고 자주 입을거같아요,기장과색감이화면과같이마음에들고자주입을거같아요,0,0,0,0,0,False,31,24,31,True,외로운리스본장화,"('XL', '다크브라운')",0,False,1,keep,unique,True,84959877
4280527,84959923,general,블루암즈,배송도 빠르고 상품도 너무 좋아요 재구매 의사가 있어요,5.0,False,LARGE,180.0,80.0,남성,2026-06-05 10:07:35,사이즈: 정사이즈 / 화면 대비 색감: 화면과 비슷 / 퀄리티: 보통 / 두께감: 적당함,False,0,travel,아우터,LARGE,,2026,6,5,금,5,응답,정사이즈,화면과 비슷,보통,,적당함,,,,3.0,,,3.0,,0.0,0.0,0.0,0.0,,,배송도 빠르고 상품도 너무 좋아요 재구매 의사가 있어요,배송도빠르고상품도너무좋아요재구매의사가있어요,0,0,0,0,0,False,30,23,30,True,블루암즈,"('LARGE', None)",0,False,1,keep,unique,True,84959923
﻿4073361,84960017,general,워싱진,사진과 거의 동일하고 핏도 예쁩니다. 프린팅도 너무 마음에 듭니다.,5.0,False,딥그레이 · XL,180.0,85.0,남성,2026-06-05 10:11:25,사이즈: 정사이즈 / 화면 대비 색감: 화면과 비슷 / 두께감: 적당함 / 신축성: 적당함,False,0,jemut,상의,XL,딥그레이,2026,6,5,금,5,응답,정사이즈,화면과 비슷,,,적당함,적당함,,,,,3.0,3.0,,0.0,0.0,0.0,0.0,,,사진과 거의 동일하고 핏도 예쁩니다. 프린팅도 너무 마음에 듭니다.,사진과거의동일하고핏도예쁩니다프린팅도너무마음에듭니다,0,0,0,0,0,False,37,27,37,True,워싱진,"('XL', '딥그레이')",0,False,1,keep,unique,True,84960017
5973119,84960052,general,오또밥,여름에 입기 딱이에요 ㅠ 살 덜타템으로 겟 예쁩니다 뛰면 벌룬같아서 더 예쁨,5.0,False,F,161.0,57.0,여성,2026-06-05 10:12:55,사이즈: 정사이즈 / 화면 대비 색감: 화면과 비슷 / 퀄리티: 좋음 / 두께감: 얇음,True,0,filluminate,아우터,F,,2026,6,5,금,5,응답,정사이즈,화면과 비슷,좋음,,얇음,,,,4.0,,,2.0,,0.0,0.0,0.0,0.0,,,여름에 입기 딱이에요 ㅠ 살 덜타템으로 겟 예쁩니다 뛰면 벌룬같아서 더 예쁨,여름에입기딱이에요살덜타템으로겟예쁩니다뛰면벌룬같아서더예쁨,0,1,0,0,0,False,42,30,42,True,오또밥,"('F', None)",0,False,1,keep,unique,True,84960052
﻿4054553,84960204,general,담백한나고야향수,좋습니다 사진 보다 실물이 좀 더 좋습니다 다시 구매할 의사 있음,4.0,False,MEDIUM,175.0,72.0,남성,2026-06-05 10:19:25,사이즈: 정사이즈 / 화면 대비 색감: 화면과 비슷 / 두께감: 적당함 / 신축성: 적당함,False,0,travel,상의,MEDIUM,,2026,6,5,금,4,응답,정사이즈,화면과 비슷,,,적당함,적당함,,,,,3.0,3.0,,0.0,0.0,0.0,0.0,,,좋습니다 사진 보다 실물이 좀 더 좋습니다 다시 구매할 의사 있음,좋습니다사진보다실물이좀더좋습니다다시구매할의사있음,0,0,0,0,0,False,36,26,36,True,담백한나고야향수,"('MEDIUM', None)",0,False,1,keep,unique,True,84960204
3455892,84961425,general,확실한용산코지,방수가 잘되고 디자인도 이쁘네요!!배송도 매우 빠릅니자!!,5.0,False,L,170.0,80.0,남성,2026-06-05 11:41:02,사이즈: 정사이즈 / 화면 대비 색감: 화면과 비슷 / 퀄리티: 보통 / 두께감: 매우 얇음,False,0,filluminate,아우터,L,,2026,6,5,금,5,응답,정사이즈,화면과 비슷,보통,,매우 얇음,,,,3.0,,,1.0,,0.0,0.0,0.0,0.0,,,방수가 잘되고 디자인도 이쁘네요!!배송도 매우 빠릅니자!!,방수가잘되고디자인도이쁘네요배송도매우빠릅니자,0,0,4,0,0,False,32,23,32,True,확실한용산코지,"('L', None)",0,False,1,keep,unique,True,84961425
1884944,84961545,general,예술적인신사팔찌,여름에 시원해보이게 샀는데색상이 생각보다 예쁘지는 않아요,4.0,False,EXTRA LARGE,178.0,80.0,남성,2026-06-05 11:50:06,사이즈: 정사이즈 / 화면 대비 색감: 화면과 비슷 / 두께감: 적당함 / 신축성: 적당함,False,0,travel,상의,EXTRA LARGE,,2026,6,5,금,4,응답,정사이즈,화면과 비슷,,,적당함,적당함,,,,,3.0,3.0,,0.0,0.0,0.0,0.0,,,여름에 시원해보이게 샀는데색상이 생각보다 예쁘지는 않아요,여름에시원해보이게샀는데색상이생각보다예쁘지는않아요,0,0,0,0,0,False,31,26,31,True,예술적인신사팔찌,"('EXTRA LARGE', None)",0,False,1,keep,unique,True,84961545
3048838,84961712,general,맞춤형의그린셔링,통이 크다그래서 스몰로했더니 기장이짧아요...ㅎㅎ 키170기쥰,3.0,False,SMALL,170.0,61.0,여성,2026-06-05 12:01:00,사이즈: 조금 큼 / 화면 대비 색감: 화면과 비슷 / 퀄리티: 보통 / 신축성: 전혀 없음,False,0,travel,하의,SMALL,,2026,6,5,금,3,응답,조금 큼,화면과 비슷,보통,,,전혀 없음,,,3.0,,1.0,,,1.0,1.0,0.0,0.0,,,통이 크다그래서 스몰로했더니 기장이짧아요...ㅎㅎ 키170기쥰,통이크다그래서스몰로했더니기장이짧아요키170기쥰,2,0,0,0,0,True,34,22,34,True,맞춤형의그린셔링,"('SMALL', None)",0,False,1,keep,unique,True,84961712
6493135,84961733,general,칼리드,머슬핏 티셔츠 중에서도 팔이 꽉 끼는 편이고 내구성이 좋아보이진 않아요,4.0,False,MELANGE GREY · M,173.0,73.0,남성,2026-06-05 12:02:39,사이즈: 정사이즈 / 화면 대비 색감: 밝음 / 두께감: 얇음 / 신축성: 강함,False,1,filluminate,상의,M,MELANGE GREY,2026,6,5,금,4,응답,정사이즈,밝음,,,얇음,강함,,,,,4.0,2.0,,0.0,0.0,1.0,1.0,,,머슬핏 티셔츠 중에서도 팔이 꽉 끼는 편이고 내구성이 좋아보이진 않아요,머슬핏티셔츠중에서도팔이꽉끼는편이고내구성이좋아보이진않아요,0,0,0,0,0,False,39,30,39,True,칼리드,"('M', 'MELANGE GREY')",0,False,1,keep,unique,True,84961733
﻿5334006,84961921,general,가즈11,이 팬츠 시리즈 색별루 구매합니다 여름에 입기 딱 좋아요,5.0,False,XS,165.0,54.0,남성,2026-06-05 12:15:10,사이즈: 정사이즈 / 화면 대비 색감: 화면과 비슷 / 퀄리티: 보통 / 신축성: 적당함,True,0,filluminate,하의,XS,,2026,6,5,금,5,응답,정사이즈,화면과 비슷,보통,,,적당함,,,3.0,,3.0,,,0.0,0.0,0.0,0.0,,,이 팬츠 시리즈 색별루 구매합니다 여름에 입기 딱 좋아요,이팬츠시리즈색별루구매합니다여름에입기딱좋아요,0,0,0,0,0,False,31,23,31,True,가즈11,"('XS', None)",0,False,1,keep,unique,True,84961921
3791988,84962822,general,제도샤프,상당히 넓어요.  내가 입을수 있을 까 했는데. 입어보면 생각보다 편해서 좋음.  특히 원단이 조금 얇은 느낌이 있어서. 한여름과 한겨울을 제외하면 상당히 유용할 듯,4.0,False,L,168.0,68.0,남성,2026-06-05 13:11:33,사이즈: 조금 큼 / 화면 대비 색감: 화면과 비슷 / 퀄리티: 나쁨 / 신축성: 거의 없음,True,0,filluminate,하의,L,,2026,6,5,금,4,응답,조금 큼,화면과 비슷,나쁨,,,거의 없음,,,2.0,,2.0,,,1.0,1.0,0.0,0.0,,,상당히 넓어요. 내가 입을수 있을 까 했는데. 입어보면 생각보다 편해서 좋음. 특히 원단이 조금 얇은 느낌이 있어서. 한여름과 한겨울을 제외하면 상당히 유용할 듯,상당히넓어요내가입을수있을까했는데입어보면생각보다편해서좋음특히원단이조금얇은느낌이있어서한여름과한겨울을제외하면상당히유용할듯,0,0,0,0,0,False,92,64,90,True,제도샤프,"('L', None)",0,False,1,keep,unique,True,84962822
﻿6493135,84962844,style,관호1799,"재질이 조금 두꺼워서 여름에 입기는 아쉽지만, 핏과 색깔이 너무 예뻐서 자주 입게 될 것 같아요.",5.0,False,GREY · M,172.0,62.0,남성,2026-06-05 13:13:15,사이즈: 정사이즈 / 화면 대비 색감: 화면과 비슷 / 두께감: 두꺼움 / 신축성: 적당함,True,3,filluminate,상의,M,GREY,2026,6,5,금,5,응답,정사이즈,화면과 비슷,,,두꺼움,적당함,,,,,3.0,4.0,,0.0,0.0,0.0,0.0,,,"재질이 조금 두꺼워서 여름에 입기는 아쉽지만, 핏과 색깔이 너무 예뻐서 자주 입게 될 것 같아요.",재질이조금두꺼워서여름에입기는아쉽지만핏과색깔이너무예뻐서자주입게될것같아요,0,0,0,0,0,False,54,38,54,True,관호1799,"('M', 'GREY')",0,False,1,keep,unique,True,84962844
6391691,84962916,general,BLACS,적당한사이즈에 빠른배송이 와 잘입고있습니다.,5.0,False,INDIGO · [Crop ver.] M,165.0,70.0,남성,2026-06-05 13:19:11,사이즈: 정사이즈 / 화면 대비 색감: 화면과 비슷 / 퀄리티: 보통 / 구김: 약간 있음,False,0,filluminate,상의,M,INDIGO [Crop ver.],2026,6,5,금,5,응답,정사이즈,화면과 비슷,보통,약간 있음,,,,,3.0,,,,3.0,0.0,0.0,0.0,0.0,,,적당한사이즈에 빠른배송이 와 잘입고있습니다.,적당한사이즈에빠른배송이와잘입고있습니다,0,0,0,0,0,False,24,20,24,True,BLACS,"('M', 'INDIGO [Crop ver.]')",0,False,1,keep,unique,True,84962916
6391691,84963891,general,Damini,"처음에 청 냄새가 좀 나지만 빨아서 입으려구요, 애가 입으니 길이가 좀 짧은감이 있어요",5.0,False,LIGHT BLUE · [Crop ver.] L,178.0,70.0,남성,2026-06-05 14:19:45,사이즈: 정사이즈 / 화면 대비 색감: 화면과 비슷 / 퀄리티: 보통 / 구김: 약간 있음,False,0,filluminate,상의,L,LIGHT BLUE [Crop ver.],2026,6,5,금,5,응답,정사이즈,화면과 비슷,보통,약간 있음,,,,,3.0,,,,3.0,0.0,0.0,0.0,0.0,,,"처음에 청 냄새가 좀 나지만 빨아서 입으려구요, 애가 입으니 길이가 좀 짧은감이 있어요",처음에청냄새가좀나지만빨아서입으려구요애가입으니길이가좀짧은감이있어요,0,0,0,0,0,False,48,35,48,True,Damini,"('L', 'LIGHT BLUE [Crop ver.]')",0,False,1,keep,unique,True,84963891
4969807,84964122,general,juxnsoo,가격대비 품질 좋은 것 같습니다. 사이즈는 정사이즈입니다,5.0,False,BEIGE · M,171.0,66.0,남성,2026-06-05 14:30:34,사이즈: 정사이즈 / 화면 대비 색감: 화면과 비슷 / 퀄리티: 보통 / 신축성: 거의 없음,True,0,filluminate,하의,M,BEIGE,2026,6,5,금,5,응답,정사이즈,화면과 비슷,보통,,,거의 없음,,,3.0,,2.0,,,0.0,0.0,0.0,0.0,,,가격대비 품질 좋은 것 같습니다. 사이즈는 정사이즈입니다,가격대비품질좋은것같습니다사이즈는정사이즈입니다,0,0,0,0,0,False,31,24,31,True,juxnsoo,"('M', 'BEIGE')",0,False,1,keep,unique,True,84964122
4969807,84964364,general,재순재순,재질도너무좋구 배송도빨라요! 전체적으로 가성비도괜찮고 만족합니다!,5.0,False,INDIGO · XL,181.0,95.0,남성,2026-06-05 14:41:40,사이즈: 정사이즈 / 화면 대비 색감: 화면과 비슷 / 퀄리티: 보통 / 신축성: 적당함,True,0,filluminate,하의,XL,INDIGO,2026,6,5,금,5,응답,정사이즈,화면과 비슷,보통,,,적당함,,,3.0,,3.0,,,0.0,0.0,0.0,0.0,,,재질도너무좋구 배송도빨라요! 전체적으로 가성비도괜찮고 만족합니다!,재질도너무좋구배송도빨라요전체적으로가성비도괜찮고만족합니다,0,0,2,0,0,False,36,30,36,True,재순재순,"('XL', 'INDIGO')",0,False,1,keep,unique,True,84964364
1884943,84964972,general,김빵태,이가격에 이런 퀄리티 가 나올수 있다뇨!!! 색감이나 핏이나 굿입니다,5.0,False,EXTRA LARGE,180.0,85.0,남성,2026-06-05 15:14:30,사이즈: 정사이즈 / 화면 대비 색감: 화면과 비슷 / 두께감: 적당함 / 신축성: 적당함,False,0,travel,상의,EXTRA LARGE,,2026,6,5,금,5,응답,정사이즈,화면과 비슷,,,적당함,적당함,,,,,3.0,3.0,,0.0,0.0,0.0,0.0,,,이가격에 이런 퀄리티 가 나올수 있다뇨!!! 색감이나 핏이나 굿입니다,이가격에이런퀄리티가나올수있다뇨색감이나핏이나굿입니다,0,0,3,0,0,True,38,27,38,True,김빵태,"('EXTRA LARGE', None)",0,False,1,keep,unique,True,84964972
﻿1405884,84965280,general,짱가 짱이다요,깔끔하고 색도 무난해서 어디든 잘 어울리는 색입니다. 소재는 신축성이 있는 시원한 원단이고요. 여름에 입기 딱 좋아요~,5.0,False,차콜 · XL,182.0,73.0,남성,2026-06-05 15:33:27,사이즈: 조금 큼 / 화면 대비 색감: 화면과 비슷 / 퀄리티: 좋음 / 신축성: 강함,True,0,jemut,하의,XL,차콜,2026,6,5,금,5,응답,조금 큼,화면과 비슷,좋음,,,강함,,,4.0,,4.0,,,1.0,1.0,0.0,0.0,,,깔끔하고 색도 무난해서 어디든 잘 어울리는 색입니다. 소재는 신축성이 있는 시원한 원단이고요. 여름에 입기 딱 좋아요~,깔끔하고색도무난해서어디든잘어울리는색입니다소재는신축성이있는시원한원단이고요여름에입기딱좋아요,0,0,0,0,0,False,66,48,66,True,짱가 짱이다요,"('XL', '차콜')",0,False,1,keep,unique,True,84965280
﻿1405888,84965290,general,짱가 짱이다요,깔끔하고 색도 무난해서 어디든 잘 어울리는 색입니다. 소재는 신축성이 있는 시원한 원단이고요. 여름에 입기 딱 좋아요~,5.0,False,다크베이지 · XL,182.0,73.0,남성,2026-06-05 15:34:02,사이즈: 조금 큼 / 화면 대비 색감: 화면과 비슷 / 퀄리티: 좋음 / 신축성: 강함,True,0,jemut,하의,XL,다크베이지,2026,6,5,금,5,응답,조금 큼,화면과 비슷,좋음,,,강함,,,4.0,,4.0,,,1.0,1.0,0.0,0.0,,,깔끔하고 색도 무난해서 어디든 잘 어울리는 색입니다. 소재는 신축성이 있는 시원한 원단이고요. 여름에 입기 딱 좋아요~,깔끔하고색도무난해서어디든잘어울리는색입니다소재는신축성이있는시원한원단이고요여름에입기딱좋아요,0,0,0,0,0,False,66,48,66,True,짱가 짱이다요,"('XL', '다크베이지')",0,False,1,keep,unique,True,84965290
4756936,84965740,general,오짱은 나다,아주 많이 비쳐요. 한 번 빨았는데 저 얼룩은 군데군데 왜 생기죵 ㅜ?,5.0,False,SMALL,155.0,43.0,여성,2026-06-05 16:00:31,사이즈: 정사이즈 / 화면 대비 색감: 화면과 비슷 / 퀄리티: 보통 / 신축성: 적당함,True,0,travel,하의,SMALL,,2026,6,5,금,5,응답,정사이즈,화면과 비슷,보통,,,적당함,,,3.0,,3.0,,,0.0,0.0,0.0,0.0,,,아주 많이 비쳐요. 한 번 빨았는데 저 얼룩은 군데군데 왜 생기죵 ㅜ?,아주많이비쳐요한번빨았는데저얼룩은군데군데왜생기죵,0,1,0,1,0,False,39,25,39,True,오짱은 나다,"('SMALL', None)",0,False,1,keep,unique,True,84965740
4969807,84965784,style,Klimov,잘 맞고 핏도 이쁘네요 구매하길 잘했어요 강추 강추,5.0,False,BEIGE · M,171.0,61.0,missing,2026-06-05 16:02:18,사이즈: 정사이즈 / 화면 대비 색감: 밝음 / 퀄리티: 매우 좋음 / 신축성: 적당함,True,0,filluminate,하의,M,BEIGE,2026,6,5,금,5,응답,정사이즈,밝음,매우 좋음,,,적당함,,,5.0,,3.0,,,0.0,0.0,1.0,1.0,,,잘 맞고 핏도 이쁘네요 구매하길 잘했어요 강추 강추,잘맞고핏도이쁘네요구매하길잘했어요강추강추,0,0,0,0,0,False,28,21,28,True,Klimov,"('M', 'BEIGE')",0,False,1,keep,unique,True,84965784
4987047,84965984,general,View74,색도 좋고 가격도 저렴해서 좋아요 무난하게 아무데나 입을듯해요,5.0,False,브릭레드 · L,180.0,72.0,남성,2026-06-05 16:13:19,사이즈: 정사이즈 / 화면 대비 색감: 화면과 비슷 / 두께감: 적당함 / 신축성: 적당함,True,0,jemut,상의,L,브릭레드,2026,6,5,금,5,응답,정사이즈,화면과 비슷,,,적당함,적당함,,,,,3.0,3.0,,0.0,0.0,0.0,0.0,,,색도 좋고 가격도 저렴해서 좋아요 무난하게 아무데나 입을듯해요,색도좋고가격도저렴해서좋아요무난하게아무데나입을듯해요,0,0,0,0,0,False,34,27,34,True,View74,"('L', '브릭레드')",0,False,1,keep,unique,True,84965984
3791990,84966003,general,한양17,같은 제품 세번째 구매합니다 아주 좋은 바지에요 강추입니다~,5.0,False,L,172.0,70.0,남성,2026-06-05 16:14:07,사이즈: 정사이즈 / 화면 대비 색감: 화면과 비슷 / 퀄리티: 보통 / 신축성: 적당함,False,0,filluminate,하의,L,,2026,6,5,금,5,응답,정사이즈,화면과 비슷,보통,,,적당함,,,3.0,,3.0,,,0.0,0.0,0.0,0.0,,,같은 제품 세번째 구매합니다 아주 좋은 바지에요 강추입니다~,같은제품세번째구매합니다아주좋은바지에요강추입니다,0,0,0,0,0,False,33,25,33,True,한양17,"('L', None)",0,False,1,keep,unique,True,84966003
4987047,84966148,general,오사냐유나,스타일이 너무 예쁘고 핏도 너무 좋은거 같아요. 자주입을 만한 제품입니다. 가격도 합리적이에요,5.0,False,블랙 · XL,180.0,80.0,남성,2026-06-05 16:21:04,사이즈: 정사이즈 / 화면 대비 색감: 화면과 비슷 / 두께감: 적당함 / 신축성: 적당함,True,0,jemut,상의,XL,블랙,2026,6,5,금,5,응답,정사이즈,화면과 비슷,,,적당함,적당함,,,,,3.0,3.0,,0.0,0.0,0.0,0.0,,,스타일이 너무 예쁘고 핏도 너무 좋은거 같아요. 자주입을 만한 제품입니다. 가격도 합리적이에요,스타일이너무예쁘고핏도너무좋은거같아요자주입을만한제품입니다가격도합리적이에요,0,0,0,0,0,False,52,39,52,True,오사냐유나,"('XL', '블랙')",0,False,2,keep,multi_type_dup,True,84966148
4969807,84966318,general,dy0708,상당히 편하고 핏도 예뻐요! 가성비가 상당하네요 여름에 입기 너무 젛아요~,5.0,False,BEIGE · M,175.0,72.0,남성,2026-06-05 16:30:03,사이즈: 조금 큼 / 화면 대비 색감: 화면과 비슷 / 퀄리티: 매우 좋음 / 신축성: 강함,True,0,filluminate,하의,M,BEIGE,2026,6,5,금,5,응답,조금 큼,화면과 비슷,매우 좋음,,,강함,,,5.0,,4.0,,,1.0,1.0,0.0,0.0,,,상당히 편하고 핏도 예뻐요! 가성비가 상당하네요 여름에 입기 너무 젛아요~,상당히편하고핏도예뻐요가성비가상당하네요여름에입기너무젛아요,0,0,1,0,0,False,41,30,41,True,dy0708,"('M', 'BEIGE')",0,False,1,keep,unique,True,84966318
3963796,84966614,general,비타민화초,흰색 구매하고 괜찮아서 세일 할때 차콜도 구매했습니다 개인적으로는 차콜이 조금 더 이쁜거 같네요 색감이,5.0,False,LARGE,180.0,80.0,남성,2026-06-05 16:45:55,사이즈: 정사이즈 / 화면 대비 색감: 화면과 비슷 / 두께감: 얇음 / 신축성: 적당함,False,0,travel,상의,LARGE,,2026,6,5,금,5,응답,정사이즈,화면과 비슷,,,얇음,적당함,,,,,3.0,2.0,,0.0,0.0,0.0,0.0,,,흰색 구매하고 괜찮아서 세일 할때 차콜도 구매했습니다 개인적으로는 차콜이 조금 더 이쁜거 같네요 색감이,흰색구매하고괜찮아서세일할때차콜도구매했습니다개인적으로는차콜이조금더이쁜거같네요색감이,0,0,0,0,0,False,57,44,57,True,비타민화초,"('LARGE', None)",0,False,1,keep,unique,True,84966614
﻿6243894,84967206,general,flsqm,생각보다 살짝 길긴한데 편해서 자주입기 좋아요,5.0,False,카키그린 · XL,173.0,68.0,남성,2026-06-05 17:13:18,사이즈: 매우 작음 / 화면 대비 색감: 매우 밝음 / 두께감: 매우 얇음 / 신축성: 전혀 없음,False,0,jemut,상의,XL,카키그린,2026,6,5,금,5,응답,매우 작음,매우 밝음,,,매우 얇음,전혀 없음,,,,,1.0,1.0,,-2.0,2.0,2.0,2.0,,,생각보다 살짝 길긴한데 편해서 자주입기 좋아요,생각보다살짝길긴한데편해서자주입기좋아요,0,0,0,0,0,False,25,20,25,True,flsqm,"('XL', '카키그린')",0,False,1,keep,unique,True,84967206
6394283,84967486,general,청순한영국스타일,조금 두껍습니다 만족합니다좋네요 만족합니다좋네요 만족합니다좋네요 만족합니다좋네요 만족합니다좋네요,5.0,False,L,177.0,67.0,남성,2026-06-05 17:25:29,사이즈: 정사이즈 / 화면 대비 색감: 화면과 비슷 / 퀄리티: 보통 / 신축성: 적당함,False,0,filluminate,하의,L,,2026,6,5,금,5,응답,정사이즈,화면과 비슷,보통,,,적당함,,,3.0,,3.0,,,0.0,0.0,0.0,0.0,,,조금 두껍습니다 만족합니다좋네요 만족합니다좋네요 만족합니다좋네요 만족합니다좋네요 만족합니다좋네요,조금두껍습니다만족합니다좋네요만족합니다좋네요만족합니다좋네요만족합니다좋네요만족합니다좋네요,0,0,0,0,0,False,53,47,53,True,청순한영국스타일,"('L', None)",0,False,1,keep,unique,True,84967486
﻿4987058,84967792,general,레이스입은터키룩,돈을 들어굼애피ㅛ응데 너무 좋고 유익하게 산것같ㅇ여,5.0,False,다크네이비 · XL,178.0,60.0,남성,2026-06-05 17:38:28,사이즈: 조금 큼 / 화면 대비 색감: 어두움 / 퀄리티: 매우 좋음 / 신축성: 매우 강함,False,0,jemut,하의,XL,다크네이비,2026,6,5,금,5,응답,조금 큼,어두움,매우 좋음,,,매우 강함,,,5.0,,5.0,,,1.0,1.0,-1.0,1.0,,,돈을 들어굼애피ㅛ응데 너무 좋고 유익하게 산것같ㅇ여,돈을들어굼애피응데너무좋고유익하게산것같여,0,0,0,0,0,False,28,21,28,True,레이스입은터키룩,"('XL', '다크네이비')",0,False,1,keep,unique,True,84967792
4697060,84968368,general,스피리캐슬,가격이 좋아서 구매해봤어요. 워싱이 자연스럽진 않지만 그래도 느낌이 있어요.,5.0,False,L,182.0,72.0,남성,2026-06-05 18:06:04,사이즈: 정사이즈 / 화면 대비 색감: 화면과 비슷 / 두께감: 두꺼움 / 퀄리티: 보통,False,0,filluminate,상의,L,,2026,6,5,금,5,응답,정사이즈,화면과 비슷,보통,,두꺼움,,,,3.0,,,4.0,,0.0,0.0,0.0,0.0,,,가격이 좋아서 구매해봤어요. 워싱이 자연스럽진 않지만 그래도 느낌이 있어요.,가격이좋아서구매해봤어요워싱이자연스럽진않지만그래도느낌이있어요,0,0,0,0,0,False,42,32,42,True,스피리캐슬,"('L', None)",0,False,1,keep,unique,True,84968368
﻿6338102,84968398,general,오신사무신사,"적당히 어두운 네이비색이라서 좋네요. 사이즈는 딱 적당합니다. 너무 헐랭하지도, 붙지도 않네요.",4.0,False,네이비 · XL,183.0,75.0,남성,2026-06-05 18:07:33,사이즈: 정사이즈 / 화면 대비 색감: 화면과 비슷 / 퀄리티: 보통 / 신축성: 적당함,False,0,jemut,하의,XL,네이비,2026,6,5,금,4,응답,정사이즈,화면과 비슷,보통,,,적당함,,,3.0,,3.0,,,0.0,0.0,0.0,0.0,,,"적당히 어두운 네이비색이라서 좋네요. 사이즈는 딱 적당합니다. 너무 헐랭하지도, 붙지도 않네요.",적당히어두운네이비색이라서좋네요사이즈는딱적당합니다너무헐랭하지도붙지도않네요,0,0,0,0,0,False,53,39,53,True,오신사무신사,"('XL', '네이비')",0,False,1,keep,unique,True,84968398
1884943,84968852,general,경쾌한멜란지망토,"조카에게 사줬는데 두께감도 색상도,모양도 다 좋다고 하네요~~받자마자 바로 입고 좋다고 하네요~",5.0,False,EXTRA LARGE,173.0,85.0,남성,2026-06-05 18:27:43,사이즈: 정사이즈 / 화면 대비 색감: 화면과 비슷 / 두께감: 적당함 / 신축성: 적당함,True,0,travel,상의,EXTRA LARGE,,2026,6,5,금,5,응답,정사이즈,화면과 비슷,,,적당함,적당함,,,,,3.0,3.0,,0.0,0.0,0.0,0.0,,,"조카에게 사줬는데 두께감도 색상도,모양도 다 좋다고 하네요~~받자마자 바로 입고 좋다고 하네요~",조카에게사줬는데두께감도색상도모양도다좋다고하네요받자마자바로입고좋다고하네요,0,0,0,0,0,False,53,39,53,True,경쾌한멜란지망토,"('EXTRA LARGE', None)",0,False,1,keep,unique,True,84968852
4728678,84969017,general,경쾌한멜란지망토,조카 선물로 사줬는데 약간 사이즈가 타이트하다고 하네요~그래도 재질도 스타일도 좋다고 하네요~,5.0,False,L,173.0,85.0,여성,2026-06-05 18:35:22,사이즈: 조금 작음 / 화면 대비 색감: 화면과 비슷 / 퀄리티: 보통 / 두께감: 적당함,True,0,filluminate,아우터,L,,2026,6,5,금,5,응답,조금 작음,화면과 비슷,보통,,적당함,,,,3.0,,,3.0,,-1.0,1.0,0.0,0.0,,,조카 선물로 사줬는데 약간 사이즈가 타이트하다고 하네요~그래도 재질도 스타일도 좋다고 하네요~,조카선물로사줬는데약간사이즈가타이트하다고하네요그래도재질도스타일도좋다고하네요,0,0,0,0,0,False,52,40,52,True,경쾌한멜란지망토,"('L', None)",0,False,1,keep,unique,True,84969017
6175814,84969038,general,바람아돌,차콜도 아니고 브라운도 아닌게 색감 이쁘고 시원하고 좋네요,5.0,False,토프차콜 · L,175.0,74.0,남성,2026-06-05 18:36:47,사이즈: 정사이즈 / 화면 대비 색감: 화면과 비슷 / 두께감: 적당함 / 신축성: 적당함,True,0,jemut,상의,L,토프차콜,2026,6,5,금,5,응답,정사이즈,화면과 비슷,,,적당함,적당함,,,,,3.0,3.0,,0.0,0.0,0.0,0.0,,,차콜도 아니고 브라운도 아닌게 색감 이쁘고 시원하고 좋네요,차콜도아니고브라운도아닌게색감이쁘고시원하고좋네요,0,0,0,0,0,False,32,25,32,True,바람아돌,"('L', '토프차콜')",0,False,1,keep,unique,True,84969038
﻿6175814,84969060,style,바람아돌,색감 이쁘고 사이즈 잘 맞고 얇아서 시원하고 좋네요,5.0,False,토프차콜 · L,175.0,74.0,남성,2026-06-05 18:37:36,사이즈: 정사이즈 / 화면 대비 색감: 화면과 비슷 / 두께감: 적당함 / 신축성: 적당함,True,0,jemut,상의,L,토프차콜,2026,6,5,금,5,응답,정사이즈,화면과 비슷,,,적당함,적당함,,,,,3.0,3.0,,0.0,0.0,0.0,0.0,,,색감 이쁘고 사이즈 잘 맞고 얇아서 시원하고 좋네요,색감이쁘고사이즈잘맞고얇아서시원하고좋네요,0,0,0,0,0,False,28,21,28,True,바람아돌,"('L', '토프차콜')",0,False,1,keep,unique,True,84969060
6322878,84969223,general,기욤깜찍발랄상콤,후들후들 제가 찾던 남방 st!! 너어어무 예뻐요ㅜ 여름에 입기 너무 좋고 가벼워서 날씬해 보이고 예쁘네용 사쟝님 번창하세뇨!!,5.0,False,S,165.0,53.0,여성,2026-06-05 18:44:30,사이즈: 조금 큼 / 화면 대비 색감: 화면과 비슷 / 퀄리티: 좋음 / 구김: 약간 있음,True,0,filluminate,상의,S,,2026,6,5,금,5,응답,조금 큼,화면과 비슷,좋음,약간 있음,,,,,4.0,,,,3.0,1.0,1.0,0.0,0.0,,,후들후들 제가 찾던 남방 st!! 너어어무 예뻐요ㅜ 여름에 입기 너무 좋고 가벼워서 날씬해 보이고 예쁘네용 사쟝님 번창하세뇨!!,후들후들제가찾던남방st너어어무예뻐요여름에입기너무좋고가벼워서날씬해보이고예쁘네용사쟝님번창하세뇨,0,1,4,0,0,False,71,48,71,True,기욤깜찍발랄상콤,"('S', None)",0,False,1,keep,unique,True,84969223
﻿6354608,84969295,general,바람빠진파리득템,가슴 둘레가 저한테 조금 크긴 한데 디자인이랑 색은 너무 예뻐요,4.0,False,오트밀 · L,176.0,55.0,남성,2026-06-05 18:47:17,사이즈: 조금 큼 / 화면 대비 색감: 밝음 / 두께감: 적당함 / 신축성: 강함,False,0,jemut,상의,L,오트밀,2026,6,5,금,4,응답,조금 큼,밝음,,,적당함,강함,,,,,4.0,3.0,,1.0,1.0,1.0,1.0,,,가슴 둘레가 저한테 조금 크긴 한데 디자인이랑 색은 너무 예뻐요,가슴둘레가저한테조금크긴한데디자인이랑색은너무예뻐요,0,0,0,0,0,False,35,26,35,True,바람빠진파리득템,"('L', '오트밀')",0,False,1,keep,unique,True,84969295
﻿3048839,84969323,general,이경지,너무 맘에듭니다 특히 무릎쪽에 열고닫을 수 있는게 이 옷의 기장 큰 장점인 것 같습니다 .,5.0,False,MEDIUM,151.0,80.0,여성,2026-06-05 18:48:43,사이즈: 정사이즈 / 화면 대비 색감: 화면과 비슷 / 퀄리티: 매우 좋음 / 신축성: 전혀 없음,False,0,travel,하의,MEDIUM,,2026,6,5,금,5,응답,정사이즈,화면과 비슷,매우 좋음,,,전혀 없음,,,5.0,,1.0,,,0.0,0.0,0.0,0.0,,,너무 맘에듭니다 특히 무릎쪽에 열고닫을 수 있는게 이 옷의 기장 큰 장점인 것 같습니다 .,너무맘에듭니다특히무릎쪽에열고닫을수있는게이옷의기장큰장점인것같습니다,0,0,0,0,0,False,50,35,50,True,이경지,"('MEDIUM', None)",0,False,1,keep,unique,True,84969323
3047767,84969429,general,Piscuato,오버핏이여서 클줄 알았는데 딱 좋음 핏 야무짐 야르딱,5.0,False,MEDIUM,173.0,69.0,남성,2026-06-05 18:52:55,사이즈: 정사이즈 / 화면 대비 색감: 화면과 비슷 / 두께감: 적당함 / 신축성: 적당함,False,0,travel,상의,MEDIUM,,2026,6,5,금,5,응답,정사이즈,화면과 비슷,,,적당함,적당함,,,,,3.0,3.0,,0.0,0.0,0.0,0.0,,,오버핏이여서 클줄 알았는데 딱 좋음 핏 야무짐 야르딱,오버핏이여서클줄알았는데딱좋음핏야무짐야르딱,0,0,0,0,0,False,29,22,29,True,Piscuato,"('MEDIUM', None)",0,False,1,keep,unique,True,84969429
6140944,84969479,style,rudolf8,원단이 달라붙지 않고 좋아요 크롭이라기엔 기장이 짧진 않네요,5.0,False,MELANGE GREY · L,175.0,80.0,남성,2026-06-05 18:54:59,사이즈: 정사이즈 / 화면 대비 색감: 화면과 비슷 / 두께감: 적당함 / 신축성: 적당함,True,0,filluminate,상의,L,MELANGE GREY,2026,6,5,금,5,응답,정사이즈,화면과 비슷,,,적당함,적당함,,,,,3.0,3.0,,0.0,0.0,0.0,0.0,,,원단이 달라붙지 않고 좋아요 크롭이라기엔 기장이 짧진 않네요,원단이달라붙지않고좋아요크롭이라기엔기장이짧진않네요,0,0,0,0,0,False,33,26,33,True,rudolf8,"('L', 'MELANGE GREY')",0,False,1,keep,unique,True,84969479
﻿4044417,84969860,general,게으른터키숏패딩,너무 이쁘고 입기 좋아요 여름에 입기 좋은거 같아요,5.0,False,브라운 · XL,180.0,85.0,남성,2026-06-05 19:13:31,사이즈: 정사이즈 / 화면 대비 색감: 화면과 비슷 / 두께감: 적당함 / 신축성: 적당함,True,0,jemut,상의,XL,브라운,2026,6,5,금,5,응답,정사이즈,화면과 비슷,,,적당함,적당함,,,,,3.0,3.0,,0.0,0.0,0.0,0.0,,,너무 이쁘고 입기 좋아요 여름에 입기 좋은거 같아요,너무이쁘고입기좋아요여름에입기좋은거같아요,0,0,0,0,0,False,28,21,28,True,게으른터키숏패딩,"('XL', '브라운')",0,False,1,keep,unique,True,84969860
3791988,84970636,general,찰떡아이스바E,아 진짜 교복템마냥 매일입은 바지입니더 ㅠㅠ 맨날 질질끌고댕겨서 끝에 빵꾸 낫길래 똑같은걸로 또 샀어요.. 진짜 이만한 바지 없습니다 ㅜㅜ,5.0,False,M,162.0,68.0,여성,2026-06-05 19:45:46,사이즈: 조금 큼 / 화면 대비 색감: 화면과 비슷 / 퀄리티: 보통 / 신축성: 적당함,False,0,filluminate,하의,M,,2026,6,5,금,5,응답,조금 큼,화면과 비슷,보통,,,적당함,,,3.0,,3.0,,,1.0,1.0,0.0,0.0,,,아 진짜 교복템마냥 매일입은 바지입니더 ㅠㅠ 맨날 질질끌고댕겨서 끝에 빵꾸 낫길래 똑같은걸로 또 샀어요.. 진짜 이만한 바지 없습니다 ㅜㅜ,아진짜교복템마냥매일입은바지입니더맨날질질끌고댕겨서끝에빵꾸낫길래똑같은걸로또샀어요진짜이만한바지없습니다,0,2,0,0,0,False,77,53,77,True,찰떡아이스바E,"('M', None)",0,False,1,keep,unique,True,84970636
6083635,84971118,general,솔이대디,"색상 잘빠졌어요~ 핏도 딱좋고, 길이감 두께감 전부 딱이예요",5.0,False,L,174.0,66.0,남성,2026-06-05 20:08:06,사이즈: 조금 큼 / 화면 대비 색감: 화면과 비슷 / 두께감: 얇음 / 신축성: 적당함,True,0,travel,상의,L,,2026,6,5,금,5,응답,조금 큼,화면과 비슷,,,얇음,적당함,,,,,3.0,2.0,,1.0,1.0,0.0,0.0,,,"색상 잘빠졌어요~ 핏도 딱좋고, 길이감 두께감 전부 딱이예요",색상잘빠졌어요핏도딱좋고길이감두께감전부딱이예요,0,0,0,0,0,False,33,24,33,True,솔이대디,"('L', None)",0,False,1,keep,unique,True,84971118
﻿6083635,84971131,style,솔이대디,"색상 잘빠졌어요~ 핏도 딱좋고, 길이감 두께감 전부 딱이예요",5.0,False,L,174.0,66.0,남성,2026-06-05 20:08:39,사이즈: 조금 큼 / 화면 대비 색감: 화면과 비슷 / 두께감: 얇음 / 신축성: 적당함,True,0,travel,상의,L,,2026,6,5,금,5,응답,조금 큼,화면과 비슷,,,얇음,적당함,,,,,3.0,2.0,,1.0,1.0,0.0,0.0,,,"색상 잘빠졌어요~ 핏도 딱좋고, 길이감 두께감 전부 딱이예요",색상잘빠졌어요핏도딱좋고길이감두께감전부딱이예요,0,0,0,0,0,False,33,24,33,True,솔이대디,"('L', None)",0,False,1,keep,unique,True,84971131
3048838,84971162,general,솔이대디,"색상 잘빠졌어요~ 핏도 딱좋고, 길이감 두께감 전부 딱이예요",5.0,False,MEDIUM,174.0,66.0,남성,2026-06-05 20:10:13,사이즈: 정사이즈 / 화면 대비 색감: 화면과 비슷 / 퀄리티: 매우 좋음 / 신축성: 적당함,True,0,travel,하의,MEDIUM,,2026,6,5,금,5,응답,정사이즈,화면과 비슷,매우 좋음,,,적당함,,,5.0,,3.0,,,0.0,0.0,0.0,0.0,,,"색상 잘빠졌어요~ 핏도 딱좋고, 길이감 두께감 전부 딱이예요",색상잘빠졌어요핏도딱좋고길이감두께감전부딱이예요,0,0,0,0,0,False,33,24,33,True,솔이대디,"('MEDIUM', None)",0,False,2,keep,multi_type_dup,True,84971162
3791891,84971355,general,다정한서울숲코트,생각보다 두께는 있지만 오히랴 짱짱한 느낌이 있네요 넉넉한 사이즈로 여름에 에어컨 바람 피하기는 좋겠습니다,5.0,False,XL,183.0,74.0,남성,2026-06-05 20:18:31,사이즈: 정사이즈 / 화면 대비 색감: 화면과 비슷 / 퀄리티: 보통 / 구김: 약간 있음,True,0,filluminate,상의,XL,,2026,6,5,금,5,응답,정사이즈,화면과 비슷,보통,약간 있음,,,,,3.0,,,,3.0,0.0,0.0,0.0,0.0,,,생각보다 두께는 있지만 오히랴 짱짱한 느낌이 있네요 넉넉한 사이즈로 여름에 에어컨 바람 피하기는 좋겠습니다,생각보다두께는있지만오히랴짱짱한느낌이있네요넉넉한사이즈로여름에에어컨바람피하기는좋겠습니다,0,0,0,0,0,False,59,46,59,True,다정한서울숲코트,"('XL', None)",0,False,1,keep,unique,True,84971355
3048838,84971615,general,지루한워싱턴소품,평상시나 운동할때 다 입을수 있어서 너무 좋은거 같아요,4.0,False,MEDIUM,177.0,71.0,남성,2026-06-05 20:28:32,사이즈: 정사이즈 / 화면 대비 색감: 화면과 비슷 / 퀄리티: 좋음 / 신축성: 전혀 없음,True,0,travel,하의,MEDIUM,,2026,6,5,금,4,응답,정사이즈,화면과 비슷,좋음,,,전혀 없음,,,4.0,,1.0,,,0.0,0.0,0.0,0.0,,,평상시나 운동할때 다 입을수 있어서 너무 좋은거 같아요,평상시나운동할때다입을수있어서너무좋은거같아요,0,0,0,0,0,False,30,23,30,True,지루한워싱턴소품,"('MEDIUM', None)",0,False,2,keep,multi_type_unique,True,84971615
6394371,84972232,experience,담백한전주파티룩,"키 161인데 S사이즈 길이가 너무 짧거나 길지 않아서 좋아요! 160초반까지는 S사이즈 추천입니다. 스트링 조절하면 기장도 핏도 예쁘게 정리되는데, 특히 밑단 스트링 마감이 잘 되어 있어서 밖으로 안 튀어 나오고 잘 정리되는게 킥이에요!! 투턱이랑 무릎에 잡혀있는 디테일이 통짜로 떨어지지 않고 핏이 힙하게 잡혀요✨ 상체보다는 하체가 통통한 편인데 밑위길이가 여유있고 힙부터 슬림하게 커버되서 완전 만족이에요. 대신 두께감은 좀 있는 편이어서 한여름이나 활동이 많을 때 착용하기에는 더울 것 같아요.",4.0,True,NAVY · S,161.0,51.0,여성,2026-06-05 20:52:38,사이즈: 정사이즈 / 화면 대비 색감: 화면과 비슷 / 퀄리티: 매우 좋음 / 신축성: 전혀 없음,True,0,filluminate,하의,S,NAVY,2026,6,5,금,4,응답,정사이즈,화면과 비슷,매우 좋음,,,전혀 없음,,,5.0,,1.0,,,0.0,0.0,0.0,0.0,,,"키 161인데 S사이즈 길이가 너무 짧거나 길지 않아서 좋아요! 160초반까지는 S사이즈 추천입니다. 스트링 조절하면 기장도 핏도 예쁘게 정리되는데, 특히 밑단 스트링 마감이 잘 되어 있어서 밖으로 안 튀어 나오고 잘 정리되는게 킥이에요!! 투턱이랑 무릎에 잡혀있는 디테일이 통짜로 떨어지지 않고 핏이 힙하게 잡혀요 상체보다는 하체가 통통한 편인데 밑위길이가 여유있고 힙부터 슬림하게 커버되서 완전 만족이에요. 대신 두께감은 좀 있는 편이어서 한여름이나 활동이 많을 때 착용하기에는 더울 것 같아요.",키161인데s사이즈길이가너무짧거나길지않아서좋아요160초반까지는s사이즈추천입니다스트링조절하면기장도핏도예쁘게정리되는데특히밑단스트링마감이잘되어있어서밖으로안튀어나오고잘정리되는게킥이에요투턱이랑무릎에잡혀있는디테일이통짜로떨어지지않고핏이힙하게잡혀요상체보다는하체가통통한편인데밑위길이가여유있고힙부터슬림하게커버되서완전만족이에요대신두께감은좀있는편이어서한여름이나활동이많을때착용하기에는더울것같아요,0,0,3,0,1,False,280,199,279,True,담백한전주파티룩,"('S', 'NAVY')",0,False,1,keep,unique,True,84972232
6394441,84972822,experience,산만한주황뿔테,"남녀 모두 편하고 이쁘게 입을 수 있는 셔츠 입니다. 체크 패턴이 잔잔해서 과하지 않고 데일리로 입기 정말 좋습니다. 소재가 가볍고 시원해서 한여름에도 쾌적하게 매일 입을 수 있을 정도이고 땀 홉수도 잘 되서 너무 편해요.  구김도 거의 없어서 관리가 정말 쉽습니다. 전체적으로 여유 있는 핏이라 체형 상관 없이 자연스럽게 떨어지는 느낌이 마음에 들었습니다. 단독으로 입어도 좋고, 셔츠 안에 이너와 레이어드 해도 잘 어울려서 활용도가 높고 깔끔한 디자인 덕분에 이쁘게 입고 있습니다. 색감도 차분하고 전체적으로 퀄리티 대비 가격이 정말 만족스럽습니다.   여름 셔츠로 정말 마음에 들었습니다!",5.0,True,M,177.0,65.0,남성,2026-06-05 21:38:12,사이즈: 정사이즈 / 화면 대비 색감: 화면과 비슷 / 퀄리티: 매우 좋음 / 구김: 거의 없음,True,0,filluminate,상의,M,,2026,6,5,금,5,응답,정사이즈,화면과 비슷,매우 좋음,거의 없음,,,,,5.0,,,,4.0,0.0,0.0,0.0,0.0,,,"남녀 모두 편하고 이쁘게 입을 수 있는 셔츠 입니다. 체크 패턴이 잔잔해서 과하지 않고 데일리로 입기 정말 좋습니다. 소재가 가볍고 시원해서 한여름에도 쾌적하게 매일 입을 수 있을 정도이고 땀 홉수도 잘 되서 너무 편해요. 구김도 거의 없어서 관리가 정말 쉽습니다. 전체적으로 여유 있는 핏이라 체형 상관 없이 자연스럽게 떨어지는 느낌이 마음에 들었습니다. 단독으로 입어도 좋고, 셔츠 안에 이너와 레이어드 해도 잘 어울려서 활용도가 높고 깔끔한 디자인 덕분에 이쁘게 입고 있습니다. 색감도 차분하고 전체적으로 퀄리티 대비 가격이 정말 만족스럽습니다. 여름 셔츠로 정말 마음에 들었습니다!",남녀모두편하고이쁘게입을수있는셔츠입니다체크패턴이잔잔해서과하지않고데일리로입기정말좋습니다소재가가볍고시원해서한여름에도쾌적하게매일입을수있을정도이고땀홉수도잘되서너무편해요구김도거의없어서관리가정말쉽습니다전체적으로여유있는핏이라체형상관없이자연스럽게떨어지는느낌이마음에들었습니다단독으로입어도좋고셔츠안에이너와레이어드해도잘어울려서활용도가높고깔끔한디자인덕분에이쁘게입고있습니다색감도차분하고전체적으로퀄리티대비가격이정말만족스럽습니다여름셔츠로정말마음에들었습니다,0,0,1,0,0,True,332,238,329,True,산만한주황뿔테,"('M', None)",0,False,1,keep,unique,True,84972822
4697060,84972937,general,kkdkdk,상품 상세페이지에 나와있는 제품사진과 비슷해요,5.0,False,M,175.0,70.0,남성,2026-06-05 21:26:09,사이즈: 정사이즈 / 화면 대비 색감: 화면과 비슷 / 두께감: 두꺼움 / 퀄리티: 매우 좋음,False,0,filluminate,상의,M,,2026,6,5,금,5,응답,정사이즈,화면과 비슷,매우 좋음,,두꺼움,,,,5.0,,,4.0,,0.0,0.0,0.0,0.0,,,상품 상세페이지에 나와있는 제품사진과 비슷해요,상품상세페이지에나와있는제품사진과비슷해요,0,0,0,0,0,False,25,21,25,True,kkdkdk,"('M', None)",0,False,1,keep,unique,True,84972937
﻿3792018,84972968,general,심심해33,기본템이라 어디든 입기 너무좋아요 소재도 좋아서 추천,5.0,False,XS,169.0,60.0,남성,2026-06-05 21:27:23,사이즈: 정사이즈 / 화면 대비 색감: 화면과 비슷 / 퀄리티: 보통 / 신축성: 적당함,True,0,filluminate,하의,XS,,2026,6,5,금,5,응답,정사이즈,화면과 비슷,보통,,,적당함,,,3.0,,3.0,,,0.0,0.0,0.0,0.0,,,기본템이라 어디든 입기 너무좋아요 소재도 좋아서 추천,기본템이라어디든입기너무좋아요소재도좋아서추천,0,0,0,0,0,False,29,23,29,True,심심해33,"('XS', None)",0,False,1,keep,unique,True,84972968
﻿4054546,84973165,general,진주로즈,무난하게 입기 좋아요 세탁후 조금 틀어짐이 있네요,5.0,False,EXTRA LARGE,172.0,60.0,여성,2026-06-05 21:36:54,사이즈: 정사이즈 / 화면 대비 색감: 화면과 비슷 / 두께감: 적당함 / 신축성: 적당함,False,0,travel,상의,EXTRA LARGE,,2026,6,5,금,5,응답,정사이즈,화면과 비슷,,,적당함,적당함,,,,,3.0,3.0,,0.0,0.0,0.0,0.0,,,무난하게 입기 좋아요 세탁후 조금 틀어짐이 있네요,무난하게입기좋아요세탁후조금틀어짐이있네요,0,0,0,0,0,False,27,21,27,True,진주로즈,"('EXTRA LARGE', None)",0,False,1,keep,unique,True,84973165
6352768,84973192,general,오래된보스턴점퍼,두께도 괜찮고 핏도 괜찮습니다 34입는데 딱 맞네요,5.0,False,L,179.0,78.0,남성,2026-06-05 21:37:49,사이즈: 정사이즈 / 화면 대비 색감: 밝음 / 퀄리티: 좋음 / 신축성: 적당함,False,0,filluminate,하의,L,,2026,6,5,금,5,응답,정사이즈,밝음,좋음,,,적당함,,,4.0,,3.0,,,0.0,0.0,1.0,1.0,,,두께도 괜찮고 핏도 괜찮습니다 34입는데 딱 맞네요,두께도괜찮고핏도괜찮습니다34입는데딱맞네요,0,0,0,0,0,False,28,20,28,True,오래된보스턴점퍼,"('L', None)",0,False,1,keep,unique,True,84973192
4969889,84973309,general,신비로운명동더비,170  / 60 사이즈가  딱 예쁘게 나왔어요 많이 두껍지 않고 천이 힘이 있습니다 빠른 배송도 감사,5.0,False,WHITE · [Crop ver.] M,170.0,58.0,남성,2026-06-05 21:42:29,사이즈: 정사이즈 / 화면 대비 색감: 화면과 비슷 / 퀄리티: 보통 / 구김: 약간 있음,False,0,filluminate,상의,M,WHITE [Crop ver.],2026,6,5,금,5,응답,정사이즈,화면과 비슷,보통,약간 있음,,,,,3.0,,,,3.0,0.0,0.0,0.0,0.0,,,170 / 60 사이즈가 딱 예쁘게 나왔어요 많이 두껍지 않고 천이 힘이 있습니다 빠른 배송도 감사,17060사이즈가딱예쁘게나왔어요많이두껍지않고천이힘이있습니다빠른배송도감사,0,0,0,0,0,False,57,34,55,True,신비로운명동더비,"('M', 'WHITE [Crop ver.]')",0,False,1,keep,unique,True,84973309
﻿4214431,84973377,general,keykeykey,여름에 입기 좋은 바스락 시원한 소재에요 중딩 아이 학원 왔다갔다할때 여름 교복이 될꺼같네요 ㅎ,5.0,False,다크그린 · L,160.0,51.0,남성,2026-06-05 21:45:23,사이즈: 조금 큼 / 화면 대비 색감: 화면과 비슷 / 퀄리티: 매우 좋음 / 신축성: 전혀 없음,True,0,jemut,하의,L,다크그린,2026,6,5,금,5,응답,조금 큼,화면과 비슷,매우 좋음,,,전혀 없음,,,5.0,,1.0,,,1.0,1.0,0.0,0.0,,,여름에 입기 좋은 바스락 시원한 소재에요 중딩 아이 학원 왔다갔다할때 여름 교복이 될꺼같네요 ㅎ,여름에입기좋은바스락시원한소재에요중딩아이학원왔다갔다할때여름교복이될꺼같네요,1,0,0,0,0,False,53,39,53,True,keykeykey,"('L', '다크그린')",0,False,1,keep,unique,True,84973377
﻿6083676,84973436,general,으오아,프린팅 깔끔하니 귀여워서 샀어요! 평소에 가볍게 입기 좋은 느낌,5.0,False,M,165.0,56.0,여성,2026-06-05 21:47:42,사이즈: 정사이즈 / 화면 대비 색감: 화면과 비슷 / 두께감: 적당함 / 신축성: 적당함,True,0,travel,상의,M,,2026,6,5,금,5,응답,정사이즈,화면과 비슷,,,적당함,적당함,,,,,3.0,3.0,,0.0,0.0,0.0,0.0,,,프린팅 깔끔하니 귀여워서 샀어요! 평소에 가볍게 입기 좋은 느낌,프린팅깔끔하니귀여워서샀어요평소에가볍게입기좋은느낌,0,0,1,0,0,False,35,26,35,True,으오아,"('M', None)",0,False,1,keep,unique,True,84973436
4946729,84973498,general,으오아,왼쪽 프린팅만 있었으면 심심했을텐데 오른쪽에 별무늬가 귀엽세 느껴져서 샀어요 평소에 편하게 입기 좋을듯!,5.0,False,MEDIUM,165.0,56.0,여성,2026-06-05 21:49:57,사이즈: 정사이즈 / 화면 대비 색감: 화면과 비슷 / 두께감: 적당함 / 신축성: 적당함,True,0,travel,상의,MEDIUM,,2026,6,5,금,5,응답,정사이즈,화면과 비슷,,,적당함,적당함,,,,,3.0,3.0,,0.0,0.0,0.0,0.0,,,왼쪽 프린팅만 있었으면 심심했을텐데 오른쪽에 별무늬가 귀엽세 느껴져서 샀어요 평소에 편하게 입기 좋을듯!,왼쪽프린팅만있었으면심심했을텐데오른쪽에별무늬가귀엽세느껴져서샀어요평소에편하게입기좋을듯,0,0,1,0,0,False,58,45,58,True,으오아,"('MEDIUM', None)",0,False,1,keep,unique,True,84973498
4969807,84973598,style,심심곰,바지가 밴딩이라 편하고 재질이 시원해서 여름에 입기 좋을거같아요,5.0,False,BEIGE · L,177.0,68.0,남성,2026-06-05 21:53:43,사이즈: 정사이즈 / 화면 대비 색감: 화면과 비슷 / 퀄리티: 보통 / 신축성: 적당함,True,0,filluminate,하의,L,BEIGE,2026,6,5,금,5,응답,정사이즈,화면과 비슷,보통,,,적당함,,,3.0,,3.0,,,0.0,0.0,0.0,0.0,,,바지가 밴딩이라 편하고 재질이 시원해서 여름에 입기 좋을거같아요,바지가밴딩이라편하고재질이시원해서여름에입기좋을거같아요,0,0,0,0,0,False,35,28,35,True,심심곰,"('L', 'BEIGE')",0,False,1,keep,unique,True,84973598
﻿6140811,84974137,general,gksrudnf,생각보다 길이가 꽤 길어서 놀랐어요 긴바지랑 입는게 더 나아요,4.0,False,S,,30.0,여성,2026-06-05 22:16:28,사이즈: 정사이즈 / 화면 대비 색감: 화면과 비슷 / 두께감: 적당함 / 신축성: 적당함,False,0,filluminate,상의,S,,2026,6,5,금,4,응답,정사이즈,화면과 비슷,,,적당함,적당함,,,,,3.0,3.0,,0.0,0.0,0.0,0.0,,,생각보다 길이가 꽤 길어서 놀랐어요 긴바지랑 입는게 더 나아요,생각보다길이가꽤길어서놀랐어요긴바지랑입는게더나아요,0,0,0,0,0,False,34,26,34,True,gksrudnf,"('S', None)",0,False,1,keep,unique,True,84974137
4969807,84974344,general,커여운신촌맥코트,편하게 입기좋아요 색상도 똑같고 정치수에요 좋네요,4.0,False,BLACK · L,178.0,74.0,남성,2026-06-05 22:24:54,사이즈: 정사이즈 / 화면 대비 색감: 화면과 비슷 / 퀄리티: 나쁨 / 신축성: 적당함,False,0,filluminate,하의,L,BLACK,2026,6,5,금,4,응답,정사이즈,화면과 비슷,나쁨,,,적당함,,,2.0,,3.0,,,0.0,0.0,0.0,0.0,,,편하게 입기좋아요 색상도 똑같고 정치수에요 좋네요,편하게입기좋아요색상도똑같고정치수에요좋네요,0,0,0,0,0,False,27,22,27,True,커여운신촌맥코트,"('L', 'BLACK')",0,False,1,keep,unique,True,84974344
6140944,84974513,general,안녕하세호이,"기본에 충실한 아이템이라 어디에나 매치하기 정말 좋습니다. 화면에서 보던 색감 그대로라 대만족이에요. 마감 처리도 깔끔하고 세탁 후에도 변형이 적을 것 같은 짱짱한 재질입니다. 정사이즈로 가시면 딱 예쁜 핏 나와요!""",5.0,False,MELANGE GREY · M,167.0,63.0,남성,2026-06-05 22:30:37,사이즈: 정사이즈 / 화면 대비 색감: 화면과 비슷 / 두께감: 적당함 / 신축성: 적당함,False,0,filluminate,상의,M,MELANGE GREY,2026,6,5,금,5,응답,정사이즈,화면과 비슷,,,적당함,적당함,,,,,3.0,3.0,,0.0,0.0,0.0,0.0,,,"기본에 충실한 아이템이라 어디에나 매치하기 정말 좋습니다. 화면에서 보던 색감 그대로라 대만족이에요. 마감 처리도 깔끔하고 세탁 후에도 변형이 적을 것 같은 짱짱한 재질입니다. 정사이즈로 가시면 딱 예쁜 핏 나와요!""",기본에충실한아이템이라어디에나매치하기정말좋습니다화면에서보던색감그대로라대만족이에요마감처리도깔끔하고세탁후에도변형이적을것같은짱짱한재질입니다정사이즈로가시면딱예쁜핏나와요,0,0,1,0,0,False,121,88,121,True,안녕하세호이,"('M', 'MELANGE GREY')",1,True,1,keep,unique,True,84974513
4969807,84974769,general,던지기맨1,옷이 너무 예뻐서 잘 입을거같아요. 진짜로 너무 예뻐요 강추,5.0,False,BEIGE · M,170.0,65.0,남성,2026-06-05 22:43:48,사이즈: 정사이즈 / 화면 대비 색감: 화면과 비슷 / 퀄리티: 매우 좋음 / 신축성: 매우 강함,False,0,filluminate,하의,M,BEIGE,2026,6,5,금,5,응답,정사이즈,화면과 비슷,매우 좋음,,,매우 강함,,,5.0,,5.0,,,0.0,0.0,0.0,0.0,,,옷이 너무 예뻐서 잘 입을거같아요. 진짜로 너무 예뻐요 강추,옷이너무예뻐서잘입을거같아요진짜로너무예뻐요강추,0,0,0,0,0,False,33,24,33,True,던지기맨1,"('M', 'BEIGE')",0,False,1,keep,unique,True,84974769
3048838,84974840,style,지루한워싱턴소품,길이도 딱 맞고 허리도 정사이즈에요 오픈니라서 더울땐 시원하게 입을수 있어요,4.0,False,MEDIUM,177.0,71.0,남성,2026-06-05 22:47:28,사이즈: 정사이즈 / 화면 대비 색감: 화면과 비슷 / 퀄리티: 좋음 / 신축성: 전혀 없음,True,0,travel,하의,MEDIUM,,2026,6,5,금,4,응답,정사이즈,화면과 비슷,좋음,,,전혀 없음,,,4.0,,1.0,,,0.0,0.0,0.0,0.0,,,길이도 딱 맞고 허리도 정사이즈에요 오픈니라서 더울땐 시원하게 입을수 있어요,길이도딱맞고허리도정사이즈에요오픈니라서더울땐시원하게입을수있어요,0,0,0,0,0,False,42,33,42,True,지루한워싱턴소품,"('MEDIUM', None)",0,False,2,keep,multi_type_unique,True,84974840
4987047,84975001,general,미소짓는코랄후디,"마감이 조금 안좋게 와서...제것만 이런지는 모르겠는데, 이것 빼면 무난하게 입기 좋은듯? 글고 진짜 여름에 입긴 약간 두꺼움",4.0,False,올리브베이지 · L,175.0,69.0,남성,2026-06-05 22:55:23,사이즈: 정사이즈 / 화면 대비 색감: 화면과 비슷 / 두께감: 두꺼움 / 신축성: 적당함,True,0,jemut,상의,L,올리브베이지,2026,6,5,금,4,응답,정사이즈,화면과 비슷,,,두꺼움,적당함,,,,,3.0,4.0,,0.0,0.0,0.0,0.0,,,"마감이 조금 안좋게 와서...제것만 이런지는 모르겠는데, 이것 빼면 무난하게 입기 좋은듯? 글고 진짜 여름에 입긴 약간 두꺼움",마감이조금안좋게와서제것만이런지는모르겠는데이것빼면무난하게입기좋은듯글고진짜여름에입긴약간두꺼움,0,0,0,1,0,True,70,49,70,True,미소짓는코랄후디,"('L', '올리브베이지')",0,False,1,keep,unique,True,84975001
﻿4969889,84975684,general,베이직한자색엣지,약간 오버 사이즈라서 편하고 좋아요 착용하니 핏도 좋아요,4.0,False,SKY BLUE · [Crop ver.] M,168.0,52.0,남성,2026-06-05 23:30:08,사이즈: 조금 큼 / 화면 대비 색감: 화면과 비슷 / 퀄리티: 좋음 / 구김: 약간 있음,True,0,filluminate,상의,M,SKY BLUE [Crop ver.],2026,6,5,금,4,응답,조금 큼,화면과 비슷,좋음,약간 있음,,,,,4.0,,,,3.0,1.0,1.0,0.0,0.0,,,약간 오버 사이즈라서 편하고 좋아요 착용하니 핏도 좋아요,약간오버사이즈라서편하고좋아요착용하니핏도좋아요,0,0,0,0,0,False,31,24,31,True,베이직한자색엣지,"('M', 'SKY BLUE [Crop ver.]')",0,False,1,keep,unique,True,84975684
6394301,84975871,experience,히히다히,"필루미네이트라는 브랜드는 원래도 알고있었고 최근에도 구입을 했었는데 체험단의 기회까지 주셔서 열심히 입고 남기는 후기입니당  일단 포장을 뜯었을 때 옷의 재질은 빳빳하지않고 부들부들해서 민감한 피부를 가지신 분들도 자극없이 입을 수 있을 것 같아요.  신축성도 있어서 입고 벗을때도 편하고 짱짱해서 쉽게 늘어나지 않을 것 같아요  색상은 진한 브라운이 아니라 좀 연해서 땀 많은 분들은 조심해야 할 듯 해요..ㅎㅎ 웜톤이신 분들한테 잘 어울릴 것 같고 예쁜 색상이라 은근 여기저기 매칭하기에도 수월합니다  S사이즈인데도 오버핏이라 165기준 엉덩이는 다 덮어요. 시중에 기장만 긴 반팔도 많은데 품, 기장 둘 다 넉넉해서 편하기도 하고 대충입어도 힙하고 예뻐요. 전면은 가슴쪽에 로고가 있고 후면에는 프린팅이 전체적으로 크게 있는데 심플하면서도 밋밋하지않아서 좋아요!",5.0,True,S,165.0,51.0,여성,2026-06-05 23:38:21,사이즈: 조금 큼 / 화면 대비 색감: 화면과 비슷 / 두께감: 적당함 / 신축성: 적당함,True,0,filluminate,상의,S,,2026,6,5,금,5,응답,조금 큼,화면과 비슷,,,적당함,적당함,,,,,3.0,3.0,,1.0,1.0,0.0,0.0,,,"필루미네이트라는 브랜드는 원래도 알고있었고 최근에도 구입을 했었는데 체험단의 기회까지 주셔서 열심히 입고 남기는 후기입니당 일단 포장을 뜯었을 때 옷의 재질은 빳빳하지않고 부들부들해서 민감한 피부를 가지신 분들도 자극없이 입을 수 있을 것 같아요. 신축성도 있어서 입고 벗을때도 편하고 짱짱해서 쉽게 늘어나지 않을 것 같아요 색상은 진한 브라운이 아니라 좀 연해서 땀 많은 분들은 조심해야 할 듯 해요..ㅎㅎ 웜톤이신 분들한테 잘 어울릴 것 같고 예쁜 색상이라 은근 여기저기 매칭하기에도 수월합니다 S사이즈인데도 오버핏이라 165기준 엉덩이는 다 덮어요. 시중에 기장만 긴 반팔도 많은데 품, 기장 둘 다 넉넉해서 편하기도 하고 대충입어도 힙하고 예뻐요. 전면은 가슴쪽에 로고가 있고 후면에는 프린팅이 전체적으로 크게 있는데 심플하면서도 밋밋하지않아서 좋아요!",필루미네이트라는브랜드는원래도알고있었고최근에도구입을했었는데체험단의기회까지주셔서열심히입고남기는후기입니당일단포장을뜯었을때옷의재질은빳빳하지않고부들부들해서민감한피부를가지신분들도자극없이입을수있을것같아요신축성도있어서입고벗을때도편하고짱짱해서쉽게늘어나지않을것같아요색상은진한브라운이아니라좀연해서땀많은분들은조심해야할듯해요웜톤이신분들한테잘어울릴것같고예쁜색상이라은근여기저기매칭하기에도수월합니다s사이즈인데도오버핏이라165기준엉덩이는다덮어요시중에기장만긴반팔도많은데품기장둘다넉넉해서편하기도하고대충입어도힙하고예뻐요전면은가슴쪽에로고가있고후면에는프린팅이전체적으로크게있는데심플하면서도밋밋하지않아서좋아요,2,0,1,0,0,False,429,312,425,True,히히다히,"('S', None)",0,False,1,keep,unique,True,84975871
6322931,84976426,general,tloo0oolt,어머니께서 필요하다고 하셔서 구매했습니다. 사이즈 좋고 허리밴딩이라 편하다고 좋아하셨습니다. 옷이 귀여워요.,5.0,False,M,155.0,42.0,여성,2026-06-06 00:07:06,사이즈: 정사이즈 / 화면 대비 색감: 화면과 비슷 / 퀄리티: 매우 좋음 / 신축성: 적당함,True,0,filluminate,하의,M,,2026,6,6,토,5,응답,정사이즈,화면과 비슷,매우 좋음,,,적당함,,,5.0,,3.0,,,0.0,0.0,0.0,0.0,,,어머니께서 필요하다고 하셔서 구매했습니다. 사이즈 좋고 허리밴딩이라 편하다고 좋아하셨습니다. 옷이 귀여워요.,어머니께서필요하다고하셔서구매했습니다사이즈좋고허리밴딩이라편하다고좋아하셨습니다옷이귀여워요,0,0,0,0,0,False,60,47,60,True,tloo0oolt,"('M', None)",0,False,2,keep,multi_type_dup,True,84976426
﻿6175808,84976436,general,똑똑한대구베스트,적당한 두께감에 셔츠 안에 받쳐입기 좋은 제품입니다,5.0,False,그레이 · L,175.0,76.0,남성,2026-06-06 00:07:41,사이즈: 정사이즈 / 화면 대비 색감: 화면과 비슷 / 두께감: 얇음 / 신축성: 적당함,False,0,jemut,상의,L,그레이,2026,6,6,토,5,응답,정사이즈,화면과 비슷,,,얇음,적당함,,,,,3.0,2.0,,0.0,0.0,0.0,0.0,,,적당한 두께감에 셔츠 안에 받쳐입기 좋은 제품입니다,적당한두께감에셔츠안에받쳐입기좋은제품입니다,0,0,0,0,0,False,28,22,28,True,똑똑한대구베스트,"('L', '그레이')",0,False,1,keep,unique,True,84976436
3047767,84976442,general,박똥솜,여름에 입기 딱 좋은 두께네요. 보들보들하니 촉감이 아주 좋아요. 그냥 더 큰 거 시킬걸 그랬나봐요,5.0,False,LARGE,167.0,70.0,여성,2026-06-06 00:07:56,사이즈: 정사이즈 / 화면 대비 색감: 화면과 비슷 / 두께감: 적당함 / 신축성: 적당함,True,0,travel,상의,LARGE,,2026,6,6,토,5,응답,정사이즈,화면과 비슷,,,적당함,적당함,,,,,3.0,3.0,,0.0,0.0,0.0,0.0,,,여름에 입기 딱 좋은 두께네요. 보들보들하니 촉감이 아주 좋아요. 그냥 더 큰 거 시킬걸 그랬나봐요,여름에입기딱좋은두께네요보들보들하니촉감이아주좋아요그냥더큰거시킬걸그랬나봐요,0,0,0,0,0,False,55,39,55,True,박똥솜,"('LARGE', None)",0,False,1,keep,unique,True,84976442
994588,84976626,general,제비사촌,디자인도 예쁘고 너무 좋습니다. 두께감도 있어서 더 좋습니다.,5.0,False,L(린넨),175.0,73.0,남성,2026-06-06 00:18:46,사이즈: 정사이즈 / 화면 대비 색감: 매우 밝음 / 퀄리티: 매우 좋음 / 구김: 많음,False,0,filluminate,상의,L,(린넨),2026,6,6,토,5,응답,정사이즈,매우 밝음,매우 좋음,많음,,,,,5.0,,,,2.0,0.0,0.0,2.0,2.0,,,디자인도 예쁘고 너무 좋습니다. 두께감도 있어서 더 좋습니다.,디자인도예쁘고너무좋습니다두께감도있어서더좋습니다,0,0,0,0,0,False,34,25,34,True,제비사촌,"('L', '(린넨)')",0,False,1,keep,unique,True,84976626
6391691,84977012,general,동래유니,여름에 입기엔 약간 두꺼워요 색깔도 약간 진하네요 크롭한 기장은 아주 마음에 들어요,4.0,False,INDIGO · [Crop ver.] M,174.0,76.0,남성,2026-06-06 00:39:40,사이즈: 정사이즈 / 화면 대비 색감: 어두움 / 퀄리티: 좋음 / 구김: 거의 없음,True,0,filluminate,상의,M,INDIGO [Crop ver.],2026,6,6,토,4,응답,정사이즈,어두움,좋음,거의 없음,,,,,4.0,,,,4.0,0.0,0.0,-1.0,1.0,,,여름에 입기엔 약간 두꺼워요 색깔도 약간 진하네요 크롭한 기장은 아주 마음에 들어요,여름에입기엔약간두꺼워요색깔도약간진하네요크롭한기장은아주마음에들어요,0,0,0,0,0,False,46,35,46,True,동래유니,"('M', 'INDIGO [Crop ver.]')",0,False,1,keep,unique,True,84977012
1884943,84977096,general,갖고싶은동묘뮬,딱 정사이즈에요. 오버핏 좋아하는 분들은 한치수 높여서 사는걸 추천드려요,5.0,False,MEDIUM,176.0,70.0,남성,2026-06-06 00:45:00,사이즈: 정사이즈 / 화면 대비 색감: 어두움 / 두께감: 두꺼움 / 신축성: 강함,True,0,travel,상의,MEDIUM,,2026,6,6,토,5,응답,정사이즈,어두움,,,두꺼움,강함,,,,,4.0,4.0,,0.0,0.0,-1.0,1.0,,,딱 정사이즈에요. 오버핏 좋아하는 분들은 한치수 높여서 사는걸 추천드려요,딱정사이즈에요오버핏좋아하는분들은한치수높여서사는걸추천드려요,0,0,0,0,0,False,40,31,40,True,갖고싶은동묘뮬,"('MEDIUM', None)",0,False,1,keep,unique,True,84977096
4055254,84977549,general,마카치,프린팅도 예쁘고 색감 쨍하지 않아서 좋아요 살짝 얇음!,5.0,False,MEDIUM,165.0,64.0,여성,2026-06-06 01:12:01,사이즈: 정사이즈 / 화면 대비 색감: 화면과 비슷 / 두께감: 적당함 / 신축성: 강함,True,0,travel,상의,MEDIUM,,2026,6,6,토,5,응답,정사이즈,화면과 비슷,,,적당함,강함,,,,,4.0,3.0,,0.0,0.0,0.0,0.0,,,프린팅도 예쁘고 색감 쨍하지 않아서 좋아요 살짝 얇음!,프린팅도예쁘고색감쨍하지않아서좋아요살짝얇음,0,0,1,0,0,False,30,22,30,True,마카치,"('MEDIUM', None)",0,False,1,keep,unique,True,84977549
4969807,84977697,general,호랑해호랑,가격대비 이정도면 다른데서 구하기 힘든 제품인것같습니다. 편해서 데일리로 잘입고 다녀요,5.0,False,BLACK · M,175.0,72.0,남성,2026-06-06 01:19:52,사이즈: 정사이즈 / 화면 대비 색감: 화면과 비슷 / 퀄리티: 매우 좋음 / 신축성: 강함,False,0,filluminate,하의,M,BLACK,2026,6,6,토,5,응답,정사이즈,화면과 비슷,매우 좋음,,,강함,,,5.0,,4.0,,,0.0,0.0,0.0,0.0,,,가격대비 이정도면 다른데서 구하기 힘든 제품인것같습니다. 편해서 데일리로 잘입고 다녀요,가격대비이정도면다른데서구하기힘든제품인것같습니다편해서데일리로잘입고다녀요,0,0,0,0,0,False,48,38,48,True,호랑해호랑,"('M', 'BLACK')",0,False,1,keep,unique,True,84977697
4969807,84978188,general,선명한명동주얼리,일단 핏이 마음에들고 색감두 이쁘고 얇아서 여름용으로 좋아요,5.0,False,BEIGE · M,172.0,69.0,남성,2026-06-06 02:07:02,사이즈: 정사이즈 / 화면 대비 색감: 화면과 비슷 / 퀄리티: 보통 / 신축성: 적당함,True,0,filluminate,하의,M,BEIGE,2026,6,6,토,5,응답,정사이즈,화면과 비슷,보통,,,적당함,,,3.0,,3.0,,,0.0,0.0,0.0,0.0,,,일단 핏이 마음에들고 색감두 이쁘고 얇아서 여름용으로 좋아요,일단핏이마음에들고색감두이쁘고얇아서여름용으로좋아요,0,0,0,0,0,False,33,26,33,True,선명한명동주얼리,"('M', 'BEIGE')",0,False,1,keep,unique,True,84978188
﻿6109150,84978258,general,승차2,제가 어깨가 워낙 커서 어깨가 작게느껴지는건지 모르겟긴한데,5.0,False,M,181.0,100.0,남성,2026-06-06 02:13:21,사이즈: 정사이즈 / 화면 대비 색감: 화면과 비슷 / 퀄리티: 보통 / 구김: 약간 있음,False,0,filluminate,상의,M,,2026,6,6,토,5,응답,정사이즈,화면과 비슷,보통,약간 있음,,,,,3.0,,,,3.0,0.0,0.0,0.0,0.0,,,제가 어깨가 워낙 커서 어깨가 작게느껴지는건지 모르겟긴한데,제가어깨가워낙커서어깨가작게느껴지는건지모르겟긴한데,0,0,0,0,0,False,32,26,32,True,승차2,"('M', None)",0,False,1,keep,unique,True,84978258
﻿4160491,84978307,general,게으른파스텔셋업,저렴한 맛에 입는 옷. 되게 얇고 사이즈 생각보다 큽니다. 잘 보시고 구매하시길 바랍니다,4.0,False,04 히든 데미지드 라운드 티셔츠 / 화이트 · S,172.0,62.0,남성,2026-06-06 02:19:40,사이즈: 조금 큼 / 화면 대비 색감: 화면과 비슷 / 두께감: 얇음 / 신축성: 거의 없음,False,0,filluminate,상의,S,04 히든 데미지드 라운드 티셔츠 화이트,2026,6,6,토,4,응답,조금 큼,화면과 비슷,,,얇음,거의 없음,,,,,2.0,2.0,,1.0,1.0,0.0,0.0,,,저렴한 맛에 입는 옷. 되게 얇고 사이즈 생각보다 큽니다. 잘 보시고 구매하시길 바랍니다,저렴한맛에입는옷되게얇고사이즈생각보다큽니다잘보시고구매하시길바랍니다,0,0,0,0,0,False,49,35,49,True,게으른파스텔셋업,"('S', '04 히든 데미지드 라운드 티셔츠 화이트')",0,False,1,keep,unique,True,84978307
﻿5097126,84978387,general,키카카카,기장감도 좋고 색깔도 너무 이뻐요 여름에도 무넌하게 입을수있을거같아요,5.0,False,다크블루 · XL,179.0,78.0,남성,2026-06-06 02:32:30,사이즈: 정사이즈 / 화면 대비 색감: 화면과 비슷 / 퀄리티: 매우 좋음 / 신축성: 적당함,False,0,jemut,하의,XL,다크블루,2026,6,6,토,5,응답,정사이즈,화면과 비슷,매우 좋음,,,적당함,,,5.0,,3.0,,,0.0,0.0,0.0,0.0,,,기장감도 좋고 색깔도 너무 이뻐요 여름에도 무넌하게 입을수있을거같아요,기장감도좋고색깔도너무이뻐요여름에도무넌하게입을수있을거같아요,0,0,0,0,0,False,38,31,38,True,키카카카,"('XL', '다크블루')",0,False,1,keep,unique,True,84978387
﻿4969880,84978549,general,hro19,적당한 베이지색 컬러라서 좋구 두께감은 살짝 있습니다,5.0,False,BEIGE · L,172.0,71.0,남성,2026-06-06 02:57:09,사이즈: 정사이즈 / 화면 대비 색감: 화면과 비슷 / 퀄리티: 보통 / 구김: 약간 있음,False,0,filluminate,상의,L,BEIGE,2026,6,6,토,5,응답,정사이즈,화면과 비슷,보통,약간 있음,,,,,3.0,,,,3.0,0.0,0.0,0.0,0.0,,,적당한 베이지색 컬러라서 좋구 두께감은 살짝 있습니다,적당한베이지색컬러라서좋구두께감은살짝있습니다,0,0,0,0,0,False,29,23,29,True,hro19,"('L', 'BEIGE')",0,False,1,keep,unique,True,84978549
4969807,84978565,general,hro19,핏이 예쁘게 떨어져서 너무 좋아요. 다른 색도 구매합니다!,5.0,False,BLACK · M,172.0,71.0,남성,2026-06-06 02:59:11,사이즈: 정사이즈 / 화면 대비 색감: 화면과 비슷 / 퀄리티: 보통 / 신축성: 적당함,False,0,filluminate,하의,M,BLACK,2026,6,6,토,5,응답,정사이즈,화면과 비슷,보통,,,적당함,,,3.0,,3.0,,,0.0,0.0,0.0,0.0,,,핏이 예쁘게 떨어져서 너무 좋아요. 다른 색도 구매합니다!,핏이예쁘게떨어져서너무좋아요다른색도구매합니다,0,0,1,0,0,False,32,23,32,True,hro19,"('M', 'BLACK')",0,False,1,keep,unique,True,84978565
﻿4728652,84978813,general,이현복1,핏 이쁘게 잘 나오고 힙하게 입고싶으면 강추 드립니다,5.0,False,M,174.0,63.0,남성,2026-06-06 04:12:30,사이즈: 정사이즈 / 화면 대비 색감: 화면과 비슷 / 퀄리티: 좋음 / 신축성: 적당함,False,0,filluminate,하의,M,,2026,6,6,토,5,응답,정사이즈,화면과 비슷,좋음,,,적당함,,,4.0,,3.0,,,0.0,0.0,0.0,0.0,,,핏 이쁘게 잘 나오고 힙하게 입고싶으면 강추 드립니다,핏이쁘게잘나오고힙하게입고싶으면강추드립니다,0,0,0,0,0,False,29,22,29,True,이현복1,"('M', None)",0,False,1,keep,unique,True,84978813
4969807,84978827,general,깅징석,사이즈도 적당하고 너무 이쁘네요 다른 색으로 또 살까 고민중입니다!!,5.0,False,BROWN · L,174.0,75.0,남성,2026-06-06 04:18:30,사이즈: 정사이즈 / 화면 대비 색감: 화면과 비슷 / 퀄리티: 보통 / 신축성: 적당함,False,0,filluminate,하의,L,BROWN,2026,6,6,토,5,응답,정사이즈,화면과 비슷,보통,,,적당함,,,3.0,,3.0,,,0.0,0.0,0.0,0.0,,,사이즈도 적당하고 너무 이쁘네요 다른 색으로 또 살까 고민중입니다!!,사이즈도적당하고너무이쁘네요다른색으로또살까고민중입니다,0,0,2,0,0,False,38,28,38,True,깅징석,"('L', 'BROWN')",0,False,1,keep,unique,True,84978827
4694108,84979771,general,시원서하맘,대학생 아들한테 잘 어울려요  너무 맘에 들어해서 다행이네요  예름에도 잘 입을께요 적극추천합니다,3.0,False,LARGE,176.0,77.0,남성,2026-06-06 08:15:49,사이즈: 정사이즈 / 화면 대비 색감: 화면과 비슷 / 퀄리티: 보통 / 두께감: 적당함,False,0,travel,아우터,LARGE,,2026,6,6,토,3,응답,정사이즈,화면과 비슷,보통,,적당함,,,,3.0,,,3.0,,0.0,0.0,0.0,0.0,,,대학생 아들한테 잘 어울려요 너무 맘에 들어해서 다행이네요 예름에도 잘 입을께요 적극추천합니다,대학생아들한테잘어울려요너무맘에들어해서다행이네요예름에도잘입을께요적극추천합니다,0,0,0,0,0,False,54,41,52,True,시원서하맘,"('LARGE', None)",0,False,1,keep,unique,True,84979771
6140944,84979793,general,독특한파리쇼핑,되게 신축성있는데 얇아서 막 입기 좋을것 같아요,5.0,False,LIGHT KHAKI · L,171.0,65.0,missing,2026-06-06 08:19:42,사이즈: 정사이즈 / 화면 대비 색감: 화면과 비슷 / 두께감: 적당함 / 신축성: 적당함,True,0,filluminate,상의,L,LIGHT KHAKI,2026,6,6,토,5,응답,정사이즈,화면과 비슷,,,적당함,적당함,,,,,3.0,3.0,,0.0,0.0,0.0,0.0,,,되게 신축성있는데 얇아서 막 입기 좋을것 같아요,되게신축성있는데얇아서막입기좋을것같아요,0,0,0,0,0,False,26,20,26,True,독특한파리쇼핑,"('L', 'LIGHT KHAKI')",0,False,2,keep,multi_type_unique,True,84979793
6140944,84979803,style,독특한파리쇼핑,시원하고 신축성이 좋아서 부담없이 입을 때 좋아요,5.0,False,LIGHT KHAKI · L,171.0,65.0,missing,2026-06-06 08:20:45,사이즈: 정사이즈 / 화면 대비 색감: 화면과 비슷 / 두께감: 적당함 / 신축성: 적당함,True,0,filluminate,상의,L,LIGHT KHAKI,2026,6,6,토,5,응답,정사이즈,화면과 비슷,,,적당함,적당함,,,,,3.0,3.0,,0.0,0.0,0.0,0.0,,,시원하고 신축성이 좋아서 부담없이 입을 때 좋아요,시원하고신축성이좋아서부담없이입을때좋아요,0,0,0,0,0,False,27,21,27,True,독특한파리쇼핑,"('L', 'LIGHT KHAKI')",0,False,2,keep,multi_type_unique,True,84979803
6322922,84979814,general,독특한파리쇼핑,되게 시원한데 엄청 고급져보여요 흰팬츠입을때 자주 입을거같아요,5.0,False,M,171.0,65.0,missing,2026-06-06 08:21:46,사이즈: 정사이즈 / 화면 대비 색감: 화면과 비슷 / 퀄리티: 보통 / 신축성: 적당함,True,0,filluminate,하의,M,,2026,6,6,토,5,응답,정사이즈,화면과 비슷,보통,,,적당함,,,3.0,,3.0,,,0.0,0.0,0.0,0.0,,,되게 시원한데 엄청 고급져보여요 흰팬츠입을때 자주 입을거같아요,되게시원한데엄청고급져보여요흰팬츠입을때자주입을거같아요,0,0,0,0,0,False,34,28,34,True,독특한파리쇼핑,"('M', None)",0,False,1,keep,unique,True,84979814
﻿6322922,84979825,style,독특한파리쇼핑,스트링이랑 단추 둘다있어서 벨트가 필요없어서 입을때 편해요,5.0,False,M,171.0,65.0,missing,2026-06-06 08:22:42,사이즈: 정사이즈 / 화면 대비 색감: 화면과 비슷 / 퀄리티: 보통 / 신축성: 적당함,True,0,filluminate,하의,M,,2026,6,6,토,5,응답,정사이즈,화면과 비슷,보통,,,적당함,,,3.0,,3.0,,,0.0,0.0,0.0,0.0,,,스트링이랑 단추 둘다있어서 벨트가 필요없어서 입을때 편해요,스트링이랑단추둘다있어서벨트가필요없어서입을때편해요,0,0,0,0,0,False,32,26,32,True,독특한파리쇼핑,"('M', None)",0,False,1,keep,unique,True,84979825
4728678,84979999,general,훈이후니호,소재도 부드럽고 디자인이 전체적으로 힙해서 좋습니다!,5.0,False,L,181.0,90.0,남성,2026-06-06 08:40:42,사이즈: 정사이즈 / 화면 대비 색감: 화면과 비슷 / 퀄리티: 매우 좋음 / 두께감: 매우 두꺼움,False,0,filluminate,아우터,L,,2026,6,6,토,5,응답,정사이즈,화면과 비슷,매우 좋음,,매우 두꺼움,,,,5.0,,,5.0,,0.0,0.0,0.0,0.0,,,소재도 부드럽고 디자인이 전체적으로 힙해서 좋습니다!,소재도부드럽고디자인이전체적으로힙해서좋습니다,0,0,1,0,0,False,29,23,29,True,훈이후니호,"('L', None)",0,False,1,keep,unique,True,84979999
﻿6493132,84980041,general,슴털이,핏이 좋고 사이즈가 적당해요. 다음에도 다른 색상으로 구매해보려구요.,5.0,False,WHITE · L,173.0,73.0,남성,2026-06-06 08:44:11,사이즈: 정사이즈 / 화면 대비 색감: 화면과 비슷 / 두께감: 적당함 / 신축성: 적당함,False,0,filluminate,상의,L,WHITE,2026,6,6,토,5,응답,정사이즈,화면과 비슷,,,적당함,적당함,,,,,3.0,3.0,,0.0,0.0,0.0,0.0,,,핏이 좋고 사이즈가 적당해요. 다음에도 다른 색상으로 구매해보려구요.,핏이좋고사이즈가적당해요다음에도다른색상으로구매해보려구요,0,0,0,0,0,False,38,29,38,True,슴털이,"('L', 'WHITE')",0,False,1,keep,unique,True,84980041
4697060,84980186,general,열심인그레이깔창,색감이 참 잘빠졌네요 옷이 잘찢어진다는후기가 많아 걱정되지만 참이뻐요,3.0,False,S,165.0,60.0,여성,2026-06-06 09:00:55,사이즈: 정사이즈 / 화면 대비 색감: 화면과 비슷 / 두께감: 적당함 / 퀄리티: 보통,False,0,filluminate,상의,S,,2026,6,6,토,3,응답,정사이즈,화면과 비슷,보통,,적당함,,,,3.0,,,3.0,,0.0,0.0,0.0,0.0,,,색감이 참 잘빠졌네요 옷이 잘찢어진다는후기가 많아 걱정되지만 참이뻐요,색감이참잘빠졌네요옷이잘찢어진다는후기가많아걱정되지만참이뻐요,0,0,0,0,0,False,38,31,38,True,열심인그레이깔창,"('S', None)",0,False,1,keep,unique,True,84980186
6322931,84980550,general,깔끔한파랑트렌드,여름용으로 밴딩이 아닌 슬랙스 형태라 단정한 느낌으로 입기 좋아요.,5.0,False,S,173.0,63.0,남성,2026-06-06 09:33:10,사이즈: 정사이즈 / 화면 대비 색감: 화면과 비슷 / 퀄리티: 좋음 / 신축성: 적당함,True,0,filluminate,하의,S,,2026,6,6,토,5,응답,정사이즈,화면과 비슷,좋음,,,적당함,,,4.0,,3.0,,,0.0,0.0,0.0,0.0,,,여름용으로 밴딩이 아닌 슬랙스 형태라 단정한 느낌으로 입기 좋아요.,여름용으로밴딩이아닌슬랙스형태라단정한느낌으로입기좋아요,0,0,0,0,0,False,37,28,37,True,깔끔한파랑트렌드,"('S', None)",0,False,1,keep,unique,True,84980550
3455882,84980902,style,피곤한인도긴팔티,바람막이 치고는 사알짝 두꺼운 느낌이에요! 173에 77키로입니다 M사이즈면 충분할줄알았는데도 저는 너무 박시한느낌이라 별로라서 S입었더니 팔길이빼고 딱좋습니다! 추천드려요,5.0,False,S,173.0,77.0,남성,2026-06-06 09:55:49,사이즈: 많이 큼 / 화면 대비 색감: 밝음 / 퀄리티: 매우 좋음 / 두께감: 두꺼움,True,0,filluminate,아우터,S,,2026,6,6,토,5,응답,많이 큼,밝음,매우 좋음,,두꺼움,,,,5.0,,,4.0,,2.0,2.0,1.0,1.0,,,바람막이 치고는 사알짝 두꺼운 느낌이에요! 173에 77키로입니다 M사이즈면 충분할줄알았는데도 저는 너무 박시한느낌이라 별로라서 S입었더니 팔길이빼고 딱좋습니다! 추천드려요,바람막이치고는사알짝두꺼운느낌이에요173에77키로입니다m사이즈면충분할줄알았는데도저는너무박시한느낌이라별로라서s입었더니팔길이빼고딱좋습니다추천드려요,0,0,2,0,0,False,96,71,96,True,피곤한인도긴팔티,"('S', None)",0,False,2,keep,multi_type_unique,True,84980902
﻿6140950,84980924,general,비범한대전코디팁,편안하게 잘 입고 다녀요 ~~사이즈 업.해서 하나더 주문해야할듯해요,4.0,False,S,173.0,50.0,남성,2026-06-06 09:57:04,사이즈: 정사이즈 / 화면 대비 색감: 화면과 비슷 / 두께감: 적당함 / 신축성: 적당함,False,0,filluminate,상의,S,,2026,6,6,토,4,응답,정사이즈,화면과 비슷,,,적당함,적당함,,,,,3.0,3.0,,0.0,0.0,0.0,0.0,,,편안하게 잘 입고 다녀요 ~~사이즈 업.해서 하나더 주문해야할듯해요,편안하게잘입고다녀요사이즈업해서하나더주문해야할듯해요,0,0,0,0,0,False,37,27,37,True,비범한대전코디팁,"('S', None)",0,False,1,keep,unique,True,84980924
﻿4911954,84981066,general,버블버블7,통큰바지 거의 첨인데 나쁘지않습니다 170남자 딱좋아요,5.0,False,XS,169.0,63.0,남성,2026-06-06 10:04:58,사이즈: 정사이즈 / 화면 대비 색감: 화면과 비슷 / 퀄리티: 보통 / 신축성: 적당함,False,0,filluminate,하의,XS,,2026,6,6,토,5,응답,정사이즈,화면과 비슷,보통,,,적당함,,,3.0,,3.0,,,0.0,0.0,0.0,0.0,,,통큰바지 거의 첨인데 나쁘지않습니다 170남자 딱좋아요,통큰바지거의첨인데나쁘지않습니다170남자딱좋아요,0,0,0,0,0,False,30,22,30,True,버블버블7,"('XS', None)",0,False,1,keep,unique,True,84981066
4969807,84981087,style,Greedj,"여름에 입기 좋은 편안한 바지를 찾다가 구매했는데 괜찮네요. 원단은 주름이 심하게 가지 않으면서도, 린넨 텍스처가 살아있어서 달라붙지 않고 시원합니다. 허리 부분이 밴딩으로 되어 있어 편안하고, 평소 넉넉한 핏을 선호해서 L 사이즈를 선택했는데 M사이즈도 괜찮을 것 같네요. 편하게 자주 입을 것 같음.",5.0,False,BEIGE · L,178.0,63.0,남성,2026-06-06 10:05:48,사이즈: 조금 큼 / 화면 대비 색감: 화면과 비슷 / 퀄리티: 매우 좋음 / 신축성: 적당함,True,0,filluminate,하의,L,BEIGE,2026,6,6,토,5,응답,조금 큼,화면과 비슷,매우 좋음,,,적당함,,,5.0,,3.0,,,1.0,1.0,0.0,0.0,,,"여름에 입기 좋은 편안한 바지를 찾다가 구매했는데 괜찮네요. 원단은 주름이 심하게 가지 않으면서도, 린넨 텍스처가 살아있어서 달라붙지 않고 시원합니다. 허리 부분이 밴딩으로 되어 있어 편안하고, 평소 넉넉한 핏을 선호해서 L 사이즈를 선택했는데 M사이즈도 괜찮을 것 같네요. 편하게 자주 입을 것 같음.",여름에입기좋은편안한바지를찾다가구매했는데괜찮네요원단은주름이심하게가지않으면서도린넨텍스처가살아있어서달라붙지않고시원합니다허리부분이밴딩으로되어있어편안하고평소넉넉한핏을선호해서l사이즈를선택했는데m사이즈도괜찮을것같네요편하게자주입을것같음,0,0,0,0,0,False,169,121,169,True,Greedj,"('L', 'BEIGE')",0,False,2,keep,multi_type_unique,True,84981087
4969807,84981126,general,Greedj,여름에 입기 좋은 편하고 시원한 바지. 편하지만 스타일은 살아있음.,5.0,False,BEIGE · L,178.0,63.0,남성,2026-06-06 10:07:24,사이즈: 정사이즈 / 화면 대비 색감: 화면과 비슷 / 퀄리티: 매우 좋음 / 신축성: 적당함,True,0,filluminate,하의,L,BEIGE,2026,6,6,토,5,응답,정사이즈,화면과 비슷,매우 좋음,,,적당함,,,5.0,,3.0,,,0.0,0.0,0.0,0.0,,,여름에 입기 좋은 편하고 시원한 바지. 편하지만 스타일은 살아있음.,여름에입기좋은편하고시원한바지편하지만스타일은살아있음,0,0,0,0,0,False,37,27,37,True,Greedj,"('L', 'BEIGE')",0,False,2,keep,multi_type_unique,True,84981126
6394336,84981164,experience,chacha__28,너무 얇아서 흐물거리는 티셔츠 진짜 싫어하는데 이건 적당히 힘 있는 재질이라 핏이 딱 예쁘게 잡힘. ⁠ 너무 쨍하거나 튀지 않고 딱 차분하고 자연스러운 톤이라 아무 데나 다 잘 어울린다.  요즘 날씨에 그냥 청바지에 이거 하나만 툭 걸치고 나가면 끝이라 요새 엄청 자주 손이 간다. 몇 번 빨아봐야 알겠지만 목 늘어남도 별로 없을 거 같고 마감도 깔끔함. 피부에 닿는 느낌이 되게 부드럽고 편함. 약간 팔 기장감이 있어서 레이어드하기 좋고 무난한 색이라 여러가지 티셔츠에 레이어드하기 좋음. 프린팅이 짱짱하고 찐해서 싼티 걱정이 없음,5.0,True,M,161.0,58.0,여성,2026-06-06 10:09:09,사이즈: 정사이즈 / 화면 대비 색감: 화면과 비슷 / 두께감: 얇음 / 신축성: 강함,True,0,filluminate,상의,M,,2026,6,6,토,5,응답,정사이즈,화면과 비슷,,,얇음,강함,,,,,4.0,2.0,,0.0,0.0,0.0,0.0,,,너무 얇아서 흐물거리는 티셔츠 진짜 싫어하는데 이건 적당히 힘 있는 재질이라 핏이 딱 예쁘게 잡힘. ⁠ 너무 쨍하거나 튀지 않고 딱 차분하고 자연스러운 톤이라 아무 데나 다 잘 어울린다. 요즘 날씨에 그냥 청바지에 이거 하나만 툭 걸치고 나가면 끝이라 요새 엄청 자주 손이 간다. 몇 번 빨아봐야 알겠지만 목 늘어남도 별로 없을 거 같고 마감도 깔끔함. 피부에 닿는 느낌이 되게 부드럽고 편함. 약간 팔 기장감이 있어서 레이어드하기 좋고 무난한 색이라 여러가지 티셔츠에 레이어드하기 좋음. 프린팅이 짱짱하고 찐해서 싼티 걱정이 없음,너무얇아서흐물거리는티셔츠진짜싫어하는데이건적당히힘있는재질이라핏이딱예쁘게잡힘너무쨍하거나튀지않고딱차분하고자연스러운톤이라아무데나다잘어울린다요즘날씨에그냥청바지에이거하나만툭걸치고나가면끝이라요새엄청자주손이간다몇번빨아봐야알겠지만목늘어남도별로없을거같고마감도깔끔함피부에닿는느낌이되게부드럽고편함약간팔기장감이있어서레이어드하기좋고무난한색이라여러가지티셔츠에레이어드하기좋음프린팅이짱짱하고찐해서싼티걱정이없음,0,0,0,0,0,False,298,211,297,True,chacha__28,"('M', None)",0,False,1,keep,unique,True,84981164
﻿6322878,84981260,general,깨찰빵년,지금 날씨에도 입을수 있을정도로 얇고 색감도 괜찮아서 대충입어도 꽤 잘어울리네요 블랙바지랑만 매치 안하면 돼요 ㅋㅋ,5.0,False,M,177.0,69.0,남성,2026-06-06 10:14:10,사이즈: 정사이즈 / 화면 대비 색감: 화면과 비슷 / 퀄리티: 매우 좋음 / 구김: 전혀 없음,False,0,filluminate,상의,M,,2026,6,6,토,5,응답,정사이즈,화면과 비슷,매우 좋음,전혀 없음,,,,,5.0,,,,5.0,0.0,0.0,0.0,0.0,,,지금 날씨에도 입을수 있을정도로 얇고 색감도 괜찮아서 대충입어도 꽤 잘어울리네요 블랙바지랑만 매치 안하면 돼요 ㅋㅋ,지금날씨에도입을수있을정도로얇고색감도괜찮아서대충입어도꽤잘어울리네요블랙바지랑만매치안하면돼요,2,0,0,0,0,False,64,48,64,True,깨찰빵년,"('M', None)",0,False,1,keep,unique,True,84981260
3791990,84981280,general,아머사지고민,연청이랑 그레이색 사고 맘에 들어서 블랙도 구매햇습니다,5.0,False,XS,167.0,65.0,남성,2026-06-06 10:14:59,사이즈: 정사이즈 / 화면 대비 색감: 화면과 비슷 / 퀄리티: 보통 / 신축성: 적당함,False,0,filluminate,하의,XS,,2026,6,6,토,5,응답,정사이즈,화면과 비슷,보통,,,적당함,,,3.0,,3.0,,,0.0,0.0,0.0,0.0,,,연청이랑 그레이색 사고 맘에 들어서 블랙도 구매햇습니다,연청이랑그레이색사고맘에들어서블랙도구매햇습니다,0,0,0,0,0,False,30,24,30,True,아머사지고민,"('XS', None)",0,False,1,keep,unique,True,84981280
3455882,84981758,general,피곤한인도긴팔티,173에 77키로 저는 박시하고 긴게 좀별로여서 M사이즈시켰다가 S로 다시샀어요 크기는 엄청커요 밑단스트립사용안하시면 못입을정도...  S인데도 세미오버핏느낌이고 딱좋아요 팔이 살짝짧은감은 있지만 나쁘지않습니다,5.0,False,S,173.0,77.0,남성,2026-06-06 10:40:44,사이즈: 많이 큼 / 화면 대비 색감: 밝음 / 퀄리티: 매우 좋음 / 두께감: 두꺼움,True,0,filluminate,아우터,S,,2026,6,6,토,5,응답,많이 큼,밝음,매우 좋음,,두꺼움,,,,5.0,,,4.0,,2.0,2.0,1.0,1.0,,,173에 77키로 저는 박시하고 긴게 좀별로여서 M사이즈시켰다가 S로 다시샀어요 크기는 엄청커요 밑단스트립사용안하시면 못입을정도... S인데도 세미오버핏느낌이고 딱좋아요 팔이 살짝짧은감은 있지만 나쁘지않습니다,173에77키로저는박시하고긴게좀별로여서m사이즈시켰다가s로다시샀어요크기는엄청커요밑단스트립사용안하시면못입을정도s인데도세미오버핏느낌이고딱좋아요팔이살짝짧은감은있지만나쁘지않습니다,0,0,0,0,0,True,117,86,116,True,피곤한인도긴팔티,"('S', None)",0,False,2,keep,multi_type_unique,True,84981758
5911790,84982841,general,치즈빱,필루미네이트 데님 팬츠 색깔별로 4개 이미 잘 입고 있었는데 마침 진한 색상 나왔길래 구매했습니다! 계속 S사이즈 구매했었는데 기장이 짧아서 L사이즈 구매하니까 기장은 마음에 들게 똑 떨어지는데 벨트 필수인 것 같아요 근데 핏이랑 색상 좋아서 자주 입을 것 같아요! 그리고 생각보다 얇아서 여름에 입어도 좋을 듯,5.0,False,L,200.0,100.0,여성,2026-06-06 11:47:21,사이즈: 많이 큼 / 화면 대비 색감: 화면과 비슷 / 퀄리티: 보통 / 신축성: 거의 없음,True,0,filluminate,하의,L,,2026,6,6,토,5,응답,많이 큼,화면과 비슷,보통,,,거의 없음,,,3.0,,2.0,,,2.0,2.0,0.0,0.0,,,필루미네이트 데님 팬츠 색깔별로 4개 이미 잘 입고 있었는데 마침 진한 색상 나왔길래 구매했습니다! 계속 S사이즈 구매했었는데 기장이 짧아서 L사이즈 구매하니까 기장은 마음에 들게 똑 떨어지는데 벨트 필수인 것 같아요 근데 핏이랑 색상 좋아서 자주 입을 것 같아요! 그리고 생각보다 얇아서 여름에 입어도 좋을 듯,필루미네이트데님팬츠색깔별로4개이미잘입고있었는데마침진한색상나왔길래구매했습니다계속s사이즈구매했었는데기장이짧아서l사이즈구매하니까기장은마음에들게똑떨어지는데벨트필수인것같아요근데핏이랑색상좋아서자주입을것같아요그리고생각보다얇아서여름에입어도좋을듯,0,0,2,0,0,False,174,125,174,True,치즈빱,"('L', None)",0,False,1,keep,unique,True,84982841
﻿6352768,84982844,general,orion!,여름에 착용하기 너무 좋을 것 같고 가성비도 좋아요!,5.0,False,S,168.0,58.0,남성,2026-06-06 11:47:32,사이즈: 정사이즈 / 화면 대비 색감: 화면과 비슷 / 퀄리티: 보통 / 신축성: 적당함,False,0,filluminate,하의,S,,2026,6,6,토,5,응답,정사이즈,화면과 비슷,보통,,,적당함,,,3.0,,3.0,,,0.0,0.0,0.0,0.0,,,여름에 착용하기 너무 좋을 것 같고 가성비도 좋아요!,여름에착용하기너무좋을것같고가성비도좋아요,0,0,1,0,0,False,29,21,29,True,orion!,"('S', None)",0,False,1,keep,unique,True,84982844
6205180,84982874,general,orion!,여름에 착용하기 너무 좋을 것 같고 가성비도 좋아요!,5.0,False,S,168.0,58.0,남성,2026-06-06 11:48:46,사이즈: 정사이즈 / 화면 대비 색감: 화면과 비슷 / 두께감: 적당함 / 신축성: 적당함,False,0,travel,상의,S,,2026,6,6,토,5,응답,정사이즈,화면과 비슷,,,적당함,적당함,,,,,3.0,3.0,,0.0,0.0,0.0,0.0,,,여름에 착용하기 너무 좋을 것 같고 가성비도 좋아요!,여름에착용하기너무좋을것같고가성비도좋아요,0,0,1,0,0,False,29,21,29,True,orion!,"('S', None)",0,False,1,keep,unique,True,84982874
﻿6219060,84982964,general,jwoon_k,디자인도 마음에 들고 예뻐서 자주 입을 것 같아요,5.0,False,M,175.0,60.0,남성,2026-06-06 11:52:46,사이즈: 정사이즈 / 화면 대비 색감: 화면과 비슷 / 두께감: 적당함 / 신축성: 적당함,True,0,travel,상의,M,,2026,6,6,토,5,응답,정사이즈,화면과 비슷,,,적당함,적당함,,,,,3.0,3.0,,0.0,0.0,0.0,0.0,,,디자인도 마음에 들고 예뻐서 자주 입을 것 같아요,디자인도마음에들고예뻐서자주입을것같아요,0,0,0,0,0,False,27,20,27,True,jwoon_k,"('M', None)",0,False,1,keep,unique,True,84982964
﻿6140796,84983161,general,패기있는블루진주,멋스러운 루즈핏으로 편하게 입을 수 있어요 색감도 시원한 스카이블루로 지금부터 한여름 전까지는 입을 수 있을 것 같아요,4.0,False,F,160.0,53.0,여성,2026-06-06 12:05:27,사이즈: 많이 큼 / 화면 대비 색감: 화면과 비슷 / 퀄리티: 좋음 / 구김: 약간 있음,False,0,filluminate,상의,F,,2026,6,6,토,4,응답,많이 큼,화면과 비슷,좋음,약간 있음,,,,,4.0,,,,3.0,2.0,2.0,0.0,0.0,,,멋스러운 루즈핏으로 편하게 입을 수 있어요 색감도 시원한 스카이블루로 지금부터 한여름 전까지는 입을 수 있을 것 같아요,멋스러운루즈핏으로편하게입을수있어요색감도시원한스카이블루로지금부터한여름전까지는입을수있을것같아요,0,0,0,0,0,False,66,50,66,True,패기있는블루진주,"('F', None)",0,False,1,keep,unique,True,84983161
﻿5102752,84983321,general,현명한터키스키니,너무 두껍고 무거움 여름에는 절대 못입을꺼같아요 여름옷으이렇게 만들다니 너무 화나네요 환볼하기 애매해 집에 그냥두지만 입지는 못할꺼같아요 반바지이긴하지만 여름에 절대못입음 참고하세요!!,2.0,False,블랙 · L,176.0,70.0,남성,2026-06-06 12:17:56,사이즈: 정사이즈 / 화면 대비 색감: 화면과 비슷 / 퀄리티: 매우 나쁨 / 신축성: 적당함,False,0,jemut,하의,L,블랙,2026,6,6,토,2,응답,정사이즈,화면과 비슷,매우 나쁨,,,적당함,,,1.0,,3.0,,,0.0,0.0,0.0,0.0,,,너무 두껍고 무거움 여름에는 절대 못입을꺼같아요 여름옷으이렇게 만들다니 너무 화나네요 환볼하기 애매해 집에 그냥두지만 입지는 못할꺼같아요 반바지이긴하지만 여름에 절대못입음 참고하세요!!,너무두껍고무거움여름에는절대못입을꺼같아요여름옷으이렇게만들다니너무화나네요환볼하기애매해집에그냥두지만입지는못할꺼같아요반바지이긴하지만여름에절대못입음참고하세요,0,0,2,0,0,False,103,82,103,True,현명한터키스키니,"('L', '블랙')",0,False,1,keep,unique,True,84983321
﻿6394272,84983398,experience,강냉이묵,"안녕하세요~ 필루미네이트 사이드 턱 버뮤다 스웨트 쇼츠 체험단 당첨되서 후기올려요!! 당첨되고 2~3일 뒤에 바로 도착했어요.  ✔️장점 1. 재질이 얇은소재가 아니라 각이 잡혀있어요.  2. 제가 키181, 80kg인데 L사이즈 입었어요. 루즈하고 기장은 무릎까지 적당해요. 3. 5번정도 세탁했는데 변형 없었고 편하게 입으실수 있을 것 같아요.  ✔️단점 소재가 약간 두꺼워서 한여름에는 더울수도 있어요.   ✔️총평 🌟🌟🌟🌟🌟 그레이 컬러라 상의, 신발, 가방 색상 상관없이 코디할수 있어요. 너무 길지 않은 기장의 버뮤다라 유행타지않고 입을 수 있어요. 불편하지 않아 편하게 입기 좋아요. 추천!!!",5.0,True,L,180.0,80.0,남성,2026-06-06 12:22:49,사이즈: 정사이즈 / 화면 대비 색감: 화면과 비슷 / 퀄리티: 매우 좋음 / 신축성: 적당함,True,0,filluminate,하의,L,,2026,6,6,토,5,응답,정사이즈,화면과 비슷,매우 좋음,,,적당함,,,5.0,,3.0,,,0.0,0.0,0.0,0.0,,,"안녕하세요~ 필루미네이트 사이드 턱 버뮤다 스웨트 쇼츠 체험단 당첨되서 후기올려요!! 당첨되고 2~3일 뒤에 바로 도착했어요. 장점 1. 재질이 얇은소재가 아니라 각이 잡혀있어요. 2. 제가 키181, 80kg인데 L사이즈 입었어요. 루즈하고 기장은 무릎까지 적당해요. 3. 5번정도 세탁했는데 변형 없었고 편하게 입으실수 있을 것 같아요. 단점 소재가 약간 두꺼워서 한여름에는 더울수도 있어요. 총평 그레이 컬러라 상의, 신발, 가방 색상 상관없이 코디할수 있어요. 너무 길지 않은 기장의 버뮤다라 유행타지않고 입을 수 있어요. 불편하지 않아 편하게 입기 좋아요. 추천!!!",안녕하세요필루미네이트사이드턱버뮤다스웨트쇼츠체험단당첨되서후기올려요당첨되고23일뒤에바로도착했어요장점1재질이얇은소재가아니라각이잡혀있어요2제가키18180kg인데l사이즈입었어요루즈하고기장은무릎까지적당해요35번정도세탁했는데변형없었고편하게입으실수있을것같아요단점소재가약간두꺼워서한여름에는더울수도있어요총평그레이컬러라상의신발가방색상상관없이코디할수있어요너무길지않은기장의버뮤다라유행타지않고입을수있어요불편하지않아편하게입기좋아요추천,0,0,5,0,8,True,339,213,322,True,강냉이묵,"('L', None)",0,False,1,keep,unique,True,84983398
3455882,84983513,general,양관희,너무 예쁘게 데일리로 너무 너무 좋습니다 추천드랴요!!!!ㅎㅎ,5.0,False,XL,173.0,65.0,남성,2026-06-06 12:27:56,사이즈: 정사이즈 / 화면 대비 색감: 화면과 비슷 / 퀄리티: 보통 / 두께감: 적당함,True,0,filluminate,아우터,XL,,2026,6,6,토,5,응답,정사이즈,화면과 비슷,보통,,적당함,,,,3.0,,,3.0,,0.0,0.0,0.0,0.0,,,너무 예쁘게 데일리로 너무 너무 좋습니다 추천드랴요!!!ㅎㅎ,너무예쁘게데일리로너무너무좋습니다추천드랴요,2,0,4,0,0,True,34,22,33,True,양관희,"('XL', None)",0,False,2,keep,multi_type_dup,True,84983513
﻿5900201,84983589,general,chaerinnnn,여름에 에어컨 바람때문에 편하게 입으려고 샀어요 색감은 딱 제가 생각한 색이라 좋은데 살짝 두껍고 소매가 큰 감이 있어요,5.0,False,S,161.0,50.0,여성,2026-06-06 12:32:07,사이즈: 조금 큼 / 화면 대비 색감: 화면과 비슷 / 퀄리티: 좋음 / 두께감: 두꺼움,False,0,filluminate,아우터,S,,2026,6,6,토,5,응답,조금 큼,화면과 비슷,좋음,,두꺼움,,,,4.0,,,4.0,,1.0,1.0,0.0,0.0,,,여름에 에어컨 바람때문에 편하게 입으려고 샀어요 색감은 딱 제가 생각한 색이라 좋은데 살짝 두껍고 소매가 큰 감이 있어요,여름에에어컨바람때문에편하게입으려고샀어요색감은딱제가생각한색이라좋은데살짝두껍고소매가큰감이있어요,0,0,0,0,0,False,67,50,67,True,chaerinnnn,"('S', None)",0,False,1,keep,unique,True,84983589
4969807,84983592,general,자유로운크림샘플,색깔이 예쁘고 편하고 시원하고 가성비가 좋아서 마음에 들어요,5.0,False,LIGHT BLUE · M,174.0,68.0,남성,2026-06-06 12:32:16,사이즈: 정사이즈 / 화면 대비 색감: 화면과 비슷 / 퀄리티: 보통 / 신축성: 적당함,True,0,filluminate,하의,M,LIGHT BLUE,2026,6,6,토,5,응답,정사이즈,화면과 비슷,보통,,,적당함,,,3.0,,3.0,,,0.0,0.0,0.0,0.0,,,색깔이 예쁘고 편하고 시원하고 가성비가 좋아서 마음에 들어요,색깔이예쁘고편하고시원하고가성비가좋아서마음에들어요,0,0,0,0,0,False,33,26,33,True,자유로운크림샘플,"('M', 'LIGHT BLUE')",0,False,1,keep,unique,True,84983592
﻿6338107,84983719,general,뜨거운초록봄웜톤,여름용으로 입기에 시원하고 좋습니다. 약간 비칠수도 있을것 같기는 해요.,5.0,False,블랙 · XL,175.0,85.0,남성,2026-06-06 12:38:49,사이즈: 정사이즈 / 화면 대비 색감: 화면과 비슷 / 퀄리티: 보통 / 신축성: 적당함,True,0,jemut,하의,XL,블랙,2026,6,6,토,5,응답,정사이즈,화면과 비슷,보통,,,적당함,,,3.0,,3.0,,,0.0,0.0,0.0,0.0,,,여름용으로 입기에 시원하고 좋습니다. 약간 비칠수도 있을것 같기는 해요.,여름용으로입기에시원하고좋습니다약간비칠수도있을것같기는해요,0,0,0,0,0,False,40,30,40,True,뜨거운초록봄웜톤,"('XL', '블랙')",0,False,1,keep,unique,True,84983719
6338105,84983723,general,뜨거운초록봄웜톤,여름용으로 입기에 시원하고 좋습니다. 약간 비칠수도 있을것 같기는 해요.,5.0,False,브라운 · XL,175.0,85.0,남성,2026-06-06 12:39:10,사이즈: 정사이즈 / 화면 대비 색감: 화면과 비슷 / 퀄리티: 보통 / 신축성: 적당함,True,0,jemut,하의,XL,브라운,2026,6,6,토,5,응답,정사이즈,화면과 비슷,보통,,,적당함,,,3.0,,3.0,,,0.0,0.0,0.0,0.0,,,여름용으로 입기에 시원하고 좋습니다. 약간 비칠수도 있을것 같기는 해요.,여름용으로입기에시원하고좋습니다약간비칠수도있을것같기는해요,0,0,0,0,0,False,40,30,40,True,뜨거운초록봄웜톤,"('XL', '브라운')",0,False,1,keep,unique,True,84983723
1884943,84984330,general,피부가히드라,좋아요 ㅋㅋ 이쁘네요 휘뚜루마뚜루 굿! 한치수 크게 살걸 그랬나 싶기도하지만 맘에들어요,5.0,False,LARGE,173.0,70.0,남성,2026-06-06 13:13:58,사이즈: 정사이즈 / 화면 대비 색감: 화면과 비슷 / 두께감: 적당함 / 신축성: 적당함,False,0,travel,상의,LARGE,,2026,6,6,토,5,응답,정사이즈,화면과 비슷,,,적당함,적당함,,,,,3.0,3.0,,0.0,0.0,0.0,0.0,,,좋아요 ㅋㅋ 이쁘네요 휘뚜루마뚜루 굿! 한치수 크게 살걸 그랬나 싶기도하지만 맘에들어요,좋아요이쁘네요휘뚜루마뚜루굿한치수크게살걸그랬나싶기도하지만맘에들어요,2,0,1,0,0,False,48,35,48,True,피부가히드라,"('LARGE', None)",0,False,1,keep,unique,True,84984330
﻿6394371,84984357,general,다정한플럼부츠컷,핏과 디자인이 마음에 들어서 자주 입게 되네요. 감사합니다.,5.0,False,CHARCOAL · M,173.0,60.0,남성,2026-06-06 13:15:27,사이즈: 정사이즈 / 화면 대비 색감: 화면과 비슷 / 퀄리티: 보통 / 신축성: 적당함,False,0,filluminate,하의,M,CHARCOAL,2026,6,6,토,5,응답,정사이즈,화면과 비슷,보통,,,적당함,,,3.0,,3.0,,,0.0,0.0,0.0,0.0,,,핏과 디자인이 마음에 들어서 자주 입게 되네요. 감사합니다.,핏과디자인이마음에들어서자주입게되네요감사합니다,0,0,0,0,0,False,33,24,33,True,다정한플럼부츠컷,"('M', 'CHARCOAL')",0,False,1,keep,unique,True,84984357
﻿3048838,84984368,general,다정한플럼부츠컷,핏과 디자인이 마음에 들어서 자주 입게 되네요. 감사합니다.,5.0,False,MEDIUM,173.0,60.0,남성,2026-06-06 13:16:06,사이즈: 정사이즈 / 화면 대비 색감: 화면과 비슷 / 퀄리티: 보통 / 신축성: 적당함,False,0,travel,하의,MEDIUM,,2026,6,6,토,5,응답,정사이즈,화면과 비슷,보통,,,적당함,,,3.0,,3.0,,,0.0,0.0,0.0,0.0,,,핏과 디자인이 마음에 들어서 자주 입게 되네요. 감사합니다.,핏과디자인이마음에들어서자주입게되네요감사합니다,0,0,0,0,0,False,33,24,33,True,다정한플럼부츠컷,"('MEDIUM', None)",0,False,1,keep,unique,True,84984368
3791988,84984384,general,김깨밍,바지 자체는 너무 예쁘고 핏도 좋은데 사이즈가 나와있는거랑 다르게 잘 안맞습니다 참고하세요,5.0,False,S,166.0,58.0,남성,2026-06-06 13:17:03,사이즈: 조금 큼 / 화면 대비 색감: 밝음 / 퀄리티: 보통 / 신축성: 적당함,False,0,filluminate,하의,S,,2026,6,6,토,5,응답,조금 큼,밝음,보통,,,적당함,,,3.0,,3.0,,,1.0,1.0,1.0,1.0,,,바지 자체는 너무 예쁘고 핏도 좋은데 사이즈가 나와있는거랑 다르게 잘 안맞습니다 참고하세요,바지자체는너무예쁘고핏도좋은데사이즈가나와있는거랑다르게잘안맞습니다참고하세요,0,0,0,0,0,False,50,39,50,True,김깨밍,"('S', None)",1,True,1,keep,unique,True,84984384
﻿5407086,84984482,style,자이바이,재질도 너무 좋고 무엇보다 제 스펙에 핏이 너무 이쁘네요,5.0,False,그레이 · L,170.0,77.0,남성,2026-06-06 13:21:42,사이즈: 정사이즈 / 화면 대비 색감: 화면과 비슷 / 두께감: 적당함 / 신축성: 적당함,True,0,jemut,상의,L,그레이,2026,6,6,토,5,응답,정사이즈,화면과 비슷,,,적당함,적당함,,,,,3.0,3.0,,0.0,0.0,0.0,0.0,,,재질도 너무 좋고 무엇보다 제 스펙에 핏이 너무 이쁘네요,재질도너무좋고무엇보다제스펙에핏이너무이쁘네요,0,0,0,0,0,False,31,23,31,True,자이바이,"('L', '그레이')",0,False,1,keep,unique,True,84984482
﻿6352770,84985395,general,sagu4,기다하지 않고 구매했는데 넘 맘에 들어요. 반바지의 계절이다보니 면으로 구입하고 있는데 넘 맘에 들어요. 다른 색도 구매 예정^^,5.0,False,S,163.0,53.0,여성,2026-06-06 14:10:25,사이즈: 조금 작음 / 화면 대비 색감: 화면과 비슷 / 퀄리티: 매우 좋음 / 신축성: 적당함,False,0,filluminate,하의,S,,2026,6,6,토,5,응답,조금 작음,화면과 비슷,매우 좋음,,,적당함,,,5.0,,3.0,,,-1.0,1.0,0.0,0.0,,,기다하지 않고 구매했는데 넘 맘에 들어요. 반바지의 계절이다보니 면으로 구입하고 있는데 넘 맘에 들어요. 다른 색도 구매 예정^^,기다하지않고구매했는데넘맘에들어요반바지의계절이다보니면으로구입하고있는데넘맘에들어요다른색도구매예정,0,0,0,0,0,False,72,51,72,True,sagu4,"('S', None)",0,False,1,keep,unique,True,84985395
﻿4280527,84985429,general,립닝,디자인이 진짜 이뻐요!! 두께감도 적당하고 여름에 입기 좋아요! 다른 색으로 재구매 의사 있습니당!!,5.0,False,SMALL,157.0,59.0,여성,2026-06-06 14:12:45,사이즈: 정사이즈 / 화면 대비 색감: 화면과 비슷 / 퀄리티: 보통 / 두께감: 얇음,False,0,travel,아우터,SMALL,,2026,6,6,토,5,응답,정사이즈,화면과 비슷,보통,,얇음,,,,3.0,,,2.0,,0.0,0.0,0.0,0.0,,,디자인이 진짜 이뻐요!! 두께감도 적당하고 여름에 입기 좋아요! 다른 색으로 재구매 의사 있습니당!!,디자인이진짜이뻐요두께감도적당하고여름에입기좋아요다른색으로재구매의사있습니당,0,0,5,0,0,False,56,39,56,True,립닝,"('SMALL', None)",0,False,1,keep,unique,True,84985429
﻿3132891,84985561,general,슬기로운을지로핀,색이 선명한데 쨍하지 않아서 좋아요 여름에 헐렁헐렁하게 입으려고 샀는데 힙해보임 통이 너무 크지 않고 적당함 근데 목이 좀 쫄림,4.0,False,MEDIUM,171.0,60.0,여성,2026-06-06 14:18:51,사이즈: 조금 큼 / 화면 대비 색감: 밝음 / 두께감: 적당함 / 신축성: 적당함,False,0,travel,상의,MEDIUM,,2026,6,6,토,4,응답,조금 큼,밝음,,,적당함,적당함,,,,,3.0,3.0,,1.0,1.0,1.0,1.0,,,색이 선명한데 쨍하지 않아서 좋아요 여름에 헐렁헐렁하게 입으려고 샀는데 힙해보임 통이 너무 크지 않고 적당함 근데 목이 좀 쫄림,색이선명한데쨍하지않아서좋아요여름에헐렁헐렁하게입으려고샀는데힙해보임통이너무크지않고적당함근데목이좀쫄림,0,0,0,0,0,False,71,53,71,True,슬기로운을지로핀,"('MEDIUM', None)",0,False,1,keep,unique,True,84985561
3791990,84985783,general,보고생각하고입자,무난하고 이뻐서 좋아요 아무렇게나 코디해서 잘 입고 다닐듯해요,5.0,False,XL,175.0,90.0,남성,2026-06-06 14:29:18,사이즈: 정사이즈 / 화면 대비 색감: 화면과 비슷 / 퀄리티: 보통 / 신축성: 적당함,False,0,filluminate,하의,XL,,2026,6,6,토,5,응답,정사이즈,화면과 비슷,보통,,,적당함,,,3.0,,3.0,,,0.0,0.0,0.0,0.0,,,무난하고 이뻐서 좋아요 아무렇게나 코디해서 잘 입고 다닐듯해요,무난하고이뻐서좋아요아무렇게나코디해서잘입고다닐듯해요,0,0,0,0,0,False,34,27,34,True,보고생각하고입자,"('XL', None)",0,False,1,keep,unique,True,84985783
5092725,84985952,general,가담_,핏이 원하던 핏에 린넨이라 얇아서 좋았습니다. 다만 인디고가 색상이 좀 애매하다는 생각이 들었어요.,5.0,False,INDIGO · M,171.0,68.0,남성,2026-06-06 14:38:52,사이즈: 정사이즈 / 화면 대비 색감: 화면과 비슷 / 퀄리티: 보통 / 신축성: 거의 없음,False,0,filluminate,하의,M,INDIGO,2026,6,6,토,5,응답,정사이즈,화면과 비슷,보통,,,거의 없음,,,3.0,,2.0,,,0.0,0.0,0.0,0.0,,,핏이 원하던 핏에 린넨이라 얇아서 좋았습니다. 다만 인디고가 색상이 좀 애매하다는 생각이 들었어요.,핏이원하던핏에린넨이라얇아서좋았습니다다만인디고가색상이좀애매하다는생각이들었어요,0,0,0,0,0,False,55,41,55,True,가담_,"('M', 'INDIGO')",0,False,1,keep,unique,True,84985952
4969807,84985963,style,manc12,"허리가 고무라.편하고..얇아..여름에 입기 시원해요. 다른색도,ㅋ 주문해요.",5.0,False,INDIGO · L,165.0,54.0,여성,2026-06-06 14:39:11,사이즈: 정사이즈 / 화면 대비 색감: 화면과 비슷 / 퀄리티: 보통 / 신축성: 적당함,True,0,filluminate,하의,L,INDIGO,2026,6,6,토,5,응답,정사이즈,화면과 비슷,보통,,,적당함,,,3.0,,3.0,,,0.0,0.0,0.0,0.0,,,"허리가 고무라.편하고..얇아..여름에 입기 시원해요. 다른색도,ㅋ 주문해요.",허리가고무라편하고얇아여름에입기시원해요다른색도주문해요,1,0,0,0,0,False,42,28,42,True,manc12,"('L', 'INDIGO')",0,False,3,keep,multi_option_unique,True,84985963
4969807,84986033,style,manc12,"공장냄새나나..빨래하니 게안아오. 편하고..시원하고..여름철입기 딱이라,또구입해요.ㅋ 깔별.",4.0,False,BLACK · L,165.0,54.0,여성,2026-06-06 14:42:26,사이즈: 정사이즈 / 화면 대비 색감: 화면과 비슷 / 퀄리티: 보통 / 신축성: 적당함,True,0,filluminate,하의,L,BLACK,2026,6,6,토,4,응답,정사이즈,화면과 비슷,보통,,,적당함,,,3.0,,3.0,,,0.0,0.0,0.0,0.0,,,"공장냄새나나..빨래하니 게안아오. 편하고..시원하고..여름철입기 딱이라,또구입해요.ㅋ 깔별.",공장냄새나나빨래하니게안아오편하고시원하고여름철입기딱이라또구입해요깔별,1,0,0,0,0,False,51,36,51,True,manc12,"('L', 'BLACK')",0,False,3,keep,multi_option_unique,True,84986033
﻿4055254,84986578,general,풍부한빨강스타일,오버핏으로 잘 입혀집니다. 한여름엔 약간 덥겠지만 넘 이뻐요,5.0,False,SMALL,161.0,48.0,여성,2026-06-06 15:12:58,사이즈: 조금 큼 / 화면 대비 색감: 화면과 비슷 / 두께감: 두꺼움 / 신축성: 적당함,True,0,travel,상의,SMALL,,2026,6,6,토,5,응답,조금 큼,화면과 비슷,,,두꺼움,적당함,,,,,3.0,4.0,,1.0,1.0,0.0,0.0,,,오버핏으로 잘 입혀집니다. 한여름엔 약간 덥겠지만 넘 이뻐요,오버핏으로잘입혀집니다한여름엔약간덥겠지만넘이뻐요,0,0,0,0,0,False,33,25,33,True,풍부한빨강스타일,"('SMALL', None)",0,False,1,keep,unique,True,84986578
3455882,84986775,general,깨끗한버건디버클,너무 예쁘고 마음에 들거든요. 근데 크긴 진짜 커요. 실제로 입으면 더 큰 느낌이고 상세사이즈 알면서도 예뻐서 샀지만 암튼 커서 엉덩이 다 덮고 그래도 예쁘네요. 아빠가 입어도 맞아요ㅋㅋ,4.0,False,S,166.0,50.0,여성,2026-06-06 15:23:36,사이즈: 많이 큼 / 화면 대비 색감: 화면과 비슷 / 퀄리티: 매우 좋음 / 두께감: 적당함,True,0,filluminate,아우터,S,,2026,6,6,토,4,응답,많이 큼,화면과 비슷,매우 좋음,,적당함,,,,5.0,,,3.0,,2.0,2.0,0.0,0.0,,,너무 예쁘고 마음에 들거든요. 근데 크긴 진짜 커요. 실제로 입으면 더 큰 느낌이고 상세사이즈 알면서도 예뻐서 샀지만 암튼 커서 엉덩이 다 덮고 그래도 예쁘네요. 아빠가 입어도 맞아요ㅋㅋ,너무예쁘고마음에들거든요근데크긴진짜커요실제로입으면더큰느낌이고상세사이즈알면서도예뻐서샀지만암튼커서엉덩이다덮고그래도예쁘네요아빠가입어도맞아요,2,0,0,0,0,False,104,73,104,True,깨끗한버건디버클,"('S', None)",0,False,1,keep,unique,True,84986775
﻿3791890,84986975,general,루씨19,색상이 쨍하니 예쁘게나왔고 핏도 낙낙하고 적당히 각 잡혀서 좋고 구김도 별로 안생김,5.0,False,M,155.0,65.0,여성,2026-06-06 15:36:03,사이즈: 정사이즈 / 화면 대비 색감: 화면과 비슷 / 퀄리티: 좋음 / 구김: 약간 있음,False,0,filluminate,상의,M,,2026,6,6,토,5,응답,정사이즈,화면과 비슷,좋음,약간 있음,,,,,4.0,,,,3.0,0.0,0.0,0.0,0.0,,,색상이 쨍하니 예쁘게나왔고 핏도 낙낙하고 적당히 각 잡혀서 좋고 구김도 별로 안생김,색상이쨍하니예쁘게나왔고핏도낙낙하고적당히각잡혀서좋고구김도별로안생김,0,0,0,0,0,False,46,35,46,True,루씨19,"('M', None)",0,False,1,keep,unique,True,84986975
﻿1015136,84987219,general,아루아루아루미,무신사배송빨라요 물건좋고 다좋습니다 짱임돠,5.0,False,카키 · M,167.0,66.0,여성,2026-06-06 15:48:59,사이즈: 정사이즈 / 화면 대비 색감: 화면과 비슷 / 퀄리티: 보통 / 구김: 약간 있음,False,0,jemut,상의,M,카키,2026,6,6,토,5,응답,정사이즈,화면과 비슷,보통,약간 있음,,,,,3.0,,,,3.0,0.0,0.0,0.0,0.0,,,무신사배송빨라요 물건좋고 다좋습니다 짱임돠,무신사배송빨라요물건좋고다좋습니다짱임돠,0,0,0,0,0,False,23,20,23,True,아루아루아루미,"('M', '카키')",0,False,1,keep,unique,True,84987219
﻿4019081,84987530,style,엔솝i,"2팩 구성이라 가성비가 좋고, 딥그레이 색감도 자연스러워 여기저기 매치하기 편합니다. 핏도 여유롭고 착용감이 편해 여름철 데일리 반바지로 만족스럽습니다. 다만 피그먼트 제품 특성상 초반에는 물빠짐이나 이염이 있을 수 있으니 단독 세탁을 권장합니다. 가격 대비 만족도가 높은 제품입니다.",4.0,False,딥그레이 · XL,175.0,85.0,남성,2026-06-06 16:05:48,사이즈: 조금 작음 / 화면 대비 색감: 어두움 / 퀄리티: 보통 / 신축성: 적당함,True,0,jemut,하의,XL,딥그레이,2026,6,6,토,4,응답,조금 작음,어두움,보통,,,적당함,,,3.0,,3.0,,,-1.0,1.0,-1.0,1.0,,,"2팩 구성이라 가성비가 좋고, 딥그레이 색감도 자연스러워 여기저기 매치하기 편합니다. 핏도 여유롭고 착용감이 편해 여름철 데일리 반바지로 만족스럽습니다. 다만 피그먼트 제품 특성상 초반에는 물빠짐이나 이염이 있을 수 있으니 단독 세탁을 권장합니다. 가격 대비 만족도가 높은 제품입니다.",2팩구성이라가성비가좋고딥그레이색감도자연스러워여기저기매치하기편합니다핏도여유롭고착용감이편해여름철데일리반바지로만족스럽습니다다만피그먼트제품특성상초반에는물빠짐이나이염이있을수있으니단독세탁을권장합니다가격대비만족도가높은제품입니다,0,0,0,0,0,False,159,118,159,True,엔솝i,"('XL', '딥그레이')",0,False,1,keep,unique,True,84987530
4969807,84987577,general,모르가나여주,좀 어둡ㄱ습니다 화면보다 그라고재질이 좀 까끌거리내요,3.0,False,BEIGE · L,175.0,71.0,남성,2026-06-06 16:07:44,사이즈: 정사이즈 / 화면 대비 색감: 어두움 / 퀄리티: 좋음 / 신축성: 적당함,True,0,filluminate,하의,L,BEIGE,2026,6,6,토,3,응답,정사이즈,어두움,좋음,,,적당함,,,4.0,,3.0,,,0.0,0.0,-1.0,1.0,,,좀 어둡ㄱ습니다 화면보다 그라고재질이 좀 까끌거리내요,좀어둡습니다화면보다그라고재질이좀까끌거리내요,0,0,0,0,0,False,29,23,29,True,모르가나여주,"('L', 'BEIGE')",0,False,1,keep,unique,True,84987577
﻿3791988,84987633,general,정상적인핑크세럼,최근에 구매한 바지 중에 제일 마음에 듭니다! 색감 예뻐요,5.0,False,S,166.0,58.0,여성,2026-06-06 16:10:40,사이즈: 정사이즈 / 화면 대비 색감: 화면과 비슷 / 퀄리티: 보통 / 신축성: 적당함,True,0,filluminate,하의,S,,2026,6,6,토,5,응답,정사이즈,화면과 비슷,보통,,,적당함,,,3.0,,3.0,,,0.0,0.0,0.0,0.0,,,최근에 구매한 바지 중에 제일 마음에 듭니다! 색감 예뻐요,최근에구매한바지중에제일마음에듭니다색감예뻐요,0,0,1,0,0,False,32,23,32,True,정상적인핑크세럼,"('S', None)",0,False,1,keep,unique,True,84987633
﻿987149,84987756,general,진지한라벤더심플,와.. 올해 삿던 반팔중에 베스트 입니당!!  강추!!! 두께감이 있어 비치지 안으며 ㆍ 재질이 시원해보임ㅋ 핏도 이쁘고 ㆍ 엘 입으시는분은 ㆍ 엘 시키십쇼,5.0,False,차콜 · L,178.0,76.0,남성,2026-06-06 16:16:48,사이즈: 정사이즈 / 화면 대비 색감: 화면과 비슷 / 두께감: 두꺼움 / 신축성: 강함,True,0,jemut,상의,L,차콜,2026,6,6,토,5,응답,정사이즈,화면과 비슷,,,두꺼움,강함,,,,,4.0,4.0,,0.0,0.0,0.0,0.0,,,와.. 올해 삿던 반팔중에 베스트 입니당!! 강추!!! 두께감이 있어 비치지 안으며 ㆍ 재질이 시원해보임ㅋ 핏도 이쁘고 ㆍ 엘 입으시는분은 ㆍ 엘 시키십쇼,와올해삿던반팔중에베스트입니당강추두께감이있어비치지안으며재질이시원해보임핏도이쁘고엘입으시는분은엘시키십쇼,1,0,5,0,0,True,87,54,86,True,진지한라벤더심플,"('L', '차콜')",0,False,1,keep,unique,True,84987756
﻿6246220,84988296,general,북극성,버뮤다스타일에...원단이 얇아서...매우 시원한 바지입니다...크림색상이지만...비침도 거의 없네요...핏도 좋고...편하고... 매우흡족합.,5.0,False,크림 · 2XL,172.0,75.0,남성,2026-06-06 16:44:30,사이즈: 조금 큼 / 화면 대비 색감: 화면과 비슷 / 퀄리티: 매우 좋음 / 신축성: 거의 없음,False,0,jemut,하의,2XL,크림,2026,6,6,토,5,응답,조금 큼,화면과 비슷,매우 좋음,,,거의 없음,,,5.0,,2.0,,,1.0,1.0,0.0,0.0,,,버뮤다스타일에...원단이 얇아서...매우 시원한 바지입니다...크림색상이지만...비침도 거의 없네요...핏도 좋고...편하고... 매우흡족합.,버뮤다스타일에원단이얇아서매우시원한바지입니다크림색상이지만비침도거의없네요핏도좋고편하고매우흡족합,0,0,0,0,0,True,79,50,79,True,북극성,"('2XL', '크림')",0,False,1,keep,unique,True,84988296
﻿2340574,84988816,general,쏘쏘이이이이,우선 입었을 때 굉장히 따뜻해요! 핏도 딱 널널하게 예쁘고 목까지 올려서 입었을 때 더 예쁜 바람막이네요!  힙한 옷 고프코어 옷 좋아하시면 추천드립니다.,5.0,False,SMALL,163.0,48.0,여성,2026-06-06 17:07:28,사이즈: 조금 큼 / 화면 대비 색감: 화면과 비슷 / 퀄리티: 좋음 / 두께감: 두꺼움,False,0,travel,아우터,SMALL,,2026,6,6,토,5,응답,조금 큼,화면과 비슷,좋음,,두꺼움,,,,4.0,,,4.0,,1.0,1.0,0.0,0.0,,,우선 입었을 때 굉장히 따뜻해요! 핏도 딱 널널하게 예쁘고 목까지 올려서 입었을 때 더 예쁜 바람막이네요! 힙한 옷 고프코어 옷 좋아하시면 추천드립니다.,우선입었을때굉장히따뜻해요핏도딱널널하게예쁘고목까지올려서입었을때더예쁜바람막이네요힙한옷고프코어옷좋아하시면추천드립니다,0,0,2,0,0,False,86,61,85,True,쏘쏘이이이이,"('SMALL', None)",0,False,1,keep,unique,True,84988816
﻿6140920,84988967,general,한상미짱,시원하고 어느 바지나 착용가능해요 디자인도 맘에들어요 물세탁시 변형이 없고 그대로 입을수있어서 좋아요,5.0,False,L,185.0,75.0,여성,2026-06-06 17:15:54,사이즈: 정사이즈 / 화면 대비 색감: 화면과 비슷 / 퀄리티: 매우 좋음 / 구김: 거의 없음,False,0,filluminate,상의,L,,2026,6,6,토,5,응답,정사이즈,화면과 비슷,매우 좋음,거의 없음,,,,,5.0,,,,4.0,0.0,0.0,0.0,0.0,,,시원하고 어느 바지나 착용가능해요 디자인도 맘에들어요 물세탁시 변형이 없고 그대로 입을수있어서 좋아요,시원하고어느바지나착용가능해요디자인도맘에들어요물세탁시변형이없고그대로입을수있어서좋아요,0,0,0,0,0,False,56,45,56,True,한상미짱,"('L', None)",0,False,1,keep,unique,True,84988967
6140895,84989106,general,상큼한유럽더비,여름에 에어컨 있는 곳에서 바람막이 대용으로 입기 좋아요,5.0,False,S,170.0,61.0,여성,2026-06-06 17:23:21,사이즈: 조금 큼 / 화면 대비 색감: 화면과 비슷 / 퀄리티: 나쁨 / 구김: 거의 없음,True,0,filluminate,상의,S,,2026,6,6,토,5,응답,조금 큼,화면과 비슷,나쁨,거의 없음,,,,,2.0,,,,4.0,1.0,1.0,0.0,0.0,,,여름에 에어컨 있는 곳에서 바람막이 대용으로 입기 좋아요,여름에에어컨있는곳에서바람막이대용으로입기좋아요,0,0,0,0,0,False,31,24,31,True,상큼한유럽더비,"('S', None)",0,False,1,keep,unique,True,84989106
﻿3047767,84989112,general,IIA,생각보다는 앏습니다 비추는 정도는 아닌데 크림색상인듯 누런색인듯 애매합니다,4.0,False,LARGE,172.0,70.0,남성,2026-06-06 17:23:40,사이즈: 정사이즈 / 화면 대비 색감: 화면과 비슷 / 두께감: 얇음 / 신축성: 적당함,False,0,travel,상의,LARGE,,2026,6,6,토,4,응답,정사이즈,화면과 비슷,,,얇음,적당함,,,,,3.0,2.0,,0.0,0.0,0.0,0.0,,,생각보다는 앏습니다 비추는 정도는 아닌데 크림색상인듯 누런색인듯 애매합니다,생각보다는앏습니다비추는정도는아닌데크림색상인듯누런색인듯애매합니다,0,0,0,0,0,False,41,34,41,True,IIA,"('LARGE', None)",0,False,1,keep,unique,True,84989112
﻿6394341,84989127,experience,초코비조앙,처음에 받았을땐 옹? 좀 도톰한데? 생각했는데 입어보니까 통기성이 괜찮아서 여름에 입기 딱 좋을 것 같아요! 제가 특히 상체에 땀이 잘 나는 편인데 땀 흡수도 잘되서 데일리로 계속 입고 있습니당 ㅎㅎ  남녀공용이라 S사이즈인데 저(161)한테 좀 클까 걱정했거든요? 근데 막 헐렁하기만 한 오버핏이 아니라 딱 예쁘게 떨어져서 오히려 더 만족했어요!  그리고 실물이 진짜 더 예뻐요… 그라데이션 워싱 포인트가 은근히 있어서 밋밋하지 않고 포인트 딱 돼요. 차콜 색감도 너무 탁하지 않고 예쁘게 빠져서 코디하기 쉬울 것 같아요.  사진에 나온 티셔츠는 2번 세탁을 한 상태입니다! 물빠짐도 없구 목도 잘 안늘어나는거 같아용! 여름에 편하게 툭툭 입기 좋은 티셔츠 찾는 분들한테 추천이에요,5.0,True,S,161.0,52.0,여성,2026-06-06 17:24:21,사이즈: 조금 큼 / 화면 대비 색감: 화면과 비슷 / 두께감: 적당함 / 신축성: 적당함,True,0,filluminate,상의,S,,2026,6,6,토,5,응답,조금 큼,화면과 비슷,,,적당함,적당함,,,,,3.0,3.0,,1.0,1.0,0.0,0.0,,,처음에 받았을땐 옹? 좀 도톰한데? 생각했는데 입어보니까 통기성이 괜찮아서 여름에 입기 딱 좋을 것 같아요! 제가 특히 상체에 땀이 잘 나는 편인데 땀 흡수도 잘되서 데일리로 계속 입고 있습니당 ㅎㅎ 남녀공용이라 S사이즈인데 저(161)한테 좀 클까 걱정했거든요? 근데 막 헐렁하기만 한 오버핏이 아니라 딱 예쁘게 떨어져서 오히려 더 만족했어요! 그리고 실물이 진짜 더 예뻐요… 그라데이션 워싱 포인트가 은근히 있어서 밋밋하지 않고 포인트 딱 돼요. 차콜 색감도 너무 탁하지 않고 예쁘게 빠져서 코디하기 쉬울 것 같아요. 사진에 나온 티셔츠는 2번 세탁을 한 상태입니다! 물빠짐도 없구 목도 잘 안늘어나는거 같아용! 여름에 편하게 툭툭 입기 좋은 티셔츠 찾는 분들한테 추천이에요,처음에받았을땐옹좀도톰한데생각했는데입어보니까통기성이괜찮아서여름에입기딱좋을것같아요제가특히상체에땀이잘나는편인데땀흡수도잘되서데일리로계속입고있습니당남녀공용이라s사이즈인데저161한테좀클까걱정했거든요근데막헐렁하기만한오버핏이아니라딱예쁘게떨어져서오히려더만족했어요그리고실물이진짜더예뻐요그라데이션워싱포인트가은근히있어서밋밋하지않고포인트딱돼요차콜색감도너무탁하지않고예쁘게빠져서코디하기쉬울것같아요사진에나온티셔츠는2번세탁을한상태입니다물빠짐도없구목도잘안늘어나는거같아용여름에편하게툭툭입기좋은티셔츠찾는분들한테추천이에요,2,0,4,3,0,False,382,265,379,True,초코비조앙,"('S', None)",0,False,1,keep,unique,True,84989127
5092725,84989216,general,안녕하세ㅗ,요즘 이것만 입습니다. 이렇게 적절한 바지는 오랜만이라서 더 쟁여놔야겠어요,5.0,False,BLACK · L,170.0,73.0,남성,2026-06-06 17:28:43,사이즈: 정사이즈 / 화면 대비 색감: 화면과 비슷 / 퀄리티: 매우 좋음 / 신축성: 전혀 없음,False,0,filluminate,하의,L,BLACK,2026,6,6,토,5,응답,정사이즈,화면과 비슷,매우 좋음,,,전혀 없음,,,5.0,,1.0,,,0.0,0.0,0.0,0.0,,,요즘 이것만 입습니다. 이렇게 적절한 바지는 오랜만이라서 더 쟁여놔야겠어요,요즘이것만입습니다이렇게적절한바지는오랜만이라서더쟁여놔야겠어요,0,0,0,0,0,False,41,32,41,True,안녕하세ㅗ,"('L', 'BLACK')",0,False,2,keep,multi_option_unique,True,84989216
5092725,84989228,general,안녕하세ㅗ,요즘 이것만 입어요. 단종되기 전에 더 쟁여놔야겠어요,5.0,False,INDIGO · L,170.0,73.0,남성,2026-06-06 17:29:30,사이즈: 정사이즈 / 화면 대비 색감: 화면과 비슷 / 퀄리티: 매우 좋음 / 신축성: 전혀 없음,False,0,filluminate,하의,L,INDIGO,2026,6,6,토,5,응답,정사이즈,화면과 비슷,매우 좋음,,,전혀 없음,,,5.0,,1.0,,,0.0,0.0,0.0,0.0,,,요즘 이것만 입어요. 단종되기 전에 더 쟁여놔야겠어요,요즘이것만입어요단종되기전에더쟁여놔야겠어요,0,0,0,0,0,False,29,22,29,True,안녕하세ㅗ,"('L', 'INDIGO')",0,False,2,keep,multi_option_unique,True,84989228
4969869,84989294,general,안녕하세ㅗ,항상 잘 입고 있습니다. 너무 좋은 옷이에요. 감사합니다,5.0,False,BEIGE · L,170.0,73.0,남성,2026-06-06 17:32:58,사이즈: 정사이즈 / 화면 대비 색감: 화면과 비슷 / 퀄리티: 보통 / 구김: 약간 있음,False,0,filluminate,상의,L,BEIGE,2026,6,6,토,5,응답,정사이즈,화면과 비슷,보통,약간 있음,,,,,3.0,,,,3.0,0.0,0.0,0.0,0.0,,,항상 잘 입고 있습니다. 너무 좋은 옷이에요. 감사합니다,항상잘입고있습니다너무좋은옷이에요감사합니다,0,0,0,0,0,False,31,22,31,True,안녕하세ㅗ,"('L', 'BEIGE')",0,False,1,keep,unique,True,84989294
﻿3226716,84989295,general,달콤한동묘웜톤,구김이좀많이가는편인데  바지자체는너무이쁘고 가격도좋습니다,5.0,False,베이지 · M,170.0,65.0,남성,2026-06-06 17:32:58,사이즈: 조금 큼 / 화면 대비 색감: 화면과 비슷 / 퀄리티: 보통 / 신축성: 적당함,False,0,jemut,하의,M,베이지,2026,6,6,토,5,응답,조금 큼,화면과 비슷,보통,,,적당함,,,3.0,,3.0,,,1.0,1.0,0.0,0.0,,,구김이좀많이가는편인데 바지자체는너무이쁘고 가격도좋습니다,구김이좀많이가는편인데바지자체는너무이쁘고가격도좋습니다,0,0,0,0,0,False,31,28,30,True,달콤한동묘웜톤,"('M', '베이지')",0,False,1,keep,unique,True,84989295
﻿6322931,84989369,general,언더앤오버,확실히 린넨소재가 들어가니깐 여름에 입기 좋은 바지인것 같아요! 소재가 가볍다보니 무게감있는 검정바지를 찾고있던 저에게는 기대에 못미쳤지만 그래도 자주 휘뚜루마뚜루 입고다닐것 같네요,4.0,False,L,182.0,74.0,남성,2026-06-06 17:37:44,사이즈: 정사이즈 / 화면 대비 색감: 화면과 비슷 / 퀄리티: 보통 / 신축성: 적당함,True,0,filluminate,하의,L,,2026,6,6,토,4,응답,정사이즈,화면과 비슷,보통,,,적당함,,,3.0,,3.0,,,0.0,0.0,0.0,0.0,,,확실히 린넨소재가 들어가니깐 여름에 입기 좋은 바지인것 같아요! 소재가 가볍다보니 무게감있는 검정바지를 찾고있던 저에게는 기대에 못미쳤지만 그래도 자주 휘뚜루마뚜루 입고다닐것 같네요,확실히린넨소재가들어가니깐여름에입기좋은바지인것같아요소재가가볍다보니무게감있는검정바지를찾고있던저에게는기대에못미쳤지만그래도자주휘뚜루마뚜루입고다닐것같네요,0,0,1,0,0,False,101,80,101,True,언더앤오버,"('L', None)",0,False,1,keep,unique,True,84989369
4756930,84989477,general,선형적인송파자켓,바지핏이 이쁘고 옆에 선이 사진보다 이쁜거 같아요,5.0,False,SMALL,167.0,55.0,남성,2026-06-06 17:43:56,사이즈: 정사이즈 / 화면 대비 색감: 밝음 / 퀄리티: 좋음 / 신축성: 적당함,False,0,travel,하의,SMALL,,2026,6,6,토,5,응답,정사이즈,밝음,좋음,,,적당함,,,4.0,,3.0,,,0.0,0.0,1.0,1.0,,,바지핏이 이쁘고 옆에 선이 사진보다 이쁜거 같아요,바지핏이이쁘고옆에선이사진보다이쁜거같아요,0,0,0,0,0,False,27,21,27,True,선형적인송파자켓,"('SMALL', None)",0,False,1,keep,unique,True,84989477
994588,84989509,general,허아아아,너무 착용감도 나쁘지않고 색과재질 좋습니다 잘입겠습니다,5.0,False,M(린넨),175.0,70.0,남성,2026-06-06 17:45:34,사이즈: 정사이즈 / 화면 대비 색감: 화면과 비슷 / 퀄리티: 매우 좋음 / 구김: 매우 많음,False,0,filluminate,상의,M,(린넨),2026,6,6,토,5,응답,정사이즈,화면과 비슷,매우 좋음,매우 많음,,,,,5.0,,,,1.0,0.0,0.0,0.0,0.0,,,너무 착용감도 나쁘지않고 색과재질 좋습니다 잘입겠습니다,너무착용감도나쁘지않고색과재질좋습니다잘입겠습니다,0,0,0,0,0,False,30,25,30,True,허아아아,"('M', '(린넨)')",0,False,1,keep,unique,True,84989509
4969899,84989626,general,뿡쁭뿡뿡뿡이,한여름에 입기에는 약간 두껍지만 나머지동안은 가볍게 입고다니기 좋습니다,5.0,False,SKY BLUE · XL,176.0,88.0,남성,2026-06-06 17:53:23,사이즈: 정사이즈 / 화면 대비 색감: 밝음 / 퀄리티: 매우 좋음 / 구김: 거의 없음,True,0,filluminate,상의,XL,SKY BLUE,2026,6,6,토,5,응답,정사이즈,밝음,매우 좋음,거의 없음,,,,,5.0,,,,4.0,0.0,0.0,1.0,1.0,,,한여름에 입기에는 약간 두껍지만 나머지동안은 가볍게 입고다니기 좋습니다,한여름에입기에는약간두껍지만나머지동안은가볍게입고다니기좋습니다,0,0,0,0,0,False,39,32,39,True,뿡쁭뿡뿡뿡이,"('XL', 'SKY BLUE')",0,False,2,keep,multi_type_dup,True,84989626
﻿6410386,84990100,general,노을빛이물드는,배송도 빠르고 편하게 입을 수 있어서 만족합니다.,5.0,False,크림 · M,164.0,47.0,여성,2026-06-06 18:20:34,사이즈: 정사이즈 / 화면 대비 색감: 화면과 비슷 / 두께감: 적당함 / 신축성: 적당함,False,0,jemut,상의,M,크림,2026,6,6,토,5,응답,정사이즈,화면과 비슷,,,적당함,적당함,,,,,3.0,3.0,,0.0,0.0,0.0,0.0,,,배송도 빠르고 편하게 입을 수 있어서 만족합니다.,배송도빠르고편하게입을수있어서만족합니다,0,0,0,0,0,False,27,20,27,True,노을빛이물드는,"('M', '크림')",0,False,1,keep,unique,True,84990100
﻿6338110,84990111,general,노을빛이물드는,배송도 빠르고 편하게 입을 수 있어서 만족합니다.,5.0,False,카키 · M,164.0,47.0,여성,2026-06-06 18:20:52,사이즈: 정사이즈 / 화면 대비 색감: 화면과 비슷 / 퀄리티: 보통 / 신축성: 적당함,False,0,jemut,하의,M,카키,2026,6,6,토,5,응답,정사이즈,화면과 비슷,보통,,,적당함,,,3.0,,3.0,,,0.0,0.0,0.0,0.0,,,배송도 빠르고 편하게 입을 수 있어서 만족합니다.,배송도빠르고편하게입을수있어서만족합니다,0,0,0,0,0,False,27,20,27,True,노을빛이물드는,"('M', '카키')",0,False,1,keep,unique,True,84990111
﻿4756930,84990154,general,민구의 옷장,바지가 신축성이 좋고 디자인도 이뻐서 편하게 입을수 있어요,5.0,False,MEDIUM,172.0,59.0,남성,2026-06-06 18:22:45,사이즈: 정사이즈 / 화면 대비 색감: 어두움 / 퀄리티: 매우 좋음 / 신축성: 매우 강함,False,0,travel,하의,MEDIUM,,2026,6,6,토,5,응답,정사이즈,어두움,매우 좋음,,,매우 강함,,,5.0,,5.0,,,0.0,0.0,-1.0,1.0,,,바지가 신축성이 좋고 디자인도 이뻐서 편하게 입을수 있어요,바지가신축성이좋고디자인도이뻐서편하게입을수있어요,0,0,0,0,0,False,32,25,32,True,민구의 옷장,"('MEDIUM', None)",0,False,1,keep,unique,True,84990154
4946729,84990291,general,beoburi,귀엽고 이뻐욤 프린팅이 검은색이 아니고 파란색이여서 더 이뻐염,5.0,False,SMALL,160.0,54.0,여성,2026-06-06 18:29:07,사이즈: 정사이즈 / 화면 대비 색감: 화면과 비슷 / 두께감: 얇음 / 신축성: 적당함,True,0,travel,상의,SMALL,,2026,6,6,토,5,응답,정사이즈,화면과 비슷,,,얇음,적당함,,,,,3.0,2.0,,0.0,0.0,0.0,0.0,,,귀엽고 이뻐욤 프린팅이 검은색이 아니고 파란색이여서 더 이뻐염,귀엽고이뻐욤프린팅이검은색이아니고파란색이여서더이뻐염,0,0,0,0,0,False,34,27,34,True,beoburi,"('SMALL', None)",0,False,1,keep,unique,True,84990291
5911789,84991482,general,패기있는노랑벌키,S에서 xs로 교환하니까 딱 맞는 것 같고 바지 예쁩니다,4.0,False,BEIGE · XS,166.0,65.0,missing,2026-06-06 19:36:54,사이즈: 조금 큼 / 화면 대비 색감: 화면과 비슷 / 퀄리티: 보통 / 신축성: 거의 없음,False,0,filluminate,하의,XS,BEIGE,2026,6,6,토,4,응답,조금 큼,화면과 비슷,보통,,,거의 없음,,,3.0,,2.0,,,1.0,1.0,0.0,0.0,,,S에서 xs로 교환하니까 딱 맞는 것 같고 바지 예쁩니다,s에서xs로교환하니까딱맞는것같고바지예쁩니다,0,0,0,0,0,False,31,20,31,True,패기있는노랑벌키,"('XS', 'BEIGE')",0,False,1,keep,unique,True,84991482
3455882,84991572,general,현아가,"얇고 가벼우면서 되게 부들부들해요  색상이나 디자인 모두 맘에 들고, 사이즈가 다양해서 좋아요 커플템으로 구매해서 초여름부터 잘 입고 있습니다",5.0,False,XL,181.0,88.0,여성,2026-06-06 19:41:21,사이즈: 조금 큼 / 화면 대비 색감: 화면과 비슷 / 퀄리티: 매우 좋음 / 두께감: 적당함,True,0,filluminate,아우터,XL,,2026,6,6,토,5,응답,조금 큼,화면과 비슷,매우 좋음,,적당함,,,,5.0,,,3.0,,1.0,1.0,0.0,0.0,,,"얇고 가벼우면서 되게 부들부들해요 색상이나 디자인 모두 맘에 들고, 사이즈가 다양해서 좋아요 커플템으로 구매해서 초여름부터 잘 입고 있습니다",얇고가벼우면서되게부들부들해요색상이나디자인모두맘에들고사이즈가다양해서좋아요커플템으로구매해서초여름부터잘입고있습니다,0,0,0,0,0,False,79,60,78,True,현아가,"('XL', None)",0,False,2,keep,multi_option_dup,True,84991572
4697060,84991651,general,흐르는터키글램펌,좀 크긴해요~ 가을부터 잘 입을 것 같아요~ 빈티지한 느낌이예요,4.0,False,S,156.0,53.0,여성,2026-06-06 19:45:46,사이즈: 조금 큼 / 화면 대비 색감: 화면과 비슷 / 두께감: 두꺼움 / 퀄리티: 좋음,True,0,filluminate,상의,S,,2026,6,6,토,4,응답,조금 큼,화면과 비슷,좋음,,두꺼움,,,,4.0,,,4.0,,1.0,1.0,0.0,0.0,,,좀 크긴해요~ 가을부터 잘 입을 것 같아요~ 빈티지한 느낌이예요,좀크긴해요가을부터잘입을것같아요빈티지한느낌이예요,0,0,0,0,0,False,35,25,35,True,흐르는터키글램펌,"('S', None)",0,False,1,keep,unique,True,84991651
﻿5970741,84991735,general,흐르는터키글램펌,키가 작은편이어서 길이가 짧은 셔츠가 필요했는데 딱 좋아요 두께는 봄가을에 입기 좋아요,4.0,False,F,156.0,53.0,여성,2026-06-06 19:50:22,사이즈: 정사이즈 / 화면 대비 색감: 화면과 비슷 / 퀄리티: 좋음 / 구김: 약간 있음,True,0,filluminate,상의,F,,2026,6,6,토,4,응답,정사이즈,화면과 비슷,좋음,약간 있음,,,,,4.0,,,,3.0,0.0,0.0,0.0,0.0,,,키가 작은편이어서 길이가 짧은 셔츠가 필요했는데 딱 좋아요 두께는 봄가을에 입기 좋아요,키가작은편이어서길이가짧은셔츠가필요했는데딱좋아요두께는봄가을에입기좋아요,0,0,0,0,0,False,48,37,48,True,흐르는터키글램펌,"('F', None)",0,False,1,keep,unique,True,84991735
﻿6394301,84991787,experience,다블리리,"'#제품제공 브라운 컬러감이 정말 매력적인 반팔이에요. 너무 밝거나 튀는 느낌이 아니라 은은하면서도 분위기 있게 연출돼서 데일리로 입기 딱 좋았습니다. 특히 프린팅 디자인이 트렌디하게 들어가 있어서 반팔 하나만 입어도 코디에 포인트가 확실히 되고, 스트릿한 무드도 자연스럽게 살아나는 제품이에요.  전체적인 핏은 넉넉한 오버핏이라 착용감이 정말 편하고 활동하기에도 부담이 없었습니다. 기장감도 여유 있게 나와서 자연스럽게 떨어지는 실루엣이 예쁘고 체형 커버도 잘 되는 편이에요. 와이드 팬츠, 카고팬츠, 데님, 반바지 등 어떤 바지와 매치해도 잘 어울려서 코디 고민 없이 휘뚜루마뚜루 입기 좋았습니다.  원단도 생각보다 탄탄해서 흐물거리지 않고 핏을 예쁘게 잡아주면서, 여름에 입기에도 답답하지 않고 시원한 착용감을 느낄 수 있었어요. 세탁 후에도 쉽게 늘어질 것 같은 느낌이 아니라 만족스러웠고, 퀄리티도 괜찮은 편입니다.  무엇보다 배송도 빨라서 주문 후 금방 받아볼 수 있었고, 실제로 받아보니 사진에서 보던 브라운 컬러가 더 예쁘게 느껴졌어요. 프린팅과 컬러 조합이 정말 잘 어울려서 캐주얼하게 입어도 스타일이 살아나고, 꾸안꾸 느낌으로 연출하기에도 좋았습니다. 편하게 입을 수 있으면서도 포인트가 되는 반팔을 찾는 분들, 오버핏 스타일이나 스트릿 패션 좋아하시는 분들께 적극 추천드립니다. 👍🔥",5.0,True,S,158.0,48.0,여성,2026-06-06 19:53:02,사이즈: 조금 큼 / 화면 대비 색감: 화면과 비슷 / 두께감: 적당함 / 신축성: 적당함,True,0,filluminate,상의,S,,2026,6,6,토,5,응답,조금 큼,화면과 비슷,,,적당함,적당함,,,,,3.0,3.0,,1.0,1.0,0.0,0.0,,,"'#제품제공 브라운 컬러감이 정말 매력적인 반팔이에요. 너무 밝거나 튀는 느낌이 아니라 은은하면서도 분위기 있게 연출돼서 데일리로 입기 딱 좋았습니다. 특히 프린팅 디자인이 트렌디하게 들어가 있어서 반팔 하나만 입어도 코디에 포인트가 확실히 되고, 스트릿한 무드도 자연스럽게 살아나는 제품이에요. 전체적인 핏은 넉넉한 오버핏이라 착용감이 정말 편하고 활동하기에도 부담이 없었습니다. 기장감도 여유 있게 나와서 자연스럽게 떨어지는 실루엣이 예쁘고 체형 커버도 잘 되는 편이에요. 와이드 팬츠, 카고팬츠, 데님, 반바지 등 어떤 바지와 매치해도 잘 어울려서 코디 고민 없이 휘뚜루마뚜루 입기 좋았습니다. 원단도 생각보다 탄탄해서 흐물거리지 않고 핏을 예쁘게 잡아주면서, 여름에 입기에도 답답하지 않고 시원한 착용감을 느낄 수 있었어요. 세탁 후에도 쉽게 늘어질 것 같은 느낌이 아니라 만족스러웠고, 퀄리티도 괜찮은 편입니다. 무엇보다 배송도 빨라서 주문 후 금방 받아볼 수 있었고, 실제로 받아보니 사진에서 보던 브라운 컬러가 더 예쁘게 느껴졌어요. 프린팅과 컬러 조합이 정말 잘 어울려서 캐주얼하게 입어도 스타일이 살아나고, 꾸안꾸 느낌으로 연출하기에도 좋았습니다. 편하게 입을 수 있으면서도 포인트가 되는 반팔을 찾는 분들, 오버핏 스타일이나 스트릿 패션 좋아하시는 분들께 적극 추천드립니다.",제품제공브라운컬러감이정말매력적인반팔이에요너무밝거나튀는느낌이아니라은은하면서도분위기있게연출돼서데일리로입기딱좋았습니다특히프린팅디자인이트렌디하게들어가있어서반팔하나만입어도코디에포인트가확실히되고스트릿한무드도자연스럽게살아나는제품이에요전체적인핏은넉넉한오버핏이라착용감이정말편하고활동하기에도부담이없었습니다기장감도여유있게나와서자연스럽게떨어지는실루엣이예쁘고체형커버도잘되는편이에요와이드팬츠카고팬츠데님반바지등어떤바지와매치해도잘어울려서코디고민없이휘뚜루마뚜루입기좋았습니다원단도생각보다탄탄해서흐물거리지않고핏을예쁘게잡아주면서여름에입기에도답답하지않고시원한착용감을느낄수있었어요세탁후에도쉽게늘어질것같은느낌이아니라만족스러웠고퀄리티도괜찮은편입니다무엇보다배송도빨라서주문후금방받아볼수있었고실제로받아보니사진에서보던브라운컬러가더예쁘게느껴졌어요프린팅과컬러조합이정말잘어울려서캐주얼하게입어도스타일이살아나고꾸안꾸느낌으로연출하기에도좋았습니다편하게입을수있으면서도포인트가되는반팔을찾는분들오버핏스타일이나스트릿패션좋아하시는분들께적극추천드립니다,0,0,0,0,2,False,673,491,667,True,다블리리,"('S', None)",0,False,1,keep,unique,True,84991787
﻿4756931,84992758,general,iolooilk,널널하니 정말 편해요. 통에 비해서 허리는 쫌 땐땐한 느낌이 있어요. 176 기준 무릎 딱 가려주네요.,5.0,False,MEDIUM,176.0,60.0,여성,2026-06-06 20:49:33,사이즈: 정사이즈 / 화면 대비 색감: 화면과 비슷 / 퀄리티: 매우 좋음 / 신축성: 적당함,True,0,travel,하의,MEDIUM,,2026,6,6,토,5,응답,정사이즈,화면과 비슷,매우 좋음,,,적당함,,,5.0,,3.0,,,0.0,0.0,0.0,0.0,,,널널하니 정말 편해요. 통에 비해서 허리는 쫌 땐땐한 느낌이 있어요. 176 기준 무릎 딱 가려주네요.,널널하니정말편해요통에비해서허리는쫌땐땐한느낌이있어요176기준무릎딱가려주네요,0,0,0,0,0,False,57,37,57,True,iolooilk,"('MEDIUM', None)",0,False,1,keep,unique,True,84992758
4969807,84992998,general,jin_su7934,기장이 살짝 더 길었으면 하는 마음은 있지만 전체적으로 만족도는 높습니다,5.0,False,BEIGE · XL,187.0,88.0,남성,2026-06-06 21:02:40,사이즈: 정사이즈 / 화면 대비 색감: 화면과 비슷 / 퀄리티: 보통 / 신축성: 적당함,False,0,filluminate,하의,XL,BEIGE,2026,6,6,토,5,응답,정사이즈,화면과 비슷,보통,,,적당함,,,3.0,,3.0,,,0.0,0.0,0.0,0.0,,,기장이 살짝 더 길었으면 하는 마음은 있지만 전체적으로 만족도는 높습니다,기장이살짝더길었으면하는마음은있지만전체적으로만족도는높습니다,0,0,0,0,0,False,40,31,40,True,jin_su7934,"('XL', 'BEIGE')",0,False,1,keep,unique,True,84992998
6083685,84993781,style,건강한울산시계,네번째 구입하는 트래블 반팔티✨ 세일하길래 샀는데 이번에도 넘 맘에 드네용 요즘 땡땡이에 꽂혔는데 하늘색 땡땡이 별 너무 귀여움!!!🩵 사이즈는 L 살까 고민했는데 M 사길 잘한 것 같아요 168 기준 엉덩이까지 내려옵니다 빨아도 비슷할 것 같아요 저렴하게 이쁜 옷 사서 너무 만족스러워요 짱짱!!!!!!,5.0,False,M,168.0,56.0,여성,2026-06-06 21:57:01,사이즈: 조금 큼 / 화면 대비 색감: 화면과 비슷 / 두께감: 적당함 / 신축성: 적당함,True,0,travel,상의,M,,2026,6,6,토,5,응답,조금 큼,화면과 비슷,,,적당함,적당함,,,,,3.0,3.0,,1.0,1.0,0.0,0.0,,,네번째 구입하는 트래블 반팔티 세일하길래 샀는데 이번에도 넘 맘에 드네용 요즘 땡땡이에 꽂혔는데 하늘색 땡땡이 별 너무 귀여움!!! 사이즈는 L 살까 고민했는데 M 사길 잘한 것 같아요 168 기준 엉덩이까지 내려옵니다 빨아도 비슷할 것 같아요 저렴하게 이쁜 옷 사서 너무 만족스러워요 짱짱!!!,네번째구입하는트래블반팔티세일하길래샀는데이번에도넘맘에드네용요즘땡땡이에꽂혔는데하늘색땡땡이별너무귀여움사이즈는l살까고민했는데m사길잘한것같아요168기준엉덩이까지내려옵니다빨아도비슷할것같아요저렴하게이쁜옷사서너무만족스러워요짱짱,0,0,9,0,2,True,170,113,165,True,건강한울산시계,"('M', None)",0,False,1,keep,unique,True,84993781
﻿4910318,84993856,general,GoNamoo,옷 귀엽고 예뻐요 잘산거같아요 가성비도 좋아요,5.0,False,L,188.0,78.0,남성,2026-06-06 21:49:47,사이즈: 정사이즈 / 화면 대비 색감: 화면과 비슷 / 퀄리티: 보통 / 구김: 약간 있음,False,0,filluminate,상의,L,,2026,6,6,토,5,응답,정사이즈,화면과 비슷,보통,약간 있음,,,,,3.0,,,,3.0,0.0,0.0,0.0,0.0,,,옷 귀엽고 예뻐요 잘산거같아요 가성비도 좋아요,옷귀엽고예뻐요잘산거같아요가성비도좋아요,0,0,0,0,0,False,25,20,25,True,GoNamoo,"('L', None)",0,False,1,keep,unique,True,84993856
﻿6394321,84993897,experience,shoo23,정확한 후기를 위해 오래 몇번 착용하고 세탁한 후 후기를 씀. 우선 딱 봤을때 옷의 질이 나쁘지 않았고 착용 느낌도 가볍고 좋았음. 너무 두껍지도 그렇다고 너무 얇지도 않지만  빳빳한 느낌이 아니고 약간 하늘하늘함. 두번 이상 세탁했는데 목 늘어남이나 색 빠짐이 없었음.   신축성이 좀 있어서 편하고 목 둘레가 넓어서 답답하지 않음.   실물 색상은 화면과 비슷한 색상이고  사이즈가 다른 옷들에 비해 큰편인것같음. 본인이 못입고 선물함.  평소 L사이즈 착용하는 사람도 M사이즈 착용 가능. 사이즈 선택을 잘해야할듯 함.,5.0,True,M,160.0,46.0,여성,2026-06-06 21:51:38,사이즈: 조금 큼 / 화면 대비 색감: 화면과 비슷 / 두께감: 적당함 / 신축성: 강함,True,0,filluminate,상의,M,,2026,6,6,토,5,응답,조금 큼,화면과 비슷,,,적당함,강함,,,,,4.0,3.0,,1.0,1.0,0.0,0.0,,,정확한 후기를 위해 오래 몇번 착용하고 세탁한 후 후기를 씀. 우선 딱 봤을때 옷의 질이 나쁘지 않았고 착용 느낌도 가볍고 좋았음. 너무 두껍지도 그렇다고 너무 얇지도 않지만 빳빳한 느낌이 아니고 약간 하늘하늘함. 두번 이상 세탁했는데 목 늘어남이나 색 빠짐이 없었음. 신축성이 좀 있어서 편하고 목 둘레가 넓어서 답답하지 않음. 실물 색상은 화면과 비슷한 색상이고 사이즈가 다른 옷들에 비해 큰편인것같음. 본인이 못입고 선물함. 평소 L사이즈 착용하는 사람도 M사이즈 착용 가능. 사이즈 선택을 잘해야할듯 함.,정확한후기를위해오래몇번착용하고세탁한후후기를씀우선딱봤을때옷의질이나쁘지않았고착용느낌도가볍고좋았음너무두껍지도그렇다고너무얇지도않지만빳빳한느낌이아니고약간하늘하늘함두번이상세탁했는데목늘어남이나색빠짐이없었음신축성이좀있어서편하고목둘레가넓어서답답하지않음실물색상은화면과비슷한색상이고사이즈가다른옷들에비해큰편인것같음본인이못입고선물함평소l사이즈착용하는사람도m사이즈착용가능사이즈선택을잘해야할듯함,0,0,0,0,0,True,293,203,286,True,shoo23,"('M', None)",0,False,1,keep,unique,True,84993897
﻿4946729,84993997,general,건강한울산시계,세번째 구입하는 트래블 반팔티✨ 세일하길래 샀는데 이번에도 넘 맘에 드네용 디자인 흔하지 않은 느낌이라 좋구요 같이 산 흰색 티셔츠보다 좀 더 얇은 느낌?! 사이즈는 L 살까 고민했는데 M 사길 잘한 것 같아요 168 기준 엉덩이까지 내려옵니다 빨아도 비슷할 것 같아요 저렴하게 이쁜 옷 사서 만족스러워요!!!! 앞으로 잘 입을 예정입니다 열심히 입어야지🤩🤩,5.0,False,MEDIUM,168.0,56.0,여성,2026-06-06 21:56:23,사이즈: 조금 큼 / 화면 대비 색감: 화면과 비슷 / 두께감: 적당함 / 신축성: 적당함,True,0,travel,상의,MEDIUM,,2026,6,6,토,5,응답,조금 큼,화면과 비슷,,,적당함,적당함,,,,,3.0,3.0,,1.0,1.0,0.0,0.0,,,세번째 구입하는 트래블 반팔티 세일하길래 샀는데 이번에도 넘 맘에 드네용 디자인 흔하지 않은 느낌이라 좋구요 같이 산 흰색 티셔츠보다 좀 더 얇은 느낌?! 사이즈는 L 살까 고민했는데 M 사길 잘한 것 같아요 168 기준 엉덩이까지 내려옵니다 빨아도 비슷할 것 같아요 저렴하게 이쁜 옷 사서 만족스러워요!!! 앞으로 잘 입을 예정입니다 열심히 입어야지,세번째구입하는트래블반팔티세일하길래샀는데이번에도넘맘에드네용디자인흔하지않은느낌이라좋구요같이산흰색티셔츠보다좀더얇은느낌사이즈는l살까고민했는데m사길잘한것같아요168기준엉덩이까지내려옵니다빨아도비슷할것같아요저렴하게이쁜옷사서만족스러워요앞으로잘입을예정입니다열심히입어야지,0,0,5,1,3,True,200,136,196,True,건강한울산시계,"('MEDIUM', None)",0,False,1,keep,unique,True,84993997
﻿6083685,84994035,general,건강한울산시계,네번째 구입하는 트래블 반팔티✨ 세일하길래 샀는데 이번에도 넘 맘에 드네용 요즘 땡땡이에 꽂혔는데 하늘색 땡땡이 별 너무 귀여움!!!🩵 사이즈는 L 살까 고민했는데 M 사길 잘한 것 같아요 168 기준 엉덩이까지 내려옵니다 빨아도 비슷할 것 같아요 저렴하게 이쁜 옷 사서 너무 만족스러워요 짱짱!!!!!!,5.0,False,M,168.0,56.0,여성,2026-06-06 21:58:22,사이즈: 조금 큼 / 화면 대비 색감: 화면과 비슷 / 두께감: 적당함 / 신축성: 적당함,True,0,travel,상의,M,,2026,6,6,토,5,응답,조금 큼,화면과 비슷,,,적당함,적당함,,,,,3.0,3.0,,1.0,1.0,0.0,0.0,,,네번째 구입하는 트래블 반팔티 세일하길래 샀는데 이번에도 넘 맘에 드네용 요즘 땡땡이에 꽂혔는데 하늘색 땡땡이 별 너무 귀여움!!! 사이즈는 L 살까 고민했는데 M 사길 잘한 것 같아요 168 기준 엉덩이까지 내려옵니다 빨아도 비슷할 것 같아요 저렴하게 이쁜 옷 사서 너무 만족스러워요 짱짱!!!,네번째구입하는트래블반팔티세일하길래샀는데이번에도넘맘에드네용요즘땡땡이에꽂혔는데하늘색땡땡이별너무귀여움사이즈는l살까고민했는데m사길잘한것같아요168기준엉덩이까지내려옵니다빨아도비슷할것같아요저렴하게이쁜옷사서너무만족스러워요짱짱,0,0,9,0,2,True,170,113,165,True,건강한울산시계,"('M', None)",0,False,1,keep,unique,True,84994035
﻿5973119,84994185,general,하나피레,"여름에 햇볕이나 에어컨 바람 피해 입으려고 구매해봤는데, 시원하고 밝고 예뻐요!",5.0,False,F,166.0,58.0,여성,2026-06-06 22:04:39,사이즈: 정사이즈 / 화면 대비 색감: 밝음 / 퀄리티: 매우 좋음 / 두께감: 매우 얇음,True,0,filluminate,아우터,F,,2026,6,6,토,5,응답,정사이즈,밝음,매우 좋음,,매우 얇음,,,,5.0,,,1.0,,0.0,0.0,1.0,1.0,,,"여름에 햇볕이나 에어컨 바람 피해 입으려고 구매해봤는데, 시원하고 밝고 예뻐요!",여름에햇볕이나에어컨바람피해입으려고구매해봤는데시원하고밝고예뻐요,0,0,1,0,0,False,44,33,44,True,하나피레,"('F', None)",0,False,1,keep,unique,True,84994185
4969807,84994267,general,꿈많은인천베레모,디자인은 예뻐요. 다만 여름용이라기엔 재질이 두껍네요. 통이 커서 보완되는 부분은 있어요,5.0,False,INDIGO · M,170.0,63.0,남성,2026-06-06 22:07:39,사이즈: 정사이즈 / 화면 대비 색감: 화면과 비슷 / 퀄리티: 보통 / 신축성: 적당함,False,0,filluminate,하의,M,INDIGO,2026,6,6,토,5,응답,정사이즈,화면과 비슷,보통,,,적당함,,,3.0,,3.0,,,0.0,0.0,0.0,0.0,,,디자인은 예뻐요. 다만 여름용이라기엔 재질이 두껍네요. 통이 커서 보완되는 부분은 있어요,디자인은예뻐요다만여름용이라기엔재질이두껍네요통이커서보완되는부분은있어요,0,0,0,0,0,False,49,37,49,True,꿈많은인천베레모,"('M', 'INDIGO')",0,False,1,keep,unique,True,84994267
5092725,84994284,general,꿈많은인천베레모,디자인은 예뻐요. 다만 여름용이라기엔 재질이 두껍네요. 통이 커서 보완되는 부분은 있어요,5.0,False,LIGHT BLUE · M,170.0,63.0,남성,2026-06-06 22:08:18,사이즈: 조금 큼 / 화면 대비 색감: 화면과 비슷 / 퀄리티: 보통 / 신축성: 거의 없음,False,0,filluminate,하의,M,LIGHT BLUE,2026,6,6,토,5,응답,조금 큼,화면과 비슷,보통,,,거의 없음,,,3.0,,2.0,,,1.0,1.0,0.0,0.0,,,디자인은 예뻐요. 다만 여름용이라기엔 재질이 두껍네요. 통이 커서 보완되는 부분은 있어요,디자인은예뻐요다만여름용이라기엔재질이두껍네요통이커서보완되는부분은있어요,0,0,0,0,0,False,49,37,49,True,꿈많은인천베레모,"('M', 'LIGHT BLUE')",0,False,1,keep,unique,True,84994284
﻿6394283,84994507,experience,온실속월드콘,"무신사 체험단이라는 좋은 기회를 얻게 되어 이 바지를 접하게 되었습니다. 일단 바지가 생각보다 가볍고 엄청 편해서 좋았고 달라붙지도 않는데 그렇다고 통이 엄청 크지는 않아서 부담스럽지 않았어요! 브라운 계열의 색깔은 처음 입어봤는데 엄청 튀지는 않으면서 적당히 독특해서 좋았어요. 화이트 톤의 상의랑 매치해도 잘 어울리고, 약간 밝은 차콜이나 연두색 계열의 상의랑 같이 입어도 잘 어울릴거 같아요! 그리 두꺼운 편도 아니여서 덥지도 않아서 일상이나 운동할때도 입기 좋을거 같습니다. 편한 바지 찾으시는 분들께 추천드려요",4.0,True,M,180.0,70.0,남성,2026-06-06 22:19:01,사이즈: 조금 큼 / 화면 대비 색감: 어두움 / 퀄리티: 매우 좋음 / 신축성: 강함,True,0,filluminate,하의,M,,2026,6,6,토,4,응답,조금 큼,어두움,매우 좋음,,,강함,,,5.0,,4.0,,,1.0,1.0,-1.0,1.0,,,"무신사 체험단이라는 좋은 기회를 얻게 되어 이 바지를 접하게 되었습니다. 일단 바지가 생각보다 가볍고 엄청 편해서 좋았고 달라붙지도 않는데 그렇다고 통이 엄청 크지는 않아서 부담스럽지 않았어요! 브라운 계열의 색깔은 처음 입어봤는데 엄청 튀지는 않으면서 적당히 독특해서 좋았어요. 화이트 톤의 상의랑 매치해도 잘 어울리고, 약간 밝은 차콜이나 연두색 계열의 상의랑 같이 입어도 잘 어울릴거 같아요! 그리 두꺼운 편도 아니여서 덥지도 않아서 일상이나 운동할때도 입기 좋을거 같습니다. 편한 바지 찾으시는 분들께 추천드려요",무신사체험단이라는좋은기회를얻게되어이바지를접하게되었습니다일단바지가생각보다가볍고엄청편해서좋았고달라붙지도않는데그렇다고통이엄청크지는않아서부담스럽지않았어요브라운계열의색깔은처음입어봤는데엄청튀지는않으면서적당히독특해서좋았어요화이트톤의상의랑매치해도잘어울리고약간밝은차콜이나연두색계열의상의랑같이입어도잘어울릴거같아요그리두꺼운편도아니여서덥지도않아서일상이나운동할때도입기좋을거같습니다편한바지찾으시는분들께추천드려요,0,0,2,0,0,False,290,215,290,True,온실속월드콘,"('M', None)",0,False,1,keep,unique,True,84994507
3791891,84995062,general,당당한빨강뮬,구김도 안생기고  데일리로 아이가 잘입고 다닙니다 체크셔츠가  맘에 쏙 듭니다.. 다른색도 사고싶다고합니다..,4.0,False,M,170.0,63.0,남성,2026-06-06 22:44:31,사이즈: 조금 큼 / 화면 대비 색감: 화면과 비슷 / 퀄리티: 보통 / 구김: 거의 없음,True,0,filluminate,상의,M,,2026,6,6,토,4,응답,조금 큼,화면과 비슷,보통,거의 없음,,,,,3.0,,,,4.0,1.0,1.0,0.0,0.0,,,구김도 안생기고 데일리로 아이가 잘입고 다닙니다 체크셔츠가 맘에 쏙 듭니다.. 다른색도 사고싶다고합니다..,구김도안생기고데일리로아이가잘입고다닙니다체크셔츠가맘에쏙듭니다다른색도사고싶다고합니다,0,0,0,0,0,False,61,44,59,True,당당한빨강뮬,"('M', None)",0,False,2,keep,multi_type_unique,True,84995062
3791891,84995100,style,당당한빨강뮬,체크셔츠가 데일리로 입고 다니기 좋습니다   아이가 마음에 들어합니다. 잘입고 다니고있습니다.,4.0,False,M,170.0,63.0,남성,2026-06-06 22:46:32,사이즈: 조금 큼 / 화면 대비 색감: 화면과 비슷 / 퀄리티: 보통 / 구김: 거의 없음,True,0,filluminate,상의,M,,2026,6,6,토,4,응답,조금 큼,화면과 비슷,보통,거의 없음,,,,,3.0,,,,4.0,1.0,1.0,0.0,0.0,,,체크셔츠가 데일리로 입고 다니기 좋습니다 아이가 마음에 들어합니다. 잘입고 다니고있습니다.,체크셔츠가데일리로입고다니기좋습니다아이가마음에들어합니다잘입고다니고있습니다,0,0,0,0,0,True,52,39,50,True,당당한빨강뮬,"('M', None)",0,False,2,keep,multi_type_unique,True,84995100
﻿5249171,84995101,style,시르론,색이 뭔가 애매한 느낌이 있어요 가끔씩 붕 뜨는 느낌? 그래도 손 잘 가고 많이 입는 옷입니다,4.0,False,M,181.0,62.0,남성,2026-06-06 22:46:33,사이즈: 정사이즈 / 화면 대비 색감: 화면과 비슷 / 두께감: 적당함 / 신축성: 적당함,True,0,filluminate,상의,M,,2026,6,6,토,4,응답,정사이즈,화면과 비슷,,,적당함,적당함,,,,,3.0,3.0,,0.0,0.0,0.0,0.0,,,색이 뭔가 애매한 느낌이 있어요 가끔씩 붕 뜨는 느낌? 그래도 손 잘 가고 많이 입는 옷입니다,색이뭔가애매한느낌이있어요가끔씩붕뜨는느낌그래도손잘가고많이입는옷입니다,0,0,0,1,0,False,52,36,52,True,시르론,"('M', None)",0,False,1,keep,unique,True,84995101
6205180,84995390,general,미영이들,이뻐요! 기장감도 좋고 핏감도 좋습니다 강추해요,5.0,False,M,173.0,72.0,남성,2026-06-06 22:59:21,사이즈: 정사이즈 / 화면 대비 색감: 화면과 비슷 / 두께감: 적당함 / 신축성: 적당함,False,0,travel,상의,M,,2026,6,6,토,5,응답,정사이즈,화면과 비슷,,,적당함,적당함,,,,,3.0,3.0,,0.0,0.0,0.0,0.0,,,이뻐요! 기장감도 좋고 핏감도 좋습니다 강추해요,이뻐요기장감도좋고핏감도좋습니다강추해요,0,0,1,0,0,False,26,20,26,True,미영이들,"('M', None)",0,False,1,keep,unique,True,84995390
﻿6140918,84995514,general,소프트한용산셔츠,원단도 얇아서 여름에 입기 좋고 무엇보다 단추가 똑딱이라서 마음에 들어요,5.0,False,M,166.0,68.0,여성,2026-06-06 23:05:17,사이즈: 조금 큼 / 화면 대비 색감: 화면과 비슷 / 퀄리티: 좋음 / 구김: 약간 있음,False,0,filluminate,상의,M,,2026,6,6,토,5,응답,조금 큼,화면과 비슷,좋음,약간 있음,,,,,4.0,,,,3.0,1.0,1.0,0.0,0.0,,,원단도 얇아서 여름에 입기 좋고 무엇보다 단추가 똑딱이라서 마음에 들어요,원단도얇아서여름에입기좋고무엇보다단추가똑딱이라서마음에들어요,0,0,0,0,0,False,40,31,40,True,소프트한용산셔츠,"('M', None)",0,False,1,keep,unique,True,84995514
1884943,84995749,general,Manshow,깔끔하면서 무난한 디자인과 색감 모두 마음에 들었습니다!,5.0,False,EXTRA LARGE,178.0,76.0,남성,2026-06-06 23:16:02,사이즈: 정사이즈 / 화면 대비 색감: 화면과 비슷 / 두께감: 적당함 / 신축성: 적당함,True,0,travel,상의,EXTRA LARGE,,2026,6,6,토,5,응답,정사이즈,화면과 비슷,,,적당함,적당함,,,,,3.0,3.0,,0.0,0.0,0.0,0.0,,,깔끔하면서 무난한 디자인과 색감 모두 마음에 들었습니다!,깔끔하면서무난한디자인과색감모두마음에들었습니다,0,0,1,0,0,False,31,24,31,True,Manshow,"('EXTRA LARGE', None)",0,False,2,keep,multi_type_unique,True,84995749
﻿994600,84996050,general,베리베리송베리,화이트색상 있는데 맘에들어서 네이비도 하나 구매요 좀 진해서 검정에 느낌도 있지만 핏이나 사이즈 맘에듭니다 한여름은 힘들고 지금 주구장창 입어야겠어요,5.0,False,S(린넨),164.0,60.0,남성,2026-06-06 23:29:31,사이즈: 조금 큼 / 화면 대비 색감: 어두움 / 퀄리티: 좋음 / 구김: 약간 있음,True,0,filluminate,상의,S,(린넨),2026,6,6,토,5,응답,조금 큼,어두움,좋음,약간 있음,,,,,4.0,,,,3.0,1.0,1.0,-1.0,1.0,,,화이트색상 있는데 맘에들어서 네이비도 하나 구매요 좀 진해서 검정에 느낌도 있지만 핏이나 사이즈 맘에듭니다 한여름은 힘들고 지금 주구장창 입어야겠어요,화이트색상있는데맘에들어서네이비도하나구매요좀진해서검정에느낌도있지만핏이나사이즈맘에듭니다한여름은힘들고지금주구장창입어야겠어요,0,0,0,0,0,False,83,65,83,True,베리베리송베리,"('S', '(린넨)')",0,False,1,keep,unique,True,84996050
﻿4009326,84996360,general,떡갈비에그마요밥,오버핏으로 이뻐요 근데 조금 작은 사이즈 있었으면 좋을것같아요!!,5.0,False,(BLACK)S,159.0,55.0,여성,2026-06-06 23:43:51,사이즈: 조금 큼 / 화면 대비 색감: 화면과 비슷 / 두께감: 매우 얇음 / 신축성: 매우 강함,True,0,filluminate,상의,S,(BLACK),2026,6,6,토,5,응답,조금 큼,화면과 비슷,,,매우 얇음,매우 강함,,,,,5.0,1.0,,1.0,1.0,0.0,0.0,,,오버핏으로 이뻐요 근데 조금 작은 사이즈 있었으면 좋을것같아요!!,오버핏으로이뻐요근데조금작은사이즈있었으면좋을것같아요,0,0,2,0,0,False,36,27,36,True,떡갈비에그마요밥,"('S', '(BLACK)')",0,False,1,keep,unique,True,84996360
4694108,84997303,general,벌크업된호주린넨,디자인 예쁘고 싸이즈 적당하고 재질도 좋습니다,5.0,False,MEDIUM,172.0,60.0,남성,2026-06-07 00:44:45,사이즈: 정사이즈 / 화면 대비 색감: 화면과 비슷 / 퀄리티: 보통 / 두께감: 적당함,True,0,travel,아우터,MEDIUM,,2026,6,7,일,5,응답,정사이즈,화면과 비슷,보통,,적당함,,,,3.0,,,3.0,,0.0,0.0,0.0,0.0,,,디자인 예쁘고 싸이즈 적당하고 재질도 좋습니다,디자인예쁘고싸이즈적당하고재질도좋습니다,0,0,0,0,0,False,25,20,25,True,벌크업된호주린넨,"('MEDIUM', None)",0,False,2,keep,multi_type_unique,True,84997303
4694108,84997343,style,벌크업된호주린넨,생각했던대로 디자인 예쁘고 사이즈 넉넉히 잘 맞고 편합니다,5.0,False,MEDIUM,172.0,60.0,남성,2026-06-07 00:48:29,사이즈: 정사이즈 / 화면 대비 색감: 화면과 비슷 / 퀄리티: 보통 / 두께감: 적당함,True,0,travel,아우터,MEDIUM,,2026,6,7,일,5,응답,정사이즈,화면과 비슷,보통,,적당함,,,,3.0,,,3.0,,0.0,0.0,0.0,0.0,,,생각했던대로 디자인 예쁘고 사이즈 넉넉히 잘 맞고 편합니다,생각했던대로디자인예쁘고사이즈넉넉히잘맞고편합니다,0,0,0,0,0,False,32,25,32,True,벌크업된호주린넨,"('MEDIUM', None)",0,False,2,keep,multi_type_unique,True,84997343
4969899,84997835,style,의리있는유럽리본,깔끔하고 제가 좋아하는 베이지 색이라 좋아요 각도 잘 잡혀 있어서 어깨 넓어보여서 좋네여,5.0,False,BEIGE · L,181.0,76.0,남성,2026-06-07 01:38:24,사이즈: 정사이즈 / 화면 대비 색감: 화면과 비슷 / 퀄리티: 좋음 / 구김: 약간 있음,True,0,filluminate,상의,L,BEIGE,2026,6,7,일,5,응답,정사이즈,화면과 비슷,좋음,약간 있음,,,,,4.0,,,,3.0,0.0,0.0,0.0,0.0,,,깔끔하고 제가 좋아하는 베이지 색이라 좋아요 각도 잘 잡혀 있어서 어깨 넓어보여서 좋네여,깔끔하고제가좋아하는베이지색이라좋아요각도잘잡혀있어서어깨넓어보여서좋네여,0,0,0,0,0,False,49,37,49,True,의리있는유럽리본,"('L', 'BEIGE')",1,True,1,keep,unique,True,84997835
﻿5060343,84998090,style,니빵댕이,일단 반바지라 편함 키가 작은편인데 이쁘게 입을수 있음 바지가 가볍고 튼튼함 색감도 이쁨,5.0,False,브라운 · M,166.0,60.0,남성,2026-06-07 02:13:15,사이즈: 정사이즈 / 화면 대비 색감: 화면과 비슷 / 퀄리티: 보통 / 신축성: 적당함,True,0,jemut,하의,M,브라운,2026,6,7,일,5,응답,정사이즈,화면과 비슷,보통,,,적당함,,,3.0,,3.0,,,0.0,0.0,0.0,0.0,,,일단 반바지라 편함 키가 작은편인데 이쁘게 입을수 있음 바지가 가볍고 튼튼함 색감도 이쁨,일단반바지라편함키가작은편인데이쁘게입을수있음바지가가볍고튼튼함색감도이쁨,0,0,0,0,0,False,49,37,49,True,니빵댕이,"('M', '브라운')",0,False,1,keep,unique,True,84998090
﻿6140884,84998488,general,우아한마포볼레로,얇고 하늘하늘해요 여름에도 입을 수 있을듯해요 색은 화면이랑 똑같슴니당,5.0,False,S,158.0,58.0,여성,2026-06-07 03:50:55,사이즈: 조금 큼 / 화면 대비 색감: 화면과 비슷 / 퀄리티: 좋음 / 구김: 거의 없음,False,1,filluminate,상의,S,,2026,6,7,일,5,응답,조금 큼,화면과 비슷,좋음,거의 없음,,,,,4.0,,,,4.0,1.0,1.0,0.0,0.0,,,얇고 하늘하늘해요 여름에도 입을 수 있을듯해요 색은 화면이랑 똑같슴니당,얇고하늘하늘해요여름에도입을수있을듯해요색은화면이랑똑같슴니당,0,0,0,0,0,False,39,31,39,True,우아한마포볼레로,"('S', None)",0,False,1,keep,unique,True,84998488
1884943,84998590,style,Manshow,"사이즈도 딱이고, 재질과 색감 모두 만족합니다. 편하게 잘 입고 다닐 것 같아요!",5.0,False,EXTRA LARGE,178.0,76.0,남성,2026-06-07 04:31:43,사이즈: 정사이즈 / 화면 대비 색감: 화면과 비슷 / 두께감: 적당함 / 신축성: 적당함,True,0,travel,상의,EXTRA LARGE,,2026,6,7,일,5,응답,정사이즈,화면과 비슷,,,적당함,적당함,,,,,3.0,3.0,,0.0,0.0,0.0,0.0,,,"사이즈도 딱이고, 재질과 색감 모두 만족합니다. 편하게 잘 입고 다닐 것 같아요!",사이즈도딱이고재질과색감모두만족합니다편하게잘입고다닐것같아요,0,0,1,0,0,False,45,31,45,True,Manshow,"('EXTRA LARGE', None)",0,False,2,keep,multi_type_unique,True,84998590
3791891,84999131,general,폭염엔파스텔캡슐,생각보다 약간 크지만 예뻐요 오버핏으로 입어야겟네여,5.0,False,XL,181.0,76.0,남성,2026-06-07 08:24:22,사이즈: 조금 큼 / 화면 대비 색감: 밝음 / 퀄리티: 좋음 / 구김: 전혀 없음,True,0,filluminate,상의,XL,,2026,6,7,일,5,응답,조금 큼,밝음,좋음,전혀 없음,,,,,4.0,,,,5.0,1.0,1.0,1.0,1.0,,,생각보다 약간 크지만 예뻐요 오버핏으로 입어야겟네여,생각보다약간크지만예뻐요오버핏으로입어야겟네여,0,0,0,0,0,False,28,23,28,True,폭염엔파스텔캡슐,"('XL', None)",0,False,1,keep,unique,True,84999131
4728678,84999342,general,Noob1129,얇기도 하고 포인트가 있는 옷이라 휘뚜루 입기 좋네요,5.0,False,L,183.0,104.0,남성,2026-06-07 08:57:31,사이즈: 조금 큼 / 화면 대비 색감: 화면과 비슷 / 퀄리티: 매우 좋음 / 두께감: 매우 얇음,False,0,filluminate,아우터,L,,2026,6,7,일,5,응답,조금 큼,화면과 비슷,매우 좋음,,매우 얇음,,,,5.0,,,1.0,,1.0,1.0,0.0,0.0,,,얇기도 하고 포인트가 있는 옷이라 휘뚜루 입기 좋네요,얇기도하고포인트가있는옷이라휘뚜루입기좋네요,0,0,0,0,0,False,29,22,29,True,Noob1129,"('L', None)",0,False,1,keep,unique,True,84999342
﻿3791990,84999641,style,전문적인유럽단화,색도 핏도 예뻐서 매일 입는옷 너무 잘 구매했어요..,5.0,False,L,174.0,71.0,남성,2026-06-07 09:30:36,사이즈: 정사이즈 / 화면 대비 색감: 화면과 비슷 / 퀄리티: 보통 / 신축성: 적당함,True,0,filluminate,하의,L,,2026,6,7,일,5,응답,정사이즈,화면과 비슷,보통,,,적당함,,,3.0,,3.0,,,0.0,0.0,0.0,0.0,,,색도 핏도 예뻐서 매일 입는옷 너무 잘 구매했어요..,색도핏도예뻐서매일입는옷너무잘구매했어요,0,0,0,0,0,False,29,20,29,True,전문적인유럽단화,"('L', None)",0,False,1,keep,unique,True,84999641
3791891,84999649,style,특정한케냐부츠컷,싸게잘샀고 퀄리티도 괜찮ㅇ습니다 두께감이 있어서 따뜻해요,5.0,False,L,182.0,78.0,남성,2026-06-07 09:31:01,사이즈: 정사이즈 / 화면 대비 색감: 화면과 비슷 / 퀄리티: 보통 / 구김: 약간 있음,True,0,filluminate,상의,L,,2026,6,7,일,5,응답,정사이즈,화면과 비슷,보통,약간 있음,,,,,3.0,,,,3.0,0.0,0.0,0.0,0.0,,,싸게잘샀고 퀄리티도 괜찮ㅇ습니다 두께감이 있어서 따뜻해요,싸게잘샀고퀄리티도괜찮습니다두께감이있어서따뜻해요,0,0,0,0,0,False,31,25,31,True,특정한케냐부츠컷,"('L', None)",0,False,2,keep,multi_type_unique,True,84999649
3791891,84999663,general,특정한케냐부츠컷,싸게 잘샀고 퀄리티도 좋습니다. 두께감이 있어서 더울수도,5.0,False,L,182.0,78.0,남성,2026-06-07 09:31:54,사이즈: 정사이즈 / 화면 대비 색감: 화면과 비슷 / 퀄리티: 보통 / 구김: 약간 있음,True,0,filluminate,상의,L,,2026,6,7,일,5,응답,정사이즈,화면과 비슷,보통,약간 있음,,,,,3.0,,,,3.0,0.0,0.0,0.0,0.0,,,싸게 잘샀고 퀄리티도 좋습니다. 두께감이 있어서 더울수도,싸게잘샀고퀄리티도좋습니다두께감이있어서더울수도,0,0,0,0,0,False,31,24,31,True,특정한케냐부츠컷,"('L', None)",0,False,2,keep,multi_type_unique,True,84999663
﻿6140895,84999794,general,안뇽88,단추가 흰색이 너무 혼자 겉돌 줄 얄았는데 어두운 색상 셔츠에포인트가 되서 오히려 덜 답닺해 보이는 느낌임,4.0,False,M,,,여성,2026-06-07 09:45:23,사이즈: 조금 큼 / 화면 대비 색감: 화면과 비슷 / 퀄리티: 보통 / 구김: 약간 있음,True,0,filluminate,상의,M,,2026,6,7,일,4,응답,조금 큼,화면과 비슷,보통,약간 있음,,,,,3.0,,,,3.0,1.0,1.0,0.0,0.0,,,단추가 흰색이 너무 혼자 겉돌 줄 얄았는데 어두운 색상 셔츠에포인트가 되서 오히려 덜 답닺해 보이는 느낌임,단추가흰색이너무혼자겉돌줄얄았는데어두운색상셔츠에포인트가되서오히려덜답닺해보이는느낌임,0,0,0,0,0,False,59,44,59,True,안뇽88,"('M', None)",0,False,1,keep,unique,True,84999794
4969807,85000328,style,manc12,"ㅋ 공장냄새,빨아서 입었어요. 허리가 고무라,너무편하고. 얇기는 봄여름 초가을까지 다가능, 시원한재질.",5.0,False,INDIGO · L,165.0,54.0,여성,2026-06-07 10:26:18,사이즈: 정사이즈 / 화면 대비 색감: 화면과 비슷 / 퀄리티: 보통 / 신축성: 적당함,True,0,filluminate,하의,L,INDIGO,2026,6,7,일,5,응답,정사이즈,화면과 비슷,보통,,,적당함,,,3.0,,3.0,,,0.0,0.0,0.0,0.0,,,"ㅋ 공장냄새,빨아서 입었어요. 허리가 고무라,너무편하고. 얇기는 봄여름 초가을까지 다가능, 시원한재질.",공장냄새빨아서입었어요허리가고무라너무편하고얇기는봄여름초가을까지다가능시원한재질,1,0,0,0,0,False,57,41,57,True,manc12,"('L', 'INDIGO')",0,False,3,keep,same_option_same_type_unique,True,85000328
4987047,85000333,general,규헌_02,원하는 적당한 크롭감에 여름에 입어도 부담되지 않아서 좋아요!,5.0,False,블랙 · L,175.0,74.0,남성,2026-06-07 10:26:49,사이즈: 정사이즈 / 화면 대비 색감: 화면과 비슷 / 두께감: 두꺼움 / 신축성: 적당함,False,0,jemut,상의,L,블랙,2026,6,7,일,5,응답,정사이즈,화면과 비슷,,,두꺼움,적당함,,,,,3.0,4.0,,0.0,0.0,0.0,0.0,,,원하는 적당한 크롭감에 여름에 입어도 부담되지 않아서 좋아요!,원하는적당한크롭감에여름에입어도부담되지않아서좋아요,0,0,1,0,0,False,34,26,34,True,규헌_02,"('L', '블랙')",0,False,1,keep,unique,True,85000333
3791891,85000748,general,나인티스,이정도 가격에 이런 퀄리티를 자랑할 줄은 몰랐어요. 디자인이 너무 이쁘고 기장도 딱 적당해서. 그냥 평상시에 꾸고 느낌으로 잘입을 수 있을 것 같아요. 좋은 가격에 이런 좋은 셔츠 주셔서 너무너무 감사 드립니다.^^,5.0,False,M,170.0,63.0,남성,2026-06-07 11:00:04,사이즈: 정사이즈 / 화면 대비 색감: 밝음 / 퀄리티: 매우 좋음 / 구김: 거의 없음,True,0,filluminate,상의,M,,2026,6,7,일,5,응답,정사이즈,밝음,매우 좋음,거의 없음,,,,,5.0,,,,4.0,0.0,0.0,1.0,1.0,,,이정도 가격에 이런 퀄리티를 자랑할 줄은 몰랐어요. 디자인이 너무 이쁘고 기장도 딱 적당해서. 그냥 평상시에 꾸고 느낌으로 잘입을 수 있을 것 같아요. 좋은 가격에 이런 좋은 셔츠 주셔서 너무너무 감사 드립니다.^^,이정도가격에이런퀄리티를자랑할줄은몰랐어요디자인이너무이쁘고기장도딱적당해서그냥평상시에꾸고느낌으로잘입을수있을것같아요좋은가격에이런좋은셔츠주셔서너무너무감사드립니다,0,0,0,0,0,False,120,84,120,True,나인티스,"('M', None)",0,False,1,keep,unique,True,85000748
﻿6175818,85000942,general,구닥다리1,신축성은 없지만 크롭한 기장에 스타일 내기 좋은 디자인이에요,5.0,False,화이트 · L,173.0,72.0,남성,2026-06-07 11:16:05,사이즈: 조금 작음 / 화면 대비 색감: 화면과 비슷 / 두께감: 적당함 / 신축성: 전혀 없음,True,0,jemut,상의,L,화이트,2026,6,7,일,5,응답,조금 작음,화면과 비슷,,,적당함,전혀 없음,,,,,1.0,3.0,,-1.0,1.0,0.0,0.0,,,신축성은 없지만 크롭한 기장에 스타일 내기 좋은 디자인이에요,신축성은없지만크롭한기장에스타일내기좋은디자인이에요,0,0,0,0,0,False,33,26,33,True,구닥다리1,"('L', '화이트')",0,False,1,keep,unique,True,85000942
4969869,85001208,general,대애구,처음 구매해보는데 착용감도 좋고 너무 편해서 마음에 들어요!ㅎㅎ,5.0,False,(STRIPE) WHITE · L,175.0,75.0,남성,2026-06-07 11:35:37,사이즈: 정사이즈 / 화면 대비 색감: 화면과 비슷 / 퀄리티: 매우 좋음 / 구김: 전혀 없음,False,0,filluminate,상의,L,(STRIPE) WHITE,2026,6,7,일,5,응답,정사이즈,화면과 비슷,매우 좋음,전혀 없음,,,,,5.0,,,,5.0,0.0,0.0,0.0,0.0,,,처음 구매해보는데 착용감도 좋고 너무 편해서 마음에 들어요!ㅎㅎ,처음구매해보는데착용감도좋고너무편해서마음에들어요,2,0,1,0,0,False,35,25,35,True,대애구,"('L', '(STRIPE) WHITE')",0,False,1,keep,unique,True,85001208
5092725,85001538,general,Mr.L,가본으로 잘 입고다닐 수 있고 편한 착용감을 줍니다.,5.0,False,INDIGO · XL,176.0,76.0,남성,2026-06-07 11:59:19,사이즈: 정사이즈 / 화면 대비 색감: 화면과 비슷 / 퀄리티: 보통 / 신축성: 적당함,True,0,filluminate,하의,XL,INDIGO,2026,6,7,일,5,응답,정사이즈,화면과 비슷,보통,,,적당함,,,3.0,,3.0,,,0.0,0.0,0.0,0.0,,,가본으로 잘 입고다닐 수 있고 편한 착용감을 줍니다.,가본으로잘입고다닐수있고편한착용감을줍니다,0,0,0,0,0,False,29,21,29,True,Mr.L,"('XL', 'INDIGO')",0,False,2,keep,multi_type_unique,True,85001538
5092725,85001561,style,Mr.L,두개를 샀는데 두 바지다 편하게 입을 수 있어서 만족합니다 가격도 좋아요,5.0,False,INDIGO · XL,176.0,76.0,남성,2026-06-07 12:00:38,사이즈: 정사이즈 / 화면 대비 색감: 화면과 비슷 / 퀄리티: 보통 / 신축성: 적당함,True,0,filluminate,하의,XL,INDIGO,2026,6,7,일,5,응답,정사이즈,화면과 비슷,보통,,,적당함,,,3.0,,3.0,,,0.0,0.0,0.0,0.0,,,두개를 샀는데 두 바지다 편하게 입을 수 있어서 만족합니다 가격도 좋아요,두개를샀는데두바지다편하게입을수있어서만족합니다가격도좋아요,0,0,0,0,0,False,40,30,40,True,Mr.L,"('XL', 'INDIGO')",0,False,2,keep,multi_type_unique,True,85001561
4969807,85001728,general,또질럿네,시원하고 밴딩이라 편해서 올여름 자주 입을듯 합니다,5.0,False,BEIGE · L,175.0,76.0,남성,2026-06-07 12:10:25,사이즈: 정사이즈 / 화면 대비 색감: 화면과 비슷 / 퀄리티: 보통 / 신축성: 적당함,True,0,filluminate,하의,L,BEIGE,2026,6,7,일,5,응답,정사이즈,화면과 비슷,보통,,,적당함,,,3.0,,3.0,,,0.0,0.0,0.0,0.0,,,시원하고 밴딩이라 편해서 올여름 자주 입을듯 합니다,시원하고밴딩이라편해서올여름자주입을듯합니다,0,0,0,0,0,False,28,22,28,True,또질럿네,"('L', 'BEIGE')",0,False,1,keep,unique,True,85001728
﻿3337686,85002114,general,차분한블루인기템,디자인이 군더더기 없이 깔끔해서 예쁘고 원단과 마감 퀄리티가 좋습니다 👍 세탁하니 줄어들어서 기장이 좀 짧아진 게 아쉽네요 🥲,5.0,False,블랙 · L,179.0,64.0,남성,2026-06-07 12:31:38,사이즈: 정사이즈 / 화면 대비 색감: 화면과 비슷 / 퀄리티: 좋음 / 신축성: 적당함,True,1,jemut,하의,L,블랙,2026,6,7,일,5,응답,정사이즈,화면과 비슷,좋음,,,적당함,,,4.0,,3.0,,,0.0,0.0,0.0,0.0,,,디자인이 군더더기 없이 깔끔해서 예쁘고 원단과 마감 퀄리티가 좋습니다 세탁하니 줄어들어서 기장이 좀 짧아진 게 아쉽네요,디자인이군더더기없이깔끔해서예쁘고원단과마감퀄리티가좋습니다세탁하니줄어들어서기장이좀짧아진게아쉽네요,0,0,0,0,2,False,70,51,66,True,차분한블루인기템,"('L', '블랙')",0,False,1,keep,unique,True,85002114
4969807,85002527,general,두드러진페루착장,화면과 비슷 · 퀄리티 매우 좋음  소재도 시원하고 사이즈도 넉넉해서 편하게 입을 수 있어요,5.0,False,BEIGE · XL,177.0,89.0,남성,2026-06-07 13:00:22,사이즈: 매우 작음 / 화면 대비 색감: 매우 밝음 / 퀄리티: 매우 좋음 / 신축성: 매우 강함,False,0,filluminate,하의,XL,BEIGE,2026,6,7,일,5,응답,매우 작음,매우 밝음,매우 좋음,,,매우 강함,,,5.0,,5.0,,,-2.0,2.0,2.0,2.0,,,화면과 비슷 · 퀄리티 매우 좋음 소재도 시원하고 사이즈도 넉넉해서 편하게 입을 수 있어요,화면과비슷퀄리티매우좋음소재도시원하고사이즈도넉넉해서편하게입을수있어요,0,0,0,0,0,False,51,36,50,True,두드러진페루착장,"('XL', 'BEIGE')",0,False,1,keep,unique,True,85002527
﻿6140944,85002891,style,기야햄,지금까지 경험해보지 못한 텐션감의 티셔츠인데 만족합니다,5.0,False,MELANGE GREY · S,170.0,62.0,남성,2026-06-07 13:28:08,사이즈: 정사이즈 / 화면 대비 색감: 화면과 비슷 / 두께감: 적당함 / 신축성: 적당함,True,0,filluminate,상의,S,MELANGE GREY,2026,6,7,일,5,응답,정사이즈,화면과 비슷,,,적당함,적당함,,,,,3.0,3.0,,0.0,0.0,0.0,0.0,,,지금까지 경험해보지 못한 텐션감의 티셔츠인데 만족합니다,지금까지경험해보지못한텐션감의티셔츠인데만족합니다,0,0,0,0,0,False,30,25,30,True,기야햄,"('S', 'MELANGE GREY')",0,False,1,keep,unique,True,85002891
4969807,85003423,general,브이2,재질이 뭐가 많이 달라붙고 비침이 없다고 해서 샀는데 비치는데 이건 뭔가요?,3.0,False,BEIGE · XL,185.0,98.0,남성,2026-06-07 14:01:11,사이즈: 정사이즈 / 화면 대비 색감: 밝음 / 퀄리티: 나쁨 / 신축성: 매우 강함,False,0,filluminate,하의,XL,BEIGE,2026,6,7,일,3,응답,정사이즈,밝음,나쁨,,,매우 강함,,,2.0,,5.0,,,0.0,0.0,1.0,1.0,,,재질이 뭐가 많이 달라붙고 비침이 없다고 해서 샀는데 비치는데 이건 뭔가요?,재질이뭐가많이달라붙고비침이없다고해서샀는데비치는데이건뭔가요,0,0,0,1,0,False,42,31,42,True,브이2,"('XL', 'BEIGE')",0,False,1,keep,unique,True,85003423
﻿6083675,85003680,experience,유능한분홍머슬핏,"🌼트래블 트리플 플라워 피그먼트 반팔티 블랙 차콜🌼 우선 체험단 기회 주셔서 감사합니다! 트래블에서 반팔 많이 샀었는데 체험단에 당첨되어서 기뻐요🥰  1. 디자인 디자인이 정말 예뻐요! 남녀노소 가리지 않고 누구나 무난히 입을 수 있는 디자인이고, 데일리로 잘 입을 것 같습니다. 초록꽃 3개가 피그먼트 차콜과 잘 어우러져 빈티지한 느낌도 나요  2. 물빠짐 색감이 피그먼트 차콜인 만큼 세탁 후에 물빠짐은 있으니 처음 몇 번은 어두운 색 옷들끼리 빨아야 해요!   3. 질 트래블에서 옷을 많이 사서 구매해 본 결과, 트래블 옷은 탄탄해서 질이 좋아요! 또 목부분도 잘 안 늘어나고, 바느질도 꼼꼼히 되어있어서 오래 입을 수 있습니다!  4. 사이즈 55기준 사이즈는 적당한 오버핏으로 입을 수 있습니다! 다른 트래블 티보다는 약간 작은 느낌도 있어서 더 널널한 핏 원하시는 분은 m사이즈 가도 될 것 같아요!  5. 총평 옷이 적당히 얇아서 한여름에도 무난히 입기 좋고, 디자인도 여름과 잘 어울려 시원한 느낌을 줍니다. 가격대도 퀄리티와 디자인 대비 저렴합니다. 데일리로 무난히 입을 수 있는 트래블 트리플 플라워 반팔티 추천합니다👍",5.0,True,S,160.0,50.0,여성,2026-06-07 14:17:45,사이즈: 정사이즈 / 화면 대비 색감: 화면과 비슷 / 두께감: 적당함 / 신축성: 거의 없음,True,0,travel,상의,S,,2026,6,7,일,5,응답,정사이즈,화면과 비슷,,,적당함,거의 없음,,,,,2.0,3.0,,0.0,0.0,0.0,0.0,,,"트래블 트리플 플라워 피그먼트 반팔티 블랙 차콜 우선 체험단 기회 주셔서 감사합니다! 트래블에서 반팔 많이 샀었는데 체험단에 당첨되어서 기뻐요 1. 디자인 디자인이 정말 예뻐요! 남녀노소 가리지 않고 누구나 무난히 입을 수 있는 디자인이고, 데일리로 잘 입을 것 같습니다. 초록꽃 3개가 피그먼트 차콜과 잘 어우러져 빈티지한 느낌도 나요 2. 물빠짐 색감이 피그먼트 차콜인 만큼 세탁 후에 물빠짐은 있으니 처음 몇 번은 어두운 색 옷들끼리 빨아야 해요! 3. 질 트래블에서 옷을 많이 사서 구매해 본 결과, 트래블 옷은 탄탄해서 질이 좋아요! 또 목부분도 잘 안 늘어나고, 바느질도 꼼꼼히 되어있어서 오래 입을 수 있습니다! 4. 사이즈 55기준 사이즈는 적당한 오버핏으로 입을 수 있습니다! 다른 트래블 티보다는 약간 작은 느낌도 있어서 더 널널한 핏 원하시는 분은 m사이즈 가도 될 것 같아요! 5. 총평 옷이 적당히 얇아서 한여름에도 무난히 입기 좋고, 디자인도 여름과 잘 어울려 시원한 느낌을 줍니다. 가격대도 퀄리티와 디자인 대비 저렴합니다. 데일리로 무난히 입을 수 있는 트래블 트리플 플라워 반팔티 추천합니다",트래블트리플플라워피그먼트반팔티블랙차콜우선체험단기회주셔서감사합니다트래블에서반팔많이샀었는데체험단에당첨되어서기뻐요1디자인디자인이정말예뻐요남녀노소가리지않고누구나무난히입을수있는디자인이고데일리로잘입을것같습니다초록꽃3개가피그먼트차콜과잘어우러져빈티지한느낌도나요2물빠짐색감이피그먼트차콜인만큼세탁후에물빠짐은있으니처음몇번은어두운색옷들끼리빨아야해요3질트래블에서옷을많이사서구매해본결과트래블옷은탄탄해서질이좋아요또목부분도잘안늘어나고바느질도꼼꼼히되어있어서오래입을수있습니다4사이즈55기준사이즈는적당한오버핏으로입을수있습니다다른트래블티보다는약간작은느낌도있어서더널널한핏원하시는분은m사이즈가도될것같아요5총평옷이적당히얇아서한여름에도무난히입기좋고디자인도여름과잘어울려시원한느낌을줍니다가격대도퀄리티와디자인대비저렴합니다데일리로무난히입을수있는트래블트리플플라워반팔티추천합니다,0,0,7,0,4,True,581,396,571,True,유능한분홍머슬핏,"('S', None)",0,False,1,keep,unique,True,85003680
6322928,85004026,experience,wxxk_iii,생각보다 편해요 신축성이 좋은 것 같고 통도 적당히 넓은 핏 나오고 길이도 신발정도까지 내려오는 정도입니다. 색깔은 쨍하지 않고 사진이랑 비슷해요. 린넨 소재 특유의 통기성 덕분에 쾌적함을 유지하며 전면의 원턱 디테일과 커브드 실루엣이 하체의 체형을 자연스럽게 커버하면서 트렌디한 볼륨감이 있어요. 전체적으로 여유로운 와이드 핏에 허리 밴딩까지 더해져 있어서 장시간 입어도 착용감이 매우 편안해요. 소재 특성상 자연스러운 생활 구김이 발생하지만 그마저도 멋으로 느껴집니다. 시원함과 힙한 스타일을 동시에 잡을 수 있는 가성비 좋은 여름 바지로 추천합니다!,5.0,True,L,179.0,74.0,남성,2026-06-07 14:36:54,사이즈: 정사이즈 / 화면 대비 색감: 화면과 비슷 / 퀄리티: 좋음 / 신축성: 강함,True,0,filluminate,하의,L,,2026,6,7,일,5,응답,정사이즈,화면과 비슷,좋음,,,강함,,,4.0,,4.0,,,0.0,0.0,0.0,0.0,,,생각보다 편해요 신축성이 좋은 것 같고 통도 적당히 넓은 핏 나오고 길이도 신발정도까지 내려오는 정도입니다. 색깔은 쨍하지 않고 사진이랑 비슷해요. 린넨 소재 특유의 통기성 덕분에 쾌적함을 유지하며 전면의 원턱 디테일과 커브드 실루엣이 하체의 체형을 자연스럽게 커버하면서 트렌디한 볼륨감이 있어요. 전체적으로 여유로운 와이드 핏에 허리 밴딩까지 더해져 있어서 장시간 입어도 착용감이 매우 편안해요. 소재 특성상 자연스러운 생활 구김이 발생하지만 그마저도 멋으로 느껴집니다. 시원함과 힙한 스타일을 동시에 잡을 수 있는 가성비 좋은 여름 바지로 추천합니다!,생각보다편해요신축성이좋은것같고통도적당히넓은핏나오고길이도신발정도까지내려오는정도입니다색깔은쨍하지않고사진이랑비슷해요린넨소재특유의통기성덕분에쾌적함을유지하며전면의원턱디테일과커브드실루엣이하체의체형을자연스럽게커버하면서트렌디한볼륨감이있어요전체적으로여유로운와이드핏에허리밴딩까지더해져있어서장시간입어도착용감이매우편안해요소재특성상자연스러운생활구김이발생하지만그마저도멋으로느껴집니다시원함과힙한스타일을동시에잡을수있는가성비좋은여름바지로추천합니다,0,0,1,0,0,False,310,232,310,True,wxxk_iii,"('L', None)",0,False,1,keep,unique,True,85004026
﻿4987052,85004365,general,야망있는유럽힙합,175인데 무릎 딱가려주는 이쁜핏이고 색도 넘이쁘네용,5.0,False,시더브라운 · L,175.0,74.0,남성,2026-06-07 14:58:22,사이즈: 정사이즈 / 화면 대비 색감: 화면과 비슷 / 퀄리티: 보통 / 신축성: 적당함,False,0,jemut,하의,L,시더브라운,2026,6,7,일,5,응답,정사이즈,화면과 비슷,보통,,,적당함,,,3.0,,3.0,,,0.0,0.0,0.0,0.0,,,175인데 무릎 딱가려주는 이쁜핏이고 색도 넘이쁘네용,175인데무릎딱가려주는이쁜핏이고색도넘이쁘네용,0,0,0,0,0,False,29,21,29,True,야망있는유럽힙합,"('L', '시더브라운')",0,False,1,keep,unique,True,85004365
﻿3132887,85004522,general,Sank22,프린팅 디자인 예쁘게 잘 나왔고 여름에 입기 좋습니다,5.0,False,MEDIUM,173.0,60.0,남성,2026-06-07 15:06:05,사이즈: 정사이즈 / 화면 대비 색감: 화면과 비슷 / 두께감: 적당함 / 신축성: 적당함,True,0,travel,상의,MEDIUM,,2026,6,7,일,5,응답,정사이즈,화면과 비슷,,,적당함,적당함,,,,,3.0,3.0,,0.0,0.0,0.0,0.0,,,프린팅 디자인 예쁘게 잘 나왔고 여름에 입기 좋습니다,프린팅디자인예쁘게잘나왔고여름에입기좋습니다,0,0,0,0,0,False,29,22,29,True,Sank22,"('MEDIUM', None)",0,False,1,keep,unique,True,85004522
﻿3455882,85005286,general,Geema,"사이즈는 크게 나온 것 같아 L 구매했고,  실착하니 어깨랑 가슴 너비가 맞네요.   한여름에 밖에 입고 다닐 건 아니지만,  실내에 에어컨 빵빵한 곳이나 열대야 없는 선선한 밤에 입을 듯 해요.",5.0,False,L,177.0,77.0,남성,2026-06-07 15:47:06,사이즈: 조금 큼 / 화면 대비 색감: 화면과 비슷 / 퀄리티: 좋음 / 두께감: 적당함,True,0,filluminate,아우터,L,,2026,6,7,일,5,응답,조금 큼,화면과 비슷,좋음,,적당함,,,,4.0,,,3.0,,1.0,1.0,0.0,0.0,,,"사이즈는 크게 나온 것 같아 L 구매했고, 실착하니 어깨랑 가슴 너비가 맞네요. 한여름에 밖에 입고 다닐 건 아니지만, 실내에 에어컨 빵빵한 곳이나 열대야 없는 선선한 밤에 입을 듯 해요.",사이즈는크게나온것같아l구매했고실착하니어깨랑가슴너비가맞네요한여름에밖에입고다닐건아니지만실내에에어컨빵빵한곳이나열대야없는선선한밤에입을듯해요,0,0,0,0,0,True,109,72,105,True,Geema,"('L', None)",0,False,1,keep,unique,True,85005286
5911789,85005916,general,씩씩한연두색재킷,통이 엄청 널널해서 너무 편해요. 다만 소재가 좀 무거운 편이고 생각보다 두꺼워요,5.0,False,BEIGE · XL,176.0,76.0,여성,2026-06-07 16:20:30,사이즈: 정사이즈 / 화면 대비 색감: 화면과 비슷 / 퀄리티: 보통 / 신축성: 적당함,False,0,filluminate,하의,XL,BEIGE,2026,6,7,일,5,응답,정사이즈,화면과 비슷,보통,,,적당함,,,3.0,,3.0,,,0.0,0.0,0.0,0.0,,,통이 엄청 널널해서 너무 편해요. 다만 소재가 좀 무거운 편이고 생각보다 두꺼워요,통이엄청널널해서너무편해요다만소재가좀무거운편이고생각보다두꺼워요,0,0,0,0,0,False,45,33,45,True,씩씩한연두색재킷,"('XL', 'BEIGE')",0,False,1,keep,unique,True,85005916
﻿4275063,85006156,style,오반 드레스,단품으로 입어도 이뻐서 잘 입게 되고 특유의 피그먼트가 매력적이네요. 포켓이 있었으면 더 이뻤을 거 같지만 그래도 아주 만족스럽습니다,5.0,False,SMALL,165.0,60.0,남성,2026-06-07 16:32:24,사이즈: 정사이즈 / 화면 대비 색감: 화면과 비슷 / 두께감: 적당함 / 퀄리티: 좋음,True,0,travel,상의,SMALL,,2026,6,7,일,5,응답,정사이즈,화면과 비슷,좋음,,적당함,,,,4.0,,,3.0,,0.0,0.0,0.0,0.0,,,단품으로 입어도 이뻐서 잘 입게 되고 특유의 피그먼트가 매력적이네요. 포켓이 있었으면 더 이뻤을 거 같지만 그래도 아주 만족스럽습니다,단품으로입어도이뻐서잘입게되고특유의피그먼트가매력적이네요포켓이있었으면더이뻤을거같지만그래도아주만족스럽습니다,0,0,0,0,0,False,74,56,74,True,오반 드레스,"('SMALL', None)",0,False,1,keep,unique,True,85006156
﻿4720611,85006603,general,죽창든간디,여름에 에어컨켜서 추울 때 입으면 좋음. 디자인 이쁨.,3.0,False,MEDIUM,173.0,76.0,남성,2026-06-07 16:56:54,사이즈: 정사이즈 / 화면 대비 색감: 화면과 비슷 / 퀄리티: 보통 / 두께감: 적당함,False,0,travel,아우터,MEDIUM,,2026,6,7,일,3,응답,정사이즈,화면과 비슷,보통,,적당함,,,,3.0,,,3.0,,0.0,0.0,0.0,0.0,,,여름에 에어컨켜서 추울 때 입으면 좋음. 디자인 이쁨.,여름에에어컨켜서추울때입으면좋음디자인이쁨,0,0,0,0,0,False,30,21,30,True,죽창든간디,"('MEDIUM', None)",0,False,1,keep,unique,True,85006603
﻿4969899,85006941,style,주제넘는은색잠옷,재질이 아주좋음 시원하고 입기도 편하네요 아주좋음,5.0,False,SKY BLUE · M,170.0,63.0,남성,2026-06-07 17:16:43,사이즈: 정사이즈 / 화면 대비 색감: 화면과 비슷 / 퀄리티: 보통 / 구김: 약간 있음,True,0,filluminate,상의,M,SKY BLUE,2026,6,7,일,5,응답,정사이즈,화면과 비슷,보통,약간 있음,,,,,3.0,,,,3.0,0.0,0.0,0.0,0.0,,,재질이 아주좋음 시원하고 입기도 편하네요 아주좋음,재질이아주좋음시원하고입기도편하네요아주좋음,0,0,0,0,0,False,27,22,27,True,주제넘는은색잠옷,"('M', 'SKY BLUE')",0,False,1,keep,unique,True,85006941
1884943,85007183,general,진실한하와이셔츠,"특유의 피그먼트 워싱 덕분에 자연스럽고 빈티지한 분위기가 아주 매력적인 티셔츠입니다. 미시간 울버린 그래픽이 클래식하면서도 트렌디한 느낌을 주네요. 엑스트라 라지 사이즈라 아주 여유롭고 트렌디한 벌룬핏/오버핏 연출이 가능합니다. 원단도 부드러워서 피부에 닿는 느낌이 좋고, 데일리로 툭 걸쳐 입기 최고입니다.",5.0,False,EXTRA LARGE,170.0,50.0,여성,2026-06-07 17:26:53,사이즈: 정사이즈 / 화면 대비 색감: 화면과 비슷 / 두께감: 적당함 / 신축성: 적당함,True,0,travel,상의,EXTRA LARGE,,2026,6,7,일,5,응답,정사이즈,화면과 비슷,,,적당함,적당함,,,,,3.0,3.0,,0.0,0.0,0.0,0.0,,,"특유의 피그먼트 워싱 덕분에 자연스럽고 빈티지한 분위기가 아주 매력적인 티셔츠입니다. 미시간 울버린 그래픽이 클래식하면서도 트렌디한 느낌을 주네요. 엑스트라 라지 사이즈라 아주 여유롭고 트렌디한 벌룬핏/오버핏 연출이 가능합니다. 원단도 부드러워서 피부에 닿는 느낌이 좋고, 데일리로 툭 걸쳐 입기 최고입니다.",특유의피그먼트워싱덕분에자연스럽고빈티지한분위기가아주매력적인티셔츠입니다미시간울버린그래픽이클래식하면서도트렌디한느낌을주네요엑스트라라지사이즈라아주여유롭고트렌디한벌룬핏오버핏연출이가능합니다원단도부드러워서피부에닿는느낌이좋고데일리로툭걸쳐입기최고입니다,0,0,0,0,0,False,172,130,172,True,진실한하와이셔츠,"('EXTRA LARGE', None)",0,False,1,keep,unique,True,85007183
﻿3244829,85007292,general,확실한LA쿠션,제멋 하프팬츠 사이즈 적당하고 편하고 좋습니다,5.0,False,그레이 · XL,185.0,99.0,남성,2026-06-07 17:32:31,사이즈: 정사이즈 / 화면 대비 색감: 화면과 비슷 / 퀄리티: 보통 / 신축성: 적당함,True,0,jemut,하의,XL,그레이,2026,6,7,일,5,응답,정사이즈,화면과 비슷,보통,,,적당함,,,3.0,,3.0,,,0.0,0.0,0.0,0.0,,,제멋 하프팬츠 사이즈 적당하고 편하고 좋습니다,제멋하프팬츠사이즈적당하고편하고좋습니다,0,0,0,0,0,False,25,20,25,True,확실한LA쿠션,"('XL', '그레이')",0,False,1,keep,unique,True,85007292
﻿4756936,85008513,general,파닥몽,팬츠 핏 이쁘고 좋습니다 하늘하늘해서 시원해요오,5.0,False,MEDIUM,168.0,66.0,남성,2026-06-07 18:31:37,사이즈: 정사이즈 / 화면 대비 색감: 화면과 비슷 / 퀄리티: 보통 / 신축성: 적당함,False,0,travel,하의,MEDIUM,,2026,6,7,일,5,응답,정사이즈,화면과 비슷,보통,,,적당함,,,3.0,,3.0,,,0.0,0.0,0.0,0.0,,,팬츠 핏 이쁘고 좋습니다 하늘하늘해서 시원해요오,팬츠핏이쁘고좋습니다하늘하늘해서시원해요오,0,0,0,0,0,False,26,21,26,True,파닥몽,"('MEDIUM', None)",0,False,1,keep,unique,True,85008513
﻿4728678,85009074,style,돌멩이구나,휘뚜루마뚜루 입을 수 있는 간절기용 아우터로 최고였습니다.,5.0,False,M,173.0,60.0,남성,2026-06-07 19:00:06,사이즈: 조금 큼 / 화면 대비 색감: 화면과 비슷 / 퀄리티: 보통 / 두께감: 얇음,True,0,filluminate,아우터,M,,2026,6,7,일,5,응답,조금 큼,화면과 비슷,보통,,얇음,,,,3.0,,,2.0,,1.0,1.0,0.0,0.0,,,휘뚜루마뚜루 입을 수 있는 간절기용 아우터로 최고였습니다.,휘뚜루마뚜루입을수있는간절기용아우터로최고였습니다,0,0,0,0,0,False,32,25,32,True,돌멩이구나,"('M', None)",0,False,1,keep,unique,True,85009074
4987047,85009267,general,aru_kr,기본티로 입기 딱 좋아요. 화면과 똑같이 와요!! 좋아요,5.0,False,화이트 · L,175.0,70.0,남성,2026-06-07 19:08:44,사이즈: 정사이즈 / 화면 대비 색감: 화면과 비슷 / 두께감: 적당함 / 신축성: 거의 없음,False,0,jemut,상의,L,화이트,2026,6,7,일,5,응답,정사이즈,화면과 비슷,,,적당함,거의 없음,,,,,2.0,3.0,,0.0,0.0,0.0,0.0,,,기본티로 입기 딱 좋아요. 화면과 똑같이 와요!! 좋아요,기본티로입기딱좋아요화면과똑같이와요좋아요,0,0,2,0,0,False,31,21,31,True,aru_kr,"('L', '화이트')",0,False,1,keep,unique,True,85009267
﻿4042936,85009303,general,알찬자색머슬핏,여름에 덥다고 느낄수있는 두께감이지만 그덕에 옷이 후즐근해 보이지않고 고급스러워 보입니다 생각했던것보다 훨씬 마음에 드네요 사이즈도 좋아요,5.0,False,아이보리 · XL,185.0,72.0,남성,2026-06-07 19:10:40,사이즈: 정사이즈 / 화면 대비 색감: 화면과 비슷 / 두께감: 두꺼움 / 신축성: 적당함,True,0,jemut,상의,XL,아이보리,2026,6,7,일,5,응답,정사이즈,화면과 비슷,,,두꺼움,적당함,,,,,3.0,4.0,,0.0,0.0,0.0,0.0,,,여름에 덥다고 느낄수있는 두께감이지만 그덕에 옷이 후즐근해 보이지않고 고급스러워 보입니다 생각했던것보다 훨씬 마음에 드네요 사이즈도 좋아요,여름에덥다고느낄수있는두께감이지만그덕에옷이후즐근해보이지않고고급스러워보입니다생각했던것보다훨씬마음에드네요사이즈도좋아요,0,0,0,0,0,False,77,62,77,True,알찬자색머슬핏,"('XL', '아이보리')",0,False,1,keep,unique,True,85009303
﻿3048829,85009662,general,딩동댕유치원,색이 별로 찐하지 않아서 좋아요!! 버튼으로 조절헐 수 있는것도 괜첞은데 넘어질때 단추때문에 무릎이 너무 아퍼요 ㅠㅜ 근ㄷ 완전 이쁨ㅎㅎ,5.0,False,LARGE,173.0,58.0,남성,2026-06-07 19:28:09,사이즈: 정사이즈 / 화면 대비 색감: 화면과 비슷 / 퀄리티: 매우 좋음 / 신축성: 적당함,False,0,travel,하의,LARGE,,2026,6,7,일,5,응답,정사이즈,화면과 비슷,매우 좋음,,,적당함,,,5.0,,3.0,,,0.0,0.0,0.0,0.0,,,색이 별로 찐하지 않아서 좋아요!! 버튼으로 조절헐 수 있는것도 괜첞은데 넘어질때 단추때문에 무릎이 너무 아퍼요 ㅠㅜ 근ㄷ 완전 이쁨ㅎㅎ,색이별로찐하지않아서좋아요버튼으로조절헐수있는것도괜첞은데넘어질때단추때문에무릎이너무아퍼요근완전이쁨,2,2,2,0,0,False,76,51,76,True,딩동댕유치원,"('LARGE', None)",0,False,1,keep,unique,True,85009662
﻿3791891,85009721,general,능동적인런던팔찌,편하게 입고다닐 수 있는 옷이에여 아무렇게나 코디해도 되요,5.0,False,L,178.0,80.0,남성,2026-06-07 19:32:32,사이즈: 조금 큼 / 화면 대비 색감: 화면과 비슷 / 퀄리티: 매우 좋음 / 구김: 거의 없음,False,0,filluminate,상의,L,,2026,6,7,일,5,응답,조금 큼,화면과 비슷,매우 좋음,거의 없음,,,,,5.0,,,,4.0,1.0,1.0,0.0,0.0,,,편하게 입고다닐 수 있는 옷이에여 아무렇게나 코디해도 되요,편하게입고다닐수있는옷이에여아무렇게나코디해도되요,0,0,0,0,0,False,32,25,32,True,능동적인런던팔찌,"('L', None)",0,False,1,keep,unique,True,85009721
﻿5177999,85009892,general,소심한물고기들,너무 잘 입는 티셔츠인데 세일하길래 다른 디자인으로 두 벌 더 구입했어요. 탄탄하고 좋아요.,5.0,False,03. 로고 라인업_블랙 차콜 · MEDIUM,163.0,52.0,여성,2026-06-07 19:44:38,사이즈: 정사이즈 / 화면 대비 색감: 화면과 비슷 / 두께감: 적당함 / 신축성: 거의 없음,True,0,travel,상의,MEDIUM,03. 로고 라인업_블랙 차콜,2026,6,7,일,5,응답,정사이즈,화면과 비슷,,,적당함,거의 없음,,,,,2.0,3.0,,0.0,0.0,0.0,0.0,,,너무 잘 입는 티셔츠인데 세일하길래 다른 디자인으로 두 벌 더 구입했어요. 탄탄하고 좋아요.,너무잘입는티셔츠인데세일하길래다른디자인으로두벌더구입했어요탄탄하고좋아요,0,0,0,0,0,False,51,37,51,True,소심한물고기들,"('MEDIUM', '03. 로고 라인업_블랙 차콜')",0,False,1,keep,unique,True,85009892
﻿6394441,85010193,experience,흐뭇한청담캐리어,우선 소재가 너무 맘에 들어요  자글자글하게 주름이 안 가고  빨래 하고 햇빛에 말리면 몇시간 내로 빠르게 말라요  여름에 잘 입을 것 같습니다!!  사이즈는 s인데 오버핏으로 맞았어요 촘촘한 체크에 블랙 색상이라 어느 하의에도 다 잘 어울리는 것 같습니다  잠궈 입어도 귀엽고 이너티와 함께 입어도 귀엽네요!  몸통 부분은 한겹으로 얇지만 카라는 덧대어져서 끝에 박음질도 되어 있어 변형도 없고 유지가 잘 됩니다 여름 반팔 셔츠 장만할 수 있어서 좋았습니다  저는 여행가서 잘 입고 다녔어요  앞가슴쪽에 주머니도 커여움 .. 추천합니다,5.0,True,S,155.0,50.0,여성,2026-06-07 20:00:12,사이즈: 정사이즈 / 화면 대비 색감: 화면과 비슷 / 퀄리티: 좋음 / 구김: 전혀 없음,True,0,filluminate,상의,S,,2026,6,7,일,5,응답,정사이즈,화면과 비슷,좋음,전혀 없음,,,,,4.0,,,,5.0,0.0,0.0,0.0,0.0,,,우선 소재가 너무 맘에 들어요 자글자글하게 주름이 안 가고 빨래 하고 햇빛에 말리면 몇시간 내로 빠르게 말라요 여름에 잘 입을 것 같습니다!! 사이즈는 s인데 오버핏으로 맞았어요 촘촘한 체크에 블랙 색상이라 어느 하의에도 다 잘 어울리는 것 같습니다 잠궈 입어도 귀엽고 이너티와 함께 입어도 귀엽네요! 몸통 부분은 한겹으로 얇지만 카라는 덧대어져서 끝에 박음질도 되어 있어 변형도 없고 유지가 잘 됩니다 여름 반팔 셔츠 장만할 수 있어서 좋았습니다 저는 여행가서 잘 입고 다녔어요 앞가슴쪽에 주머니도 커여움 .. 추천합니다,우선소재가너무맘에들어요자글자글하게주름이안가고빨래하고햇빛에말리면몇시간내로빠르게말라요여름에잘입을것같습니다사이즈는s인데오버핏으로맞았어요촘촘한체크에블랙색상이라어느하의에도다잘어울리는것같습니다잠궈입어도귀엽고이너티와함께입어도귀엽네요몸통부분은한겹으로얇지만카라는덧대어져서끝에박음질도되어있어변형도없고유지가잘됩니다여름반팔셔츠장만할수있어서좋았습니다저는여행가서잘입고다녔어요앞가슴쪽에주머니도커여움추천합니다,0,0,3,0,0,False,300,211,292,True,흐뭇한청담캐리어,"('S', None)",0,False,1,keep,unique,True,85010193
6322928,85010316,general,세심한광화문코튼,핏도 이쁘고 색깔도 이쁩니다 어떤 상의에도 잘 어울릴 것 같아요 재질도 시원해요,5.0,False,M,175.0,75.0,남성,2026-06-07 20:06:24,사이즈: 정사이즈 / 화면 대비 색감: 화면과 비슷 / 퀄리티: 보통 / 신축성: 강함,True,0,filluminate,하의,M,,2026,6,7,일,5,응답,정사이즈,화면과 비슷,보통,,,강함,,,3.0,,4.0,,,0.0,0.0,0.0,0.0,,,핏도 이쁘고 색깔도 이쁩니다 어떤 상의에도 잘 어울릴 것 같아요 재질도 시원해요,핏도이쁘고색깔도이쁩니다어떤상의에도잘어울릴것같아요재질도시원해요,0,0,0,0,0,False,44,33,44,True,세심한광화문코튼,"('M', None)",0,False,2,keep,multi_type_dup,True,85010316
﻿6108866,85010708,style,j__hyun96,여름에 이쁜 반팔셔츠 입으려고 구입했는데 색상도 너무 이쁘고 마감상태나 재질도 좋아요!! 오버핏이라 두루두루 남녀 안가리고 입어도 될거같아요 진짜 실물색이 너무 이쁩니다!,5.0,False,S,160.0,62.0,남성,2026-06-07 20:25:49,사이즈: 조금 큼 / 화면 대비 색감: 화면과 비슷 / 퀄리티: 매우 좋음 / 구김: 전혀 없음,True,0,filluminate,상의,S,,2026,6,7,일,5,응답,조금 큼,화면과 비슷,매우 좋음,전혀 없음,,,,,5.0,,,,5.0,1.0,1.0,0.0,0.0,,,여름에 이쁜 반팔셔츠 입으려고 구입했는데 색상도 너무 이쁘고 마감상태나 재질도 좋아요!! 오버핏이라 두루두루 남녀 안가리고 입어도 될거같아요 진짜 실물색이 너무 이쁩니다!,여름에이쁜반팔셔츠입으려고구입했는데색상도너무이쁘고마감상태나재질도좋아요오버핏이라두루두루남녀안가리고입어도될거같아요진짜실물색이너무이쁩니다,0,0,3,0,0,False,95,72,95,True,j__hyun96,"('S', None)",0,False,1,keep,unique,True,85010708
﻿6322928,85011165,general,유명한벨기에코트,생각보다 색상도 나쁘지 않고 바지가 시원해서 쩔어용,5.0,False,L,178.0,73.0,남성,2026-06-07 20:51:03,사이즈: 정사이즈 / 화면 대비 색감: 화면과 비슷 / 퀄리티: 보통 / 신축성: 적당함,False,0,filluminate,하의,L,,2026,6,7,일,5,응답,정사이즈,화면과 비슷,보통,,,적당함,,,3.0,,3.0,,,0.0,0.0,0.0,0.0,,,생각보다 색상도 나쁘지 않고 바지가 시원해서 쩔어용,생각보다색상도나쁘지않고바지가시원해서쩔어용,0,0,0,0,0,False,28,22,28,True,유명한벨기에코트,"('L', None)",0,False,1,keep,unique,True,85011165
﻿3516230,85012029,style,kaesper,팔부분이 저에겐 좀 길지만 두께감있고 좋습니다!,5.0,False,그레이 · L,170.0,75.0,남성,2026-06-07 21:27:27,사이즈: 정사이즈 / 화면 대비 색감: 화면과 비슷 / 두께감: 적당함 / 퀄리티: 보통,True,0,jemut,아우터,L,그레이,2026,6,7,일,5,응답,정사이즈,화면과 비슷,보통,,적당함,,,,3.0,,,3.0,,0.0,0.0,0.0,0.0,,,팔부분이 저에겐 좀 길지만 두께감있고 좋습니다!,팔부분이저에겐좀길지만두께감있고좋습니다,0,0,1,0,0,False,26,20,26,True,kaesper,"('L', '그레이')",0,False,1,keep,unique,True,85012029
﻿4694108,85012477,style,활발한체코치크,미디움이 생각보다는 큰 편입니다! 그렇다고 엄청 크진 않아서 살짝 오버한 핏이 나오긴 해요 그래도 예뻐서 잘 입습니다,5.0,False,MEDIUM,166.0,67.0,남성,2026-06-07 21:49:19,사이즈: 조금 큼 / 화면 대비 색감: 화면과 비슷 / 퀄리티: 보통 / 두께감: 적당함,True,0,travel,아우터,MEDIUM,,2026,6,7,일,5,응답,조금 큼,화면과 비슷,보통,,적당함,,,,3.0,,,3.0,,1.0,1.0,0.0,0.0,,,미디움이 생각보다는 큰 편입니다! 그렇다고 엄청 크진 않아서 살짝 오버한 핏이 나오긴 해요 그래도 예뻐서 잘 입습니다,미디움이생각보다는큰편입니다그렇다고엄청크진않아서살짝오버한핏이나오긴해요그래도예뻐서잘입습니다,0,0,1,0,0,False,65,48,65,True,활발한체코치크,"('MEDIUM', None)",0,False,1,keep,unique,True,85012477
﻿6338105,85012495,general,쵭스,너무 만족스럽습니다. 정사이즈이고 얇아서 여름에도 입을 수 있을 것 같네요. 재구매 의사 있습니다!,5.0,False,브라운 · 2XL,188.0,85.0,남성,2026-06-07 21:49:58,사이즈: 정사이즈 / 화면 대비 색감: 화면과 비슷 / 퀄리티: 매우 좋음 / 신축성: 적당함,True,0,jemut,하의,2XL,브라운,2026,6,7,일,5,응답,정사이즈,화면과 비슷,매우 좋음,,,적당함,,,5.0,,3.0,,,0.0,0.0,0.0,0.0,,,너무 만족스럽습니다. 정사이즈이고 얇아서 여름에도 입을 수 있을 것 같네요. 재구매 의사 있습니다!,너무만족스럽습니다정사이즈이고얇아서여름에도입을수있을것같네요재구매의사있습니다,0,0,1,0,0,False,55,40,55,True,쵭스,"('2XL', '브라운')",0,False,1,keep,unique,True,85012495
﻿6109230,85012505,general,무우야호5,싸서 구매했는데 도대체 어떻게 입어야할지 모르겠음 핏도 애매 색도 애매함,3.0,False,S,165.0,55.0,여성,2026-06-07 21:50:24,사이즈: 정사이즈 / 화면 대비 색감: 화면과 비슷 / 퀄리티: 보통 / 두께감: 적당함,False,0,filluminate,아우터,S,,2026,6,7,일,3,응답,정사이즈,화면과 비슷,보통,,적당함,,,,3.0,,,3.0,,0.0,0.0,0.0,0.0,,,싸서 구매했는데 도대체 어떻게 입어야할지 모르겠음 핏도 애매 색도 애매함,싸서구매했는데도대체어떻게입어야할지모르겠음핏도애매색도애매함,0,0,0,0,0,False,40,31,40,True,무우야호5,"('S', None)",0,False,1,keep,unique,True,85012505
﻿6394289,85012518,experience,높은플럼빈티지,여자도 오버핏으로 입기 좋은 사이즈의 반바지입니다. 길이가 딱 무릎 가려주는 길이여서 활동하기 편하고 다리가 얇아 보입니다. 엄청 와이드해서 공기가 잘 통해 시원하게 입기 좋고 살짝 항아리핏 느낌도 나는 것 같습니다. 핀턱이 앞뒤로 잡혀있는데 체형 커버하기 좋은 것 같습니다. 재질이 탄탄하고 도톰한 편이라 바지 모양을 잘 유지해줘서 좋습니다. 검은색이라 먼지가 잘 붙긴하지만 털어내면 떨어지고 보풀이 잘 나지 않는 재질이라 좋습니다.  마감도 깔끔하게 잘 돼있어서 세탁기 자주 돌려도 오래 입을 수 있을 것 같습니다. 힙하고 캐주얼하게 입기 좋은 버뮤다 반바지여서 기본템으로 추천합니다!,5.0,True,S,158.0,43.0,여성,2026-06-07 21:50:43,사이즈: 조금 큼 / 화면 대비 색감: 화면과 비슷 / 퀄리티: 매우 좋음 / 신축성: 적당함,True,0,filluminate,하의,S,,2026,6,7,일,5,응답,조금 큼,화면과 비슷,매우 좋음,,,적당함,,,5.0,,3.0,,,1.0,1.0,0.0,0.0,,,여자도 오버핏으로 입기 좋은 사이즈의 반바지입니다. 길이가 딱 무릎 가려주는 길이여서 활동하기 편하고 다리가 얇아 보입니다. 엄청 와이드해서 공기가 잘 통해 시원하게 입기 좋고 살짝 항아리핏 느낌도 나는 것 같습니다. 핀턱이 앞뒤로 잡혀있는데 체형 커버하기 좋은 것 같습니다. 재질이 탄탄하고 도톰한 편이라 바지 모양을 잘 유지해줘서 좋습니다. 검은색이라 먼지가 잘 붙긴하지만 털어내면 떨어지고 보풀이 잘 나지 않는 재질이라 좋습니다. 마감도 깔끔하게 잘 돼있어서 세탁기 자주 돌려도 오래 입을 수 있을 것 같습니다. 힙하고 캐주얼하게 입기 좋은 버뮤다 반바지여서 기본템으로 추천합니다!,여자도오버핏으로입기좋은사이즈의반바지입니다길이가딱무릎가려주는길이여서활동하기편하고다리가얇아보입니다엄청와이드해서공기가잘통해시원하게입기좋고살짝항아리핏느낌도나는것같습니다핀턱이앞뒤로잡혀있는데체형커버하기좋은것같습니다재질이탄탄하고도톰한편이라바지모양을잘유지해줘서좋습니다검은색이라먼지가잘붙긴하지만털어내면떨어지고보풀이잘나지않는재질이라좋습니다마감도깔끔하게잘돼있어서세탁기자주돌려도오래입을수있을것같습니다힙하고캐주얼하게입기좋은버뮤다반바지여서기본템으로추천합니다,0,0,1,0,0,False,329,241,328,True,높은플럼빈티지,"('S', None)",0,False,1,keep,unique,True,85012518
﻿6391691,85012805,general,기민한청색코지,이 가격에 정말 최고네요 면도 시원하고 크롭해서 세련됬어요~~~,5.0,False,LIGHT BLUE · [Crop ver.] M,170.0,67.0,남성,2026-06-07 22:00:43,사이즈: 정사이즈 / 화면 대비 색감: 화면과 비슷 / 퀄리티: 보통 / 구김: 약간 있음,False,0,filluminate,상의,M,LIGHT BLUE [Crop ver.],2026,6,7,일,5,응답,정사이즈,화면과 비슷,보통,약간 있음,,,,,3.0,,,,3.0,0.0,0.0,0.0,0.0,,,이 가격에 정말 최고네요 면도 시원하고 크롭해서 세련됬어요~~~,이가격에정말최고네요면도시원하고크롭해서세련됬어요,0,0,0,0,0,True,35,25,35,True,기민한청색코지,"('M', 'LIGHT BLUE [Crop ver.]')",0,False,1,keep,unique,True,85012805
﻿3048830,85013030,general,Ben_j_p,밑위가.. 왤케 길어어요.. 사이즈를 하나 작은 걸 샀어야하나.. 길이는 많이 길지 않은데 밑위 비율이 많이 큼  그리고 여기 회사 나일론 반바지 재질 좋아서 샀는데 그거랑 재질 달라요.. ㅠ,4.0,False,MEDIUM,168.0,73.0,남성,2026-06-07 22:12:38,사이즈: 조금 큼 / 화면 대비 색감: 화면과 비슷 / 퀄리티: 보통 / 신축성: 거의 없음,True,0,travel,하의,MEDIUM,,2026,6,7,일,4,응답,조금 큼,화면과 비슷,보통,,,거의 없음,,,3.0,,2.0,,,1.0,1.0,0.0,0.0,,,밑위가.. 왤케 길어어요.. 사이즈를 하나 작은 걸 샀어야하나.. 길이는 많이 길지 않은데 밑위 비율이 많이 큼 그리고 여기 회사 나일론 반바지 재질 좋아서 샀는데 그거랑 재질 달라요.. ㅠ,밑위가왤케길어어요사이즈를하나작은걸샀어야하나길이는많이길지않은데밑위비율이많이큼그리고여기회사나일론반바지재질좋아서샀는데그거랑재질달라요,0,1,0,0,0,False,107,70,106,True,Ben_j_p,"('MEDIUM', None)",0,False,1,keep,unique,True,85013030
﻿4952667,85013065,general,오늘도옷살거야?,빳빳한 재질은 아니라 편하게 입고 다니기 좋은? 놀러갈 때 입기 좋은 옷 같아요. 디자인이 너무 예뻐서 샀고... 저는 만족해요. 생각보다 빨아도 잘 안 늘어나네요 ㅋㅋ,5.0,False,M,173.0,68.0,남성,2026-06-07 22:13:37,사이즈: 정사이즈 / 화면 대비 색감: 화면과 비슷 / 두께감: 적당함 / 신축성: 적당함,True,0,filluminate,상의,M,,2026,6,7,일,5,응답,정사이즈,화면과 비슷,,,적당함,적당함,,,,,3.0,3.0,,0.0,0.0,0.0,0.0,,,빳빳한 재질은 아니라 편하게 입고 다니기 좋은? 놀러갈 때 입기 좋은 옷 같아요. 디자인이 너무 예뻐서 샀고... 저는 만족해요. 생각보다 빨아도 잘 안 늘어나네요 ㅋㅋ,빳빳한재질은아니라편하게입고다니기좋은놀러갈때입기좋은옷같아요디자인이너무예뻐서샀고저는만족해요생각보다빨아도잘안늘어나네요,2,0,0,1,0,True,94,62,94,True,오늘도옷살거야?,"('M', None)",0,False,1,keep,unique,True,85013065
4969807,85013084,general,과감한플럼팬츠,린넨치고 안비치고 구김적어서 좋네요 맘에들어요 ㅎ,5.0,False,BEIGE · M,175.0,71.0,남성,2026-06-07 22:14:43,사이즈: 정사이즈 / 화면 대비 색감: 화면과 비슷 / 퀄리티: 좋음 / 신축성: 강함,True,0,filluminate,하의,M,BEIGE,2026,6,7,일,5,응답,정사이즈,화면과 비슷,좋음,,,강함,,,4.0,,4.0,,,0.0,0.0,0.0,0.0,,,린넨치고 안비치고 구김적어서 좋네요 맘에들어요 ㅎ,린넨치고안비치고구김적어서좋네요맘에들어요,1,0,0,0,0,False,27,21,27,True,과감한플럼팬츠,"('M', 'BEIGE')",0,False,1,keep,unique,True,85013084
﻿4969807,85013136,style,과감한플럼팬츠,린넨치고 안비치고 구김적어서 좋네요 맘에들어요 ㅎ,5.0,False,BEIGE · M,175.0,71.0,남성,2026-06-07 22:17:03,사이즈: 정사이즈 / 화면 대비 색감: 화면과 비슷 / 퀄리티: 좋음 / 신축성: 강함,True,0,filluminate,하의,M,BEIGE,2026,6,7,일,5,응답,정사이즈,화면과 비슷,좋음,,,강함,,,4.0,,4.0,,,0.0,0.0,0.0,0.0,,,린넨치고 안비치고 구김적어서 좋네요 맘에들어요 ㅎ,린넨치고안비치고구김적어서좋네요맘에들어요,1,0,0,0,0,False,27,21,27,True,과감한플럼팬츠,"('M', 'BEIGE')",0,False,1,keep,unique,True,85013136
﻿4969869,85013230,general,즐거운보라색미니,가볍고 편함. 구김이 있긴 한디 신경쓸정도는 아님.  가볍게 입을 때 좋음.,5.0,False,GREY · XL,185.0,74.0,남성,2026-06-07 22:20:01,사이즈: 정사이즈 / 화면 대비 색감: 화면과 비슷 / 퀄리티: 보통 / 구김: 약간 있음,False,0,filluminate,상의,XL,GREY,2026,6,7,일,5,응답,정사이즈,화면과 비슷,보통,약간 있음,,,,,3.0,,,,3.0,0.0,0.0,0.0,0.0,,,가볍고 편함. 구김이 있긴 한디 신경쓸정도는 아님. 가볍게 입을 때 좋음.,가볍고편함구김이있긴한디신경쓸정도는아님가볍게입을때좋음,0,0,0,0,0,False,42,28,41,True,즐거운보라색미니,"('XL', 'GREY')",0,False,1,keep,unique,True,85013230
﻿6205180,85013395,general,하하나는보이,사이즈가 잘맞아요 정핏이에요 잘늘어나지 않습니다,5.0,False,M,172.0,77.0,남성,2026-06-07 22:26:43,사이즈: 정사이즈 / 화면 대비 색감: 화면과 비슷 / 두께감: 적당함 / 신축성: 적당함,False,0,travel,상의,M,,2026,6,7,일,5,응답,정사이즈,화면과 비슷,,,적당함,적당함,,,,,3.0,3.0,,0.0,0.0,0.0,0.0,,,사이즈가 잘맞아요 정핏이에요 잘늘어나지 않습니다,사이즈가잘맞아요정핏이에요잘늘어나지않습니다,0,0,0,0,0,False,26,22,26,True,하하나는보이,"('M', None)",0,False,1,keep,unique,True,85013395
﻿6108854,85013442,general,레드베레,셔츠 엄청 예쁘고 시원합니다!! 크롭셔츠라 기장이 짧은건 알았는데 생각보다 더 짧앗어요,5.0,False,L,185.0,90.0,남성,2026-06-07 22:28:33,사이즈: 조금 작음 / 화면 대비 색감: 화면과 비슷 / 퀄리티: 보통 / 구김: 약간 있음,False,0,filluminate,상의,L,,2026,6,7,일,5,응답,조금 작음,화면과 비슷,보통,약간 있음,,,,,3.0,,,,3.0,-1.0,1.0,0.0,0.0,,,셔츠 엄청 예쁘고 시원합니다!! 크롭셔츠라 기장이 짧은건 알았는데 생각보다 더 짧앗어요,셔츠엄청예쁘고시원합니다크롭셔츠라기장이짧은건알았는데생각보다더짧앗어요,0,0,2,0,0,False,48,36,48,True,레드베레,"('L', None)",0,False,1,keep,unique,True,85013442
﻿4697060,85013520,general,sstory,"빈티지한 색감이 정말 마음에 들어요. 재질이 부드럽고 탄탄해서 편하게 입기 좋아요. L 사이즈인데 여유 있는 핏이라 활동하기에도 불편함 없고, 후드 모양도 자연스러워서 부담 없네요. 전체적으로 가격대비 퀄리티가 좋아서 만족스럽습니다.",5.0,False,L,174.0,73.0,남성,2026-06-07 22:31:39,사이즈: 정사이즈 / 화면 대비 색감: 화면과 비슷 / 두께감: 적당함 / 퀄리티: 보통,False,0,filluminate,상의,L,,2026,6,7,일,5,응답,정사이즈,화면과 비슷,보통,,적당함,,,,3.0,,,3.0,,0.0,0.0,0.0,0.0,,,"빈티지한 색감이 정말 마음에 들어요. 재질이 부드럽고 탄탄해서 편하게 입기 좋아요. L 사이즈인데 여유 있는 핏이라 활동하기에도 불편함 없고, 후드 모양도 자연스러워서 부담 없네요. 전체적으로 가격대비 퀄리티가 좋아서 만족스럽습니다.",빈티지한색감이정말마음에들어요재질이부드럽고탄탄해서편하게입기좋아요l사이즈인데여유있는핏이라활동하기에도불편함없고후드모양도자연스러워서부담없네요전체적으로가격대비퀄리티가좋아서만족스럽습니다,0,0,0,0,0,False,130,96,130,True,sstory,"('L', None)",0,False,1,keep,unique,True,85013520
﻿5911790,85014389,general,도 경2,와이드한게 핏이 이쁘네요 잘 입을거 같습니다 만족스러워요,5.0,False,S,170.0,62.0,남성,2026-06-07 23:10:15,사이즈: 정사이즈 / 화면 대비 색감: 화면과 비슷 / 퀄리티: 보통 / 신축성: 적당함,False,0,filluminate,하의,S,,2026,6,7,일,5,응답,정사이즈,화면과 비슷,보통,,,적당함,,,3.0,,3.0,,,0.0,0.0,0.0,0.0,,,와이드한게 핏이 이쁘네요 잘 입을거 같습니다 만족스러워요,와이드한게핏이이쁘네요잘입을거같습니다만족스러워요,0,0,0,0,0,False,31,25,31,True,도 경2,"('S', None)",0,False,1,keep,unique,True,85014389
﻿3455892,85014439,general,탈영병아리춘수,디자인도 마음에들고 핏도 예뻐요 다른색들도 구매하고 싶어요. 다른옷들이랑 매칭도 잘돼서 좋아요,5.0,False,M,172.0,70.0,남성,2026-06-07 23:12:44,사이즈: 정사이즈 / 화면 대비 색감: 화면과 비슷 / 퀄리티: 보통 / 두께감: 적당함,True,0,filluminate,아우터,M,,2026,6,7,일,5,응답,정사이즈,화면과 비슷,보통,,적당함,,,,3.0,,,3.0,,0.0,0.0,0.0,0.0,,,디자인도 마음에들고 핏도 예뻐요 다른색들도 구매하고 싶어요. 다른옷들이랑 매칭도 잘돼서 좋아요,디자인도마음에들고핏도예뻐요다른색들도구매하고싶어요다른옷들이랑매칭도잘돼서좋아요,0,0,0,0,0,False,52,41,52,True,탈영병아리춘수,"('M', None)",0,False,1,keep,unique,True,85014439
﻿1884943,85014608,general,숙련된대학로세럼,"무난하게 입기 좋고, 너무 밝지 않은 색깔인 것 같습니다!!",5.0,False,EXTRA LARGE,170.0,85.0,여성,2026-06-07 23:18:41,사이즈: 정사이즈 / 화면 대비 색감: 화면과 비슷 / 두께감: 얇음 / 신축성: 적당함,False,0,travel,상의,EXTRA LARGE,,2026,6,7,일,5,응답,정사이즈,화면과 비슷,,,얇음,적당함,,,,,3.0,2.0,,0.0,0.0,0.0,0.0,,,"무난하게 입기 좋고, 너무 밝지 않은 색깔인 것 같습니다!!",무난하게입기좋고너무밝지않은색깔인것같습니다,0,0,2,0,0,False,33,22,33,True,숙련된대학로세럼,"('EXTRA LARGE', None)",0,False,1,keep,unique,True,85014608
﻿3963796,85014641,general,숙련된대학로세럼,색감이 너무 이쁘고 프린팅 맛집인듯!! 팔기장도 적당하고 무난하게 입기 좋아요!,5.0,False,EXTRA LARGE,170.0,85.0,여성,2026-06-07 23:20:01,사이즈: 정사이즈 / 화면 대비 색감: 어두움 / 두께감: 적당함 / 신축성: 적당함,False,0,travel,상의,EXTRA LARGE,,2026,6,7,일,5,응답,정사이즈,어두움,,,적당함,적당함,,,,,3.0,3.0,,0.0,0.0,-1.0,1.0,,,색감이 너무 이쁘고 프린팅 맛집인듯!! 팔기장도 적당하고 무난하게 입기 좋아요!,색감이너무이쁘고프린팅맛집인듯팔기장도적당하고무난하게입기좋아요,0,0,3,0,0,False,44,32,44,True,숙련된대학로세럼,"('EXTRA LARGE', None)",0,False,1,keep,unique,True,85014641
﻿4987047,85015009,general,이색적인멕시코룩,핏도 스타일도 펀하고 이쁩니다 사진과 똑같습니다,5.0,False,그레이 · M,166.0,51.0,여성,2026-06-07 23:38:20,사이즈: 정사이즈 / 화면 대비 색감: 화면과 비슷 / 두께감: 적당함 / 신축성: 적당함,False,0,jemut,상의,M,그레이,2026,6,7,일,5,응답,정사이즈,화면과 비슷,,,적당함,적당함,,,,,3.0,3.0,,0.0,0.0,0.0,0.0,,,핏도 스타일도 펀하고 이쁩니다 사진과 똑같습니다,핏도스타일도펀하고이쁩니다사진과똑같습니다,0,0,0,0,0,False,26,21,26,True,이색적인멕시코룩,"('M', '그레이')",0,False,1,keep,unique,True,85015009
﻿5911789,85015312,general,현대적인LA정장,크롭기장 상의랑 같이 입으면은 좋을것 같습니당~,5.0,False,BEIGE · XS,165.0,54.0,여성,2026-06-07 23:51:39,사이즈: 정사이즈 / 화면 대비 색감: 화면과 비슷 / 퀄리티: 보통 / 신축성: 적당함,False,0,filluminate,하의,XS,BEIGE,2026,6,7,일,5,응답,정사이즈,화면과 비슷,보통,,,적당함,,,3.0,,3.0,,,0.0,0.0,0.0,0.0,,,크롭기장 상의랑 같이 입으면은 좋을것 같습니당~,크롭기장상의랑같이입으면은좋을것같습니당,0,0,0,0,0,False,26,20,26,True,현대적인LA정장,"('XS', 'BEIGE')",0,False,1,keep,unique,True,85015312
﻿4987046,85015588,general,섭섭한아재,두께감 조금 두껍긴 한데 핏이 딴딴해서 잘잡혀서 좋아여,5.0,False,그레이 · L,178.0,70.0,남성,2026-06-08 00:02:01,사이즈: 정사이즈 / 화면 대비 색감: 화면과 비슷 / 두께감: 적당함 / 신축성: 적당함,False,0,jemut,상의,L,그레이,2026,6,8,월,5,응답,정사이즈,화면과 비슷,,,적당함,적당함,,,,,3.0,3.0,,0.0,0.0,0.0,0.0,,,두께감 조금 두껍긴 한데 핏이 딴딴해서 잘잡혀서 좋아여,두께감조금두껍긴한데핏이딴딴해서잘잡혀서좋아여,0,0,0,0,0,False,30,23,30,True,섭섭한아재,"('L', '그레이')",0,False,1,keep,unique,True,85015588
﻿6394336,85015757,experience,shxxj,"실물로 받아보니 화면에서 보이던 아이보리보다는 베이지 톤이 조금 더 강하게 느껴졌습니다. 오히려 그 덕분에 빈티지한 무드가 더 잘 살아나고 자연스러운 워싱 느낌도 매력적이었습니다. 전면 그래픽도 과하게 튀지 않아 데일리로 입기 부담 없고 전체적인 분위기와 잘 어울립니다. 코튼 100% 원단이라 착용감이 가볍고 통기성이 좋아 편하게 입을 수 있으며 피부에 닿는 촉감도 부드러운 편입니다. 핏은 적당히 여유 있는 레귤러핏이라 체형에 크게 구애받지 않고 자연스럽게 떨어집니다. 어깨선과 기장감도 무난해서 단독으로 입어도 깔끔한 실루엣이 연출됩니다. 워싱 특유의 색감과 텍스처가 돋보여 기본 티셔츠보다 확실히 분위기가 있는 제품입니다. 데님이나 카고 팬츠와 특히 잘 어울리고 밝은 색상의 팬츠와 매치해도 멋스럽습니다. 전체적으로 빈티지한 감성을 좋아한다면 만족할 만한 제품이며, 실물 색감이 더 고급스럽게 느껴져 개인적으로는 더욱 마음에 들었습니다.",4.0,True,M,171.0,64.0,남성,2026-06-08 00:12:26,사이즈: 정사이즈 / 화면 대비 색감: 밝음 / 두께감: 적당함 / 신축성: 적당함,True,0,filluminate,상의,M,,2026,6,8,월,4,응답,정사이즈,밝음,,,적당함,적당함,,,,,3.0,3.0,,0.0,0.0,1.0,1.0,,,"실물로 받아보니 화면에서 보이던 아이보리보다는 베이지 톤이 조금 더 강하게 느껴졌습니다. 오히려 그 덕분에 빈티지한 무드가 더 잘 살아나고 자연스러운 워싱 느낌도 매력적이었습니다. 전면 그래픽도 과하게 튀지 않아 데일리로 입기 부담 없고 전체적인 분위기와 잘 어울립니다. 코튼 100% 원단이라 착용감이 가볍고 통기성이 좋아 편하게 입을 수 있으며 피부에 닿는 촉감도 부드러운 편입니다. 핏은 적당히 여유 있는 레귤러핏이라 체형에 크게 구애받지 않고 자연스럽게 떨어집니다. 어깨선과 기장감도 무난해서 단독으로 입어도 깔끔한 실루엣이 연출됩니다. 워싱 특유의 색감과 텍스처가 돋보여 기본 티셔츠보다 확실히 분위기가 있는 제품입니다. 데님이나 카고 팬츠와 특히 잘 어울리고 밝은 색상의 팬츠와 매치해도 멋스럽습니다. 전체적으로 빈티지한 감성을 좋아한다면 만족할 만한 제품이며, 실물 색감이 더 고급스럽게 느껴져 개인적으로는 더욱 마음에 들었습니다.",실물로받아보니화면에서보이던아이보리보다는베이지톤이조금더강하게느껴졌습니다오히려그덕분에빈티지한무드가더잘살아나고자연스러운워싱느낌도매력적이었습니다전면그래픽도과하게튀지않아데일리로입기부담없고전체적인분위기와잘어울립니다코튼100원단이라착용감이가볍고통기성이좋아편하게입을수있으며피부에닿는촉감도부드러운편입니다핏은적당히여유있는레귤러핏이라체형에크게구애받지않고자연스럽게떨어집니다어깨선과기장감도무난해서단독으로입어도깔끔한실루엣이연출됩니다워싱특유의색감과텍스처가돋보여기본티셔츠보다확실히분위기가있는제품입니다데님이나카고팬츠와특히잘어울리고밝은색상의팬츠와매치해도멋스럽습니다전체적으로빈티지한감성을좋아한다면만족할만한제품이며실물색감이더고급스럽게느껴져개인적으로는더욱마음에들었습니다,0,0,0,0,0,False,472,350,472,True,shxxj,"('M', None)",0,False,1,keep,unique,True,85015757
﻿4042937,85015899,general,바람직한미국셔링,. 너무 맘에 들어서 매번 사는 옷 입니다.  색도 선명합니다,5.0,False,블랙 · 2XL,168.0,87.0,남성,2026-06-08 00:21:32,사이즈: 정사이즈 / 화면 대비 색감: 화면과 비슷 / 두께감: 적당함 / 신축성: 적당함,False,1,jemut,상의,2XL,블랙,2026,6,8,월,5,응답,정사이즈,화면과 비슷,,,적당함,적당함,,,,,3.0,3.0,,0.0,0.0,0.0,0.0,,,. 너무 맘에 들어서 매번 사는 옷 입니다. 색도 선명합니다,너무맘에들어서매번사는옷입니다색도선명합니다,0,0,0,0,0,False,34,22,33,True,바람직한미국셔링,"('2XL', '블랙')",0,False,1,keep,unique,True,85015899
﻿5092725,85016381,general,마드리드파스텔,핏 딱 맞고 정말 편하고 이뻐요. 가성비도 좋고 데일리로 입기 좋은듯,5.0,False,LIGHT BLUE · XL,178.0,84.0,남성,2026-06-08 00:51:26,사이즈: 정사이즈 / 화면 대비 색감: 화면과 비슷 / 퀄리티: 매우 좋음 / 신축성: 강함,False,0,filluminate,하의,XL,LIGHT BLUE,2026,6,8,월,5,응답,정사이즈,화면과 비슷,매우 좋음,,,강함,,,5.0,,4.0,,,0.0,0.0,0.0,0.0,,,핏 딱 맞고 정말 편하고 이뻐요. 가성비도 좋고 데일리로 입기 좋은듯,핏딱맞고정말편하고이뻐요가성비도좋고데일리로입기좋은듯,0,0,0,0,0,False,38,27,38,True,마드리드파스텔,"('XL', 'LIGHT BLUE')",0,False,1,keep,unique,True,85016381
﻿6394439,85017241,experience,보송밥,"링크 소재라 통기성이 좋아 시원하게 착용할 수 있었고, 원단이 살짝 고슬고슬하면서도 부드러워 피부에 닿는 느낌이 편안했습니다. 커피빛이 도는 체크 패턴이라 차분하면서도 은근한 포인트가 되어 데일리로 활용하기 좋았어요. 적당한 크롭 기장 덕분에 비율이 좋아 보이고 트렌디한 느낌도 납니다. 비슷한 스타일의 셔츠가 많지만 기장이 특히 예뻐서 손이 자주 가고, 혈육도 디자인도 귀엽고 크롭한 기장이 예쁘다고 해줘서 만족스러운 제품이었습니다. 다만 소재가 가볍고 얇아서 살짝 비침이 있는 점이 아쉬웠습니다. 그치만 재질,패턴,기장이 야무지기 때문에 여름체크셔츠를 찾고있다면 추천합니다. 👍👍",5.0,True,S,163.0,63.0,여성,2026-06-08 02:35:10,사이즈: 정사이즈 / 화면 대비 색감: 화면과 비슷 / 퀄리티: 좋음 / 구김: 약간 있음,True,0,filluminate,상의,S,,2026,6,8,월,5,응답,정사이즈,화면과 비슷,좋음,약간 있음,,,,,4.0,,,,3.0,0.0,0.0,0.0,0.0,,,"링크 소재라 통기성이 좋아 시원하게 착용할 수 있었고, 원단이 살짝 고슬고슬하면서도 부드러워 피부에 닿는 느낌이 편안했습니다. 커피빛이 도는 체크 패턴이라 차분하면서도 은근한 포인트가 되어 데일리로 활용하기 좋았어요. 적당한 크롭 기장 덕분에 비율이 좋아 보이고 트렌디한 느낌도 납니다. 비슷한 스타일의 셔츠가 많지만 기장이 특히 예뻐서 손이 자주 가고, 혈육도 디자인도 귀엽고 크롭한 기장이 예쁘다고 해줘서 만족스러운 제품이었습니다. 다만 소재가 가볍고 얇아서 살짝 비침이 있는 점이 아쉬웠습니다. 그치만 재질,패턴,기장이 야무지기 때문에 여름체크셔츠를 찾고있다면 추천합니다.",링크소재라통기성이좋아시원하게착용할수있었고원단이살짝고슬고슬하면서도부드러워피부에닿는느낌이편안했습니다커피빛이도는체크패턴이라차분하면서도은근한포인트가되어데일리로활용하기좋았어요적당한크롭기장덕분에비율이좋아보이고트렌디한느낌도납니다비슷한스타일의셔츠가많지만기장이특히예뻐서손이자주가고혈육도디자인도귀엽고크롭한기장이예쁘다고해줘서만족스러운제품이었습니다다만소재가가볍고얇아서살짝비침이있는점이아쉬웠습니다그치만재질패턴기장이야무지기때문에여름체크셔츠를찾고있다면추천합니다,0,0,0,0,2,False,326,242,323,True,보송밥,"('S', None)",0,False,1,keep,unique,True,85017241
