goodsNo,리뷰번호,리뷰타입,작성자,리뷰내용,평점,체험단,구매옵션,키,몸무게,성별,작성일,만족도,사진유무,도움돼요,브랜드,카테고리,구매사이즈,구매상세,연도,월,일,요일,평점_raw,만족도_응답여부,사이즈,화면대비색감,퀄리티,구김,두께감,신축성,보온성,퀄리티_점수,보온성_점수,신축성_점수,두께감_점수,구김_점수,사이즈_편차,사이즈_편차절대,화면대비색감_편차,화면대비색감_편차절대
994588,86834124,general,영찡이,깔끔하고 오버하니 이쁩니다 여름에 가볍게 툭하고 걸치기 좋을것 같습니다,5.0,False,L(린넨),169.0,80.0,남성,2026-08-09 21:51:40,사이즈: 정사이즈 / 화면 대비 색감: 화면과 비슷 / 퀄리티: 매우 좋음 / 구김: 약간 있음,True,0,filluminate,상의,L,(린넨),2026,8,9,일,5,응답,정사이즈,화면과 비슷,매우 좋음,약간 있음,,,,5.0,,,,3.0,0.0,0.0,0.0,0.0
994588,86834109,style,영찡이,깔끔하고 오버하니 이쁩니다 여름에 가볍게 툭하고 걸치기 좋을것 같습니다,5.0,False,L(린넨),169.0,80.0,남성,2026-08-09 21:50:14,사이즈: 정사이즈 / 화면 대비 색감: 화면과 비슷 / 퀄리티: 매우 좋음 / 구김: 약간 있음,True,0,filluminate,상의,L,(린넨),2026,8,9,일,5,응답,정사이즈,화면과 비슷,매우 좋음,약간 있음,,,,5.0,,,,3.0,0.0,0.0,0.0,0.0
994588,86826123,general,Adam182,생각보다 두껍고 기장이 길지 않아서 좀 아쉬웠습니다,3.0,False,L(린넨),174.0,90.0,남성,2026-08-09 14:09:48,사이즈: 정사이즈 / 화면 대비 색감: 밝음 / 퀄리티: 보통 / 구김: 약간 있음,False,0,filluminate,상의,L,(린넨),2026,8,9,일,3,응답,정사이즈,밝음,보통,약간 있음,,,,3.0,,,,3.0,0.0,0.0,1.0,1.0
994588,86799361,general,최꼬,핏이 너무 이쁘네요 타브랜드도 하나 샀는데 둘다 입어보고 바로 반품했어요. 네이비도 하나사려합니다.,5.0,False,L(린넨),175.0,83.0,남성,2026-08-07 20:25:52,사이즈: 조금 큼 / 화면 대비 색감: 화면과 비슷 / 퀄리티: 매우 좋음 / 구김: 많음,False,0,filluminate,상의,L,(린넨),2026,8,7,금,5,응답,조금 큼,화면과 비슷,매우 좋음,많음,,,,5.0,,,,2.0,1.0,1.0,0.0,0.0
994588,86798469,general,흔한라임모자,사이즈가  생각보다크지만 재질등 상태가좋아요,4.0,False,XL(린넨),183.0,90.0,남성,2026-08-07 19:22:56,사이즈: 조금 큼 / 화면 대비 색감: 화면과 비슷 / 퀄리티: 보통 / 구김: 약간 있음,False,0,filluminate,상의,XL,(린넨),2026,8,7,금,4,응답,조금 큼,화면과 비슷,보통,약간 있음,,,,3.0,,,,3.0,1.0,1.0,0.0,0.0
994588,86791764,general,활발한런던머리띠,빠른 배송 감사합니다 한 여름 ~ 입기에는 조금 두꺼운 재질 입니다,4.0,False,XL(린넨),180.0,94.0,남성,2026-08-07 13:03:05,사이즈: 정사이즈 / 화면 대비 색감: 화면과 비슷 / 퀄리티: 좋음 / 구김: 약간 있음,False,0,filluminate,상의,XL,(린넨),2026,8,7,금,4,응답,정사이즈,화면과 비슷,좋음,약간 있음,,,,4.0,,,,3.0,0.0,0.0,0.0,0.0
994588,86761812,general,단순한뉴욕등산화,"사이즈가 오버핏이니 상세사이즈 필수 확인, 린넨이지만 옥스포드 만큼 두꺼워요",3.0,False,S(린넨),171.0,69.0,남성,2026-08-05 20:58:27,사이즈: 많이 큼 / 화면 대비 색감: 화면과 비슷 / 퀄리티: 매우 좋음 / 구김: 많음,False,0,filluminate,상의,S,(린넨),2026,8,5,수,3,응답,많이 큼,화면과 비슷,매우 좋음,많음,,,,5.0,,,,2.0,2.0,2.0,0.0,0.0
994588,86737653,general,지똥22222,예전에 1번 구매 했었는데 너무 잘 입어서 다시 구매합니다. 여름에 입으면 예뻐요.,5.0,False,M(린넨),170.0,65.0,여성,2026-08-04 20:02:29,사이즈: 조금 큼 / 화면 대비 색감: 화면과 비슷 / 퀄리티: 보통 / 구김: 약간 있음,True,0,filluminate,상의,M,(린넨),2026,8,4,화,5,응답,조금 큼,화면과 비슷,보통,약간 있음,,,,3.0,,,,3.0,1.0,1.0,0.0,0.0
994588,86731232,general,가끔사요,생각보다 두꺼운 린넨소재라 한여름 (지금 매우더운)에는 못입을거같아요 안이 비치긴한데 좀 두껍네요 디자인적으로는 착 떨어져서 휴가룩에도 잘 어울릴거같아요 잘입어보겠습니다,4.0,False,XL(린넨),182.0,82.0,남성,2026-08-04 15:04:21,사이즈: 정사이즈 / 화면 대비 색감: 화면과 비슷 / 퀄리티: 보통 / 구김: 많음,False,0,filluminate,상의,XL,(린넨),2026,8,4,화,4,응답,정사이즈,화면과 비슷,보통,많음,,,,3.0,,,,2.0,0.0,0.0,0.0,0.0
994588,86707943,general,차콩돌,생각보다 두께감 조금 있지만 사이즈도 넉넉해수 좋아요,5.0,False,XL(린넨),184.0,80.0,남성,2026-08-03 09:39:49,사이즈: 조금 큼 / 화면 대비 색감: 화면과 비슷 / 퀄리티: 매우 좋음 / 구김: 거의 없음,False,0,filluminate,상의,XL,(린넨),2026,8,3,월,5,응답,조금 큼,화면과 비슷,매우 좋음,거의 없음,,,,5.0,,,,4.0,1.0,1.0,0.0,0.0
994588,86687626,general,기가막힌남색단추,생각보다 핏이 이쁨. 한여름에 입기에는 두께감이 있음. 한여름빼고 입도다닐수 있을정도로 활용성이 좋을듯. 재질도 딱 마음에 듬.,5.0,False,L(린넨),180.0,84.0,missing,2026-08-02 05:03:23,사이즈: 정사이즈 / 화면 대비 색감: 화면과 비슷 / 퀄리티: 매우 좋음 / 구김: 많음,True,0,filluminate,상의,L,(린넨),2026,8,2,일,5,응답,정사이즈,화면과 비슷,매우 좋음,많음,,,,5.0,,,,2.0,0.0,0.0,0.0,0.0
﻿3791891,86834973,style,비범한이태리샌들,너무이쁘고 맘에들어서 다음에 또 구매하고 싶어요!!,5.0,False,XL,178.0,85.0,남성,2026-08-09 22:31:10,사이즈: 정사이즈 / 화면 대비 색감: 화면과 비슷 / 퀄리티: 보통 / 구김: 약간 있음,True,0,filluminate,상의,XL,,2026,8,9,일,5,응답,정사이즈,화면과 비슷,보통,약간 있음,,,,3.0,,,,3.0,0.0,0.0,0.0,0.0
3791891,86803642,style,이터니티수,휘두루마두루 입기 좋은 스타일이라 좋아요~ 두께가 여름에는 입기 힘들거같아서 가을되면 입을 예정입니다!!,5.0,False,M,176.0,64.0,남성,2026-08-08 00:56:06,사이즈: 조금 큼 / 화면 대비 색감: 화면과 비슷 / 퀄리티: 보통 / 구김: 약간 있음,True,0,filluminate,상의,M,,2026,8,8,토,5,응답,조금 큼,화면과 비슷,보통,약간 있음,,,,3.0,,,,3.0,1.0,1.0,0.0,0.0
3791891,86803635,general,이터니티수,휘두루마두루 입기 좋은 스타일이라 좋아요~ 두께가 여름에는 입기 힘들거같아서 가을되면 입을 예정입니다!!,5.0,False,M,176.0,64.0,남성,2026-08-08 00:55:35,사이즈: 조금 큼 / 화면 대비 색감: 화면과 비슷 / 퀄리티: 보통 / 구김: 약간 있음,True,0,filluminate,상의,M,,2026,8,8,토,5,응답,조금 큼,화면과 비슷,보통,약간 있음,,,,3.0,,,,3.0,1.0,1.0,0.0,0.0
3791891,86797529,general,Porschec,두께 적당하고 착용감 좋아요 오래 잘 입을 것 같아요,5.0,False,M,170.0,70.0,남성,2026-08-07 18:19:52,사이즈: 정사이즈 / 화면 대비 색감: 화면과 비슷 / 퀄리티: 보통 / 구김: 약간 있음,True,0,filluminate,상의,M,,2026,8,7,금,5,응답,정사이즈,화면과 비슷,보통,약간 있음,,,,3.0,,,,3.0,0.0,0.0,0.0,0.0
3791891,86789151,style,활기찬플럼아웃핏,스타일링 하기 너무 좋고 재질도 너무너무 좋아요,5.0,False,M,170.0,72.0,남성,2026-08-07 10:00:52,사이즈: 정사이즈 / 화면 대비 색감: 화면과 비슷 / 퀄리티: 보통 / 구김: 약간 있음,True,0,filluminate,상의,M,,2026,8,7,금,5,응답,정사이즈,화면과 비슷,보통,약간 있음,,,,3.0,,,,3.0,0.0,0.0,0.0,0.0
3791891,86789141,general,활기찬플럼아웃핏,스타일링 하기 좋고 재질도 좋아요 여름에는 살짝 더움,5.0,False,M,170.0,72.0,남성,2026-08-07 09:59:38,사이즈: 정사이즈 / 화면 대비 색감: 화면과 비슷 / 퀄리티: 보통 / 구김: 약간 있음,False,0,filluminate,상의,M,,2026,8,7,금,5,응답,정사이즈,화면과 비슷,보통,약간 있음,,,,3.0,,,,3.0,0.0,0.0,0.0,0.0
3791891,86782355,general,뻔뻔한한라산크롭,핏이 생각보다 좋아서 딱 벌어짐 이정도면 이 돈 주고 삼,5.0,False,L,178.0,80.0,남성,2026-08-06 21:29:53,사이즈: 조금 큼 / 화면 대비 색감: 화면과 비슷 / 퀄리티: 매우 좋음 / 구김: 전혀 없음,False,0,filluminate,상의,L,,2026,8,6,목,5,응답,조금 큼,화면과 비슷,매우 좋음,전혀 없음,,,,5.0,,,,5.0,1.0,1.0,0.0,0.0
3791891,86721772,style,188.71,색감이 사진보다는 생각보다 좀더 진합니다. 이가격에 아무렇게 걸치기 좋은 무난한 셔츠인거같습니다.,5.0,False,XL,188.0,70.0,남성,2026-08-03 22:51:22,사이즈: 조금 큼 / 화면 대비 색감: 밝음 / 퀄리티: 보통 / 구김: 거의 없음,True,0,filluminate,상의,XL,,2026,8,3,월,5,응답,조금 큼,밝음,보통,거의 없음,,,,3.0,,,,4.0,1.0,1.0,1.0,1.0
3791891,86685180,style,훈포도,배송도 빠르고 소재와 착용감이 만족스러웠습니다. 사이즈도 잘 맞고 마감도 깔끔해서 가격 대비 만족합니다.,5.0,False,M,170.0,65.0,남성,2026-08-01 23:45:47,사이즈: 정사이즈 / 화면 대비 색감: 화면과 비슷 / 퀄리티: 보통 / 구김: 약간 있음,True,0,filluminate,상의,M,,2026,8,1,토,5,응답,정사이즈,화면과 비슷,보통,약간 있음,,,,3.0,,,,3.0,0.0,0.0,0.0,0.0
﻿2913656,86740654,general,얌전한오치드단화,몸에 딱 맞는 사이즈는 아니고 조금 크게 나왔습니다 어깨 라인에 맞춰 입고 싶으시면 꼭 한사이즈 낮추는걸 추천드려요 프린팅도 적당히 포인트 주기 좋아요,5.0,False,MELANGE GREY / M,171.0,59.0,남성,2026-08-04 21:53:28,사이즈: 조금 큼 / 화면 대비 색감: 화면과 비슷 / 두께감: 적당함 / 퀄리티: 보통,False,0,filluminate,상의,M,MELANGE GREY,2026,8,4,화,5,응답,조금 큼,화면과 비슷,보통,,적당함,,,3.0,,,3.0,,1.0,1.0,0.0,0.0
2913656,84333883,general,쌈박한발리봄신상,깔끔해서 어느 바지에도 어울려요 다른 색상도 구매예정이요,5.0,False,OATMEAL / L,181.0,66.0,남성,2026-08-01 12:58:10,사이즈: 정사이즈 / 화면 대비 색감: 화면과 비슷 / 두께감: 적당함 / 퀄리티: 보통,False,0,filluminate,상의,L,OATMEAL,2026,8,1,토,5,응답,정사이즈,화면과 비슷,보통,,적당함,,,3.0,,,3.0,,0.0,0.0,0.0,0.0
﻿3791889,86826509,general,예쁜옷킬러,공용이라 살짝 게이같긴한데 예쁩니다 오히려이득,5.0,False,(피치)XL,181.0,88.0,남성,2026-08-09 14:30:52,사이즈: 정사이즈 / 화면 대비 색감: 화면과 비슷 / 퀄리티: 보통 / 구김: 거의 없음,True,0,filluminate,상의,XL,(피치),2026,8,9,일,5,응답,정사이즈,화면과 비슷,보통,거의 없음,,,,3.0,,,,4.0,0.0,0.0,0.0,0.0
3791889,86826474,style,예쁜옷킬러,포인트주기 좋은 색감이라 자주 입을것같아요 굿!,5.0,False,(피치)XL,181.0,88.0,남성,2026-08-09 14:29:13,사이즈: 정사이즈 / 화면 대비 색감: 화면과 비슷 / 퀄리티: 보통 / 구김: 거의 없음,True,0,filluminate,상의,XL,(피치),2026,8,9,일,5,응답,정사이즈,화면과 비슷,보통,거의 없음,,,,3.0,,,,4.0,0.0,0.0,0.0,0.0
3791889,86797534,general,Porschec,편하고 두께 적당하고 좋아요 오래 잘 입을 것 같아요,5.0,False,M,170.0,70.0,남성,2026-08-07 18:20:22,사이즈: 정사이즈 / 화면 대비 색감: 화면과 비슷 / 퀄리티: 보통 / 구김: 약간 있음,True,0,filluminate,상의,M,,2026,8,7,금,5,응답,정사이즈,화면과 비슷,보통,약간 있음,,,,3.0,,,,3.0,0.0,0.0,0.0,0.0
﻿4969899,86761813,general,괜찮은호주크롭탑,오버핏으로 입기 아주좋아요. 재질도 좋고 핏도맘에듭니다,5.0,False,WHITE · L,174.0,75.0,남성,2026-08-05 20:58:29,사이즈: 조금 큼 / 화면 대비 색감: 화면과 비슷 / 퀄리티: 보통 / 구김: 약간 있음,False,0,filluminate,상의,L,WHITE,2026,8,5,수,5,응답,조금 큼,화면과 비슷,보통,약간 있음,,,,3.0,,,,3.0,1.0,1.0,0.0,0.0
﻿4009326,86790306,general,ttorrri,너무 이뻐요 네이비색도 나오몀 좋을거같아여 질도 좋고 가볍고 최고입니다,5.0,False,(BLACK)L,162.0,68.0,여성,2026-08-07 11:21:44,사이즈: 정사이즈 / 화면 대비 색감: 화면과 비슷 / 두께감: 적당함 / 신축성: 적당함,True,0,filluminate,상의,L,(BLACK),2026,8,7,금,5,응답,정사이즈,화면과 비슷,,,적당함,적당함,,,,3.0,3.0,,0.0,0.0,0.0,0.0
4009326,86767739,general,밷뎃,편하게 여름을 잘보내겠습니다 쪄죽겟는데 그나마 살겟네요,5.0,False,(BLACK)L,176.0,72.0,남성,2026-08-06 04:24:23,사이즈: 조금 큼 / 화면 대비 색감: 화면과 비슷 / 두께감: 적당함 / 신축성: 적당함,False,0,filluminate,상의,L,(BLACK),2026,8,6,목,5,응답,조금 큼,화면과 비슷,,,적당함,적당함,,,,3.0,3.0,,1.0,1.0,0.0,0.0
4009326,86759062,general,자비로운라임캡,한여름에도 입기 괜찮구요 디자인도 좋아요 너무 크게 입고 싶지 않다면 174/74 상체가 좀 왜소한편이라 s사이즈로 구매했고 괜찮은것 같아요 저보다 키가 크면 기장때문에 m이 나을것 같습니다,5.0,False,(BLACK)S,174.0,74.0,남성,2026-08-05 18:45:50,사이즈: 조금 큼 / 화면 대비 색감: 화면과 비슷 / 두께감: 얇음 / 신축성: 적당함,True,0,filluminate,상의,S,(BLACK),2026,8,5,수,5,응답,조금 큼,화면과 비슷,,,얇음,적당함,,,,3.0,2.0,,1.0,1.0,0.0,0.0
4009326,86730869,general,확실한하얀긴팔티,스타일리쉬하고 좋은 패션 기능성아이템이라 굿,5.0,False,(BLACK)S,171.0,69.0,남성,2026-08-04 14:46:22,사이즈: 정사이즈 / 화면 대비 색감: 화면과 비슷 / 두께감: 적당함 / 신축성: 적당함,True,0,filluminate,상의,S,(BLACK),2026,8,4,화,5,응답,정사이즈,화면과 비슷,,,적당함,적당함,,,,3.0,3.0,,0.0,0.0,0.0,0.0
4009326,86730845,style,확실한하얀긴팔티,스타일리쉬하고 편하게 막입기 좋은 필수템인듯,5.0,False,(BLACK)S,171.0,69.0,남성,2026-08-04 14:45:33,사이즈: 정사이즈 / 화면 대비 색감: 화면과 비슷 / 두께감: 적당함 / 신축성: 적당함,True,0,filluminate,상의,S,(BLACK),2026,8,4,화,5,응답,정사이즈,화면과 비슷,,,적당함,적당함,,,,3.0,3.0,,0.0,0.0,0.0,0.0
4009326,86715389,general,순득이2,디자인도  이쁘고 맘에 들어요 완전 이쁨 최고입니다.,5.0,False,(BLACK)M,156.0,73.0,여성,2026-08-03 17:14:52,사이즈: 정사이즈 / 화면 대비 색감: 화면과 비슷 / 두께감: 얇음 / 신축성: 강함,False,0,filluminate,상의,M,(BLACK),2026,8,3,월,5,응답,정사이즈,화면과 비슷,,,얇음,강함,,,,4.0,2.0,,0.0,0.0,0.0,0.0
﻿4160491,86775437,style,신비로운잠실레더,살짝 목늘어짐이 있긴한데 그래도 가성비측면에선 만족합니다 또 모든 종류가 면소재는 아닌것같긴하더라구요? 그래서 잘 참고하세용!,5.0,False,06 페이드 라운드 티셔츠 / 차콜 · M,176.0,64.0,남성,2026-08-06 15:32:20,사이즈: 조금 큼 / 화면 대비 색감: 화면과 비슷 / 두께감: 적당함 / 신축성: 적당함,True,0,filluminate,상의,M,06 페이드 라운드 티셔츠 차콜,2026,8,6,목,5,응답,조금 큼,화면과 비슷,,,적당함,적당함,,,,3.0,3.0,,1.0,1.0,0.0,0.0
﻿6140944,86824345,general,정중한강남토트백,굿굿좋아요 아주 만족합니다 깔끔하고 두께도 적당,5.0,False,CHARCOAL · L,178.0,78.0,남성,2026-08-09 12:11:34,사이즈: 정사이즈 / 화면 대비 색감: 화면과 비슷 / 두께감: 적당함 / 신축성: 적당함,True,0,filluminate,상의,L,CHARCOAL,2026,8,9,일,5,응답,정사이즈,화면과 비슷,,,적당함,적당함,,,,3.0,3.0,,0.0,0.0,0.0,0.0
6140944,86762827,general,m1ni_9,생각했던 색상과 핏 그대로 와서 좋습니다 기장도 딱 세미 크롭으로 느껴졌어요,5.0,False,MELANGE GREY · M,171.0,76.0,남성,2026-08-05 21:48:01,사이즈: 정사이즈 / 화면 대비 색감: 화면과 비슷 / 두께감: 적당함 / 신축성: 적당함,True,0,filluminate,상의,M,MELANGE GREY,2026,8,5,수,5,응답,정사이즈,화면과 비슷,,,적당함,적당함,,,,3.0,3.0,,0.0,0.0,0.0,0.0
6140944,86753276,general,양근당파주스,사이즈도 딱 맞고 너무 이뻐요 ! 어떤 코디에도 다 너무 잘 어울리는거 같습니다ㅏ,5.0,False,MELANGE GREY · L,172.0,75.0,남성,2026-08-05 13:56:21,사이즈: 정사이즈 / 화면 대비 색감: 화면과 비슷 / 두께감: 적당함 / 신축성: 적당함,False,0,filluminate,상의,L,MELANGE GREY,2026,8,5,수,5,응답,정사이즈,화면과 비슷,,,적당함,적당함,,,,3.0,3.0,,0.0,0.0,0.0,0.0
6140944,86721566,general,188.71,딱 이쁜 크롭기장에 색감도 이뻐서 자주 입기 좋고 무난합니다,5.0,False,MELANGE GREY · L,188.0,70.0,남성,2026-08-03 22:42:01,사이즈: 정사이즈 / 화면 대비 색감: 화면과 비슷 / 두께감: 적당함 / 신축성: 적당함,True,0,filluminate,상의,L,MELANGE GREY,2026,8,3,월,5,응답,정사이즈,화면과 비슷,,,적당함,적당함,,,,3.0,3.0,,0.0,0.0,0.0,0.0
﻿4969889,86819415,general,놀라운강남턱시도,사이즈도 너무 좋고 옷도 너무 예뻐서 잘 입을 것 같아요,5.0,False,WHITE · [Crop ver.] M,167.0,58.0,남성,2026-08-09 00:22:24,사이즈: 정사이즈 / 화면 대비 색감: 화면과 비슷 / 퀄리티: 좋음 / 구김: 약간 있음,False,0,filluminate,상의,M,WHITE [Crop ver.],2026,8,9,일,5,응답,정사이즈,화면과 비슷,좋음,약간 있음,,,,4.0,,,,3.0,0.0,0.0,0.0,0.0
4969889,86764336,general,신나는런던집업,"옷 재질이 시원해서 좋고, 크롭 스타일이라 좋네요",5.0,False,SKY BLUE · [Crop ver.] L,172.0,76.0,missing,2026-08-05 22:51:01,사이즈: 정사이즈 / 화면 대비 색감: 화면과 비슷 / 퀄리티: 매우 좋음 / 구김: 약간 있음,True,0,filluminate,상의,L,SKY BLUE [Crop ver.],2026,8,5,수,5,응답,정사이즈,화면과 비슷,매우 좋음,약간 있음,,,,5.0,,,,3.0,0.0,0.0,0.0,0.0
4969889,86764303,style,신나는런던집업,사이즈 잘 맞고 요즘 스타일이라 그런지 옷이 예쁜듯. 잘 입을게요^^,5.0,False,SKY BLUE · [Crop ver.] L,172.0,76.0,missing,2026-08-05 22:49:35,사이즈: 정사이즈 / 화면 대비 색감: 화면과 비슷 / 퀄리티: 보통 / 구김: 약간 있음,True,0,filluminate,상의,L,SKY BLUE [Crop ver.],2026,8,5,수,5,응답,정사이즈,화면과 비슷,보통,약간 있음,,,,3.0,,,,3.0,0.0,0.0,0.0,0.0
4969889,86752621,general,풍성한금색반팔티,길이가 잛아 다리가 길어보이고 신축성이 있으며 원단 재질도 고급지고 색감도 예쁩니다.,5.0,False,BEIGE · [Crop ver.] M,177.0,57.0,남성,2026-08-05 13:16:03,사이즈: 정사이즈 / 화면 대비 색감: 어두움 / 퀄리티: 매우 좋음 / 구김: 약간 있음,False,0,filluminate,상의,M,BEIGE [Crop ver.],2026,8,5,수,5,응답,정사이즈,어두움,매우 좋음,약간 있음,,,,5.0,,,,3.0,0.0,0.0,-1.0,1.0
﻿4969869,86759448,general,찬란한나폴리시크,두께가 얇을줄 알았는데 살짝 두께는 있고 운동을 해서 상체에 맞는 셔츠입으려면 총장 어깨가 항상 안맞는것뿐이였는데 이건 이쁘게 잘맞아서 기분좋습니다 다른색도 사볼것같네요 잘입겠습니다,5.0,False,WHITE · L,176.0,81.0,남성,2026-08-05 19:02:50,사이즈: 조금 큼 / 화면 대비 색감: 화면과 비슷 / 퀄리티: 매우 좋음 / 구김: 많음,False,0,filluminate,상의,L,WHITE,2026,8,5,수,5,응답,조금 큼,화면과 비슷,매우 좋음,많음,,,,5.0,,,,2.0,1.0,1.0,0.0,0.0
﻿4969880,86739644,style,럭셔리한청색뷰티,화면 그대로 연한 청데님색이라 예쁘구요 린넨소재라 얇을 줄 알았는데 생각보다 두꺼워서 한여름엔 더워서 못 입고 한 9월쯤에나 입을 수 있을 것 같아요. 그리고 셔츠 주머니 위쪽에 옷감이 좀 튀어나와서 그게 좀 아쉬웠어요 ㅜ.ㅜ 그래도 셔츠 앞쪽 하단부분에 영어택을 박음질하여 포인트를 준 것과 뒷쪽 상단부분에 고리를 만들어 포인트를 주는 등 디테일한 디자인은 마음에 들었어요 ^^ 전반적으로 상품에 만족합니다 ^^,3.0,False,LIGHT BLUE · M,170.0,50.0,남성,2026-08-04 21:18:27,사이즈: 정사이즈 / 화면 대비 색감: 화면과 비슷 / 퀄리티: 좋음 / 구김: 약간 있음,True,0,filluminate,상의,M,LIGHT BLUE,2026,8,4,화,3,응답,정사이즈,화면과 비슷,좋음,약간 있음,,,,4.0,,,,3.0,0.0,0.0,0.0,0.0
4969880,86739386,general,럭셔리한청색뷰티,화면 그대로 연한 청데님색이라 예쁘구요 린넨소재라 얇을 줄 알았는데 생각보다 두꺼워서 한여름엔 더워서 못 입을 것 같아요 한 9월쯤에나 입을 수 있을 듯..  셔츠 앞쪽 하단부분에 영어택을 박음질하여 포인트를 준 것과 뒷쪽 상단부분에 고리를 만들어 포인트를 주는 등 디테일한 디자인이 마음에 드네요 ^^ 좀 선선해지면 자주 입고 다닐 것 같아요 상품은 만족합니다 ^^,3.0,False,LIGHT BLUE · M,170.0,50.0,남성,2026-08-04 21:10:57,사이즈: 정사이즈 / 화면 대비 색감: 화면과 비슷 / 퀄리티: 좋음 / 구김: 약간 있음,True,0,filluminate,상의,M,LIGHT BLUE,2026,8,4,화,3,응답,정사이즈,화면과 비슷,좋음,약간 있음,,,,4.0,,,,3.0,0.0,0.0,0.0,0.0
4969880,86685189,style,훈포도,배송도 빠르고 소재와 착용감이 만족스러웠습니다. 사이즈도 잘 맞고 마감도 깔끔해서 가격 대비 만족합니다.,5.0,False,LIGHT BLUE · M,170.0,65.0,남성,2026-08-01 23:46:12,사이즈: 정사이즈 / 화면 대비 색감: 화면과 비슷 / 퀄리티: 보통 / 구김: 약간 있음,True,0,filluminate,상의,M,LIGHT BLUE,2026,8,1,토,5,응답,정사이즈,화면과 비슷,보통,약간 있음,,,,3.0,,,,3.0,0.0,0.0,0.0,0.0
﻿6391691,86805146,general,만개님,키작은 사람한테 적당한 길이감이라 마음에 들고 색감 사진그대로에요,5.0,False,LIGHT BLUE · [Crop ver.] M,160.0,62.0,여성,2026-08-08 07:36:59,사이즈: 정사이즈 / 화면 대비 색감: 화면과 비슷 / 퀄리티: 보통 / 구김: 약간 있음,True,0,filluminate,상의,M,LIGHT BLUE [Crop ver.],2026,8,8,토,5,응답,정사이즈,화면과 비슷,보통,약간 있음,,,,3.0,,,,3.0,0.0,0.0,0.0,0.0
6391691,86792456,general,서투른노랑후드,구김도 별로없고 크롭한 디자인이 이쁩니다. 다른색도 살듯,5.0,False,BEIGE · [Crop ver.] M,170.0,70.0,남성,2026-08-07 13:41:40,사이즈: 정사이즈 / 화면 대비 색감: 화면과 비슷 / 퀄리티: 좋음 / 구김: 거의 없음,False,0,filluminate,상의,M,BEIGE [Crop ver.],2026,8,7,금,5,응답,정사이즈,화면과 비슷,좋음,거의 없음,,,,4.0,,,,4.0,0.0,0.0,0.0,0.0
6391691,86780866,style,현명한블루반팔티,셔츠 길이가 적당하고 입고 다니기 편해서 자주 입습니다,5.0,False,INDIGO · [Crop ver.] M,174.0,72.0,남성,2026-08-06 20:19:08,사이즈: 정사이즈 / 화면 대비 색감: 화면과 비슷 / 퀄리티: 보통 / 구김: 약간 있음,True,0,filluminate,상의,M,INDIGO [Crop ver.],2026,8,6,목,5,응답,정사이즈,화면과 비슷,보통,약간 있음,,,,3.0,,,,3.0,0.0,0.0,0.0,0.0
6391691,86780843,general,현명한블루반팔티,크롭으로 하나 사고싶어서 샀는데 길이도 적당하고 좋습니다,5.0,False,INDIGO · [Crop ver.] M,174.0,72.0,남성,2026-08-06 20:17:54,사이즈: 정사이즈 / 화면 대비 색감: 화면과 비슷 / 퀄리티: 보통 / 구김: 약간 있음,True,0,filluminate,상의,M,INDIGO [Crop ver.],2026,8,6,목,5,응답,정사이즈,화면과 비슷,보통,약간 있음,,,,3.0,,,,3.0,0.0,0.0,0.0,0.0
6391691,86759678,general,달콤한검정엣지,이미지랑 다른부분없이 이쁩니다 살짝 두께감은 있으나 덕분에 핏은 잘 잡힙니다 두번 접어 입으면 너무 예뻐요,5.0,False,SKY BLUE · [Crop ver.] L,180.0,70.0,남성,2026-08-05 19:15:01,사이즈: 정사이즈 / 화면 대비 색감: 화면과 비슷 / 퀄리티: 매우 좋음 / 구김: 약간 있음,True,0,filluminate,상의,L,SKY BLUE [Crop ver.],2026,8,5,수,5,응답,정사이즈,화면과 비슷,매우 좋음,약간 있음,,,,5.0,,,,3.0,0.0,0.0,0.0,0.0
6391691,86712732,general,최애의보라색뷰티,요즘 트렌드인 크롭기장으로 딱이에요 색깔 워싱까지 아주 맘에들어요,5.0,False,LIGHT BLUE · [Crop ver.] M,177.0,77.0,남성,2026-08-03 14:46:34,사이즈: 정사이즈 / 화면 대비 색감: 화면과 비슷 / 퀄리티: 보통 / 구김: 거의 없음,True,0,filluminate,상의,M,LIGHT BLUE [Crop ver.],2026,8,3,월,5,응답,정사이즈,화면과 비슷,보통,거의 없음,,,,3.0,,,,4.0,0.0,0.0,0.0,0.0
﻿6493135,86821838,general,소심한파랑골프화,재질이 너무 싸보여서 굳이 사는건 비추입니다 네,3.0,False,WHITE · XL,177.0,78.0,남성,2026-08-09 07:12:30,사이즈: 정사이즈 / 화면 대비 색감: 화면과 비슷 / 두께감: 적당함 / 신축성: 적당함,False,0,filluminate,상의,XL,WHITE,2026,8,9,일,3,응답,정사이즈,화면과 비슷,,,적당함,적당함,,,,3.0,3.0,,0.0,0.0,0.0,0.0
6493135,86794494,style,아thㅓ,처음 받았을때는 생각보다 얇고 약해보였는데 하루 입어보니 아주 좋았습니다. 편하게 입고 다니기 좋아요.,5.0,False,BLACK · XL,178.0,96.0,남성,2026-08-07 15:35:40,사이즈: 정사이즈 / 화면 대비 색감: 화면과 비슷 / 두께감: 얇음 / 신축성: 강함,True,0,filluminate,상의,XL,BLACK,2026,8,7,금,5,응답,정사이즈,화면과 비슷,,,얇음,강함,,,,4.0,2.0,,0.0,0.0,0.0,0.0
6493135,86794484,general,아thㅓ,처음 받았을때는 생각보다 얇고 약해보였는데 하루 입어보니 아주 좋았습니다. 편하게 입고 다니기 좋아요.,5.0,False,BLACK · XL,178.0,96.0,남성,2026-08-07 15:35:06,사이즈: 정사이즈 / 화면 대비 색감: 화면과 비슷 / 두께감: 얇음 / 신축성: 강함,True,0,filluminate,상의,XL,BLACK,2026,8,7,금,5,응답,정사이즈,화면과 비슷,,,얇음,강함,,,,4.0,2.0,,0.0,0.0,0.0,0.0
6493135,86785700,general,우웁씨,확실한 머슬핏에 두껍지 않아서 여름에 입기 딱이에요,5.0,False,BROWN · XL,185.0,86.0,남성,2026-08-07 00:22:12,사이즈: 정사이즈 / 화면 대비 색감: 화면과 비슷 / 두께감: 적당함 / 신축성: 적당함,False,0,filluminate,상의,XL,BROWN,2026,8,7,금,5,응답,정사이즈,화면과 비슷,,,적당함,적당함,,,,3.0,3.0,,0.0,0.0,0.0,0.0
6493135,86782641,style,들르르르,몸이 좋아보이고 쉬원하고 좋습니다~ 조금 작네요!,5.0,False,BLACK · XL,176.0,76.0,남성,2026-08-06 21:41:20,사이즈: 조금 작음 / 화면 대비 색감: 화면과 비슷 / 두께감: 적당함 / 신축성: 적당함,True,0,filluminate,상의,XL,BLACK,2026,8,6,목,5,응답,조금 작음,화면과 비슷,,,적당함,적당함,,,,3.0,3.0,,-1.0,1.0,0.0,0.0
6493135,86780316,general,L홍,필루미네이트 데일리 골지 크롭 머슬핏 티셔츠-5Color,3.0,False,GREY · M,158.0,45.0,여성,2026-08-06 19:51:26,사이즈: 정사이즈 / 화면 대비 색감: 화면과 비슷 / 두께감: 적당함 / 신축성: 적당함,False,0,filluminate,상의,M,GREY,2026,8,6,목,3,응답,정사이즈,화면과 비슷,,,적당함,적당함,,,,3.0,3.0,,0.0,0.0,0.0,0.0
6493135,86780301,general,L홍,필루미네이트 데일리 골지 크롭 머슬핏 티셔츠-5Color,3.0,False,GREY · L,158.0,45.0,여성,2026-08-06 19:50:32,사이즈: 정사이즈 / 화면 대비 색감: 화면과 비슷 / 두께감: 적당함 / 신축성: 적당함,False,0,filluminate,상의,L,GREY,2026,8,6,목,3,응답,정사이즈,화면과 비슷,,,적당함,적당함,,,,3.0,3.0,,0.0,0.0,0.0,0.0
6493135,86780018,general,들르르르,재질 좋고 시원합니다. 다만 제 스펙기준 좀 낑깁니다.,5.0,False,BLACK · XL,176.0,76.0,남성,2026-08-06 19:37:02,사이즈: 조금 작음 / 화면 대비 색감: 화면과 비슷 / 두께감: 적당함 / 신축성: 강함,False,0,filluminate,상의,XL,BLACK,2026,8,6,목,5,응답,조금 작음,화면과 비슷,,,적당함,강함,,,,4.0,3.0,,-1.0,1.0,0.0,0.0
6493135,86765962,general,팔팔도,편하게 데일리로 입기 좋습니다. 두껍지 않고 적당하게 보들보들해요,5.0,False,BROWN · XL,171.0,70.0,남성,2026-08-06 00:19:44,사이즈: 정사이즈 / 화면 대비 색감: 화면과 비슷 / 두께감: 적당함 / 신축성: 적당함,False,0,filluminate,상의,XL,BROWN,2026,8,6,목,5,응답,정사이즈,화면과 비슷,,,적당함,적당함,,,,3.0,3.0,,0.0,0.0,0.0,0.0
6493135,86761917,general,살구돼지,너무 예뻐서 하나 더 살까합니다. 강추 강추!! 핏이 너무 예뻐서 어떤 팬츠를 입어도 다 잘 어울려요,5.0,False,BLACK · M,174.0,62.0,남성,2026-08-05 21:03:19,사이즈: 정사이즈 / 화면 대비 색감: 화면과 비슷 / 두께감: 적당함 / 신축성: 적당함,False,0,filluminate,상의,M,BLACK,2026,8,5,수,5,응답,정사이즈,화면과 비슷,,,적당함,적당함,,,,3.0,3.0,,0.0,0.0,0.0,0.0
6493135,86752062,style,세자짱짱,적당히 짧은 기장에 핏잘나옵니다 색도이쁘고  근데 등윗쪽이 조금 따가운느낌,5.0,False,MELANGE GREY · M,174.0,64.0,남성,2026-08-05 12:45:07,사이즈: 정사이즈 / 화면 대비 색감: 화면과 비슷 / 두께감: 적당함 / 신축성: 적당함,True,0,filluminate,상의,M,MELANGE GREY,2026,8,5,수,5,응답,정사이즈,화면과 비슷,,,적당함,적당함,,,,3.0,3.0,,0.0,0.0,0.0,0.0
6493135,86746627,style,abs1235,몸에 달라붙는 머슬핏으로 운동 좋아하시는 분들이 입으면 예쁠듯요,5.0,False,MELANGE GREY · L,184.0,82.0,남성,2026-08-05 04:34:27,사이즈: 정사이즈 / 화면 대비 색감: 화면과 비슷 / 두께감: 적당함 / 신축성: 적당함,True,0,filluminate,상의,L,MELANGE GREY,2026,8,5,수,5,응답,정사이즈,화면과 비슷,,,적당함,적당함,,,,3.0,3.0,,0.0,0.0,0.0,0.0
6493135,86743965,general,평범한서촌부츠컷,여름에 입기 편한게 제일이죠. 집앞에 나갈때 딱입니다.,5.0,False,MELANGE GREY · M,175.0,60.0,남성,2026-08-04 23:51:43,사이즈: 매우 작음 / 화면 대비 색감: 매우 밝음 / 두께감: 매우 얇음 / 신축성: 전혀 없음,False,0,filluminate,상의,M,MELANGE GREY,2026,8,4,화,5,응답,매우 작음,매우 밝음,,,매우 얇음,전혀 없음,,,,1.0,1.0,,-2.0,2.0,2.0,2.0
6493135,86733660,general,찬이짱,핏이 예쁘고 몸에 잘 맞아 만족합니다. 소재도 편하고 활동하기 좋습니다.,5.0,False,BLACK · L,179.0,83.0,남성,2026-08-04 17:14:22,사이즈: 정사이즈 / 화면 대비 색감: 화면과 비슷 / 두께감: 얇음 / 신축성: 강함,False,0,filluminate,상의,L,BLACK,2026,8,4,화,5,응답,정사이즈,화면과 비슷,,,얇음,강함,,,,4.0,2.0,,0.0,0.0,0.0,0.0
﻿4911299,86752406,general,Hgg19,구웃! 가을에 단품으로 입기 좋을 거 같아요! 오버핏보단 정사이즈로 사는 거 추천합니다,5.0,False,M,182.0,95.0,남성,2026-08-05 13:03:55,사이즈: 정사이즈 / 화면 대비 색감: 화면과 비슷 / 퀄리티: 매우 좋음 / 구김: 거의 없음,False,0,filluminate,상의,M,,2026,8,5,수,5,응답,정사이즈,화면과 비슷,매우 좋음,거의 없음,,,,5.0,,,,4.0,0.0,0.0,0.0,0.0
﻿6493132,86819205,general,솔직한동대문코지,처음엔 어깨가 약간 좁아보이는듯했으나 생각보다 핏 괜찮음. 별로라고 생각했으나 입을수록 매력을 느낌. 다만 소매기장이 약간 애매해서 두번 접어 입으면 딱 이쁨.,4.0,False,BLACK · XL,184.0,85.0,남성,2026-08-09 00:08:36,사이즈: 정사이즈 / 화면 대비 색감: 화면과 비슷 / 두께감: 적당함 / 신축성: 강함,True,1,filluminate,상의,XL,BLACK,2026,8,9,일,4,응답,정사이즈,화면과 비슷,,,적당함,강함,,,,4.0,3.0,,0.0,0.0,0.0,0.0
6493132,86792276,style,꿈많은마포후드티,편하고 가격도 좋고 매우 좋아요 색감도 마음에 들어요,5.0,False,BLACK · M,173.0,67.0,남성,2026-08-07 13:31:47,사이즈: 정사이즈 / 화면 대비 색감: 화면과 비슷 / 두께감: 적당함 / 신축성: 적당함,True,0,filluminate,상의,M,BLACK,2026,8,7,금,5,응답,정사이즈,화면과 비슷,,,적당함,적당함,,,,3.0,3.0,,0.0,0.0,0.0,0.0
6493132,86790565,style,0eun_,기장감도 적당하고 하나쯤 있으면 좋을 거 같아요,5.0,False,BLACK · L,179.0,75.0,남성,2026-08-07 11:41:27,사이즈: 정사이즈 / 화면 대비 색감: 화면과 비슷 / 두께감: 적당함 / 신축성: 적당함,True,0,filluminate,상의,L,BLACK,2026,8,7,금,5,응답,정사이즈,화면과 비슷,,,적당함,적당함,,,,3.0,3.0,,0.0,0.0,0.0,0.0
6493132,86790559,general,0eun_,기장감도 적당하고 하나쯤 있으면 좋을 거 같아요,5.0,False,BLACK · L,179.0,75.0,남성,2026-08-07 11:41:07,사이즈: 정사이즈 / 화면 대비 색감: 화면과 비슷 / 두께감: 적당함 / 신축성: 적당함,True,0,filluminate,상의,L,BLACK,2026,8,7,금,5,응답,정사이즈,화면과 비슷,,,적당함,적당함,,,,3.0,3.0,,0.0,0.0,0.0,0.0
6493132,86790347,general,희미한홍콩텀블러,여름에 입기 너무 좋고 후기안보고 그냥 믿고샀는데 장난아니게이쁩니다,5.0,False,BLACK · L,168.0,65.0,남성,2026-08-07 11:25:17,사이즈: 매우 작음 / 화면 대비 색감: 매우 밝음 / 두께감: 매우 얇음 / 신축성: 강함,False,0,filluminate,상의,L,BLACK,2026,8,7,금,5,응답,매우 작음,매우 밝음,,,매우 얇음,강함,,,,4.0,1.0,,-2.0,2.0,2.0,2.0
6493132,86786714,general,chan0913,옷이 딱 달라붙고 사이즈도 괜찮고 좋고 편하고 탄탄한거 같습니다,5.0,False,BLACK · L,177.0,78.0,남성,2026-08-07 02:03:53,사이즈: 정사이즈 / 화면 대비 색감: 화면과 비슷 / 두께감: 적당함 / 신축성: 적당함,False,0,filluminate,상의,L,BLACK,2026,8,7,금,5,응답,정사이즈,화면과 비슷,,,적당함,적당함,,,,3.0,3.0,,0.0,0.0,0.0,0.0
6493132,86785661,style,단단한파리주얼리,여름철에 편하게 입을 수 있는 반팔티이네요. 자주 입어요,5.0,False,BLACK · XL,182.0,76.0,남성,2026-08-07 00:19:36,사이즈: 정사이즈 / 화면 대비 색감: 어두움 / 두께감: 얇음 / 신축성: 강함,True,0,filluminate,상의,XL,BLACK,2026,8,7,금,5,응답,정사이즈,어두움,,,얇음,강함,,,,4.0,2.0,,0.0,0.0,-1.0,1.0
6493132,86780823,general,현명한블루반팔티,맘에 듭니다 일단 머슬핏이라 핏도 맘에 들고 편해요,5.0,False,MELANGE GREY · S,174.0,72.0,남성,2026-08-06 20:17:11,사이즈: 정사이즈 / 화면 대비 색감: 화면과 비슷 / 두께감: 적당함 / 신축성: 적당함,True,0,filluminate,상의,S,MELANGE GREY,2026,8,6,목,5,응답,정사이즈,화면과 비슷,,,적당함,적당함,,,,3.0,3.0,,0.0,0.0,0.0,0.0
6493132,86780815,style,현명한블루반팔티,머슬핏이라 그런지 핏이 좋고 편합니다 자주 입어요,5.0,False,MELANGE GREY · S,174.0,72.0,남성,2026-08-06 20:16:39,사이즈: 정사이즈 / 화면 대비 색감: 화면과 비슷 / 두께감: 적당함 / 신축성: 적당함,True,0,filluminate,상의,S,MELANGE GREY,2026,8,6,목,5,응답,정사이즈,화면과 비슷,,,적당함,적당함,,,,3.0,3.0,,0.0,0.0,0.0,0.0
6493132,86773900,general,보수적인독일핀,어깨도 넗어보이고 기장도 괜찮아서 좋앗다 나중,5.0,False,BLACK · S,168.0,50.0,남성,2026-08-06 14:21:59,사이즈: 정사이즈 / 화면 대비 색감: 화면과 비슷 / 두께감: 적당함 / 신축성: 적당함,False,0,filluminate,상의,S,BLACK,2026,8,6,목,5,응답,정사이즈,화면과 비슷,,,적당함,적당함,,,,3.0,3.0,,0.0,0.0,0.0,0.0
6493132,86762786,general,편안한카멜파티룩,진짜 이쁩니다 어깨에 선이 있어 심심하지도 않고 좋아요,5.0,False,BLACK · S,168.0,63.0,남성,2026-08-05 21:46:16,사이즈: 정사이즈 / 화면 대비 색감: 화면과 비슷 / 두께감: 적당함 / 신축성: 적당함,False,0,filluminate,상의,S,BLACK,2026,8,5,수,5,응답,정사이즈,화면과 비슷,,,적당함,적당함,,,,3.0,3.0,,0.0,0.0,0.0,0.0
6493132,86762430,style,탐나는초록발찌,머슬핏인데 생각보다 타이트한 감은 적어요 저랑 체중 비슷하게 나가는데 타이트한 느낌 원하시면  M 하셔도 될듯요 소매도 좀 길어서 두번 접어입는게 머슬핏 느낌 더 낼수 있을듯요,4.0,False,WHITE · L,179.0,76.0,남성,2026-08-05 21:30:20,사이즈: 조금 큼 / 화면 대비 색감: 화면과 비슷 / 두께감: 적당함 / 신축성: 거의 없음,True,0,filluminate,상의,L,WHITE,2026,8,5,수,4,응답,조금 큼,화면과 비슷,,,적당함,거의 없음,,,,2.0,3.0,,1.0,1.0,0.0,0.0
6493132,86760069,style,SDT22,팔만 좁고 나머지는 통으로 떨어지는 핏이라 예쁜 머슬핏인지는 모르겠지만 입었을때 찰랑거려서 편하긴 합니다,4.0,False,MELANGE GREY · M,174.0,64.0,남성,2026-08-05 19:36:41,사이즈: 정사이즈 / 화면 대비 색감: 화면과 비슷 / 두께감: 얇음 / 신축성: 적당함,True,0,filluminate,상의,M,MELANGE GREY,2026,8,5,수,4,응답,정사이즈,화면과 비슷,,,얇음,적당함,,,,3.0,2.0,,0.0,0.0,0.0,0.0
6493132,86759983,general,SDT22,팔부분만 좁고 나머지는 완전 통으로 떨어지는 핏이라 예쁜 머슬핏인지는 모르겠지만 입었을때 찰랑거려서 편하긴 해요,4.0,False,MELANGE GREY · M,174.0,64.0,남성,2026-08-05 19:31:31,사이즈: 정사이즈 / 화면 대비 색감: 화면과 비슷 / 두께감: 얇음 / 신축성: 적당함,True,0,filluminate,상의,M,MELANGE GREY,2026,8,5,수,4,응답,정사이즈,화면과 비슷,,,얇음,적당함,,,,3.0,2.0,,0.0,0.0,0.0,0.0
6493132,86756169,general,관능적인유럽망토,크롭기장에 약간 머슬핏으로 입기 무난해요. 적당합니다,4.0,False,MELANGE GREY · M,168.0,57.0,남성,2026-08-05 16:24:28,사이즈: 조금 작음 / 화면 대비 색감: 화면과 비슷 / 두께감: 적당함 / 신축성: 적당함,True,0,filluminate,상의,M,MELANGE GREY,2026,8,5,수,4,응답,조금 작음,화면과 비슷,,,적당함,적당함,,,,3.0,3.0,,-1.0,1.0,0.0,0.0
6493132,86751830,general,hila,원단도 나름 괜찮아서 두번째 구매입니다 좋아요,5.0,False,MELANGE GREY · M,174.0,70.0,남성,2026-08-05 12:31:32,사이즈: 정사이즈 / 화면 대비 색감: 화면과 비슷 / 두께감: 적당함 / 신축성: 적당함,False,0,filluminate,상의,M,MELANGE GREY,2026,8,5,수,5,응답,정사이즈,화면과 비슷,,,적당함,적당함,,,,3.0,3.0,,0.0,0.0,0.0,0.0
6493132,86751200,general,분명한종로쪼리,두께감이 얇아서 유두가 비칩니다.  하지만 핏감이나 디태일등은 너무 만족합니다.  리플패치 붙이면 되죠!,5.0,False,BLACK · M,176.0,76.0,남성,2026-08-05 11:54:20,사이즈: 정사이즈 / 화면 대비 색감: 화면과 비슷 / 두께감: 얇음 / 신축성: 강함,False,0,filluminate,상의,M,BLACK,2026,8,5,수,5,응답,정사이즈,화면과 비슷,,,얇음,강함,,,,4.0,2.0,,0.0,0.0,0.0,0.0
6493132,86746731,general,14.앙리,은근 생각보다 크긴한데 괜찮아서 만족합니다. 잘 입을게요 감사합니다.,5.0,False,WHITE · XL,174.0,71.0,남성,2026-08-05 05:21:03,사이즈: 많이 큼 / 화면 대비 색감: 화면과 비슷 / 두께감: 얇음 / 신축성: 적당함,False,0,filluminate,상의,XL,WHITE,2026,8,5,수,5,응답,많이 큼,화면과 비슷,,,얇음,적당함,,,,3.0,2.0,,2.0,2.0,0.0,0.0
6493132,86732725,general,원활한분홍점퍼,아주 좋습니다 어깨 선 잘 잡히고 머슬핏에 상당히 무난한 디자인,5.0,False,BLACK · L,177.0,80.0,남성,2026-08-04 16:27:58,사이즈: 정사이즈 / 화면 대비 색감: 화면과 비슷 / 두께감: 적당함 / 신축성: 적당함,True,0,filluminate,상의,L,BLACK,2026,8,4,화,5,응답,정사이즈,화면과 비슷,,,적당함,적당함,,,,3.0,3.0,,0.0,0.0,0.0,0.0
6493132,86727685,general,매끄러운종로스틸,크롭한 기장이라 다리 길어보이고 머슬핏이라서 몸이 좋아보임,5.0,False,WHITE · XL,180.0,77.0,남성,2026-08-04 11:26:38,사이즈: 정사이즈 / 화면 대비 색감: 화면과 비슷 / 두께감: 적당함 / 신축성: 적당함,False,0,filluminate,상의,XL,WHITE,2026,8,4,화,5,응답,정사이즈,화면과 비슷,,,적당함,적당함,,,,3.0,3.0,,0.0,0.0,0.0,0.0
6493132,86712095,general,감정없는신촌룩,팔이 잘 잡아주고 품도 그렇게 크지않아서 머슬핏이 딱이에요,5.0,False,BLACK · XL,170.0,78.0,남성,2026-08-03 14:08:33,사이즈: 정사이즈 / 화면 대비 색감: 화면과 비슷 / 두께감: 적당함 / 신축성: 적당함,False,0,filluminate,상의,XL,BLACK,2026,8,3,월,5,응답,정사이즈,화면과 비슷,,,적당함,적당함,,,,3.0,3.0,,0.0,0.0,0.0,0.0
﻿6108854,86781324,general,벡오일,흔하지 않는 체크무늬에 시원한 소재로 잘 입을 수 있습니다.,5.0,False,M,171.0,66.0,남성,2026-08-06 20:41:14,사이즈: 정사이즈 / 화면 대비 색감: 화면과 비슷 / 퀄리티: 보통 / 구김: 약간 있음,False,0,filluminate,상의,M,,2026,8,6,목,5,응답,정사이즈,화면과 비슷,보통,약간 있음,,,,3.0,,,,3.0,0.0,0.0,0.0,0.0
﻿6708161,86834486,style,이주말,적당히 체형보완 되고 편하면서 귀여운 포인트가 되니 조아용🤙,5.0,False,WINE · M,174.0,70.0,남성,2026-08-09 22:07:40,사이즈: 정사이즈 / 화면 대비 색감: 화면과 비슷 / 두께감: 적당함 / 신축성: 적당함,True,0,filluminate,상의,M,WINE,2026,8,9,일,5,응답,정사이즈,화면과 비슷,,,적당함,적당함,,,,3.0,3.0,,0.0,0.0,0.0,0.0
6708161,86834478,general,이주말,적당히 체형보완 되고 편하면서 귀여운 포인트가 되니 조아용🤙,5.0,False,WINE · M,174.0,70.0,남성,2026-08-09 22:07:19,사이즈: 정사이즈 / 화면 대비 색감: 화면과 비슷 / 두께감: 적당함 / 신축성: 적당함,True,0,filluminate,상의,M,WINE,2026,8,9,일,5,응답,정사이즈,화면과 비슷,,,적당함,적당함,,,,3.0,3.0,,0.0,0.0,0.0,0.0
6708161,86812555,general,혜일리아,딱 적당한 사이즈에 핏감도 마음에 드는데 재질은 좀 아쉬워요 ㅠ,4.0,False,NAVY · S,164.0,48.0,여성,2026-08-08 16:52:15,사이즈: 정사이즈 / 화면 대비 색감: 화면과 비슷 / 두께감: 얇음 / 신축성: 거의 없음,False,0,filluminate,상의,S,NAVY,2026,8,8,토,4,응답,정사이즈,화면과 비슷,,,얇음,거의 없음,,,,2.0,2.0,,0.0,0.0,0.0,0.0
6708161,86809829,general,HenrikC,스토커즈 추천 영상을 보고 구매했는데 가격이 착해서 이번 여름 잘 입고 다닐거 같아요,5.0,False,NAVY · L,175.0,72.0,남성,2026-08-08 14:17:06,사이즈: 정사이즈 / 화면 대비 색감: 화면과 비슷 / 두께감: 적당함 / 신축성: 강함,True,0,filluminate,상의,L,NAVY,2026,8,8,토,5,응답,정사이즈,화면과 비슷,,,적당함,강함,,,,4.0,3.0,,0.0,0.0,0.0,0.0
6708161,86807382,general,애틋한송파자켓,배송 빠르고 원하던 색상이거 사이즈네요 자주 입을 듯,5.0,False,WINE · L,170.0,68.0,남성,2026-08-08 11:27:43,사이즈: 정사이즈 / 화면 대비 색감: 화면과 비슷 / 두께감: 적당함 / 신축성: 적당함,True,0,filluminate,상의,L,WINE,2026,8,8,토,5,응답,정사이즈,화면과 비슷,,,적당함,적당함,,,,3.0,3.0,,0.0,0.0,0.0,0.0
6708161,86795715,general,안쎈세,하늘하늘 시원하니 편하게 입기 좋아요  살짝 마르면 이쁠거같습니더.,5.0,False,BLACK · L,170.0,65.0,남성,2026-08-07 16:36:40,사이즈: 정사이즈 / 화면 대비 색감: 화면과 비슷 / 두께감: 얇음 / 신축성: 강함,True,1,filluminate,상의,L,BLACK,2026,8,7,금,5,응답,정사이즈,화면과 비슷,,,얇음,강함,,,,4.0,2.0,,0.0,0.0,0.0,0.0
6708161,86795702,style,안쎈세,여름에 시원하게 입기 좋고 롤업 안해도 예쁩니다.,5.0,False,BLACK · L,170.0,65.0,남성,2026-08-07 16:35:58,사이즈: 정사이즈 / 화면 대비 색감: 화면과 비슷 / 두께감: 얇음 / 신축성: 강함,True,0,filluminate,상의,L,BLACK,2026,8,7,금,5,응답,정사이즈,화면과 비슷,,,얇음,강함,,,,4.0,2.0,,0.0,0.0,0.0,0.0
6708161,86793573,general,평온한회색로우진,크롭하고 예쁘고 가성비 좋음 색감도 맘에들고 괜찮은듯,4.0,False,NAVY · M,176.0,64.0,남성,2026-08-07 14:43:22,사이즈: 정사이즈 / 화면 대비 색감: 화면과 비슷 / 두께감: 얇음 / 신축성: 적당함,False,0,filluminate,상의,M,NAVY,2026,8,7,금,4,응답,정사이즈,화면과 비슷,,,얇음,적당함,,,,3.0,2.0,,0.0,0.0,0.0,0.0
6708161,86787010,style,cbw1121,크롭 기장으로 롤업 레이어드가 가능한 티셔츠입니다. 목 부분이 좀 넓어 목걸이랑 매치하면 더 예쁩니다!,5.0,False,NAVY · M,170.0,68.0,남성,2026-08-07 02:53:12,사이즈: 정사이즈 / 화면 대비 색감: 어두움 / 두께감: 두꺼움 / 신축성: 전혀 없음,True,0,filluminate,상의,M,NAVY,2026,8,7,금,5,응답,정사이즈,어두움,,,두꺼움,전혀 없음,,,,1.0,4.0,,0.0,0.0,-1.0,1.0
6708161,86787002,general,cbw1121,크롭 기장이며 팔쪽을 접으면 롤업 레이어드가 됩니다. 너무 스타일리쉬한 상품입니다.,5.0,False,NAVY · M,170.0,68.0,남성,2026-08-07 02:51:05,사이즈: 정사이즈 / 화면 대비 색감: 어두움 / 두께감: 두꺼움 / 신축성: 전혀 없음,True,0,filluminate,상의,M,NAVY,2026,8,7,금,5,응답,정사이즈,어두움,,,두꺼움,전혀 없음,,,,1.0,4.0,,0.0,0.0,-1.0,1.0
6708161,86784146,general,돈쥬앙님,와인색도 괜찮고 깔끔하니 입기 좋은 반팔인거 같아요 레이어드도 되니 더 굿~,5.0,False,WINE · L,178.0,85.0,남성,2026-08-06 22:54:10,사이즈: 정사이즈 / 화면 대비 색감: 화면과 비슷 / 두께감: 적당함 / 신축성: 적당함,True,0,filluminate,상의,L,WINE,2026,8,6,목,5,응답,정사이즈,화면과 비슷,,,적당함,적당함,,,,3.0,3.0,,0.0,0.0,0.0,0.0
6708161,86783861,general,두부상인쿠바의상,사이즈가 좀 작게 나온거같고 핏이 이쁘게떨어지진않음,1.0,False,BLACK · L,177.0,83.0,missing,2026-08-06 22:38:58,사이즈: 매우 작음 / 화면 대비 색감: 화면과 비슷 / 두께감: 얇음 / 신축성: 거의 없음,False,0,filluminate,상의,L,BLACK,2026,8,6,목,1,응답,매우 작음,화면과 비슷,,,얇음,거의 없음,,,,2.0,2.0,,-2.0,2.0,0.0,0.0
6708161,86777476,general,Lee9oo,자동으로 레이어드되는 거랑 줄무늬가 너무 이뿌네요,5.0,False,NAVY · L,174.0,78.0,남성,2026-08-06 17:24:18,사이즈: 정사이즈 / 화면 대비 색감: 화면과 비슷 / 두께감: 적당함 / 신축성: 적당함,False,0,filluminate,상의,L,NAVY,2026,8,6,목,5,응답,정사이즈,화면과 비슷,,,적당함,적당함,,,,3.0,3.0,,0.0,0.0,0.0,0.0
6708161,86769138,style,밝은시카고레깅스,신축성도 좀 있고 맨닐 무지티만 입고다니던 저에게 최적,5.0,False,BLACK · L,173.0,70.0,남성,2026-08-06 09:06:50,사이즈: 정사이즈 / 화면 대비 색감: 화면과 비슷 / 두께감: 적당함 / 신축성: 적당함,True,0,filluminate,상의,L,BLACK,2026,8,6,목,5,응답,정사이즈,화면과 비슷,,,적당함,적당함,,,,3.0,3.0,,0.0,0.0,0.0,0.0
6708161,86769136,general,밝은시카고레깅스,신축성도 좀 있고 맨닐 무지티만 입고다니던 저에게 최적,4.0,False,BLACK · L,173.0,70.0,남성,2026-08-06 09:06:32,사이즈: 조금 작음 / 화면 대비 색감: 화면과 비슷 / 두께감: 적당함 / 신축성: 강함,True,0,filluminate,상의,L,BLACK,2026,8,6,목,4,응답,조금 작음,화면과 비슷,,,적당함,강함,,,,4.0,3.0,,-1.0,1.0,0.0,0.0
6708161,86767951,general,먼지당1,색감도 괜찮고 시원해서 두루두루 입을거 같아요,5.0,False,WINE · M,171.0,63.0,남성,2026-08-06 06:06:40,사이즈: 정사이즈 / 화면 대비 색감: 화면과 비슷 / 두께감: 적당함 / 신축성: 강함,False,0,filluminate,상의,M,WINE,2026,8,6,목,5,응답,정사이즈,화면과 비슷,,,적당함,강함,,,,4.0,3.0,,0.0,0.0,0.0,0.0
6708161,86765723,general,적응력있는아트,색도 이쁘고 크롭하게 딱 맞아 떨어져서 마음에 들어요,5.0,False,NAVY · S,170.0,62.0,남성,2026-08-06 00:05:48,사이즈: 정사이즈 / 화면 대비 색감: 화면과 비슷 / 두께감: 얇음 / 신축성: 적당함,True,0,filluminate,상의,S,NAVY,2026,8,6,목,5,응답,정사이즈,화면과 비슷,,,얇음,적당함,,,,3.0,2.0,,0.0,0.0,0.0,0.0
6708161,86765266,general,판타지아부천,배송이 빠르고 좋습니다 핏도 야무지고 좋습니다,5.0,False,WINE · M,170.0,65.0,남성,2026-08-05 23:41:31,사이즈: 정사이즈 / 화면 대비 색감: 화면과 비슷 / 두께감: 적당함 / 신축성: 적당함,True,0,filluminate,상의,M,WINE,2026,8,5,수,5,응답,정사이즈,화면과 비슷,,,적당함,적당함,,,,3.0,3.0,,0.0,0.0,0.0,0.0
6708161,86764236,general,tlsehdtjr,생각보다 총장이 짧은 느낌이긴 하지만 옷은 괜찮으요,4.0,False,WINE · M,171.0,60.0,남성,2026-08-05 22:45:15,사이즈: 조금 작음 / 화면 대비 색감: 화면과 비슷 / 두께감: 적당함 / 신축성: 적당함,False,0,filluminate,상의,M,WINE,2026,8,5,수,4,응답,조금 작음,화면과 비슷,,,적당함,적당함,,,,3.0,3.0,,-1.0,1.0,0.0,0.0
6708161,86764059,general,김윤지지,깔끔한 디자인이라 출근룩이나 가볍게 외출할 때 둘 다 무난하게 입기 좋아요,5.0,False,WINE · M,163.0,65.0,남성,2026-08-05 22:36:46,사이즈: 정사이즈 / 화면 대비 색감: 화면과 비슷 / 두께감: 얇음 / 신축성: 매우 강함,False,0,filluminate,상의,M,WINE,2026,8,5,수,5,응답,정사이즈,화면과 비슷,,,얇음,매우 강함,,,,5.0,2.0,,0.0,0.0,0.0,0.0
6708161,86746206,general,sejeans,딱 사진과 동일 좋은 옷이에요 추천드립니다 추천,5.0,False,BLACK · L,185.0,77.0,남성,2026-08-05 02:29:02,사이즈: 정사이즈 / 화면 대비 색감: 화면과 비슷 / 두께감: 적당함 / 신축성: 적당함,False,0,filluminate,상의,L,BLACK,2026,8,5,수,5,응답,정사이즈,화면과 비슷,,,적당함,적당함,,,,3.0,3.0,,0.0,0.0,0.0,0.0
6708161,86721252,general,베이직한터키틴트,실물이 더 이쁘네요 롤업도 자연스럽고 기장도 딱 이쁩니다.,5.0,False,BLACK · M,175.0,65.0,남성,2026-08-03 22:25:02,사이즈: 정사이즈 / 화면 대비 색감: 화면과 비슷 / 두께감: 적당함 / 신축성: 적당함,False,0,filluminate,상의,M,BLACK,2026,8,3,월,5,응답,정사이즈,화면과 비슷,,,적당함,적당함,,,,3.0,3.0,,0.0,0.0,0.0,0.0
6708161,86719249,general,비싸구먼,무난하게입기 좋을꺼 같아서 샀는데 쌀끔하게 입기 좋아요.!,5.0,False,NAVY · M,170.0,60.0,남성,2026-08-03 20:47:30,사이즈: 정사이즈 / 화면 대비 색감: 화면과 비슷 / 두께감: 적당함 / 신축성: 적당함,True,0,filluminate,상의,M,NAVY,2026,8,3,월,5,응답,정사이즈,화면과 비슷,,,적당함,적당함,,,,3.0,3.0,,0.0,0.0,0.0,0.0
﻿6708096,86828524,general,기쁜금색베레모,아들한데 너무 잘 맞아요 예쁩니다 추천요  적극 추천합니다,5.0,False,CHARCOAL · L,160.0,51.0,여성,2026-08-09 16:39:33,사이즈: 정사이즈 / 화면 대비 색감: 화면과 비슷 / 두께감: 적당함 / 신축성: 적당함,False,0,filluminate,상의,L,CHARCOAL,2026,8,9,일,5,응답,정사이즈,화면과 비슷,,,적당함,적당함,,,,3.0,3.0,,0.0,0.0,0.0,0.0
6708096,86825665,general,훈훈한뉴델리바지,너무 얇지도 너무 두껍지도 않은 원단에 여름에 입기좋아요,5.0,False,CHARCOAL · M,165.0,60.0,남성,2026-08-09 13:43:55,사이즈: 정사이즈 / 화면 대비 색감: 화면과 비슷 / 두께감: 적당함 / 신축성: 적당함,False,0,filluminate,상의,M,CHARCOAL,2026,8,9,일,5,응답,정사이즈,화면과 비슷,,,적당함,적당함,,,,3.0,3.0,,0.0,0.0,0.0,0.0
6708096,86820551,general,도넛김,레이어드티로 가성비좋아요  퀄리티 디자인 핏 나쁘지않아요,5.0,False,MELANGE GREY · L,171.0,60.0,남성,2026-08-09 01:49:26,사이즈: 정사이즈 / 화면 대비 색감: 화면과 비슷 / 두께감: 적당함 / 신축성: 적당함,True,0,filluminate,상의,L,MELANGE GREY,2026,8,9,일,5,응답,정사이즈,화면과 비슷,,,적당함,적당함,,,,3.0,3.0,,0.0,0.0,0.0,0.0
6708096,86812550,general,혜일리아,딱 적당한 사이즈에 핏감도 마음에 드는데 재질은 좀 아쉬워요 ㅠ,4.0,False,CHARCOAL · S,164.0,48.0,여성,2026-08-08 16:51:38,사이즈: 정사이즈 / 화면 대비 색감: 화면과 비슷 / 두께감: 얇음 / 신축성: 거의 없음,False,0,filluminate,상의,S,CHARCOAL,2026,8,8,토,4,응답,정사이즈,화면과 비슷,,,얇음,거의 없음,,,,2.0,2.0,,0.0,0.0,0.0,0.0
6708096,86804042,general,으으이이아아,보기보다 색이 진해서 이쁘고 편하게 입기 좋습니다,4.0,False,BLACK · S,170.0,60.0,남성,2026-08-08 01:39:17,사이즈: 정사이즈 / 화면 대비 색감: 화면과 비슷 / 두께감: 두꺼움 / 신축성: 거의 없음,True,0,filluminate,상의,S,BLACK,2026,8,8,토,4,응답,정사이즈,화면과 비슷,,,두꺼움,거의 없음,,,,2.0,4.0,,0.0,0.0,0.0,0.0
6708096,86801734,general,영리한옥색요가룩,데일리하게 그리고 편하게 입기 좋은거 같아요 굿,5.0,False,CHARCOAL · L,180.0,78.0,남성,2026-08-07 22:45:03,사이즈: 정사이즈 / 화면 대비 색감: 화면과 비슷 / 두께감: 적당함 / 신축성: 적당함,False,0,filluminate,상의,L,CHARCOAL,2026,8,7,금,5,응답,정사이즈,화면과 비슷,,,적당함,적당함,,,,3.0,3.0,,0.0,0.0,0.0,0.0
6708096,86784189,general,돈쥬앙님,차콜색도 괜찮고 심플하면서 깔끔하니 입기 좋은 반팔인거 같아요 레이어드도 되니 더욱 맘에 듭니다~,5.0,False,CHARCOAL · L,178.0,85.0,남성,2026-08-06 22:56:04,사이즈: 정사이즈 / 화면 대비 색감: 화면과 비슷 / 두께감: 적당함 / 신축성: 적당함,True,0,filluminate,상의,L,CHARCOAL,2026,8,6,목,5,응답,정사이즈,화면과 비슷,,,적당함,적당함,,,,3.0,3.0,,0.0,0.0,0.0,0.0
6708096,86778700,general,Fuddled,적당히 크롭해서 좋긴한데 비싼가격에비해 퀄리티는 좀 떨어지네여. 컬러는 잘나왔네요,5.0,False,CHARCOAL · M,172.0,68.0,남성,2026-08-06 18:28:23,사이즈: 정사이즈 / 화면 대비 색감: 화면과 비슷 / 두께감: 적당함 / 신축성: 적당함,True,0,filluminate,상의,M,CHARCOAL,2026,8,6,목,5,응답,정사이즈,화면과 비슷,,,적당함,적당함,,,,3.0,3.0,,0.0,0.0,0.0,0.0
6708096,86776690,general,몽환적인종로벨트,옷품질도 나쁘지않아 여름에 입기 좋은티셔츠 하나 장만한거같아 좋습니다,5.0,False,CHARCOAL · L,178.0,75.0,남성,2026-08-06 16:42:03,사이즈: 정사이즈 / 화면 대비 색감: 화면과 비슷 / 두께감: 적당함 / 신축성: 적당함,False,0,filluminate,상의,L,CHARCOAL,2026,8,6,목,5,응답,정사이즈,화면과 비슷,,,적당함,적당함,,,,3.0,3.0,,0.0,0.0,0.0,0.0
6708096,86718996,general,MoveGreen,필루미네이트 좋네요. 깔끔하고 좋습니다. 할인까지 해서 잘 산거 같습니다.,5.0,False,BLACK · L,174.0,75.0,남성,2026-08-03 20:32:02,사이즈: 조금 작음 / 화면 대비 색감: 화면과 비슷 / 두께감: 적당함 / 신축성: 적당함,True,0,filluminate,상의,L,BLACK,2026,8,3,월,5,응답,조금 작음,화면과 비슷,,,적당함,적당함,,,,3.0,3.0,,-1.0,1.0,0.0,0.0
6708096,86718974,general,MoveGreen,필루미네이트는 정말 믿을만한 브랜드네요. 심플하되 깔끔해요.,5.0,False,MELANGE GREY · L,174.0,75.0,남성,2026-08-03 20:30:43,사이즈: 조금 작음 / 화면 대비 색감: 화면과 비슷 / 두께감: 얇음 / 신축성: 적당함,True,0,filluminate,상의,L,MELANGE GREY,2026,8,3,월,5,응답,조금 작음,화면과 비슷,,,얇음,적당함,,,,3.0,2.0,,-1.0,1.0,0.0,0.0
﻿6394441,86727490,style,cjh0717,얇아서 더운 여름에 입기에 딱 좋았습니다. 또 옷도 탄탄해서 오래 입을 것 같습니다~!!,5.0,False,L,178.0,76.0,남성,2026-08-04 11:11:45,사이즈: 정사이즈 / 화면 대비 색감: 화면과 비슷 / 퀄리티: 보통 / 구김: 약간 있음,True,0,filluminate,상의,L,,2026,8,4,화,5,응답,정사이즈,화면과 비슷,보통,약간 있음,,,,3.0,,,,3.0,0.0,0.0,0.0,0.0
﻿6108866,86765836,general,적응력있는아트,옷이 생각보다 밝았어요  밑에가 펑퍼짐해서 조금 애매하긴한데  기장이 딱맞아서 잘 입을거 같아요,5.0,False,S,170.0,62.0,남성,2026-08-06 00:12:48,사이즈: 조금 큼 / 화면 대비 색감: 밝음 / 퀄리티: 보통 / 구김: 약간 있음,True,0,filluminate,상의,S,,2026,8,6,목,5,응답,조금 큼,밝음,보통,약간 있음,,,,3.0,,,,3.0,1.0,1.0,1.0,1.0
﻿6140844,86685201,style,차가운노란색패션,살짝 붙는감이 있는데 부담스럽진 않아서 자주 입게되는것 같아용,5.0,False,M,165.0,58.0,여성,2026-08-01 23:46:48,사이즈: 조금 작음 / 화면 대비 색감: 화면과 비슷 / 두께감: 적당함 / 신축성: 거의 없음,True,0,filluminate,상의,M,,2026,8,1,토,5,응답,조금 작음,화면과 비슷,,,적당함,거의 없음,,,,2.0,3.0,,-1.0,1.0,0.0,0.0
﻿6140895,86767941,style,민재다믿,생각보다 너무 맘에 들어요. 색감이 살짝 어두웠는데. 원단 자체가 너무 시원한 원단이어서 가볍게 걸치기도 좋을 것 같아요. 다른 색상들도 다 구매해. 보고 싶어요. 잘 입을게요.,5.0,False,M,182.0,77.0,남성,2026-08-06 06:01:58,사이즈: 정사이즈 / 화면 대비 색감: 어두움 / 퀄리티: 보통 / 구김: 약간 있음,True,0,filluminate,상의,M,,2026,8,6,목,5,응답,정사이즈,어두움,보통,약간 있음,,,,3.0,,,,3.0,0.0,0.0,-1.0,1.0
6140895,86767938,general,민재다믿,일단 디자인 옷감 다 너무 맘에들어요 생각보다 색감이 살짝 어두웠지만 원단이 너무 시원해서 패스!  진짜 맘에드네요 잘입을게요,5.0,False,M,182.0,77.0,남성,2026-08-06 06:00:12,사이즈: 정사이즈 / 화면 대비 색감: 어두움 / 퀄리티: 보통 / 구김: 약간 있음,True,0,filluminate,상의,M,,2026,8,6,목,5,응답,정사이즈,어두움,보통,약간 있음,,,,3.0,,,,3.0,0.0,0.0,-1.0,1.0
﻿6108845,86762666,general,애틋한노랑뽀글이,"밝은톤의, 길지 않은 크롭스타일의 꽤괜찮아보입니다",5.0,False,L,180.0,82.0,남성,2026-08-05 21:41:06,사이즈: 조금 큼 / 화면 대비 색감: 밝음 / 퀄리티: 좋음 / 구김: 거의 없음,True,0,filluminate,상의,L,,2026,8,5,수,5,응답,조금 큼,밝음,좋음,거의 없음,,,,4.0,,,,4.0,1.0,1.0,1.0,1.0
﻿6394383,86812586,general,혜일리아,"재질도 좋고, 색감도 오묘해서 이쁜데 길이가 좀 긴 게 미스!",3.0,False,S,164.0,48.0,여성,2026-08-08 16:54:23,사이즈: 조금 큼 / 화면 대비 색감: 화면과 비슷 / 두께감: 적당함 / 신축성: 거의 없음,False,0,filluminate,상의,S,,2026,8,8,토,3,응답,조금 큼,화면과 비슷,,,적당함,거의 없음,,,,2.0,3.0,,1.0,1.0,0.0,0.0
﻿6322824,86764338,general,jungleking,곤색 반팔에 어디에나 잘어울리는 티라서 맘에들어요,5.0,False,M,171.0,63.0,남성,2026-08-05 22:51:02,사이즈: 정사이즈 / 화면 대비 색감: 어두움 / 두께감: 적당함 / 신축성: 강함,False,0,filluminate,상의,M,,2026,8,5,수,5,응답,정사이즈,어두움,,,적당함,강함,,,,4.0,3.0,,0.0,0.0,-1.0,1.0
﻿6140888,86790579,style,ㅣㅣㅡ,생각보다 색이 더 어두워서 그건 좀 아쉽 앞주머니 있는건 너무너무너무 좋아요,4.0,False,S,160.0,59.0,여성,2026-08-07 11:41:53,사이즈: 정사이즈 / 화면 대비 색감: 어두움 / 퀄리티: 좋음 / 구김: 거의 없음,True,0,filluminate,상의,S,,2026,8,7,금,4,응답,정사이즈,어두움,좋음,거의 없음,,,,4.0,,,,4.0,0.0,0.0,-1.0,1.0
﻿6323403,86736753,general,창자번지점프,이쁘고 색감도 좋네요 살짝 크긴 한데 좋습니다 가격 대비 최고네요,5.0,False,S,168.0,60.0,남성,2026-08-04 19:27:53,사이즈: 정사이즈 / 화면 대비 색감: 화면과 비슷 / 퀄리티: 좋음 / 구김: 많음,False,0,filluminate,상의,S,,2026,8,4,화,5,응답,정사이즈,화면과 비슷,좋음,많음,,,,4.0,,,,2.0,0.0,0.0,0.0,0.0
﻿6140811,86816064,general,투명한북촌힙합,가격 치고 너무 얇고 잘 구겨지는 재질입니다 할인받아 샀음에도 가격이 비싸다고 느껴지네요 디자인도 이쁘고 기장도 길어서 좋은데 재질이 아쉬워요 반품할까 고민하다가 귀찮아서 걍 품기로햇읍니다..,3.0,False,S,159.0,52.0,여성,2026-08-08 20:31:41,사이즈: 정사이즈 / 화면 대비 색감: 화면과 비슷 / 두께감: 매우 얇음 / 신축성: 거의 없음,False,0,filluminate,상의,S,,2026,8,8,토,3,응답,정사이즈,화면과 비슷,,,매우 얇음,거의 없음,,,,2.0,1.0,,0.0,0.0,0.0,0.0
﻿6818125,86755096,general,독영뚜뚜,그냥 누누 귀여운 맛으로 입을만한 티셔츠인 듯 재질이나 프린팅 퀄은 구려요,4.0,False,M,160.0,48.0,여성,2026-08-05 15:33:07,사이즈: 조금 큼 / 화면 대비 색감: 화면과 비슷 / 두께감: 두꺼움 / 신축성: 강함,True,0,filluminate,상의,M,,2026,8,5,수,4,응답,조금 큼,화면과 비슷,,,두꺼움,강함,,,,4.0,4.0,,1.0,1.0,0.0,0.0
6818125,86749853,general,닉네임대충짓자,너무 귀여워요 입으면 긍정적인 사고가 아주 잘 됩니다,5.0,False,M,160.0,60.0,여성,2026-08-05 10:40:57,사이즈: 조금 큼 / 화면 대비 색감: 화면과 비슷 / 두께감: 적당함 / 신축성: 적당함,False,0,filluminate,상의,M,,2026,8,5,수,5,응답,조금 큼,화면과 비슷,,,적당함,적당함,,,,3.0,3.0,,1.0,1.0,0.0,0.0
﻿3455892,86777349,general,귀욤뽀짝한터키캡,"얇은데 따뜻해서  봄,여름,가을까지도 입기좋은거 같다.",5.0,False,M,180.0,58.0,남성,2026-08-06 17:17:07,사이즈: 정사이즈 / 화면 대비 색감: 화면과 비슷 / 퀄리티: 보통 / 두께감: 얇음,False,0,filluminate,아우터,M,,2026,8,6,목,5,응답,정사이즈,화면과 비슷,보통,,얇음,,,3.0,,,2.0,,0.0,0.0,0.0,0.0
﻿3455882,86800622,general,쇼핑죠아,데일리로 입기 너무 좋습니다 올 여름에 잘 입었어요!!,5.0,False,S,169.0,53.0,여성,2026-08-07 21:35:37,사이즈: 정사이즈 / 화면 대비 색감: 화면과 비슷 / 퀄리티: 보통 / 두께감: 적당함,False,0,filluminate,아우터,S,,2026,8,7,금,5,응답,정사이즈,화면과 비슷,보통,,적당함,,,3.0,,,3.0,,0.0,0.0,0.0,0.0
3455882,86750407,general,Esjh,바람막이의 정석이에요! 적당한 두께감이라서 더 좋았습니다ㅎㅎ 166 기준 s로 잘 산 것 같아요,5.0,False,S,166.0,58.0,여성,2026-08-05 11:09:48,사이즈: 정사이즈 / 화면 대비 색감: 화면과 비슷 / 퀄리티: 좋음 / 두께감: 적당함,True,0,filluminate,아우터,S,,2026,8,5,수,5,응답,정사이즈,화면과 비슷,좋음,,적당함,,,4.0,,,3.0,,0.0,0.0,0.0,0.0
﻿2712419,86735349,general,서여노,딴딴하고 완전 오버핏 아니라 너무 좋았어요! 다른 색도 사규싶어요,4.0,False,S,,,여성,2026-08-04 18:33:05,사이즈: 정사이즈 / 화면 대비 색감: 화면과 비슷 / 두께감: 적당함 / 퀄리티: 보통,False,0,filluminate,아우터,S,,2026,8,4,화,4,응답,정사이즈,화면과 비슷,보통,,적당함,,,3.0,,,3.0,,0.0,0.0,0.0,0.0
﻿4728678,86834155,general,활기찬오치드탱크,부들한 느낌이 몸에 착 감기고 좋아요. 9월 말에서 10월 초 쯤 부터 입으면 될 것 같아요. 살짝 또는 광택이 예뻐 보여요. 시원한 바람이 불어 얼른 입고 싶네요.,5.0,False,S,165.0,47.0,여성,2026-08-09 21:53:41,사이즈: 조금 큼 / 화면 대비 색감: 화면과 비슷 / 퀄리티: 매우 좋음 / 두께감: 적당함,True,0,filluminate,아우터,S,,2026,8,9,일,5,응답,조금 큼,화면과 비슷,매우 좋음,,적당함,,,5.0,,,3.0,,1.0,1.0,0.0,0.0
4728678,86832099,general,온화한송파모노톤,"아주 아름답고 편안하며, 좋은 품질의 소재로 만들어졌습니다.",5.0,False,L,178.0,75.0,남성,2026-08-09 19:59:24,사이즈: 정사이즈 / 화면 대비 색감: 화면과 비슷 / 퀄리티: 보통 / 두께감: 적당함,False,0,filluminate,아우터,L,,2026,8,9,일,5,응답,정사이즈,화면과 비슷,보통,,적당함,,,3.0,,,3.0,,0.0,0.0,0.0,0.0
4728678,86732165,style,어이없는쿠바핀,바람막이지만 너무 얇지 않아서 좋아요. 아들이 잘 입고 다녀요,5.0,False,M,170.0,52.0,missing,2026-08-04 15:59:45,사이즈: 조금 큼 / 화면 대비 색감: 화면과 비슷 / 퀄리티: 보통 / 두께감: 적당함,True,0,filluminate,아우터,M,,2026,8,4,화,5,응답,조금 큼,화면과 비슷,보통,,적당함,,,3.0,,,3.0,,1.0,1.0,0.0,0.0
4728678,86732163,general,mcw0726,딱 원했던 스타일이고 약간 두꺼워서 좀 쌀랑해도 입을 수 있을 것 같아서 만족합니다,5.0,False,L,173.0,100.0,남성,2026-08-04 15:59:35,사이즈: 정사이즈 / 화면 대비 색감: 화면과 비슷 / 퀄리티: 보통 / 두께감: 두꺼움,False,0,filluminate,아우터,L,,2026,8,4,화,5,응답,정사이즈,화면과 비슷,보통,,두꺼움,,,3.0,,,4.0,,0.0,0.0,0.0,0.0
﻿5900201,86809552,general,담백한스웨덴슬림,"배색 패턴이 힙하고 예쁩니다. 밑에 스트링도 짱짱해서 스타일 내기 좋고, 가볍게 겉옷으로 들고 다니기 좋은 것 같습니다",5.0,False,S,167.0,56.0,남성,2026-08-08 14:01:03,사이즈: 정사이즈 / 화면 대비 색감: 밝음 / 퀄리티: 좋음 / 두께감: 적당함,True,0,filluminate,아우터,S,,2026,8,8,토,5,응답,정사이즈,밝음,좋음,,적당함,,,4.0,,,3.0,,0.0,0.0,1.0,1.0
﻿5973119,86723450,style,하나피레,가볍게 걸치기 좋아요 일단 나염이 너무 튀지도 않고 유니크해요. 무게도 거의 없어서 챙겨다니기도 좋고 주머니도 지퍼가 달려있어서 작지만 쓸모가 좋네요. 기장은 좀 짧은 편이에요,5.0,False,F,166.0,58.0,여성,2026-08-04 00:29:53,사이즈: 정사이즈 / 화면 대비 색감: 밝음 / 퀄리티: 매우 좋음 / 두께감: 매우 얇음,True,0,filluminate,아우터,F,,2026,8,4,화,5,응답,정사이즈,밝음,매우 좋음,,매우 얇음,,,5.0,,,1.0,,0.0,0.0,1.0,1.0
﻿5923266,86671655,style,서진.....,제가 크게 사긴 했는데 L사이즈 꽤 커요 여성분들은 M사이즈가 좋을 거 같습니다,4.0,False,L,155.0,56.0,여성,2026-08-01 11:22:27,사이즈: 많이 큼 / 화면 대비 색감: 화면과 비슷 / 퀄리티: 보통 / 두께감: 두꺼움,True,0,filluminate,아우터,L,,2026,8,1,토,4,응답,많이 큼,화면과 비슷,보통,,두꺼움,,,3.0,,,4.0,,2.0,2.0,0.0,0.0
﻿6109242,86724898,style,1974anni,필루미네이트 티셔츠 맛집~ 바람막이 처음 사봤는데 얇고 디자인도 마감도 깔끔해요 간절기에 입기 좋아요~ 중학생 아들이 입고다녀요~,5.0,False,M,161.0,53.0,남성,2026-08-04 05:38:13,사이즈: 정사이즈 / 화면 대비 색감: 화면과 비슷 / 퀄리티: 보통 / 두께감: 적당함,True,0,filluminate,아우터,M,,2026,8,4,화,5,응답,정사이즈,화면과 비슷,보통,,적당함,,,3.0,,,3.0,,0.0,0.0,0.0,0.0
﻿3791988,86828860,general,안락한인사동패드,기본템으로 활용하기 좋을거 같아요 여기저기 잘붙을거 같습니다,5.0,False,L,181.0,78.0,남성,2026-08-09 16:57:13,사이즈: 정사이즈 / 화면 대비 색감: 화면과 비슷 / 퀄리티: 좋음 / 신축성: 강함,True,0,filluminate,하의,L,,2026,8,9,일,5,응답,정사이즈,화면과 비슷,좋음,,,강함,,4.0,,4.0,,,0.0,0.0,0.0,0.0
3791988,86819695,style,구르다쿵햇쪄,s사이즈 딱 좋습니다 바지 통도 마음에 들고 색상도 마음에 듭니다!,5.0,False,S,168.0,68.0,남성,2026-08-09 00:38:51,사이즈: 정사이즈 / 화면 대비 색감: 화면과 비슷 / 퀄리티: 보통 / 신축성: 적당함,True,0,filluminate,하의,S,,2026,8,9,일,5,응답,정사이즈,화면과 비슷,보통,,,적당함,,3.0,,3.0,,,0.0,0.0,0.0,0.0
3791988,86819616,general,구르다쿵햇쪄,s사이즈 28 정도 하의 사이즈라고 생각하시면 될 것 같아용 너무 이쁩니다~~,5.0,False,S,168.0,68.0,남성,2026-08-09 00:33:32,사이즈: 정사이즈 / 화면 대비 색감: 화면과 비슷 / 퀄리티: 보통 / 신축성: 적당함,True,0,filluminate,하의,S,,2026,8,9,일,5,응답,정사이즈,화면과 비슷,보통,,,적당함,,3.0,,3.0,,,0.0,0.0,0.0,0.0
3791988,86803067,general,지방 가리개,얇고 한여름에 입기 좋아요 저는 최근에 살이 쪄서 좀 작아요,5.0,False,S,167.0,68.0,남성,2026-08-08 00:11:52,사이즈: 조금 작음 / 화면 대비 색감: 밝음 / 퀄리티: 보통 / 신축성: 거의 없음,False,0,filluminate,하의,S,,2026,8,8,토,5,응답,조금 작음,밝음,보통,,,거의 없음,,3.0,,2.0,,,-1.0,1.0,1.0,1.0
3791988,86799683,general,유연한빨강티켓,그냥 휘뚜루마뚜루 막 입으려고 선물했는데 괜찮다고 합니다. 다른 것 보다 가격이 워낙 싸니까 중간만 가도 만족하게 되는 것 같아요.,4.0,False,XL,160.0,50.0,여성,2026-08-07 20:46:50,사이즈: 정사이즈 / 화면 대비 색감: 화면과 비슷 / 퀄리티: 보통 / 신축성: 적당함,False,0,filluminate,하의,XL,,2026,8,7,금,4,응답,정사이즈,화면과 비슷,보통,,,적당함,,3.0,,3.0,,,0.0,0.0,0.0,0.0
3791988,86792752,general,알찬시애틀오버울,색상이 너무 밝지 않아 마음에 들고 폭이 넓어서 신발을 덬을 수 있어 좋습니다,5.0,False,XS,174.0,60.0,남성,2026-08-07 13:58:36,사이즈: 조금 큼 / 화면 대비 색감: 화면과 비슷 / 퀄리티: 매우 좋음 / 신축성: 강함,False,0,filluminate,하의,XS,,2026,8,7,금,5,응답,조금 큼,화면과 비슷,매우 좋음,,,강함,,5.0,,4.0,,,1.0,1.0,0.0,0.0
3791988,86775700,general,Mininee,남자친구 사줬는데 되게 잫 립고다녀요 괜찮은듯,5.0,False,M,167.0,60.0,여성,2026-08-06 15:48:47,사이즈: 조금 작음 / 화면 대비 색감: 밝음 / 퀄리티: 매우 좋음 / 신축성: 전혀 없음,False,0,filluminate,하의,M,,2026,8,6,목,5,응답,조금 작음,밝음,매우 좋음,,,전혀 없음,,5.0,,1.0,,,-1.0,1.0,1.0,1.0
3791988,86665711,style,Jujusu,바지 핏이 생각해던 것보다 훨씬 좋아서 잘 입고 있습니다,5.0,False,XL,184.0,70.0,남성,2026-08-06 11:56:08,사이즈: 정사이즈 / 화면 대비 색감: 화면과 비슷 / 퀄리티: 보통 / 신축성: 적당함,True,0,filluminate,하의,XL,,2026,8,6,목,5,응답,정사이즈,화면과 비슷,보통,,,적당함,,3.0,,3.0,,,0.0,0.0,0.0,0.0
3791988,86768945,general,부드러운옥색탱크,깔끔한핏이며 사이즈능 좀크다 여러옷이랑 코기가가능하가,5.0,False,L,174.0,76.0,남성,2026-08-06 08:47:59,사이즈: 조금 큼 / 화면 대비 색감: 화면과 비슷 / 퀄리티: 보통 / 신축성: 강함,False,0,filluminate,하의,L,,2026,8,6,목,5,응답,조금 큼,화면과 비슷,보통,,,강함,,3.0,,4.0,,,1.0,1.0,0.0,0.0
3791988,86756286,general,환한인천반지,사이즈가 딱맞고 색감이좋아여 데일리로 자주입습니다,5.0,False,S,172.0,60.0,남성,2026-08-05 16:30:01,사이즈: 정사이즈 / 화면 대비 색감: 화면과 비슷 / 퀄리티: 보통 / 신축성: 적당함,False,0,filluminate,하의,S,,2026,8,5,수,5,응답,정사이즈,화면과 비슷,보통,,,적당함,,3.0,,3.0,,,0.0,0.0,0.0,0.0
3791988,86751459,style,냉담한인사동보그,키 150 초6 남자아이에게 길이는 좀 길었고 허리는 잘 맞았습니다. 색깔도 예뻐서 맘에 들어하더라구요!,5.0,False,XS,150.0,50.0,남성,2026-08-05 12:10:16,사이즈: 정사이즈 / 화면 대비 색감: 화면과 비슷 / 퀄리티: 보통 / 신축성: 적당함,True,0,filluminate,하의,XS,,2026,8,5,수,5,응답,정사이즈,화면과 비슷,보통,,,적당함,,3.0,,3.0,,,0.0,0.0,0.0,0.0
3791988,86751441,general,냉담한인사동보그,키 150 초6 남자아이에게 길이는 좀 길었고 허리는 잘 맞았습니다. 색깔도 예뻐서 맘에 들어하더라구요!,5.0,False,XS,150.0,50.0,남성,2026-08-05 12:09:28,사이즈: 정사이즈 / 화면 대비 색감: 화면과 비슷 / 퀄리티: 보통 / 신축성: 적당함,True,0,filluminate,하의,XS,,2026,8,5,수,5,응답,정사이즈,화면과 비슷,보통,,,적당함,,3.0,,3.0,,,0.0,0.0,0.0,0.0
3791988,86750127,general,당당한노랑일자핏,사이즈 표가 비교적 정확하게 나와서 구매 실패 없이 잘 샀네요^^,5.0,False,XS,178.0,56.0,남성,2026-08-05 10:55:48,사이즈: 정사이즈 / 화면 대비 색감: 화면과 비슷 / 퀄리티: 매우 좋음 / 신축성: 전혀 없음,False,0,filluminate,하의,XS,,2026,8,5,수,5,응답,정사이즈,화면과 비슷,매우 좋음,,,전혀 없음,,5.0,,1.0,,,0.0,0.0,0.0,0.0
3791988,86746243,general,두바이달달케이크,매우 이쁘네요 허리 사이즈도 엄청 크니않고 좋네요,5.0,False,L,184.0,59.0,남성,2026-08-05 02:33:25,사이즈: 정사이즈 / 화면 대비 색감: 화면과 비슷 / 퀄리티: 보통 / 신축성: 적당함,False,0,filluminate,하의,L,,2026,8,5,수,5,응답,정사이즈,화면과 비슷,보통,,,적당함,,3.0,,3.0,,,0.0,0.0,0.0,0.0
3791988,86743754,general,Gil_mon,제 기장에 딱 맞았던 점이 가장 좋았습니다. 적당히 흐린 색을 원했는데 제가 원하던 색감 그대로 온 것 같습니다,5.0,False,L,173.0,72.0,남성,2026-08-04 23:43:26,사이즈: 정사이즈 / 화면 대비 색감: 밝음 / 퀄리티: 매우 좋음 / 신축성: 거의 없음,True,0,filluminate,하의,L,,2026,8,4,화,5,응답,정사이즈,밝음,매우 좋음,,,거의 없음,,5.0,,2.0,,,0.0,0.0,1.0,1.0
3791988,86741961,general,로우클래식한프릴,깔끔하니 이쁘고 편해서 평상시에 입고 다니기 좋아요,5.0,False,M,177.0,62.0,남성,2026-08-04 22:38:20,사이즈: 정사이즈 / 화면 대비 색감: 화면과 비슷 / 퀄리티: 보통 / 신축성: 적당함,False,0,filluminate,하의,M,,2026,8,4,화,5,응답,정사이즈,화면과 비슷,보통,,,적당함,,3.0,,3.0,,,0.0,0.0,0.0,0.0
3791988,86739308,general,성실한피사파티룩,오버핏 바지의 정점 핏은 물론 최고입니다 굿굿긋,5.0,False,M,174.0,76.0,남성,2026-08-04 21:08:46,사이즈: 조금 큼 / 화면 대비 색감: 화면과 비슷 / 퀄리티: 좋음 / 신축성: 적당함,False,0,filluminate,하의,M,,2026,8,4,화,5,응답,조금 큼,화면과 비슷,좋음,,,적당함,,4.0,,3.0,,,1.0,1.0,0.0,0.0
3791988,86734343,general,다정한호주아울렛,이쁜 워싱 바지 찾는 분들에게 완전 강추합니다!! 역시나 팔루미네이트 바지는 허벅지 때문에 평소에 걱정이 많던 분들에게도 잘 어울립니다!! 진짜 강추해요!!,5.0,False,S,172.0,66.0,남성,2026-08-04 17:51:26,사이즈: 조금 큼 / 화면 대비 색감: 어두움 / 퀄리티: 매우 좋음 / 신축성: 적당함,True,0,filluminate,하의,S,,2026,8,4,화,5,응답,조금 큼,어두움,매우 좋음,,,적당함,,5.0,,3.0,,,1.0,1.0,-1.0,1.0
3791988,86734231,style,다정한호주아울렛,이쁜 워싱 들어간 청바지가 없어서 하나 장만했습니다! 제가 허벅지가 두꺼운 편이라 바지가 잘 안어울리는 편인데 팔루미네이트 바지는 통이 이쁘게 잘 빠져서 누가 입어도 잘 어울릴 것 같습니다. 워싱도 진짜 이쁘게 들어갔어요 완전 강추 !!!,5.0,False,S,172.0,66.0,남성,2026-08-04 17:45:10,사이즈: 조금 큼 / 화면 대비 색감: 밝음 / 퀄리티: 매우 좋음 / 신축성: 적당함,True,0,filluminate,하의,S,,2026,8,4,화,5,응답,조금 큼,밝음,매우 좋음,,,적당함,,5.0,,3.0,,,1.0,1.0,1.0,1.0
3791988,86731827,style,Syg0721,바지는 처음 사봐서 맞는 사이즈를 찾느라 좀 애먹었지만 역시 필루미네이트답게 트렌디하고 핏하네요 ㅎ 두께도 다른 데님들보다 훨씬 얇아서 30도까진 무난하게 다닐 수 있을 것 같습니다!,4.0,False,M,178.0,73.0,남성,2026-08-04 15:37:29,사이즈: 정사이즈 / 화면 대비 색감: 화면과 비슷 / 퀄리티: 보통 / 신축성: 적당함,True,0,filluminate,하의,M,,2026,8,4,화,4,응답,정사이즈,화면과 비슷,보통,,,적당함,,3.0,,3.0,,,0.0,0.0,0.0,0.0
3791988,86724719,style,scyscyscyscyscy,색감이 푸른게 다른 코디들과 디자인하기 너무 좋습니다,5.0,False,L,174.0,67.0,남성,2026-08-04 04:16:05,사이즈: 정사이즈 / 화면 대비 색감: 화면과 비슷 / 퀄리티: 매우 좋음 / 신축성: 적당함,True,0,filluminate,하의,L,,2026,8,4,화,5,응답,정사이즈,화면과 비슷,매우 좋음,,,적당함,,5.0,,3.0,,,0.0,0.0,0.0,0.0
3791988,86722881,style,잉듕잉,사진 찍는데 움직여서 이상해 보이긴 하는데 바지는 예쁩니다 처음에 엑스라지 샀다가 너무 크다 해서 라지로 바꿨는데 이게 딱 맞네요. 무난하게 코디하기 좋아요~,5.0,False,L,180.0,80.0,남성,2026-08-03 23:48:57,사이즈: 정사이즈 / 화면 대비 색감: 화면과 비슷 / 퀄리티: 보통 / 신축성: 적당함,True,0,filluminate,하의,L,,2026,8,3,월,5,응답,정사이즈,화면과 비슷,보통,,,적당함,,3.0,,3.0,,,0.0,0.0,0.0,0.0
3791988,86720047,general,Eden04,사이즈 핏 모두 너무 좋고 색감도 너무 이뻐서 자주 입을 것 같아요,5.0,False,L,181.0,78.0,남성,2026-08-03 21:29:45,사이즈: 정사이즈 / 화면 대비 색감: 밝음 / 퀄리티: 좋음 / 신축성: 전혀 없음,False,0,filluminate,하의,L,,2026,8,3,월,5,응답,정사이즈,밝음,좋음,,,전혀 없음,,4.0,,1.0,,,0.0,0.0,1.0,1.0
3791988,86710033,style,힙생이,색감과 재질이 넘나 좋아요. 다만 M사이즈인데 좀 큽니다. 하지만 전체적인 핏이 티와 찰떡으로 잘 맞아 좋아요.,3.0,False,M,176.0,71.0,남성,2026-08-03 12:09:15,사이즈: 조금 큼 / 화면 대비 색감: 화면과 비슷 / 퀄리티: 보통 / 신축성: 적당함,True,0,filluminate,하의,M,,2026,8,3,월,3,응답,조금 큼,화면과 비슷,보통,,,적당함,,3.0,,3.0,,,1.0,1.0,0.0,0.0
3791988,86709905,general,힙생이,"전체적인 재질 디자인 넘나 맘에 들어요. 다만 색상을 미디엄블루와 블루 2개 모두 M으로 샀는데 블루는 괜찮은데 미디엄 블루는 기장,허리 모두 엄청 크네요???? 태그 봤는데 m이 맞긴했어요.",4.0,False,M,176.0,71.0,남성,2026-08-03 11:59:30,사이즈: 많이 큼 / 화면 대비 색감: 화면과 비슷 / 퀄리티: 보통 / 신축성: 적당함,True,0,filluminate,하의,M,,2026,8,3,월,4,응답,많이 큼,화면과 비슷,보통,,,적당함,,3.0,,3.0,,,2.0,2.0,0.0,0.0
3791988,86709896,general,생각이깊은신사핀,생각보다 밝은 편이고 통이 넓지만 허리도 딱 맞고 입으면 예뻐요,5.0,False,XS,160.0,55.0,여성,2026-08-03 11:59:04,사이즈: 정사이즈 / 화면 대비 색감: 매우 밝음 / 퀄리티: 좋음 / 신축성: 거의 없음,True,0,filluminate,하의,XS,,2026,8,3,월,5,응답,정사이즈,매우 밝음,좋음,,,거의 없음,,4.0,,2.0,,,0.0,0.0,2.0,2.0
﻿3792018,86830156,style,항균퐁퐁,아니 사이즈 엄청 넉넉하고 큽니다!  원래 시키던 사이즈로 시키면 안되고 진짜 잘보셔야해요  키가 커서 무조건적으로 커버가 가능하다싶으면 크게 시키셔도 되는데 아니면 답없습니다 ㅜㅜ사이즈 표 보고  리뷰 기준삼아서 구매하시길 바래요 전 딱 맞았습니다 그래도 기장이 길지만! 아래 조임끈이 있어서 괜춘합니다,5.0,False,M,177.0,95.0,남성,2026-08-09 18:14:12,사이즈: 많이 큼 / 화면 대비 색감: 화면과 비슷 / 퀄리티: 보통 / 신축성: 적당함,True,0,filluminate,하의,M,,2026,8,9,일,5,응답,많이 큼,화면과 비슷,보통,,,적당함,,3.0,,3.0,,,2.0,2.0,0.0,0.0
3792018,86819365,general,KS_n,필루미네이트 바지가 왜 맛집인지 .. 항상 사도 실패가 없는 핏이라 너무 좋아요 🤍🤍,5.0,False,XS,156.0,43.0,여성,2026-08-09 00:18:54,사이즈: 정사이즈 / 화면 대비 색감: 화면과 비슷 / 퀄리티: 보통 / 신축성: 적당함,False,0,filluminate,하의,XS,,2026,8,9,일,5,응답,정사이즈,화면과 비슷,보통,,,적당함,,3.0,,3.0,,,0.0,0.0,0.0,0.0
3792018,86819017,general,diego20,편하게 잘 착용할 수 있는 좋은 바지인 것 같아요 추천합니다,5.0,False,S,173.0,64.0,남성,2026-08-08 23:55:33,사이즈: 조금 큼 / 화면 대비 색감: 화면과 비슷 / 퀄리티: 보통 / 신축성: 적당함,False,0,filluminate,하의,S,,2026,8,8,토,5,응답,조금 큼,화면과 비슷,보통,,,적당함,,3.0,,3.0,,,1.0,1.0,0.0,0.0
3792018,86806575,style,유머있는북촌힙본,솔직히 얘기하면 토피에서 판매하는 비슷한 옷보다 이 옷이 훨씬 더 좋음,5.0,False,L,185.0,95.0,남성,2026-08-08 10:25:59,사이즈: 정사이즈 / 화면 대비 색감: 화면과 비슷 / 퀄리티: 매우 좋음 / 신축성: 적당함,True,0,filluminate,하의,L,,2026,8,8,토,5,응답,정사이즈,화면과 비슷,매우 좋음,,,적당함,,5.0,,3.0,,,0.0,0.0,0.0,0.0
3792018,86806568,general,유머있는북촌힙본,솔직히 얘기하면 토피에서 판매하는 비슷한 옷보다 이 옷이 훨씬 더 좋음,5.0,False,L,185.0,95.0,남성,2026-08-08 10:25:31,사이즈: 정사이즈 / 화면 대비 색감: 화면과 비슷 / 퀄리티: 매우 좋음 / 신축성: 적당함,True,0,filluminate,하의,L,,2026,8,8,토,5,응답,정사이즈,화면과 비슷,매우 좋음,,,적당함,,5.0,,3.0,,,0.0,0.0,0.0,0.0
3792018,86806158,general,쌈박한독일모노톤,일단 가격이 싼 거에 비해 퀄리티가 좋은 것 같고 대신 허리가 진짜 좀 큽니다. 제가 허리 사이즈를 착각하고 사긴 했는데 못 입을 정도는 아니지만 허리끈 꽉 매고도 조금 흘러내리는 것 같아요. 허리가 안 맞아서 기장이 조금 길어질 수 있다는 걸 참고하고 구매하셔야 할 것 같습니다!,4.0,False,XS,165.0,47.0,여성,2026-08-08 09:46:09,사이즈: 많이 큼 / 화면 대비 색감: 화면과 비슷 / 퀄리티: 좋음 / 신축성: 적당함,False,0,filluminate,하의,XS,,2026,8,8,토,4,응답,많이 큼,화면과 비슷,좋음,,,적당함,,4.0,,3.0,,,2.0,2.0,0.0,0.0
3792018,86801781,general,gerrard08,사이즈 커거 s사이즈가 잘 맞고 색상도 화면과 동일합니다.,5.0,False,S,181.0,83.0,남성,2026-08-07 22:47:53,사이즈: 조금 큼 / 화면 대비 색감: 화면과 비슷 / 퀄리티: 보통 / 신축성: 적당함,False,0,filluminate,하의,S,,2026,8,7,금,5,응답,조금 큼,화면과 비슷,보통,,,적당함,,3.0,,3.0,,,1.0,1.0,0.0,0.0
3792018,86785737,general,plokij,다른 색사고 하나더 구매했고 얇고 재질이 뭔가 좋음,5.0,False,S,170.0,55.0,여성,2026-08-07 00:25:07,사이즈: 정사이즈 / 화면 대비 색감: 화면과 비슷 / 퀄리티: 보통 / 신축성: 적당함,False,0,filluminate,하의,S,,2026,8,7,금,5,응답,정사이즈,화면과 비슷,보통,,,적당함,,3.0,,3.0,,,0.0,0.0,0.0,0.0
3792018,86757752,general,신선한연분홍발찌,사이즈가 넉넉하고 무엇보다 옷 디자인이 예쁘고 어떤옷에든 다 잘어울려요!,5.0,False,S,167.0,58.0,여성,2026-08-05 17:42:09,사이즈: 조금 큼 / 화면 대비 색감: 화면과 비슷 / 퀄리티: 매우 좋음 / 신축성: 매우 강함,False,0,filluminate,하의,S,,2026,8,5,수,5,응답,조금 큼,화면과 비슷,매우 좋음,,,매우 강함,,5.0,,5.0,,,1.0,1.0,0.0,0.0
3792018,86717487,general,전쟁터,무진장 덕분에 필루미네이트 첫입문인데 엄지척이네요~앞으로 예의주시 하고싶습니다~♡,5.0,False,M,180.0,85.0,남성,2026-08-03 19:04:10,사이즈: 조금 큼 / 화면 대비 색감: 화면과 비슷 / 퀄리티: 좋음 / 신축성: 강함,True,0,filluminate,하의,M,,2026,8,3,월,5,응답,조금 큼,화면과 비슷,좋음,,,강함,,4.0,,4.0,,,1.0,1.0,0.0,0.0
3792018,86716991,general,라몰라몰라몰,오버핏 좋아하는 사람들은 충분히 만족할거 같고 얇아서 좋아요,5.0,False,S,171.0,68.0,남성,2026-08-03 18:35:36,사이즈: 조금 큼 / 화면 대비 색감: 화면과 비슷 / 퀄리티: 보통 / 신축성: 적당함,False,0,filluminate,하의,S,,2026,8,3,월,5,응답,조금 큼,화면과 비슷,보통,,,적당함,,3.0,,3.0,,,1.0,1.0,0.0,0.0
﻿4969807,86815653,general,주의깊은힙스터,색상이 화면하고 똑같네요. 마감도 좋고 정말 구매하기 잘한거 같아요.,5.0,False,BEIGE · M,168.0,70.0,남성,2026-08-08 20:00:50,사이즈: 정사이즈 / 화면 대비 색감: 화면과 비슷 / 퀄리티: 보통 / 신축성: 적당함,True,0,filluminate,하의,M,BEIGE,2026,8,8,토,5,응답,정사이즈,화면과 비슷,보통,,,적당함,,3.0,,3.0,,,0.0,0.0,0.0,0.0
4969807,86804706,general,사과주스쿠키,가성비가 좋고 재질은 막 시원한 소재는 아닌데 나름 짱짱한소재라서 입었을때 핏은 괜찮네요,5.0,False,INDIGO · M,164.0,64.0,남성,2026-08-08 04:18:26,사이즈: 정사이즈 / 화면 대비 색감: 어두움 / 퀄리티: 좋음 / 신축성: 거의 없음,False,0,filluminate,하의,M,INDIGO,2026,8,8,토,5,응답,정사이즈,어두움,좋음,,,거의 없음,,4.0,,2.0,,,0.0,0.0,-1.0,1.0
4969807,86802826,general,최신연분홍반팔티,적당한 길이의 와이드핏에 재질이 나름 시원한편,5.0,False,BLACK · L,175.0,68.0,남성,2026-08-07 23:56:01,사이즈: 정사이즈 / 화면 대비 색감: 화면과 비슷 / 퀄리티: 보통 / 신축성: 적당함,True,0,filluminate,하의,L,BLACK,2026,8,7,금,5,응답,정사이즈,화면과 비슷,보통,,,적당함,,3.0,,3.0,,,0.0,0.0,0.0,0.0
4969807,86799586,style,경쾌한카멜와이드,딱 원하던 색감의 베이지색이라서 마음에들어요,5.0,False,BEIGE · L,177.0,79.0,남성,2026-08-07 20:40:47,사이즈: 정사이즈 / 화면 대비 색감: 화면과 비슷 / 퀄리티: 매우 좋음 / 신축성: 강함,True,0,filluminate,하의,L,BEIGE,2026,8,7,금,5,응답,정사이즈,화면과 비슷,매우 좋음,,,강함,,5.0,,4.0,,,0.0,0.0,0.0,0.0
4969807,86799574,general,경쾌한카멜와이드,딱 원하는 색감의 베이지색이라서 마음에듭니다,5.0,False,BEIGE · L,177.0,79.0,남성,2026-08-07 20:39:56,사이즈: 정사이즈 / 화면 대비 색감: 화면과 비슷 / 퀄리티: 매우 좋음 / 신축성: 강함,True,0,filluminate,하의,L,BEIGE,2026,8,7,금,5,응답,정사이즈,화면과 비슷,매우 좋음,,,강함,,5.0,,4.0,,,0.0,0.0,0.0,0.0
4969807,86799439,general,피바노바,할인할때 잘 구매한 것 같아요 흰바지인데 도착이 공장에서 묻은??? 이물질이 많네요 출하시 검사를 더 잘해 줬으면 좋겠습니다.,4.0,False,BEIGE · M,175.0,73.0,남성,2026-08-07 20:30:16,사이즈: 정사이즈 / 화면 대비 색감: 화면과 비슷 / 퀄리티: 나쁨 / 신축성: 거의 없음,True,0,filluminate,하의,M,BEIGE,2026,8,7,금,4,응답,정사이즈,화면과 비슷,나쁨,,,거의 없음,,2.0,,2.0,,,0.0,0.0,0.0,0.0
4969807,86798028,general,두현1129,예전에 샀던 제품인데 너무 만족해서 다른색으로 재구매했어요! 얇아서 여름에도 입기 좋아서 좋네요,5.0,False,BEIGE · M,170.0,65.0,남성,2026-08-07 18:52:10,사이즈: 정사이즈 / 화면 대비 색감: 화면과 비슷 / 퀄리티: 보통 / 신축성: 적당함,False,0,filluminate,하의,M,BEIGE,2026,8,7,금,5,응답,정사이즈,화면과 비슷,보통,,,적당함,,3.0,,3.0,,,0.0,0.0,0.0,0.0
4969807,86790258,general,Sean0811,여름이라서 밝은색 청바지 색상을 구매 해봤는데 바지의 넓이가 넓어서 그런지 좀더 편하게 착용하고 있습니다.,5.0,False,LIGHT BLUE · L,175.0,82.0,남성,2026-08-07 11:17:55,사이즈: 정사이즈 / 화면 대비 색감: 화면과 비슷 / 퀄리티: 보통 / 신축성: 적당함,True,0,filluminate,하의,L,LIGHT BLUE,2026,8,7,금,5,응답,정사이즈,화면과 비슷,보통,,,적당함,,3.0,,3.0,,,0.0,0.0,0.0,0.0
4969807,86788280,general,척척박사여,바지통이커서 편하네요 . 모시바지마냥 시원한건아니지만 여름에 입기 좋습니다.,5.0,False,BEIGE · XL,176.0,100.0,남성,2026-08-07 08:47:26,사이즈: 조금 큼 / 화면 대비 색감: 화면과 비슷 / 퀄리티: 나쁨 / 신축성: 전혀 없음,True,0,filluminate,하의,XL,BEIGE,2026,8,7,금,5,응답,조금 큼,화면과 비슷,나쁨,,,전혀 없음,,2.0,,1.0,,,1.0,1.0,0.0,0.0
4969807,86785663,general,우웁씨,시원하고 핏 너무 좋아요 ! 재구매 의사 획실히 있어오,5.0,False,BEIGE · XL,185.0,86.0,남성,2026-08-07 00:19:40,사이즈: 정사이즈 / 화면 대비 색감: 화면과 비슷 / 퀄리티: 보통 / 신축성: 적당함,False,0,filluminate,하의,XL,BEIGE,2026,8,7,금,5,응답,정사이즈,화면과 비슷,보통,,,적당함,,3.0,,3.0,,,0.0,0.0,0.0,0.0
4969807,86782881,general,HoonsB,생각했던 것보다 신축성은 적은데 사이즈 잘 맞고 입어보니 떨어지는 핏도 예쁘네요.,4.0,False,BEIGE · L,176.0,68.0,남성,2026-08-06 21:51:41,사이즈: 조금 작음 / 화면 대비 색감: 화면과 비슷 / 퀄리티: 보통 / 신축성: 거의 없음,False,0,filluminate,하의,L,BEIGE,2026,8,6,목,4,응답,조금 작음,화면과 비슷,보통,,,거의 없음,,3.0,,2.0,,,-1.0,1.0,0.0,0.0
4969807,86782013,general,hoho318,한 여름에 시원하게 입고 다니긴 생각보다 두꺼운 편 인것 같아요,4.0,False,BLACK · M,172.0,78.0,남성,2026-08-06 21:15:51,사이즈: 정사이즈 / 화면 대비 색감: 화면과 비슷 / 퀄리티: 보통 / 신축성: 적당함,True,0,filluminate,하의,M,BLACK,2026,8,6,목,4,응답,정사이즈,화면과 비슷,보통,,,적당함,,3.0,,3.0,,,0.0,0.0,0.0,0.0
4969807,86782029,style,hoho318,한 여름에 시원하게 입고 다니긴 생각보다 두꺼운 편 인것 같아요,4.0,False,BLACK · M,172.0,78.0,남성,2026-08-06 21:15:22,사이즈: 정사이즈 / 화면 대비 색감: 화면과 비슷 / 퀄리티: 보통 / 신축성: 적당함,True,0,filluminate,하의,M,BLACK,2026,8,6,목,4,응답,정사이즈,화면과 비슷,보통,,,적당함,,3.0,,3.0,,,0.0,0.0,0.0,0.0
4969807,86781480,style,아르엔,통도 넉넉해서 바람이 솔솔 들어와서 시원하고 괜찮네요,4.0,False,BLACK · M,170.0,70.0,남성,2026-08-06 20:48:39,사이즈: 정사이즈 / 화면 대비 색감: 화면과 비슷 / 퀄리티: 보통 / 신축성: 적당함,True,0,filluminate,하의,M,BLACK,2026,8,6,목,4,응답,정사이즈,화면과 비슷,보통,,,적당함,,3.0,,3.0,,,0.0,0.0,0.0,0.0
4969807,86777705,general,민990,재질도 좋고 핏도 이쁘고 잘 산거같아요 만족합니다.,5.0,False,BEIGE · M,175.0,70.0,남성,2026-08-06 17:37:03,사이즈: 정사이즈 / 화면 대비 색감: 화면과 비슷 / 퀄리티: 보통 / 신축성: 적당함,False,0,filluminate,하의,M,BEIGE,2026,8,6,목,5,응답,정사이즈,화면과 비슷,보통,,,적당함,,3.0,,3.0,,,0.0,0.0,0.0,0.0
4969807,86767953,general,먼지당1,길이 딱 작당하고 시원합니다 어디든 잘 어울릴거 같아요,5.0,False,INDIGO · M,171.0,63.0,남성,2026-08-06 06:07:48,사이즈: 정사이즈 / 화면 대비 색감: 화면과 비슷 / 퀄리티: 보통 / 신축성: 적당함,False,0,filluminate,하의,M,INDIGO,2026,8,6,목,5,응답,정사이즈,화면과 비슷,보통,,,적당함,,3.0,,3.0,,,0.0,0.0,0.0,0.0
4969807,86759934,style,솜과 사탕,이름은 베이진데 아이보리에 가깝습니다 적당한 두께여서 비치지 않으면서도 시원해요 이번 여름 잘 입고있어요,5.0,False,BEIGE · XL,180.0,90.0,남성,2026-08-05 19:28:55,사이즈: 조금 큼 / 화면 대비 색감: 화면과 비슷 / 퀄리티: 보통 / 신축성: 적당함,True,0,filluminate,하의,XL,BEIGE,2026,8,5,수,5,응답,조금 큼,화면과 비슷,보통,,,적당함,,3.0,,3.0,,,1.0,1.0,0.0,0.0
4969807,86759694,general,고전적인옥색엣지,상의를 아무렇게 입고 이 바지를 입으면 꾸안꾸 느낌이 나서 정말 좋아요,5.0,False,BEIGE · M,170.0,73.0,남성,2026-08-05 19:15:50,사이즈: 정사이즈 / 화면 대비 색감: 화면과 비슷 / 퀄리티: 보통 / 신축성: 적당함,False,0,filluminate,하의,M,BEIGE,2026,8,5,수,5,응답,정사이즈,화면과 비슷,보통,,,적당함,,3.0,,3.0,,,0.0,0.0,0.0,0.0
4969807,86746339,general,SJG1004,여름에 시원하고 편하게 입기 조을듯합니다 만족합니다,5.0,False,INDIGO · M,172.0,73.0,남성,2026-08-05 02:52:57,사이즈: 정사이즈 / 화면 대비 색감: 어두움 / 퀄리티: 매우 좋음 / 신축성: 적당함,False,0,filluminate,하의,M,INDIGO,2026,8,5,수,5,응답,정사이즈,어두움,매우 좋음,,,적당함,,5.0,,3.0,,,0.0,0.0,-1.0,1.0
4969807,86745340,style,류빈s,기장이 생각보다 길고 비 올 때 입었다가 양말이랑 신발에 조금 이염되긴했네요 그것만 주의하면 옷 좋습니다,5.0,False,INDIGO · L,168.0,75.0,남성,2026-08-05 00:49:57,사이즈: 조금 큼 / 화면 대비 색감: 화면과 비슷 / 퀄리티: 보통 / 신축성: 적당함,True,0,filluminate,하의,L,INDIGO,2026,8,5,수,5,응답,조금 큼,화면과 비슷,보통,,,적당함,,3.0,,3.0,,,1.0,1.0,0.0,0.0
4969807,86744595,general,kknamee,필루미네이트 브랜드 상품 처음 구매 했는데 너무 만족합니다!,5.0,False,INDIGO · XL,174.0,100.0,남성,2026-08-05 00:15:29,사이즈: 정사이즈 / 화면 대비 색감: 화면과 비슷 / 퀄리티: 보통 / 신축성: 적당함,False,0,filluminate,하의,XL,INDIGO,2026,8,5,수,5,응답,정사이즈,화면과 비슷,보통,,,적당함,,3.0,,3.0,,,0.0,0.0,0.0,0.0
4969807,86742483,general,ㄱ습,"일단 여름 긴바지는 생존을 위해 편하고 시원해야 한다고 생각하는데, 둘 다 만족스럽습니다. 그리고 핏감도 괜찮구요. 기장은 살짝 저한테 길기는 한데, 굽있는 신발이나 키높이 깔면 될 정도에요. 밑위길이 길어서 위로 올려 입으면 다리도 길어 보여서 좋아요.",5.0,False,BEIGE · M,173.0,62.0,남성,2026-08-04 22:55:41,사이즈: 조금 큼 / 화면 대비 색감: 어두움 / 퀄리티: 좋음 / 신축성: 매우 강함,True,0,filluminate,하의,M,BEIGE,2026,8,4,화,5,응답,조금 큼,어두움,좋음,,,매우 강함,,4.0,,5.0,,,1.0,1.0,-1.0,1.0
4969807,86741932,general,김백화ㅋ,저렴한 가격에 좋은 린넨 바지 샀어요 얇은편은 아니라서 비침 걱정 없이 입을수 있어요,5.0,False,BEIGE · M,174.0,58.0,남성,2026-08-04 22:37:35,사이즈: 정사이즈 / 화면 대비 색감: 화면과 비슷 / 퀄리티: 보통 / 신축성: 거의 없음,True,0,filluminate,하의,M,BEIGE,2026,8,4,화,5,응답,정사이즈,화면과 비슷,보통,,,거의 없음,,3.0,,2.0,,,0.0,0.0,0.0,0.0
4969807,86738224,general,에몰라,린넨은 처음사봤는데 기대 이상으로 너무 예쁘네용,5.0,False,BEIGE · L,179.0,80.0,남성,2026-08-04 20:24:04,사이즈: 많이 큼 / 화면 대비 색감: 매우 어두움 / 퀄리티: 매우 좋음 / 신축성: 매우 강함,False,0,filluminate,하의,L,BEIGE,2026,8,4,화,5,응답,많이 큼,매우 어두움,매우 좋음,,,매우 강함,,5.0,,5.0,,,2.0,2.0,-2.0,2.0
4969807,86737336,style,분명한로마취향,입었을 땨 정말 시원하고 편해서 이번 여름에 자주 입고있어요,5.0,False,BEIGE · M,171.0,64.0,남성,2026-08-04 19:49:53,사이즈: 정사이즈 / 화면 대비 색감: 화면과 비슷 / 퀄리티: 보통 / 신축성: 적당함,True,0,filluminate,하의,M,BEIGE,2026,8,4,화,5,응답,정사이즈,화면과 비슷,보통,,,적당함,,3.0,,3.0,,,0.0,0.0,0.0,0.0
4969807,86736332,general,유유유자,핏 이쁘고 좋아요~ 다만 기장이 좀 기네요. 검정색 사고 괜찮아서 아이보리도 베이지도 주문했어요~,5.0,False,BEIGE · M,162.0,63.0,여성,2026-08-04 19:11:04,사이즈: 조금 큼 / 화면 대비 색감: 화면과 비슷 / 퀄리티: 보통 / 신축성: 적당함,False,0,filluminate,하의,M,BEIGE,2026,8,4,화,5,응답,조금 큼,화면과 비슷,보통,,,적당함,,3.0,,3.0,,,1.0,1.0,0.0,0.0
4969807,86730916,style,세자짱짱,여룸에 입기 시원하고 좋습니다 비침도 거의없고 색도 원하던색임,5.0,False,BEIGE · M,174.0,64.0,남성,2026-08-04 14:48:25,사이즈: 정사이즈 / 화면 대비 색감: 화면과 비슷 / 퀄리티: 보통 / 신축성: 적당함,True,0,filluminate,하의,M,BEIGE,2026,8,4,화,5,응답,정사이즈,화면과 비슷,보통,,,적당함,,3.0,,3.0,,,0.0,0.0,0.0,0.0
4969807,86730904,general,세자짱짱,시원하고 색깔맘에듬 비침도 거의 없어보여서 여름에 좋습니다,5.0,False,BEIGE · M,174.0,64.0,남성,2026-08-04 14:47:47,사이즈: 정사이즈 / 화면 대비 색감: 화면과 비슷 / 퀄리티: 보통 / 신축성: 적당함,True,0,filluminate,하의,M,BEIGE,2026,8,4,화,5,응답,정사이즈,화면과 비슷,보통,,,적당함,,3.0,,3.0,,,0.0,0.0,0.0,0.0
4969807,86728666,style,홍당믄,사이즈는 조금 큽니다. 작진않은것으로 생각되네요,4.0,False,BEIGE · L,176.0,78.0,남성,2026-08-04 12:33:23,사이즈: 조금 큼 / 화면 대비 색감: 어두움 / 퀄리티: 좋음 / 신축성: 강함,True,0,filluminate,하의,L,BEIGE,2026,8,4,화,4,응답,조금 큼,어두움,좋음,,,강함,,4.0,,4.0,,,1.0,1.0,-1.0,1.0
4969807,86728030,general,jyo1828,핏도 진짜 예쁘고 재질도 탄탄해서 자주 입고 있어요,5.0,False,BEIGE · M,173.0,63.0,남성,2026-08-04 11:50:42,사이즈: 정사이즈 / 화면 대비 색감: 화면과 비슷 / 퀄리티: 보통 / 신축성: 적당함,True,0,filluminate,하의,M,BEIGE,2026,8,4,화,5,응답,정사이즈,화면과 비슷,보통,,,적당함,,3.0,,3.0,,,0.0,0.0,0.0,0.0
4969807,86726803,style,우웅우우웅우웅,바지 편하고 튼튼하고 시원함 한사이즈 다운 추천,5.0,False,BEIGE · L,183.0,82.0,남성,2026-08-04 10:21:05,사이즈: 정사이즈 / 화면 대비 색감: 화면과 비슷 / 퀄리티: 보통 / 신축성: 적당함,True,0,filluminate,하의,L,BEIGE,2026,8,4,화,5,응답,정사이즈,화면과 비슷,보통,,,적당함,,3.0,,3.0,,,0.0,0.0,0.0,0.0
4969807,86726782,general,우웅우우웅우웅,보풀 많긴한데 바지 퀄리티가 괜찮음 엄청 큼 다운추천,5.0,False,BEIGE · L,183.0,82.0,남성,2026-08-04 10:19:27,사이즈: 정사이즈 / 화면 대비 색감: 화면과 비슷 / 퀄리티: 보통 / 신축성: 적당함,True,0,filluminate,하의,L,BEIGE,2026,8,4,화,5,응답,정사이즈,화면과 비슷,보통,,,적당함,,3.0,,3.0,,,0.0,0.0,0.0,0.0
4969807,86726322,style,쪼갱스터,핏도 색감도 전체적으로 맘에 듭니다 기장이 살짝 길긴해요,5.0,False,INDIGO · L,173.0,82.0,남성,2026-08-04 09:34:21,사이즈: 정사이즈 / 화면 대비 색감: 어두움 / 퀄리티: 매우 좋음 / 신축성: 적당함,True,0,filluminate,하의,L,INDIGO,2026,8,4,화,5,응답,정사이즈,어두움,매우 좋음,,,적당함,,5.0,,3.0,,,0.0,0.0,-1.0,1.0
4969807,86726055,general,강인한회색손수건,정사이즈고 착용감좋고 이쁩니다. 구김은 조금 생기지만 보기싫은건 아니라 만족합니다,5.0,False,BEIGE · M,175.0,73.0,남성,2026-08-04 09:12:37,사이즈: 정사이즈 / 화면 대비 색감: 화면과 비슷 / 퀄리티: 매우 좋음 / 신축성: 전혀 없음,True,0,filluminate,하의,M,BEIGE,2026,8,4,화,5,응답,정사이즈,화면과 비슷,매우 좋음,,,전혀 없음,,5.0,,1.0,,,0.0,0.0,0.0,0.0
4969807,86721570,general,MSS_0,처음 배송 왔을때 사진과 유사하여 만족하였고 허리 밴딩이 생각보다 두껍고 탄탄하여 흘러내림 없이 입을수있었습니다 아무래도 여름에 입기엔 살짝 비침이 있기에 거기에 유의한다면 문제없을거 같습니다,5.0,False,BEIGE · M,168.0,72.0,남성,2026-08-03 22:42:09,사이즈: 정사이즈 / 화면 대비 색감: 화면과 비슷 / 퀄리티: 좋음 / 신축성: 적당함,False,0,filluminate,하의,M,BEIGE,2026,8,3,월,5,응답,정사이즈,화면과 비슷,좋음,,,적당함,,4.0,,3.0,,,0.0,0.0,0.0,0.0
4969807,86721363,general,188.71,색감 이쁘도 적당히 오버핏으로 입고다니기 편합니다~,5.0,False,BEIGE · XL,188.0,70.0,남성,2026-08-03 22:30:14,사이즈: 조금 큼 / 화면 대비 색감: 화면과 비슷 / 퀄리티: 보통 / 신축성: 적당함,True,0,filluminate,하의,XL,BEIGE,2026,8,3,월,5,응답,조금 큼,화면과 비슷,보통,,,적당함,,3.0,,3.0,,,1.0,1.0,0.0,0.0
4969807,86721080,style,188.71,세미 오버핏으로 이쁘고 여름에 입기 편하네요! 원단도 부드러워서 좋습니다,5.0,False,BEIGE · XL,188.0,70.0,남성,2026-08-03 22:17:36,사이즈: 정사이즈 / 화면 대비 색감: 화면과 비슷 / 퀄리티: 보통 / 신축성: 적당함,True,0,filluminate,하의,XL,BEIGE,2026,8,3,월,5,응답,정사이즈,화면과 비슷,보통,,,적당함,,3.0,,3.0,,,0.0,0.0,0.0,0.0
4969807,86717309,general,바람빠진피사핀턱,올 데이 린넨 라이크 밴딩 팬츠 린넨이라 편하게 입고 색상도 이뻐요,5.0,False,BEIGE · M,175.0,60.0,남성,2026-08-03 18:55:05,사이즈: 정사이즈 / 화면 대비 색감: 화면과 비슷 / 퀄리티: 보통 / 신축성: 적당함,True,0,filluminate,하의,M,BEIGE,2026,8,3,월,5,응답,정사이즈,화면과 비슷,보통,,,적당함,,3.0,,3.0,,,0.0,0.0,0.0,0.0
4969807,86717295,style,바람빠진피사핀턱,올 데이 린넨 라이크 밴딩 팬츠 린넨 베이지 색상 이쁘고 시원하고 편해요,5.0,False,BEIGE · M,175.0,60.0,남성,2026-08-03 18:54:02,사이즈: 정사이즈 / 화면 대비 색감: 화면과 비슷 / 퀄리티: 보통 / 신축성: 적당함,True,0,filluminate,하의,M,BEIGE,2026,8,3,월,5,응답,정사이즈,화면과 비슷,보통,,,적당함,,3.0,,3.0,,,0.0,0.0,0.0,0.0
4969807,86712679,general,잭권,ㅎㅎ 입자마자 바로 다른 색상도 구매할 정도로 매우 만족스럽습니다,5.0,False,BEIGE · L,177.0,75.0,남성,2026-08-03 14:42:43,사이즈: 정사이즈 / 화면 대비 색감: 밝음 / 퀄리티: 좋음 / 신축성: 강함,False,0,filluminate,하의,L,BEIGE,2026,8,3,월,5,응답,정사이즈,밝음,좋음,,,강함,,4.0,,4.0,,,0.0,0.0,1.0,1.0
4969807,86712652,general,잭권,기존에 다른 색상을 구매해서 입고 있었는데 하나 더 샀습니다! 너무 괜찮은 바지에요,5.0,False,BLACK · L,177.0,75.0,남성,2026-08-03 14:40:43,사이즈: 정사이즈 / 화면 대비 색감: 화면과 비슷 / 퀄리티: 좋음 / 신축성: 강함,False,0,filluminate,하의,L,BLACK,2026,8,3,월,5,응답,정사이즈,화면과 비슷,좋음,,,강함,,4.0,,4.0,,,0.0,0.0,0.0,0.0
4969807,86708933,style,차니후니,예쁜 린넨팬츠! 올여름 데일리템일 것 같아용 색감도 좋아유,5.0,False,BEIGE · M,174.0,60.0,남성,2026-08-03 10:50:39,사이즈: 정사이즈 / 화면 대비 색감: 화면과 비슷 / 퀄리티: 보통 / 신축성: 적당함,True,0,filluminate,하의,M,BEIGE,2026,8,3,월,5,응답,정사이즈,화면과 비슷,보통,,,적당함,,3.0,,3.0,,,0.0,0.0,0.0,0.0
4969807,86708911,general,차니후니,깔끔하고 기장이 크롭해서 예뻐용 맨살에 입을 수 있을정도로 보들보들해요,5.0,False,BEIGE · M,174.0,60.0,남성,2026-08-03 10:49:27,사이즈: 정사이즈 / 화면 대비 색감: 화면과 비슷 / 퀄리티: 좋음 / 신축성: 적당함,True,0,filluminate,하의,M,BEIGE,2026,8,3,월,5,응답,정사이즈,화면과 비슷,좋음,,,적당함,,4.0,,3.0,,,0.0,0.0,0.0,0.0
4969807,86707849,style,찾고싶다,찰랑찰랑하면서 핏 이쁜 린넨바지를 드디어 찾았어요,5.0,False,BEIGE · XL,179.0,82.0,남성,2026-08-03 09:30:18,사이즈: 정사이즈 / 화면 대비 색감: 밝음 / 퀄리티: 좋음 / 신축성: 매우 강함,True,0,filluminate,하의,XL,BEIGE,2026,8,3,월,5,응답,정사이즈,밝음,좋음,,,매우 강함,,4.0,,5.0,,,0.0,0.0,1.0,1.0
4969807,86705302,general,영리한합정홈웨어,필루미네이트 바지 비치지도 않고 시원하고 좋네요,5.0,False,BEIGE · M,168.0,61.0,남성,2026-08-03 02:10:55,사이즈: 정사이즈 / 화면 대비 색감: 밝음 / 퀄리티: 매우 좋음 / 신축성: 적당함,True,0,filluminate,하의,M,BEIGE,2026,8,3,월,5,응답,정사이즈,밝음,매우 좋음,,,적당함,,5.0,,3.0,,,0.0,0.0,1.0,1.0
﻿4095002,86799680,general,유연한빨강티켓,그냥 휘뚜루마뚜루 막 입으려고 선물했는데 괜찮다고 합니다. 다른 것 보다 가격이 워낙 싸니까 중간만 가도 만족하게 되는 것 같아요.,4.0,False,XL,160.0,50.0,여성,2026-08-07 20:46:32,사이즈: 정사이즈 / 화면 대비 색감: 화면과 비슷 / 퀄리티: 보통 / 신축성: 적당함,False,0,filluminate,하의,XL,,2026,8,7,금,4,응답,정사이즈,화면과 비슷,보통,,,적당함,,3.0,,3.0,,,0.0,0.0,0.0,0.0
4095002,86760080,general,밝은민트카고,통이 넉넉하고 핏이 예쁩니다. 길이는 사이즈 대비 조금만 더 길었으면 좋겠어요,5.0,False,L,173.0,55.0,남성,2026-08-05 19:37:23,사이즈: 정사이즈 / 화면 대비 색감: 화면과 비슷 / 퀄리티: 보통 / 신축성: 적당함,False,0,filluminate,하의,L,,2026,8,5,수,5,응답,정사이즈,화면과 비슷,보통,,,적당함,,3.0,,3.0,,,0.0,0.0,0.0,0.0
﻿5092725,86816854,general,벗뷧취,"제품은 전반적으로 좋았는데, 빨래하고 나서 꾸리꾸리한 냄새가 났습니다.. 세탁 문제인건지, 아니면 원단의 문제인지 잘 모르겠네요.. 섬유탈취제를 좀 뿌렸는데도 그냥 꾸리한 냄새에 탈취제로 덮은 느낌(?)이었네요..",4.0,False,LIGHT BLUE · L,171.0,73.0,남성,2026-08-08 21:28:28,사이즈: 조금 큼 / 화면 대비 색감: 화면과 비슷 / 퀄리티: 보통 / 신축성: 적당함,False,0,filluminate,하의,L,LIGHT BLUE,2026,8,8,토,4,응답,조금 큼,화면과 비슷,보통,,,적당함,,3.0,,3.0,,,1.0,1.0,0.0,0.0
5092725,86793811,general,지루한홍대아우터,촉감이 시원하고 통이넓어 시원합니다. 밴딩으로 되어있어서 편하게 입을 수 있어요.,5.0,False,LIGHT BLUE · L,180.0,90.0,남성,2026-08-07 14:56:10,사이즈: 조금 큼 / 화면 대비 색감: 밝음 / 퀄리티: 보통 / 신축성: 적당함,False,0,filluminate,하의,L,LIGHT BLUE,2026,8,7,금,5,응답,조금 큼,밝음,보통,,,적당함,,3.0,,3.0,,,1.0,1.0,1.0,1.0
5092725,86785701,style,쿨한코펜하겐패치,재질이 시원해서 여름에 입기 너무 좋아요. 색깔도 화면대로라 막 입기 좋아요,5.0,False,BEIGE · M,174.0,72.0,남성,2026-08-07 00:22:20,사이즈: 정사이즈 / 화면 대비 색감: 화면과 비슷 / 퀄리티: 보통 / 신축성: 적당함,True,0,filluminate,하의,M,BEIGE,2026,8,7,금,5,응답,정사이즈,화면과 비슷,보통,,,적당함,,3.0,,3.0,,,0.0,0.0,0.0,0.0
5092725,86785690,general,쿨한코펜하겐패치,시원하구 통도 넓어서 살랑살랑하게 여름에 시원해보여요,5.0,False,BEIGE · M,174.0,72.0,남성,2026-08-07 00:21:28,사이즈: 정사이즈 / 화면 대비 색감: 화면과 비슷 / 퀄리티: 보통 / 신축성: 적당함,True,0,filluminate,하의,M,BEIGE,2026,8,7,금,5,응답,정사이즈,화면과 비슷,보통,,,적당함,,3.0,,3.0,,,0.0,0.0,0.0,0.0
5092725,86754866,general,하라늘,시원하고 합리적인 가격으러 구매했습니다 편하거 좋아요,5.0,False,BLACK · L,174.0,65.0,남성,2026-08-05 15:20:02,사이즈: 정사이즈 / 화면 대비 색감: 화면과 비슷 / 퀄리티: 매우 좋음 / 신축성: 매우 강함,False,0,filluminate,하의,L,BLACK,2026,8,5,수,5,응답,정사이즈,화면과 비슷,매우 좋음,,,매우 강함,,5.0,,5.0,,,0.0,0.0,0.0,0.0
5092725,86737677,general,지똥22222,사이즈 넉넉합니다 세탁 하면 이상해 질 것 같아서 그냥 입으려고 합니다. 세일한 가격 만큼 하는 것 같아요. 생각보다는 뻣뻣 합니다.,5.0,False,BLACK · L,170.0,65.0,여성,2026-08-04 20:03:45,사이즈: 조금 큼 / 화면 대비 색감: 화면과 비슷 / 퀄리티: 보통 / 신축성: 전혀 없음,True,0,filluminate,하의,L,BLACK,2026,8,4,화,5,응답,조금 큼,화면과 비슷,보통,,,전혀 없음,,3.0,,1.0,,,1.0,1.0,0.0,0.0
﻿5911789,86723180,general,엘레강트한제주캡,기장이딱맞고완전이뻐요무거울줄알앗는데좀가벼워용,5.0,False,BEIGE · M,170.0,65.0,남성,2026-08-04 00:09:33,사이즈: 정사이즈 / 화면 대비 색감: 화면과 비슷 / 퀄리티: 보통 / 신축성: 적당함,False,0,filluminate,하의,M,BEIGE,2026,8,4,화,5,응답,정사이즈,화면과 비슷,보통,,,적당함,,3.0,,3.0,,,0.0,0.0,0.0,0.0
﻿6322928,86828845,style,웁시툽시룹시,여름에 편하게 자주 입고 있습니다. 실밥이 조금 올라오기는 하는데 막 입는용으로 좋아용,4.0,False,L,178.0,80.0,남성,2026-08-09 16:55:59,사이즈: 정사이즈 / 화면 대비 색감: 화면과 비슷 / 퀄리티: 나쁨 / 신축성: 전혀 없음,True,0,filluminate,하의,L,,2026,8,9,일,4,응답,정사이즈,화면과 비슷,나쁨,,,전혀 없음,,2.0,,1.0,,,0.0,0.0,0.0,0.0
6322928,86804960,general,아늑한압구정집업,핏도 좋고 색감도 이쁘고 처음으로 만족하고 입어요,5.0,False,L,173.0,80.0,남성,2026-08-08 06:14:13,사이즈: 정사이즈 / 화면 대비 색감: 화면과 비슷 / 퀄리티: 보통 / 신축성: 적당함,False,0,filluminate,하의,L,,2026,8,8,토,5,응답,정사이즈,화면과 비슷,보통,,,적당함,,3.0,,3.0,,,0.0,0.0,0.0,0.0
6322928,86796991,general,하얀마음백경,원단이 시원하고 디자인도 너무 이쁩니다. 특히 밑단을 똑딱이로 조정할 수 있어서 다른 핏감을 연출할수 있어요.,5.0,False,M,167.0,75.0,남성,2026-08-07 17:46:29,사이즈: 조금 큼 / 화면 대비 색감: 화면과 비슷 / 퀄리티: 매우 좋음 / 신축성: 적당함,True,0,filluminate,하의,M,,2026,8,7,금,5,응답,조금 큼,화면과 비슷,매우 좋음,,,적당함,,5.0,,3.0,,,1.0,1.0,0.0,0.0
6322928,86751729,style,짭스커버리,옷 기장도 얼맞고 재질도 두껍지 않아서 여름에도 충분히 입을 수있을 거 거 같습니다.,5.0,False,M,176.0,67.0,남성,2026-08-05 12:26:39,사이즈: 정사이즈 / 화면 대비 색감: 화면과 비슷 / 퀄리티: 보통 / 신축성: 적당함,True,0,filluminate,하의,M,,2026,8,5,수,5,응답,정사이즈,화면과 비슷,보통,,,적당함,,3.0,,3.0,,,0.0,0.0,0.0,0.0
6322928,86751721,general,짭스커버리,옷 기장도 얼맞고 재질도 두껍지 않아서 여름에도 충분히 입을 수있을 거 거 같습니다.,5.0,False,M,176.0,67.0,남성,2026-08-05 12:26:13,사이즈: 정사이즈 / 화면 대비 색감: 화면과 비슷 / 퀄리티: 보통 / 신축성: 적당함,True,0,filluminate,하의,M,,2026,8,5,수,5,응답,정사이즈,화면과 비슷,보통,,,적당함,,3.0,,3.0,,,0.0,0.0,0.0,0.0
6322928,86715733,general,돼지바포도맛,생각한 색깔과 비슷하고 밑단에 똑딱이가 있어서 다양한 스타일링 연출이 가능합니다,5.0,False,M,167.0,65.0,남성,2026-08-03 17:27:17,사이즈: 정사이즈 / 화면 대비 색감: 화면과 비슷 / 퀄리티: 보통 / 신축성: 적당함,True,0,filluminate,하의,M,,2026,8,3,월,5,응답,정사이즈,화면과 비슷,보통,,,적당함,,3.0,,3.0,,,0.0,0.0,0.0,0.0
6322928,86708982,style,djskdjsa,핏도좋고 이쁜데 삼포현상이 너무심해요 이거만 개선되면 좋을듯,5.0,False,M,170.0,85.0,남성,2026-08-03 10:53:38,사이즈: 정사이즈 / 화면 대비 색감: 화면과 비슷 / 퀄리티: 보통 / 신축성: 적당함,True,0,filluminate,하의,M,,2026,8,3,월,5,응답,정사이즈,화면과 비슷,보통,,,적당함,,3.0,,3.0,,,0.0,0.0,0.0,0.0
﻿5334006,86783567,general,으차잇,색감예쁘고 지퍼도 YKK여서 좋아요 많이 입을게요,5.0,False,L,174.0,83.0,남성,2026-08-06 22:25:36,사이즈: 정사이즈 / 화면 대비 색감: 화면과 비슷 / 퀄리티: 보통 / 신축성: 적당함,False,0,filluminate,하의,L,,2026,8,6,목,5,응답,정사이즈,화면과 비슷,보통,,,적당함,,3.0,,3.0,,,0.0,0.0,0.0,0.0
﻿6322931,86835494,general,수애앵,사진으로 봤던 그대로이고 핏도 예쁜거같아영 예쁨니등,5.0,False,M,178.0,76.0,남성,2026-08-09 23:00:24,사이즈: 정사이즈 / 화면 대비 색감: 화면과 비슷 / 퀄리티: 보통 / 신축성: 적당함,False,0,filluminate,하의,M,,2026,8,9,일,5,응답,정사이즈,화면과 비슷,보통,,,적당함,,3.0,,3.0,,,0.0,0.0,0.0,0.0
6322931,86826743,style,안전한라임장갑,디자인이 예쁘고 바지 밑 단추가 포인트를 줘서 예뻐요,4.0,False,L,182.0,72.0,남성,2026-08-09 14:47:38,사이즈: 정사이즈 / 화면 대비 색감: 화면과 비슷 / 퀄리티: 보통 / 신축성: 적당함,True,0,filluminate,하의,L,,2026,8,9,일,4,응답,정사이즈,화면과 비슷,보통,,,적당함,,3.0,,3.0,,,0.0,0.0,0.0,0.0
6322931,86824203,general,수줍은오슬로코트,생각보다 너무 이쁘고 핏도 좋았어요 다들 많이 입어요,5.0,False,S,168.0,57.0,남성,2026-08-09 11:59:08,사이즈: 정사이즈 / 화면 대비 색감: 화면과 비슷 / 퀄리티: 보통 / 신축성: 적당함,False,0,filluminate,하의,S,,2026,8,9,일,5,응답,정사이즈,화면과 비슷,보통,,,적당함,,3.0,,3.0,,,0.0,0.0,0.0,0.0
6322931,86813241,general,LuvBear,"커브드 팬츠 처음 구매해보았는데, 두께감도 지금같은 여름에 입어도 괜춘하고 핏도 적당해서 잘입고다녀요!",5.0,False,L,181.0,87.0,남성,2026-08-08 17:35:09,사이즈: 조금 큼 / 화면 대비 색감: 어두움 / 퀄리티: 좋음 / 신축성: 강함,True,0,filluminate,하의,L,,2026,8,8,토,5,응답,조금 큼,어두움,좋음,,,강함,,4.0,,4.0,,,1.0,1.0,-1.0,1.0
6322931,86802261,general,패피써누,길이감이랑 재질이 아쉬운느낌이예요 가격 대비 나쁘진않아요,3.0,False,L,180.0,92.0,남성,2026-08-07 23:19:39,사이즈: 조금 작음 / 화면 대비 색감: 매우 어두움 / 퀄리티: 나쁨 / 신축성: 적당함,True,0,filluminate,하의,L,,2026,8,7,금,3,응답,조금 작음,매우 어두움,나쁨,,,적당함,,2.0,,3.0,,,-1.0,1.0,-2.0,2.0
6322931,86801386,general,유연한인천카디건,"디자인, 색상 모두 만족합니다. 여름에 입기 좋아요.",5.0,False,L,180.0,65.0,남성,2026-08-07 22:22:29,사이즈: 정사이즈 / 화면 대비 색감: 화면과 비슷 / 퀄리티: 매우 좋음 / 신축성: 적당함,False,0,filluminate,하의,L,,2026,8,7,금,5,응답,정사이즈,화면과 비슷,매우 좋음,,,적당함,,5.0,,3.0,,,0.0,0.0,0.0,0.0
6322931,86797332,general,하얀마음백경,원단이 시원하고 디자인도 너무 이쁩니다. 특히 밑단을 똑딱이로 조정할 수 있어서 다른 핏감을 연출할수 있어요,5.0,False,M,167.0,75.0,남성,2026-08-07 18:06:53,사이즈: 조금 큼 / 화면 대비 색감: 화면과 비슷 / 퀄리티: 매우 좋음 / 신축성: 적당함,True,0,filluminate,하의,M,,2026,8,7,금,5,응답,조금 큼,화면과 비슷,매우 좋음,,,적당함,,5.0,,3.0,,,1.0,1.0,0.0,0.0
6322931,86790990,general,무신4열혈팬,밑단에 똑딱이 포인트도 있고 커브드 핏 야무지게 떨어져용,5.0,False,L,178.0,62.0,남성,2026-08-07 12:09:45,사이즈: 정사이즈 / 화면 대비 색감: 화면과 비슷 / 퀄리티: 보통 / 신축성: 적당함,True,1,filluminate,하의,L,,2026,8,7,금,5,응답,정사이즈,화면과 비슷,보통,,,적당함,,3.0,,3.0,,,0.0,0.0,0.0,0.0
6322931,86784137,general,쿠쿡키,L에 맞는 사이즈긴 합니다만 허리 밴드가 너무 타이즈하네요 기장은 괜찮습니다 허리사이즈 34인 사람한테는 좀 작습니다,5.0,False,L,180.0,78.0,남성,2026-08-06 22:53:42,사이즈: 정사이즈 / 화면 대비 색감: 어두움 / 퀄리티: 좋음 / 신축성: 거의 없음,False,0,filluminate,하의,L,,2026,8,6,목,5,응답,정사이즈,어두움,좋음,,,거의 없음,,4.0,,2.0,,,0.0,0.0,-1.0,1.0
6322931,86768874,general,멋진나에게,부담없는 커브드 팬츠입니다. 살짝 통이 넓은 느낌이 있긴한데 와이드하게 잘 입고있어요,5.0,False,L,176.0,68.0,남성,2026-08-06 08:41:45,사이즈: 정사이즈 / 화면 대비 색감: 화면과 비슷 / 퀄리티: 매우 좋음 / 신축성: 적당함,False,0,filluminate,하의,L,,2026,8,6,목,5,응답,정사이즈,화면과 비슷,매우 좋음,,,적당함,,5.0,,3.0,,,0.0,0.0,0.0,0.0
6322931,86766271,general,스윗한서촌블로퍼,핏이 이쁘게나와요 그리고 깔끔하고 핏이 예뻐요,5.0,False,S,165.0,58.0,missing,2026-08-06 00:38:09,사이즈: 정사이즈 / 화면 대비 색감: 밝음 / 퀄리티: 매우 좋음 / 신축성: 적당함,False,0,filluminate,하의,S,,2026,8,6,목,5,응답,정사이즈,밝음,매우 좋음,,,적당함,,5.0,,3.0,,,0.0,0.0,1.0,1.0
6322931,86745763,general,taetaeuo,가볍게 입을 수 있는 린넨 팬츠입니다 소재가 얇고 시원해서 여름에 자주 입을 듯 합니다,5.0,False,L,183.0,76.0,남성,2026-08-05 01:30:10,사이즈: 정사이즈 / 화면 대비 색감: 화면과 비슷 / 퀄리티: 보통 / 신축성: 전혀 없음,False,0,filluminate,하의,L,,2026,8,5,수,5,응답,정사이즈,화면과 비슷,보통,,,전혀 없음,,3.0,,1.0,,,0.0,0.0,0.0,0.0
6322931,86726024,general,비범한피치색퀄팅,편안하게 델리템으로 아무생각없이 매치하니까 뭐랑도 잘 어울려서 좋네요 ㅎㅎ,5.0,False,M,173.0,73.0,남성,2026-08-04 09:08:35,사이즈: 정사이즈 / 화면 대비 색감: 어두움 / 퀄리티: 좋음 / 신축성: 강함,False,0,filluminate,하의,M,,2026,8,4,화,5,응답,정사이즈,어두움,좋음,,,강함,,4.0,,4.0,,,0.0,0.0,-1.0,1.0
6322931,86717973,general,신선한광주팬츠,사이즈도 적당하고 입으니 핏이 너무 예쁘네요.굿,5.0,False,M,165.0,65.0,여성,2026-08-03 19:31:51,사이즈: 정사이즈 / 화면 대비 색감: 화면과 비슷 / 퀄리티: 보통 / 신축성: 적당함,False,0,filluminate,하의,M,,2026,8,3,월,5,응답,정사이즈,화면과 비슷,보통,,,적당함,,3.0,,3.0,,,0.0,0.0,0.0,0.0
﻿5911822,86802970,general,건강한덕수궁핀,배송 빠르고 물건이 너무 좋습니다~ 만지자마자 원단이 너무 좋은거 같습니다! 잘 입을게요,5.0,False,S,163.0,67.0,남성,2026-08-08 00:05:18,사이즈: 조금 큼 / 화면 대비 색감: 화면과 비슷 / 퀄리티: 보통 / 신축성: 적당함,False,0,filluminate,하의,S,,2026,8,8,토,5,응답,조금 큼,화면과 비슷,보통,,,적당함,,3.0,,3.0,,,1.0,1.0,0.0,0.0
5911822,86769474,general,리진니,색상예쁘고 핏도 예뻐요 좀커서 xs했으면 딱 맞았늘 것 같아요 널널하게 편하게 입을 수 있어서 s도 만족해요,5.0,False,S,160.0,55.0,여성,2026-08-06 09:34:41,사이즈: 조금 큼 / 화면 대비 색감: 화면과 비슷 / 퀄리티: 보통 / 신축성: 적당함,True,0,filluminate,하의,S,,2026,8,6,목,5,응답,조금 큼,화면과 비슷,보통,,,적당함,,3.0,,3.0,,,1.0,1.0,0.0,0.0
5911822,86761911,general,붸쥐락콸콕수,후기에 엑스스몰 추천많이해서 고민하다가 길이가 먼가 짧을거같아서 스몰했는데 딱좋네요 통이야 워낙 큰스타일이라 아래 당겨서 입으면 되고 제기준 길이감은 엠도 괜찮을듯요 아 허리는 많이 커서 조여서 입으니 좋네요 블랙도 사려구여,5.0,False,S,168.0,55.0,여성,2026-08-05 21:03:06,사이즈: 조금 큼 / 화면 대비 색감: 화면과 비슷 / 퀄리티: 좋음 / 신축성: 거의 없음,False,0,filluminate,하의,S,,2026,8,5,수,5,응답,조금 큼,화면과 비슷,좋음,,,거의 없음,,4.0,,2.0,,,1.0,1.0,0.0,0.0
5911822,86740302,general,좋아요시애틀부츠,운동할때 막 입을 바지가 필요해서 샀는데 너무 만족스러워요 엄청 어두운 네이비색이고 사이즈는 키 167에  적당한거 같아요 넉넉하게 입으려면 s로 가셔도될 거 같아요,5.0,False,XS,167.0,56.0,여성,2026-08-04 21:41:04,사이즈: 정사이즈 / 화면 대비 색감: 화면과 비슷 / 퀄리티: 보통 / 신축성: 전혀 없음,True,0,filluminate,하의,XS,,2026,8,4,화,5,응답,정사이즈,화면과 비슷,보통,,,전혀 없음,,3.0,,1.0,,,0.0,0.0,0.0,0.0
5911822,86717451,general,전쟁터,무진장 덕분에 필루미네이트 첫입문인데 엄지척이네요~앞으로 예의주시 하고싶습니다~♡,5.0,False,M,180.0,85.0,남성,2026-08-03 19:02:46,사이즈: 조금 큼 / 화면 대비 색감: 화면과 비슷 / 퀄리티: 좋음 / 신축성: 강함,True,0,filluminate,하의,M,,2026,8,3,월,5,응답,조금 큼,화면과 비슷,좋음,,,강함,,4.0,,4.0,,,1.0,1.0,0.0,0.0
﻿5911790,86828475,style,귀중한대치동의상,바지가 기장도 좋고 색감도 이쁘게 잘빠뎠네여 잘입을게요,3.0,False,XS,164.0,57.0,남성,2026-08-09 16:37:21,사이즈: 정사이즈 / 화면 대비 색감: 화면과 비슷 / 퀄리티: 보통 / 신축성: 적당함,True,0,filluminate,하의,XS,,2026,8,9,일,3,응답,정사이즈,화면과 비슷,보통,,,적당함,,3.0,,3.0,,,0.0,0.0,0.0,0.0
5911790,86811949,general,으으으읏짜,배송이 엄청 빨랐고 핏은 예뻐요 근데 허리가 살짝 타이트하네요,5.0,False,XL,183.0,95.0,남성,2026-08-08 16:15:25,사이즈: 조금 작음 / 화면 대비 색감: 화면과 비슷 / 퀄리티: 보통 / 신축성: 적당함,True,0,filluminate,하의,XL,,2026,8,8,토,5,응답,조금 작음,화면과 비슷,보통,,,적당함,,3.0,,3.0,,,-1.0,1.0,0.0,0.0
5911790,86735661,general,JY04012,핏이랑 길이감이 예뻐서 만족스럽습니다. 생기 사진보다 약간 밝습니다.,5.0,False,M,173.0,77.0,남성,2026-08-04 18:45:50,사이즈: 정사이즈 / 화면 대비 색감: 밝음 / 퀄리티: 보통 / 신축성: 거의 없음,False,0,filluminate,하의,M,,2026,8,4,화,5,응답,정사이즈,밝음,보통,,,거의 없음,,3.0,,2.0,,,0.0,0.0,1.0,1.0
5911790,86735632,style,JY04012,핏이랑 길이감이 너무 예뻐서 만족스럽습니다 색이 생각보다 밝은 편입니다.,5.0,False,M,173.0,77.0,남성,2026-08-04 18:44:53,사이즈: 정사이즈 / 화면 대비 색감: 밝음 / 퀄리티: 보통 / 신축성: 거의 없음,True,0,filluminate,하의,M,,2026,8,4,화,5,응답,정사이즈,밝음,보통,,,거의 없음,,3.0,,2.0,,,0.0,0.0,1.0,1.0
﻿6322922,86761225,general,샤슬릭.,만족스러워용 색상조코 와이드핏 원하는데로 좋거 아주좋아여,5.0,False,M,175.0,69.0,남성,2026-08-05 20:31:55,사이즈: 조금 작음 / 화면 대비 색감: 화면과 비슷 / 퀄리티: 좋음 / 신축성: 전혀 없음,True,0,filluminate,하의,M,,2026,8,5,수,5,응답,조금 작음,화면과 비슷,좋음,,,전혀 없음,,4.0,,1.0,,,-1.0,1.0,0.0,0.0
6322922,86761202,style,샤슬릭.,색상이뻐여 원하던 핏임  허리가 사알짝 쪼이는데 어쩔수없죠 ㅋㅋ,5.0,False,M,175.0,69.0,남성,2026-08-05 20:30:56,사이즈: 조금 작음 / 화면 대비 색감: 화면과 비슷 / 퀄리티: 좋음 / 신축성: 전혀 없음,True,0,filluminate,하의,M,,2026,8,5,수,5,응답,조금 작음,화면과 비슷,좋음,,,전혀 없음,,4.0,,1.0,,,-1.0,1.0,0.0,0.0
6322922,86742575,general,신중한청록니트,생각했던 것보다 허리가 크고 길이가 적당해서 괜찮았어요.,5.0,False,L,175.0,92.0,남성,2026-08-04 22:59:30,사이즈: 정사이즈 / 화면 대비 색감: 화면과 비슷 / 퀄리티: 보통 / 신축성: 거의 없음,False,0,filluminate,하의,L,,2026,8,4,화,5,응답,정사이즈,화면과 비슷,보통,,,거의 없음,,3.0,,2.0,,,0.0,0.0,0.0,0.0
6322922,86736730,general,창자번지점프,핏도 이쁘고 가성비가 아주 좋네요 겨울때 빼고는 잘 입고 다닐꺼 같습니다,5.0,False,S,168.0,60.0,남성,2026-08-04 19:26:34,사이즈: 조금 큼 / 화면 대비 색감: 화면과 비슷 / 퀄리티: 보통 / 신축성: 적당함,False,0,filluminate,하의,S,,2026,8,4,화,5,응답,조금 큼,화면과 비슷,보통,,,적당함,,3.0,,3.0,,,1.0,1.0,0.0,0.0
﻿5911821,86782616,general,꾸밈없는라임착장,제가 177에 68kg인데  M사이즈 시켰더니 아주 많이 많이 커요.... 2사이즈 작게 시켜도 될듯...이거 S시켜도 저한테 클듯..??,2.0,False,M,177.0,68.0,남성,2026-08-06 21:40:22,사이즈: 많이 큼 / 화면 대비 색감: 화면과 비슷 / 퀄리티: 보통 / 신축성: 적당함,False,0,filluminate,하의,M,,2026,8,6,목,2,응답,많이 큼,화면과 비슷,보통,,,적당함,,3.0,,3.0,,,2.0,2.0,0.0,0.0
5911821,86765113,general,이예ㅔㅔ,얇아서 여름에 입기 좋을거 같고 잘 늘어나는 재질이라 자주 입을거같아요,5.0,False,S,165.0,69.0,여성,2026-08-05 23:31:33,사이즈: 정사이즈 / 화면 대비 색감: 화면과 비슷 / 퀄리티: 매우 좋음 / 신축성: 매우 강함,False,0,filluminate,하의,S,,2026,8,5,수,5,응답,정사이즈,화면과 비슷,매우 좋음,,,매우 강함,,5.0,,5.0,,,0.0,0.0,0.0,0.0
5911821,86716299,general,누룩대감,저번에도 블랙 샀었는데 이번에도 구매하게됐어요 필루미네이트 팡랑 화이팅입니다,5.0,False,L,184.0,91.0,남성,2026-08-03 17:57:50,사이즈: 정사이즈 / 화면 대비 색감: 화면과 비슷 / 퀄리티: 보통 / 신축성: 강함,False,0,filluminate,하의,L,,2026,8,3,월,5,응답,정사이즈,화면과 비슷,보통,,,강함,,3.0,,4.0,,,0.0,0.0,0.0,0.0
﻿6352770,86811830,style,양망짱,기장감이 적당해서 아무런 반팔에 입어도 깔끔하고 편해요!,5.0,False,M,173.0,72.0,남성,2026-08-08 16:08:14,사이즈: 정사이즈 / 화면 대비 색감: 화면과 비슷 / 퀄리티: 보통 / 신축성: 적당함,True,0,filluminate,하의,M,,2026,8,8,토,5,응답,정사이즈,화면과 비슷,보통,,,적당함,,3.0,,3.0,,,0.0,0.0,0.0,0.0
﻿6140877,86792548,general,두준여친유진,넉넉하게 입고싶어서 m시켰다가 깜짝놀라게 커서 s로 바꿨는데 이쁘게 맞습니다,4.0,False,S,165.0,52.0,여성,2026-08-07 13:45:01,사이즈: 정사이즈 / 화면 대비 색감: 화면과 비슷 / 퀄리티: 보통 / 신축성: 적당함,False,0,filluminate,하의,S,,2026,8,7,금,4,응답,정사이즈,화면과 비슷,보통,,,적당함,,3.0,,3.0,,,0.0,0.0,0.0,0.0
6140877,86710389,general,의리있는살구색핀,입어보니 여유롭네요 이렇게 입는거라고 아이는 마음에 들어합니다.,5.0,False,M,156.0,44.0,여성,2026-08-03 12:29:03,사이즈: 정사이즈 / 화면 대비 색감: 화면과 비슷 / 퀄리티: 보통 / 신축성: 적당함,False,0,filluminate,하의,M,,2026,8,3,월,5,응답,정사이즈,화면과 비슷,보통,,,적당함,,3.0,,3.0,,,0.0,0.0,0.0,0.0
﻿6140880,86710305,general,ㄷH왕,생각보다 길고 크네요 근데 원하던 핏이라 좋아요 엄청 탄탄함,5.0,False,S,153.0,46.0,여성,2026-08-03 12:23:51,사이즈: 정사이즈 / 화면 대비 색감: 화면과 비슷 / 퀄리티: 보통 / 신축성: 적당함,True,0,filluminate,하의,S,,2026,8,3,월,5,응답,정사이즈,화면과 비슷,보통,,,적당함,,3.0,,3.0,,,0.0,0.0,0.0,0.0
﻿6140740,86788117,general,혁신적인아메바,기장 핏 색 모두 만족스럽고 끈이 포인트되어 예쁩니다,5.0,False,M,166.0,54.0,여성,2026-08-07 08:29:01,사이즈: 정사이즈 / 화면 대비 색감: 화면과 비슷 / 퀄리티: 매우 좋음 / 신축성: 거의 없음,False,0,filluminate,하의,M,,2026,8,7,금,5,응답,정사이즈,화면과 비슷,매우 좋음,,,거의 없음,,5.0,,2.0,,,0.0,0.0,0.0,0.0
﻿987149,86824028,general,동지니지,옷이 짱짱하고 좋아서 몇번 구매 했어요 살짝 두께 있어요,5.0,False,블랙 · L,174.0,80.0,남성,2026-08-09 11:43:29,사이즈: 정사이즈 / 화면 대비 색감: 화면과 비슷 / 두께감: 두꺼움 / 신축성: 적당함,False,0,jemut,상의,L,블랙,2026,8,9,일,5,응답,정사이즈,화면과 비슷,,,두꺼움,적당함,,,,3.0,4.0,,0.0,0.0,0.0,0.0
987149,86666363,general,탐나는스위스도트,좋아요. 옷이 생각보다 두껍네요. 운도할때 입을려고 샀어요.,3.0,False,블랙 · L,173.0,90.0,남성,2026-08-01 00:12:07,사이즈: 정사이즈 / 화면 대비 색감: 화면과 비슷 / 두께감: 적당함 / 신축성: 적당함,True,0,jemut,상의,L,블랙,2026,8,1,토,3,응답,정사이즈,화면과 비슷,,,적당함,적당함,,,,3.0,3.0,,0.0,0.0,0.0,0.0
﻿552760,86685325,general,쟁방,길이 두께감 정말 만족합니다  린넨셔츠에 레이어드 하기 딱 좋은거 같아요,5.0,False,블랙 · L,186.0,90.0,missing,2026-08-01 23:52:36,사이즈: 정사이즈 / 화면 대비 색감: 화면과 비슷 / 두께감: 적당함 / 신축성: 적당함,True,0,jemut,상의,L,블랙,2026,8,1,토,5,응답,정사이즈,화면과 비슷,,,적당함,적당함,,,,3.0,3.0,,0.0,0.0,0.0,0.0
﻿4987047,86781902,general,팍팍한핫핑크백팩,반팔 무지티 기본 템이죠. 제멋 가성비로 정말 좋아요,5.0,False,화이트 · XL,175.0,80.0,남성,2026-08-06 21:08:14,사이즈: 정사이즈 / 화면 대비 색감: 화면과 비슷 / 두께감: 적당함 / 신축성: 적당함,True,0,jemut,상의,XL,화이트,2026,8,6,목,5,응답,정사이즈,화면과 비슷,,,적당함,적당함,,,,3.0,3.0,,0.0,0.0,0.0,0.0
4987047,86759580,general,아름다운빨강체인,원단이 약간 탄탄합니다. 브릭레드 색상은 갈색이 약간 첨가된 느낌입니다. 사이즈도 적당해서 좋습니다. 다만 마감이 조금 아쉬웠습니다.(실밥 튀어나온 부분 조금 있음),4.0,False,브릭레드 · M,170.0,61.0,남성,2026-08-05 19:09:00,사이즈: 정사이즈 / 화면 대비 색감: 화면과 비슷 / 두께감: 두꺼움 / 신축성: 적당함,True,0,jemut,상의,M,브릭레드,2026,8,5,수,4,응답,정사이즈,화면과 비슷,,,두꺼움,적당함,,,,3.0,4.0,,0.0,0.0,0.0,0.0
4987047,86758310,style,려월,"기존의 반팔들이 기장이 너무 길어서 아방해보이는게 불만이었는데, 딱 좋은 기장으로 나왔네요. 다만 팔이 길어서 두번 접어입으면 딱 좋을듯해요",5.0,False,화이트 · L,175.0,69.0,남성,2026-08-05 18:09:33,사이즈: 정사이즈 / 화면 대비 색감: 화면과 비슷 / 두께감: 두꺼움 / 신축성: 적당함,True,0,jemut,상의,L,화이트,2026,8,5,수,5,응답,정사이즈,화면과 비슷,,,두꺼움,적당함,,,,3.0,4.0,,0.0,0.0,0.0,0.0
4987047,86755089,general,캌캬캬캬캬,확실히 재질 보니까 가성비로 쏘쏘인거같습니다,3.0,False,화이트 · L,171.0,80.0,남성,2026-08-05 15:32:44,사이즈: 정사이즈 / 화면 대비 색감: 화면과 비슷 / 두께감: 두꺼움 / 신축성: 거의 없음,False,0,jemut,상의,L,화이트,2026,8,5,수,3,응답,정사이즈,화면과 비슷,,,두꺼움,거의 없음,,,,2.0,4.0,,0.0,0.0,0.0,0.0
4987047,86752772,general,지섭10,크롭한 디자인이 마음에 듭니다. 두께도 적당하고 좋아요,5.0,False,블랙 · L,171.0,70.0,남성,2026-08-05 13:24:41,사이즈: 정사이즈 / 화면 대비 색감: 화면과 비슷 / 두께감: 적당함 / 신축성: 적당함,False,0,jemut,상의,L,블랙,2026,8,5,수,5,응답,정사이즈,화면과 비슷,,,적당함,적당함,,,,3.0,3.0,,0.0,0.0,0.0,0.0
﻿745347,86772273,general,선남1,배송 빠르게 받았습니다. 혹시나 기장이 짧을까 걱정했는데 딱 적당하네요. 지금까지 사봤던 반팔중 두껍네요. 그래도 깔끔하게 입고다닐 수 있어 괜찮은 것 같아요.,5.0,False,네이비 · M,168.0,75.0,남성,2026-08-06 12:42:45,사이즈: 정사이즈 / 화면 대비 색감: 화면과 비슷 / 두께감: 두꺼움 / 신축성: 강함,True,0,jemut,상의,M,네이비,2026,8,6,목,5,응답,정사이즈,화면과 비슷,,,두꺼움,강함,,,,4.0,4.0,,0.0,0.0,0.0,0.0
﻿557448,86706427,general,박재민12,가격대비 편하고 너무 이뻐요 네이비도 구매하고싶은데 ㅠㅠ,5.0,False,블랙 · 2XL,175.0,82.0,남성,2026-08-03 07:10:42,사이즈: 조금 큼 / 화면 대비 색감: 화면과 비슷 / 두께감: 적당함 / 신축성: 적당함,False,0,jemut,상의,2XL,블랙,2026,8,3,월,5,응답,조금 큼,화면과 비슷,,,적당함,적당함,,,,3.0,3.0,,1.0,1.0,0.0,0.0
﻿745344,86706424,general,박재민12,가격대비 편하고 너무 이뻐요 네이비도 구매하고싶은데 ㅠㅠ,5.0,False,딥그린2XL,175.0,82.0,남성,2026-08-03 07:10:16,사이즈: 조금 큼 / 화면 대비 색감: 화면과 비슷 / 두께감: 적당함 / 신축성: 적당함,False,0,jemut,상의,2XL,딥그린,2026,8,3,월,5,응답,조금 큼,화면과 비슷,,,적당함,적당함,,,,3.0,3.0,,1.0,1.0,0.0,0.0
﻿5407098,86824424,style,권_형,일단 색감이 대체 불가입니다. 단품으로 입고다녀도 포인트로 손색 없습니다. 기장감도 크롭한데다 소매 길이도 적당히 떨어집니다. 원단도 탄탄해서 늘어짐 걱정 크게 없고 가격대 생각하면 정말 합리적인 것 같습니다. 두께감은 여름 제외하면 다 입을 수 있을 수 있습니다.,5.0,False,브릭레드 · M,168.0,62.0,남성,2026-08-09 12:16:46,사이즈: 정사이즈 / 화면 대비 색감: 화면과 비슷 / 두께감: 두꺼움 / 신축성: 적당함,True,0,jemut,상의,M,브릭레드,2026,8,9,일,5,응답,정사이즈,화면과 비슷,,,두꺼움,적당함,,,,3.0,4.0,,0.0,0.0,0.0,0.0
﻿4073381,86734999,general,kknamee,제멋 상품 자주 구매하는데 가격 대비 너무 만족합니다!,5.0,False,브라운 · 2XL,174.0,100.0,남성,2026-08-04 18:18:56,사이즈: 정사이즈 / 화면 대비 색감: 화면과 비슷 / 두께감: 적당함 / 신축성: 적당함,False,0,jemut,상의,2XL,브라운,2026,8,4,화,5,응답,정사이즈,화면과 비슷,,,적당함,적당함,,,,3.0,3.0,,0.0,0.0,0.0,0.0
﻿6175817,86772777,general,스윗한광화문타월,핏이 너무 이뻐서 다시 재구매 했어요~ 다음번에 또 구매할 생각입니다~,4.0,False,화이트 · L,170.0,72.0,남성,2026-08-06 13:14:07,사이즈: 정사이즈 / 화면 대비 색감: 화면과 비슷 / 두께감: 적당함 / 신축성: 적당함,False,0,jemut,상의,L,화이트,2026,8,6,목,4,응답,정사이즈,화면과 비슷,,,적당함,적당함,,,,3.0,3.0,,0.0,0.0,0.0,0.0
6175817,86729145,general,스윗한광화문타월,전체적으로 핏이 너무 좋네요 편하게 이너로 입거나 따로 입어도 너무 좋네요~,4.0,False,화이트 · L,170.0,72.0,남성,2026-08-04 13:10:16,사이즈: 정사이즈 / 화면 대비 색감: 화면과 비슷 / 두께감: 적당함 / 신축성: 적당함,False,0,jemut,상의,L,화이트,2026,8,4,화,4,응답,정사이즈,화면과 비슷,,,적당함,적당함,,,,3.0,3.0,,0.0,0.0,0.0,0.0
﻿5129621,86759731,general,Doske,색감도 딱 원하던 색감이고 탄탄해서 좋습니다 잘 입고 다닐 거 같아요,5.0,False,카키 · M,172.0,62.0,남성,2026-08-05 19:18:13,사이즈: 정사이즈 / 화면 대비 색감: 화면과 비슷 / 퀄리티: 좋음 / 구김: 거의 없음,False,0,jemut,상의,M,카키,2026,8,5,수,5,응답,정사이즈,화면과 비슷,좋음,거의 없음,,,,4.0,,,,4.0,0.0,0.0,0.0,0.0
﻿4455364,84840964,style,맑은보라색새틴,좋아요 아주 이쁩니다 맘에 쏙들어요. 색감도 핏두요!!,5.0,False,블랙 · 2XL,175.0,85.0,남성,2026-08-05 21:16:41,사이즈: 정사이즈 / 화면 대비 색감: 화면과 비슷 / 두께감: 적당함 / 신축성: 적당함,True,0,jemut,상의,2XL,블랙,2026,8,5,수,5,응답,정사이즈,화면과 비슷,,,적당함,적당함,,,,3.0,3.0,,0.0,0.0,0.0,0.0
﻿5142177,86723542,general,비르투오소0,그냥 좋아요. 그냥 좋아요 그냥좋아요 그냥좋아요,5.0,False,레드 · 2XL,178.0,65.0,남성,2026-08-04 00:39:55,사이즈: 정사이즈 / 화면 대비 색감: 화면과 비슷 / 퀄리티: 좋음 / 구김: 전혀 없음,False,0,jemut,상의,2XL,레드,2026,8,4,화,5,응답,정사이즈,화면과 비슷,좋음,전혀 없음,,,,4.0,,,,5.0,0.0,0.0,0.0,0.0
﻿5142172,86581088,style,Mjjoung,아주 좋아요. 색깔 좋고? 크기좋고(생각보다 더큼)? 핏 좋아염,5.0,False,브라운 · 2XL,187.0,91.0,남성,2026-07-31 23:35:49,사이즈: 조금 큼 / 화면 대비 색감: 화면과 비슷 / 퀄리티: 보통 / 구김: 약간 있음,True,0,jemut,상의,2XL,브라운,2026,7,31,금,5,응답,조금 큼,화면과 비슷,보통,약간 있음,,,,3.0,,,,3.0,1.0,1.0,0.0,0.0
﻿4042945,86773318,style,채은희,한여름에 입기엔 더워요 간절기에 딱 자주 손이 갈듯 ㅋ,5.0,False,비바마젠타 · L,165.0,56.0,여성,2026-08-06 13:45:09,사이즈: 많이 큼 / 화면 대비 색감: 어두움 / 두께감: 매우 두꺼움 / 신축성: 매우 강함,True,0,jemut,상의,L,비바마젠타,2026,8,6,목,5,응답,많이 큼,어두움,,,매우 두꺼움,매우 강함,,,,5.0,5.0,,2.0,2.0,-1.0,1.0
﻿6243871,86831074,general,오늘은민트숄더백,"소재가 좋습니다. 나일론이나 폴리 100% 원단과 달리 고급스런 느낌에 가볍고 촉감 시원해서 더운 날씨에 뛰어난 소재인듯 합니다. 블랙 컬러에는 아이보리 버튼 보다 진한 색 버튼이 더 고급스럽게 느껴질듯하고, 양 옆 하단에 트임이 있었으면 더 좋았을듯 합니다. 가장 작은 사이즈의 어깨넓이가 55cm 확실한 오버사이즈 스타일이네요.",5.0,False,블랙 · M,168.0,58.0,남성,2026-08-09 19:03:46,사이즈: 조금 큼 / 화면 대비 색감: 화면과 비슷 / 퀄리티: 좋음 / 구김: 거의 없음,True,0,jemut,상의,M,블랙,2026,8,9,일,5,응답,조금 큼,화면과 비슷,좋음,거의 없음,,,,4.0,,,,4.0,1.0,1.0,0.0,0.0
﻿6175813,86772769,general,스윗한광화문타월,핏이 너무 이뻐서 다시 재구매 했어요~ 다음번에 또 구매할 생각입니다~,4.0,False,블랙 · L,170.0,72.0,남성,2026-08-06 13:13:43,사이즈: 정사이즈 / 화면 대비 색감: 화면과 비슷 / 두께감: 적당함 / 신축성: 적당함,False,0,jemut,상의,L,블랙,2026,8,6,목,4,응답,정사이즈,화면과 비슷,,,적당함,적당함,,,,3.0,3.0,,0.0,0.0,0.0,0.0
﻿6491931,86727561,general,80프,• 햇빛가리기용 / 비와서 쌀쌀할 때 • 살이 좀 비칠정도로 얇은 바람막이 • 가장 중요한 건 투웨이 지퍼 • 하단 기장 조절 스토퍼   위 요건들을 충족하는 제품을 찾고 있었는데 제멋에 딱 맞는 아이템이 있어서 바로 구매하였습니다  사이즈는 살짝 크게 가시면 루즈핏 예쁘게 나오니까 루즈한거 싫으시면 정사이즈나 하나 작게 가보셔요  그냥 보는 거랑 입는 거랑 달라요 핏+가격+퀄리티 마음에 드는 구매였습니다! 감사합니다 제멋,5.0,False,라이트블루 · L,164.0,54.0,여성,2026-08-04 11:18:24,사이즈: 정사이즈 / 화면 대비 색감: 어두움 / 퀄리티: 매우 좋음 / 두께감: 매우 얇음,True,0,jemut,아우터,L,라이트블루,2026,8,4,화,5,응답,정사이즈,어두움,매우 좋음,,매우 얇음,,,5.0,,,1.0,,0.0,0.0,-1.0,1.0
﻿6491930,86812745,general,80프,• 햇빛가리기용 / 비와서 쌀쌀할 때  • 살이 좀 비칠정도로 얇은 바람막이 • 가장 중요한 투웨이 지퍼 • 하단 기장 조절 스토퍼  완벽☺️,5.0,False,라이트그레이 · L,164.0,54.0,여성,2026-08-08 17:04:10,사이즈: 정사이즈 / 화면 대비 색감: 어두움 / 퀄리티: 매우 좋음 / 두께감: 매우 얇음,True,0,jemut,아우터,L,라이트그레이,2026,8,8,토,5,응답,정사이즈,어두움,매우 좋음,,매우 얇음,,,5.0,,,1.0,,0.0,0.0,-1.0,1.0
﻿6491942,86722746,general,지수발이,원단도 시원하니 좋고 사이즈도 넉넉하니 편안하게 입을수있을것같아서 좋아요,5.0,False,퍼피화이트 · M,165.0,62.0,여성,2026-08-03 23:40:30,사이즈: 조금 큼 / 화면 대비 색감: 화면과 비슷 / 퀄리티: 좋음 / 두께감: 적당함,False,0,jemut,아우터,M,퍼피화이트,2026,8,3,월,5,응답,조금 큼,화면과 비슷,좋음,,적당함,,,4.0,,,3.0,,1.0,1.0,0.0,0.0
﻿1884480,86824505,style,살인마ㄷ,바스락 거리는 재질이라 시원하고 방수도 잘될거같아요,5.0,False,코스모 그레이 · M,178.0,61.0,남성,2026-08-09 12:22:53,사이즈: 정사이즈 / 화면 대비 색감: 화면과 비슷 / 퀄리티: 매우 좋음 / 신축성: 전혀 없음,True,0,jemut,하의,M,코스모 그레이,2026,8,9,일,5,응답,정사이즈,화면과 비슷,매우 좋음,,,전혀 없음,,5.0,,1.0,,,0.0,0.0,0.0,0.0
1884480,86818897,general,상님이,시원한 재질에 통기성 좋고 가성비 품질 좋습니다,5.0,False,코스모 그레이 · L,175.0,78.0,남성,2026-08-08 23:44:39,사이즈: 조금 작음 / 화면 대비 색감: 밝음 / 퀄리티: 보통 / 신축성: 거의 없음,False,0,jemut,하의,L,코스모 그레이,2026,8,8,토,5,응답,조금 작음,밝음,보통,,,거의 없음,,3.0,,2.0,,,-1.0,1.0,1.0,1.0
1884480,86676929,general,휘뚜루마뚜루웅,3번째 재구매템입니다!  색상마다 사이즈차이가 있긴해요.,5.0,False,코스모 블랙 · XL,164.0,54.0,여성,2026-08-01 15:52:20,사이즈: 정사이즈 / 화면 대비 색감: 화면과 비슷 / 퀄리티: 보통 / 신축성: 강함,True,0,jemut,하의,XL,코스모 블랙,2026,8,1,토,5,응답,정사이즈,화면과 비슷,보통,,,강함,,3.0,,4.0,,,0.0,0.0,0.0,0.0
1884480,86671729,style,하사엘,예전에 2팩샀는데 너무 편해서 재구매합니다 집이나 동네에서 입기 좋아요,5.0,False,코스모 블랙 · L,177.0,67.0,남성,2026-08-01 11:26:53,사이즈: 정사이즈 / 화면 대비 색감: 화면과 비슷 / 퀄리티: 보통 / 신축성: 적당함,True,0,jemut,하의,L,코스모 블랙,2026,8,1,토,5,응답,정사이즈,화면과 비슷,보통,,,적당함,,3.0,,3.0,,,0.0,0.0,0.0,0.0
﻿3244829,86730611,general,혁명적인대만재킷,탄탄하고소재괜찮고보풀이쪼끔나긴하는데뭐이정도면괜찮아욥,5.0,False,블랙 · M,157.0,47.0,여성,2026-08-04 14:34:51,사이즈: 정사이즈 / 화면 대비 색감: 화면과 비슷 / 퀄리티: 보통 / 신축성: 적당함,False,0,jemut,하의,M,블랙,2026,8,4,화,5,응답,정사이즈,화면과 비슷,보통,,,적당함,,3.0,,3.0,,,0.0,0.0,0.0,0.0
3244829,86717719,general,과감한플럼슬림,배송도삐르고 가격도착하고 좋아요.강추합니다,5.0,False,블랙 · 2XL,175.0,82.0,남성,2026-08-03 19:17:46,사이즈: 정사이즈 / 화면 대비 색감: 화면과 비슷 / 퀄리티: 좋음 / 신축성: 적당함,False,0,jemut,하의,2XL,블랙,2026,8,3,월,5,응답,정사이즈,화면과 비슷,좋음,,,적당함,,4.0,,3.0,,,0.0,0.0,0.0,0.0
﻿1948520,86739727,style,힙합만두,"하비남들을 위해 정성껏 써봅니다.  1) 34 통바지를 입는 느낌을 원하면 라지로 충분합니다.(본인 엑스라지 너무커서 라지로 교체) 2) 여름에 충분히 입을수 있을만큼 얇음 (유니클로 감탄팬츠 여름용 정도) 3) 얇다보니 구김이 잘가서(멋있는 구김이 아닌 생활구김), 힙한느낌은 사실 어려울듯 4) 2년, 가성비 좋게, 시원하게, 청바지가 지루하고 면바지는 진부할때 굳일듯(작업복 하기에는 넘 얇음)",4.0,False,차콜 · L,175.0,90.0,남성,2026-08-04 21:20:47,사이즈: 많이 큼 / 화면 대비 색감: 화면과 비슷 / 퀄리티: 보통 / 신축성: 적당함,True,0,jemut,하의,L,차콜,2026,8,4,화,4,응답,많이 큼,화면과 비슷,보통,,,적당함,,3.0,,3.0,,,2.0,2.0,0.0,0.0
1948520,86739666,general,힙합만두,"하비남들을 위해 정성껏 써봅니다.  1) 34 통바지를 입는 느낌을 원하면 라지로 충분합니다.(본인 엑스라지 너무커서 라지로 교체) 2) 여름에 충분히 입을수 있을만큼 얇음 (유니클로 감탄팬츠 여름용 정도) 3) 얇다보니 구김이 잘가서(멋있는 구김이 아닌 생활구김), 힙한느낌은 사실 어려울듯 4) 2년, 가성비 좋게, 시원하게, 청바지가 지루하고 면바지는 진부할때 굳일듯(작업복 하기에는 넘 얇음)",5.0,False,차콜 · L,175.0,90.0,남성,2026-08-04 21:19:07,사이즈: 많이 큼 / 화면 대비 색감: 화면과 비슷 / 퀄리티: 보통 / 신축성: 적당함,True,0,jemut,하의,L,차콜,2026,8,4,화,5,응답,많이 큼,화면과 비슷,보통,,,적당함,,3.0,,3.0,,,2.0,2.0,0.0,0.0
﻿1948519,86768162,general,주문하려고고민중,크기도 딱좋고 편하고 나쁘지않게 입고다닐것같아요,5.0,False,베이지 · 2XL,181.0,95.0,남성,2026-08-06 07:20:24,사이즈: 정사이즈 / 화면 대비 색감: 매우 밝음 / 퀄리티: 매우 좋음 / 신축성: 적당함,False,0,jemut,하의,2XL,베이지,2026,8,6,목,5,응답,정사이즈,매우 밝음,매우 좋음,,,적당함,,5.0,,3.0,,,0.0,0.0,2.0,2.0
﻿1948518,86747527,general,ㄱ재우기,사이즈도 적당하고 좋아요 편하게 입기에 딱입니다,5.0,False,블랙 · L,175.0,55.0,남성,2026-08-05 07:56:55,사이즈: 정사이즈 / 화면 대비 색감: 어두움 / 퀄리티: 좋음 / 신축성: 적당함,False,0,jemut,하의,L,블랙,2026,8,5,수,5,응답,정사이즈,어두움,좋음,,,적당함,,4.0,,3.0,,,0.0,0.0,-1.0,1.0
﻿4019081,86773853,style,딱딱한방배벨트,"중학생 아들 사줬어요. 174cm, 80kg 아들에게 적당히 오버핏이면서 이뻐요~ 색도 소재도 느낌 좋아요",5.0,False,브라운 · XL,168.0,75.0,여성,2026-08-06 14:19:42,사이즈: 정사이즈 / 화면 대비 색감: 화면과 비슷 / 퀄리티: 보통 / 신축성: 강함,True,0,jemut,하의,XL,브라운,2026,8,6,목,5,응답,정사이즈,화면과 비슷,보통,,,강함,,3.0,,4.0,,,0.0,0.0,0.0,0.0
﻿1884483,86754284,general,Hoon5,디자인도 무난해서 괜찮고 물놀이할 때도 입기 좋았습니다,5.0,False,블랙 · L,181.0,62.0,남성,2026-08-05 14:48:44,사이즈: 정사이즈 / 화면 대비 색감: 화면과 비슷 / 퀄리티: 보통 / 신축성: 적당함,False,0,jemut,하의,L,블랙,2026,8,5,수,5,응답,정사이즈,화면과 비슷,보통,,,적당함,,3.0,,3.0,,,0.0,0.0,0.0,0.0
﻿6338111,86831634,general,뉴비라닝,엄청 얇아서 여름에 시원하게 입을 수 있을 것 같아요. 허리도 넉넉해서 L 입어도 됐을 것 같습니다.,4.0,False,브라운 · XL,178.0,73.0,남성,2026-08-09 19:32:41,사이즈: 정사이즈 / 화면 대비 색감: 화면과 비슷 / 퀄리티: 나쁨 / 신축성: 적당함,True,0,jemut,하의,XL,브라운,2026,8,9,일,4,응답,정사이즈,화면과 비슷,나쁨,,,적당함,,2.0,,3.0,,,0.0,0.0,0.0,0.0
6338111,86796254,general,모리왕,빠르게잘받았구요 사이즈도잘맞고 핏도 이쁘게나와요!!,5.0,False,블랙 · XL,180.0,85.0,남성,2026-08-07 17:10:37,사이즈: 정사이즈 / 화면 대비 색감: 화면과 비슷 / 퀄리티: 보통 / 신축성: 적당함,False,0,jemut,하의,XL,블랙,2026,8,7,금,5,응답,정사이즈,화면과 비슷,보통,,,적당함,,3.0,,3.0,,,0.0,0.0,0.0,0.0
﻿4019080,86761675,general,공원,실물 색감 정말 좋아요! 흔하지 않은 색상에 피그먼트 색감이 너무 좋고 착용감 / 핏도 완벽합니다!,5.0,False,퍼플 · L,166.0,58.0,여성,2026-08-05 20:51:43,사이즈: 정사이즈 / 화면 대비 색감: 화면과 비슷 / 퀄리티: 보통 / 신축성: 적당함,True,0,jemut,하의,L,퍼플,2026,8,5,수,5,응답,정사이즈,화면과 비슷,보통,,,적당함,,3.0,,3.0,,,0.0,0.0,0.0,0.0
﻿4892391,86779421,general,gggggggk,아진짜너무좋네요검정도샀다가너무맘에들어서카키산건데진짜너무무좋아요사랑합니다ㅠㅠ,5.0,False,카키 · 34,165.0,80.0,여성,2026-08-06 19:06:36,사이즈: 조금 큼 / 화면 대비 색감: 화면과 비슷 / 퀄리티: 보통 / 신축성: 적당함,False,0,jemut,하의,34,카키,2026,8,6,목,5,응답,조금 큼,화면과 비슷,보통,,,적당함,,3.0,,3.0,,,1.0,1.0,0.0,0.0
﻿1884943,86821972,general,아수라1,원래 입던건데 헤져서 하나더 구매했습니다  근데 조금 어두워 진거같아요,5.0,False,EXTRA LARGE,182.0,70.0,남성,2026-08-09 07:59:34,사이즈: 정사이즈 / 화면 대비 색감: 어두움 / 두께감: 얇음 / 신축성: 적당함,True,0,travel,상의,EXTRA LARGE,,2026,8,9,일,5,응답,정사이즈,어두움,,,얇음,적당함,,,,3.0,2.0,,0.0,0.0,-1.0,1.0
﻿1899755,86737108,style,국가대표21,저렴하게 사서 데일리로 잘입고 다녀요 얇고 좋습니다,5.0,False,SMALL,165.0,63.0,남성,2026-08-04 19:41:12,사이즈: 정사이즈 / 화면 대비 색감: 화면과 비슷 / 두께감: 적당함 / 신축성: 적당함,True,0,travel,상의,SMALL,,2026,8,4,화,5,응답,정사이즈,화면과 비슷,,,적당함,적당함,,,,3.0,3.0,,0.0,0.0,0.0,0.0
1899755,86614690,general,앤틱한독일플리스,사진하고 같고 옷 품질이 좋네요. 타임세일로 잘 산거 같아요,5.0,False,LARGE,174.0,70.0,남성,2026-08-02 11:12:45,사이즈: 정사이즈 / 화면 대비 색감: 화면과 비슷 / 두께감: 적당함 / 신축성: 적당함,True,0,travel,상의,LARGE,,2026,8,2,일,5,응답,정사이즈,화면과 비슷,,,적당함,적당함,,,,3.0,3.0,,0.0,0.0,0.0,0.0
﻿3132887,86795603,general,작은노랑스타일링,얇아서 요즘 날씨 딱 좋아요 앞에 디자인도 마음에 들어요,5.0,False,MEDIUM,170.0,60.0,여성,2026-08-07 16:30:39,사이즈: 정사이즈 / 화면 대비 색감: 화면과 비슷 / 두께감: 얇음 / 신축성: 강함,True,0,travel,상의,MEDIUM,,2026,8,7,금,5,응답,정사이즈,화면과 비슷,,,얇음,강함,,,,4.0,2.0,,0.0,0.0,0.0,0.0
3132887,86762355,general,Hshㅎ,색감 이쁘고 프린팅도 이쁘고 재질도 좋아서 한여름에도 충분히 입을 듯합니다,5.0,False,LARGE,179.0,77.0,남성,2026-08-05 21:26:51,사이즈: 정사이즈 / 화면 대비 색감: 화면과 비슷 / 두께감: 적당함 / 신축성: 적당함,True,0,travel,상의,LARGE,,2026,8,5,수,5,응답,정사이즈,화면과 비슷,,,적당함,적당함,,,,3.0,3.0,,0.0,0.0,0.0,0.0
3132887,86753877,general,웅장한홍콩발찌,디자인이 매우 이쁨연한글자 프린팅이 매우잘 벗겨질꺼 같음,5.0,False,MEDIUM,160.0,53.0,남성,2026-08-05 14:28:00,사이즈: 정사이즈 / 화면 대비 색감: 밝음 / 두께감: 적당함 / 신축성: 적당함,False,0,travel,상의,MEDIUM,,2026,8,5,수,5,응답,정사이즈,밝음,,,적당함,적당함,,,,3.0,3.0,,0.0,0.0,1.0,1.0
﻿1899753,86835801,general,짱두부짱두부짱,색감도좋고 이쁘네요 사이즈도맞고 한철입기 딱좋아요,5.0,False,EXTRA LARGE,183.0,84.0,남성,2026-08-09 23:14:51,사이즈: 정사이즈 / 화면 대비 색감: 화면과 비슷 / 두께감: 적당함 / 신축성: 적당함,False,0,travel,상의,EXTRA LARGE,,2026,8,9,일,5,응답,정사이즈,화면과 비슷,,,적당함,적당함,,,,3.0,3.0,,0.0,0.0,0.0,0.0
1899753,86806933,general,큐트한피렌체자켓,트래블 옷 재질이 좋아요 기장도 적당하고 디자인도 좋습니다.,5.0,False,MEDIUM,184.0,90.0,남성,2026-08-08 10:55:35,사이즈: 정사이즈 / 화면 대비 색감: 화면과 비슷 / 두께감: 적당함 / 신축성: 적당함,False,0,travel,상의,MEDIUM,,2026,8,8,토,5,응답,정사이즈,화면과 비슷,,,적당함,적당함,,,,3.0,3.0,,0.0,0.0,0.0,0.0
1899753,86771380,general,리옷,디자인 이쁘고 딱 원하던 기장 이네요 잘입겠습니다.,5.0,False,EXTRA LARGE,180.0,78.0,남성,2026-08-06 11:44:32,사이즈: 정사이즈 / 화면 대비 색감: 화면과 비슷 / 두께감: 적당함 / 신축성: 적당함,False,0,travel,상의,EXTRA LARGE,,2026,8,6,목,5,응답,정사이즈,화면과 비슷,,,적당함,적당함,,,,3.0,3.0,,0.0,0.0,0.0,0.0
1899753,86736969,general,ㅋㅓ피홀릭,168cm 아들한테 아주 적당히 잘 맞습니다 두껍지도 얇지도 않아서 입기 딱 좋네요,5.0,False,MEDIUM,178.0,84.0,남성,2026-08-04 19:35:41,사이즈: 정사이즈 / 화면 대비 색감: 화면과 비슷 / 두께감: 얇음 / 신축성: 적당함,False,0,travel,상의,MEDIUM,,2026,8,4,화,5,응답,정사이즈,화면과 비슷,,,얇음,적당함,,,,3.0,2.0,,0.0,0.0,0.0,0.0
1899753,86725730,style,청년탐정 남도일,"옷을 받았을때, 그리고 입었을 때 보면 색감 , 디자인 등등 이쁘다는 생각만 딱 듭니다.  이쁜만큼 오래입고 싶은데, 가격이저렴하고,  박음질 등등 되어있는걸보면 내구성이 살짝 의심되긴하는데  한번 잘 입어보겠습니다.",4.0,False,LARGE,177.0,78.0,남성,2026-08-04 18:16:34,사이즈: 정사이즈 / 화면 대비 색감: 화면과 비슷 / 두께감: 적당함 / 신축성: 적당함,True,0,travel,상의,LARGE,,2026,8,4,화,4,응답,정사이즈,화면과 비슷,,,적당함,적당함,,,,3.0,3.0,,0.0,0.0,0.0,0.0
1899753,86713090,general,holemaN,믿고 구매하는 트래블이지요! 몇장 더 구매예정입니다!,5.0,False,LARGE,165.0,65.0,남성,2026-08-03 15:06:57,사이즈: 조금 큼 / 화면 대비 색감: 어두움 / 두께감: 매우 얇음 / 신축성: 적당함,False,0,travel,상의,LARGE,,2026,8,3,월,5,응답,조금 큼,어두움,,,매우 얇음,적당함,,,,3.0,1.0,,1.0,1.0,-1.0,1.0
﻿3047767,86821109,general,괴로운체코루즈핏,S가 없어서 m 삿는데 암홀이 크고 팔이 길어요 여성분들 접어입고 팔 조금이라도 들면 안에가 잘보여요ㅠ 그래도 티 자체는 예뻐요 암홀 신경쓰이시면 나시 입고 입으셔야 될거같아요,4.0,False,MEDIUM,160.0,50.0,여성,2026-08-09 03:07:30,사이즈: 정사이즈 / 화면 대비 색감: 화면과 비슷 / 두께감: 적당함 / 신축성: 적당함,False,0,travel,상의,MEDIUM,,2026,8,9,일,4,응답,정사이즈,화면과 비슷,,,적당함,적당함,,,,3.0,3.0,,0.0,0.0,0.0,0.0
﻿3132891,86825905,general,희망찬노랑터틀넥,좋아하는 브랜드 티셔츠인데 세일할 때 잘 샀어요. 색감이 너무 예뻐요.,5.0,False,SMALL,144.0,43.0,여성,2026-08-09 13:57:59,사이즈: 정사이즈 / 화면 대비 색감: 화면과 비슷 / 두께감: 적당함 / 신축성: 적당함,True,0,travel,상의,SMALL,,2026,8,9,일,5,응답,정사이즈,화면과 비슷,,,적당함,적당함,,,,3.0,3.0,,0.0,0.0,0.0,0.0
3132891,86816102,general,hi_ks,잘 입겠습니다 잘 입지 않던 색상이지만 이쁜 것 같아요,4.0,False,EXTRA LARGE,180.0,72.0,남성,2026-08-08 20:34:34,사이즈: 정사이즈 / 화면 대비 색감: 화면과 비슷 / 두께감: 적당함 / 신축성: 적당함,False,0,travel,상의,EXTRA LARGE,,2026,8,8,토,4,응답,정사이즈,화면과 비슷,,,적당함,적당함,,,,3.0,3.0,,0.0,0.0,0.0,0.0
3132891,86808737,style,훈훈한신사굿즈,"컬라가 마젠타 핑크에서 채도를 살짝 낮춘 느낌이라 너무 예뻐서 구매했어요🩷 마침 할인할 때 구매해서 가격적인 만족도도 높았어요!  꾸안꾸로 편하게 입어도 예쁘고, 꾸꾸 스타일로 포인트를 줘서 입어도 잘 어울려서 활용도가 높은 것 같아요. 특히 신발이랑 색을 맞춰서 코디하면 은근 포인트가 돼서 더 예쁘더라고요ㅎㅎ  디자인도 예쁘고 여기저기 활용하기 좋아서 만족스러워요. 잘 입을게요:)",5.0,False,MEDIUM,165.0,54.0,여성,2026-08-08 13:06:46,사이즈: 정사이즈 / 화면 대비 색감: 매우 밝음 / 두께감: 적당함 / 신축성: 거의 없음,True,0,travel,상의,MEDIUM,,2026,8,8,토,5,응답,정사이즈,매우 밝음,,,적당함,거의 없음,,,,2.0,3.0,,0.0,0.0,2.0,2.0
3132891,85350150,general,별뚱별잇힝,"색감 차이 보시라고 같이 올렸습니다:)  저는 이전 버전도, 이번 버전도 모두 착용해봤는데요! 확실히 색감은 많이 달라졌지만 오히려 각자 매력이 있는 것 같아요~ 특히 옷감 질감이 좋고 프린트가 뜨거나 갈라지는 느낌이 없는 점이 만족스러웠습니다( 찐!!!! ) 또 목 부분이 짱짱해서 여러번 세탁해도 쉽게 늘어나지 않구요 색감 변화는 호불호가 있을 수 있지만 퀄티 면에서는 개인적으로 정말 만족스러운 제품입니다!✨",4.0,False,EXTRA LARGE,163.0,60.0,여성,2026-08-05 22:36:20,사이즈: 조금 작음 / 화면 대비 색감: 매우 밝음 / 두께감: 적당함 / 신축성: 적당함,False,1,travel,상의,EXTRA LARGE,,2026,8,5,수,4,응답,조금 작음,매우 밝음,,,적당함,적당함,,,,3.0,3.0,,-1.0,1.0,2.0,2.0
3132891,86757512,general,감쟈감쟈쨩,잘입고있어요!! 핏도 이쁘고 좋아요 색도 쨍하니 밝아보야요,5.0,False,SMALL,155.0,48.0,여성,2026-08-05 17:30:50,사이즈: 정사이즈 / 화면 대비 색감: 화면과 비슷 / 두께감: 적당함 / 신축성: 적당함,True,0,travel,상의,SMALL,,2026,8,5,수,5,응답,정사이즈,화면과 비슷,,,적당함,적당함,,,,3.0,3.0,,0.0,0.0,0.0,0.0
3132891,86743866,general,명료한파랑모자,살이쪄서오버핏찾고있었는데 역시나오버핏이구 색도튀고 좋아요,5.0,False,LARGE,158.0,76.0,여성,2026-08-04 23:47:17,사이즈: 조금 큼 / 화면 대비 색감: 화면과 비슷 / 두께감: 적당함 / 신축성: 강함,False,0,travel,상의,LARGE,,2026,8,4,화,5,응답,조금 큼,화면과 비슷,,,적당함,강함,,,,4.0,3.0,,1.0,1.0,0.0,0.0
3132891,86137167,general,큐트한연분홍미니,저렴하게 구매했네요 배송빠름편이였구요 실제 색상이 훨씬 쨍해요 오버핏으로 입으려고 미디움 구매했는데 진짜 크네요ㅎㅎ,2.0,False,MEDIUM,155.0,47.0,여성,2026-08-04 07:30:23,사이즈: 많이 큼 / 화면 대비 색감: 매우 밝음 / 두께감: 적당함 / 신축성: 거의 없음,True,0,travel,상의,MEDIUM,,2026,8,4,화,2,응답,많이 큼,매우 밝음,,,적당함,거의 없음,,,,2.0,3.0,,2.0,2.0,2.0,2.0
3132891,86711208,general,지은지은,"마젠타 색상이 화면에서 봤던 것보다 조금 더 진한 느낌이에요. 스몰 사이즈인데 핏이 딱 맞아서 편안하게 입기 좋고, 원단도 생각보다 부드럽고 얇아서 여름에 입기 적당해요. 목 부분은 약간 타이트한 편이라 개인차가 있을 수 있겠지만 저는 크게 불편하지 않았어요. 전체적으로 색감도 예쁘고 가성비도 나쁘지 않아서 만족합니다.",4.0,False,SMALL,163.0,58.0,여성,2026-08-03 13:13:44,사이즈: 정사이즈 / 화면 대비 색감: 화면과 비슷 / 두께감: 적당함 / 신축성: 적당함,False,0,travel,상의,SMALL,,2026,8,3,월,4,응답,정사이즈,화면과 비슷,,,적당함,적당함,,,,3.0,3.0,,0.0,0.0,0.0,0.0
﻿3132774,86761554,general,올바른홍대셋업,힙하고 이뻐요 데일리로 입기도 좋고 포인트 주기도 좋아용,5.0,False,MEDIUM,168.0,72.0,여성,2026-08-05 20:46:20,사이즈: 정사이즈 / 화면 대비 색감: 화면과 비슷 / 두께감: 적당함 / 신축성: 적당함,False,0,travel,상의,MEDIUM,,2026,8,5,수,5,응답,정사이즈,화면과 비슷,,,적당함,적당함,,,,3.0,3.0,,0.0,0.0,0.0,0.0
3132774,86753061,general,뚱스00,생각했던 것보다 퀄리티가 좋아서 놀랐어요. 잘 받았고 만족스럽게 사용 중입니다. 감사합니다!,5.0,False,MEDIUM,183.0,104.0,남성,2026-08-05 13:42:32,사이즈: 정사이즈 / 화면 대비 색감: 화면과 비슷 / 두께감: 적당함 / 신축성: 적당함,False,0,travel,상의,MEDIUM,,2026,8,5,수,5,응답,정사이즈,화면과 비슷,,,적당함,적당함,,,,3.0,3.0,,0.0,0.0,0.0,0.0
﻿4055254,86826447,general,고구마피자치킨,기대 없이 샀는데 프린팅 귀엽 고 후들후들해서 마음에 들어요,5.0,False,MEDIUM,165.0,123.0,여성,2026-08-09 14:27:33,사이즈: 조금 큼 / 화면 대비 색감: 화면과 비슷 / 두께감: 적당함 / 신축성: 적당함,False,0,travel,상의,MEDIUM,,2026,8,9,일,5,응답,조금 큼,화면과 비슷,,,적당함,적당함,,,,3.0,3.0,,1.0,1.0,0.0,0.0
4055254,82765881,general,오래된그린룩완성,배송도 빠르고 재질도 좋고 할인해서 저렴하게 구매했어요.,5.0,False,EXTRA LARGE,158.0,48.0,여성,2026-08-04 13:28:58,사이즈: 많이 큼 / 화면 대비 색감: 매우 어두움 / 두께감: 매우 두꺼움 / 신축성: 매우 강함,False,0,travel,상의,EXTRA LARGE,,2026,8,4,화,5,응답,많이 큼,매우 어두움,,,매우 두꺼움,매우 강함,,,,5.0,5.0,,2.0,2.0,-2.0,2.0
4055254,82766087,general,오래된그린룩완성,"배송도 빠르고 할인해서 저렴하게 구매했어요, 가볍고 입으면 날씬해 보이고 재질도 좋고 색상도 맘에 들어요, 친구들이 이쁘다고 합니다.",5.0,False,LARGE,158.0,48.0,여성,2026-08-04 13:26:41,사이즈: 정사이즈 / 화면 대비 색감: 화면과 비슷 / 두께감: 적당함 / 신축성: 적당함,False,0,travel,상의,LARGE,,2026,8,4,화,5,응답,정사이즈,화면과 비슷,,,적당함,적당함,,,,3.0,3.0,,0.0,0.0,0.0,0.0
4055254,86716853,general,밝은오슬로플리스,그림이 귀엽고 편하게 입을수 있을것같습니다아,4.0,False,SMALL,158.0,57.0,여성,2026-08-03 18:28:41,사이즈: 정사이즈 / 화면 대비 색감: 화면과 비슷 / 두께감: 적당함 / 신축성: 적당함,True,0,travel,상의,SMALL,,2026,8,3,월,4,응답,정사이즈,화면과 비슷,,,적당함,적당함,,,,3.0,3.0,,0.0,0.0,0.0,0.0
﻿3399783,86817092,style,엣지있는도쿄소품,저렴한 가격에 편하고 이쁘게 입을수 있어서 좋아요,5.0,False,MEDIUM,163.0,52.0,여성,2026-08-08 21:44:19,사이즈: 정사이즈 / 화면 대비 색감: 화면과 비슷 / 두께감: 적당함 / 신축성: 적당함,True,1,travel,상의,MEDIUM,,2026,8,8,토,5,응답,정사이즈,화면과 비슷,,,적당함,적당함,,,,3.0,3.0,,0.0,0.0,0.0,0.0
3399783,82766021,general,오래된그린룩완성,"배송도 빠르고 할인해서 저렴하게 구매했어요, 가볍고 입으면 날씬해 보이고 재질도 좋고 색상도 맘에 들어요, 친구들이 이쁘다고 합니다.",5.0,False,SMALL,158.0,48.0,여성,2026-08-04 13:27:47,사이즈: 정사이즈 / 화면 대비 색감: 화면과 비슷 / 두께감: 적당함 / 신축성: 적당함,False,0,travel,상의,SMALL,,2026,8,4,화,5,응답,정사이즈,화면과 비슷,,,적당함,적당함,,,,3.0,3.0,,0.0,0.0,0.0,0.0
﻿3182325,86824541,general,도비 is 프리,코디가 어렵긴 한데 그래도 유니크한 느낌으로 잘 입어여,5.0,False,EXTRA LARGE,175.0,72.0,남성,2026-08-09 12:25:02,사이즈: 정사이즈 / 화면 대비 색감: 어두움 / 두께감: 적당함 / 신축성: 적당함,False,0,travel,상의,EXTRA LARGE,,2026,8,9,일,5,응답,정사이즈,어두움,,,적당함,적당함,,,,3.0,3.0,,0.0,0.0,-1.0,1.0
3182325,86824527,general,도비 is 프리,사이즈도 괜찮고 가성비도 좋아서 여기저기 잘 착용해요,5.0,False,MEDIUM,158.0,50.0,여성,2026-08-09 12:24:06,사이즈: 정사이즈 / 화면 대비 색감: 어두움 / 두께감: 적당함 / 신축성: 적당함,False,0,travel,상의,MEDIUM,,2026,8,9,일,5,응답,정사이즈,어두움,,,적당함,적당함,,,,3.0,3.0,,0.0,0.0,-1.0,1.0
3182325,86824512,general,도비 is 프리,색이 강해서 걱정했는데 막상 입으니 또 유니크해요,5.0,False,SMALL,158.0,45.0,여성,2026-08-09 12:23:28,사이즈: 정사이즈 / 화면 대비 색감: 어두움 / 두께감: 적당함 / 신축성: 적당함,False,0,travel,상의,SMALL,,2026,8,9,일,5,응답,정사이즈,어두움,,,적당함,적당함,,,,3.0,3.0,,0.0,0.0,-1.0,1.0
3182325,86814208,general,담백한도쿄엣지,그냥 봤을땐 넘튀는 색인가 했는데 입으니 이뻐용,4.0,False,MEDIUM,162.0,48.0,여성,2026-08-08 18:29:55,사이즈: 정사이즈 / 화면 대비 색감: 화면과 비슷 / 두께감: 적당함 / 신축성: 적당함,True,0,travel,상의,MEDIUM,,2026,8,8,토,4,응답,정사이즈,화면과 비슷,,,적당함,적당함,,,,3.0,3.0,,0.0,0.0,0.0,0.0
3182325,86779701,general,고니노,화면이랑 색이나 이런게 똑같아요 질도 괜찮아요,5.0,False,MEDIUM,160.0,64.0,여성,2026-08-06 19:21:19,사이즈: 정사이즈 / 화면 대비 색감: 화면과 비슷 / 두께감: 적당함 / 신축성: 적당함,False,0,travel,상의,MEDIUM,,2026,8,6,목,5,응답,정사이즈,화면과 비슷,,,적당함,적당함,,,,3.0,3.0,,0.0,0.0,0.0,0.0
3182325,86740396,style,청색조끼,좋아용 제 키에 박시한 티셔츠를 구매하고 싶었는데 아주아주 마음에 듭니다,5.0,False,MEDIUM,169.0,58.0,여성,2026-08-04 21:44:21,사이즈: 정사이즈 / 화면 대비 색감: 화면과 비슷 / 두께감: 적당함 / 신축성: 적당함,True,0,travel,상의,MEDIUM,,2026,8,4,화,5,응답,정사이즈,화면과 비슷,,,적당함,적당함,,,,3.0,3.0,,0.0,0.0,0.0,0.0
3182325,86740383,general,청색조끼,운동할때 자주 입어요 ! 편해요 .. 저렴한 가격에 사서 좋았습니당,5.0,False,MEDIUM,169.0,58.0,여성,2026-08-04 21:43:44,사이즈: 정사이즈 / 화면 대비 색감: 화면과 비슷 / 두께감: 적당함 / 신축성: 적당함,True,0,travel,상의,MEDIUM,,2026,8,4,화,5,응답,정사이즈,화면과 비슷,,,적당함,적당함,,,,3.0,3.0,,0.0,0.0,0.0,0.0
3182325,86719737,style,hej0320,배송 빨랐어용 핑크색 티셔츠 찾다가 구매했는데 아주 만족합니당 가격도ㅜ저렴하구!,5.0,False,MEDIUM,161.0,54.0,여성,2026-08-03 21:15:00,사이즈: 정사이즈 / 화면 대비 색감: 화면과 비슷 / 두께감: 적당함 / 신축성: 적당함,True,0,travel,상의,MEDIUM,,2026,8,3,월,5,응답,정사이즈,화면과 비슷,,,적당함,적당함,,,,3.0,3.0,,0.0,0.0,0.0,0.0
3182325,86712999,general,'@bitggar,동생 주려고 구매했습니다. 마음에 들어하네요 잘 입을게요,5.0,False,MEDIUM,181.0,86.0,남성,2026-08-03 15:02:10,사이즈: 정사이즈 / 화면 대비 색감: 화면과 비슷 / 두께감: 적당함 / 신축성: 강함,False,0,travel,상의,MEDIUM,,2026,8,3,월,5,응답,정사이즈,화면과 비슷,,,적당함,강함,,,,4.0,3.0,,0.0,0.0,0.0,0.0
﻿4300929,86765864,general,브리쯔와라짜,태산 손민수했는데 넘히 예쁨..// 넉넉히 입으려고 크게 삿는데 M 샀어도 될 둣,5.0,False,LARGE,167.0,60.0,여성,2026-08-06 00:14:33,사이즈: 조금 큼 / 화면 대비 색감: 어두움 / 퀄리티: 좋음 / 구김: 거의 없음,False,0,travel,상의,LARGE,,2026,8,6,목,5,응답,조금 큼,어두움,좋음,거의 없음,,,,4.0,,,,4.0,1.0,1.0,-1.0,1.0
﻿4087446,86782238,style,유쾌한피사심플,매우 힙 하지만 너무 고민 듯한 느낌을 주면 안 될 것 같애요 오늘은 화장이 잘 안 어울렸네요 안 꾸민 듯한 느낌이 좋을 거 같애요,5.0,False,MEDIUM,163.0,49.0,여성,2026-08-06 21:24:29,사이즈: 정사이즈 / 화면 대비 색감: 화면과 비슷 / 두께감: 적당함 / 신축성: 적당함,True,0,travel,상의,MEDIUM,,2026,8,6,목,5,응답,정사이즈,화면과 비슷,,,적당함,적당함,,,,3.0,3.0,,0.0,0.0,0.0,0.0
4087446,86759686,style,징구자구,오 티 너무 기여워요!!! m 사이즈로 딱 좋게 널널하게 맞아여 재질 부들부들하고 별이 자꾸 보여서 귀여워영 ㅋㅋ 버뮤다랑 입으면 초딩소리 좀 들어서 웃겨요 킥킥,5.0,False,MEDIUM,158.0,66.0,여성,2026-08-05 19:15:33,사이즈: 정사이즈 / 화면 대비 색감: 화면과 비슷 / 두께감: 적당함 / 신축성: 강함,True,0,travel,상의,MEDIUM,,2026,8,5,수,5,응답,정사이즈,화면과 비슷,,,적당함,강함,,,,4.0,3.0,,0.0,0.0,0.0,0.0
﻿3399786,82766055,general,오래된그린룩완성,"배송도 빠르고 할인해서 저렴하게 구매했어요, 가볍고 입으면 날씬해 보이고 재질도 좋고 색상도 맘에 들어요, 친구들이 이쁘다고 합니다.",5.0,False,LARGE,158.0,48.0,여성,2026-08-04 13:27:11,사이즈: 정사이즈 / 화면 대비 색감: 화면과 비슷 / 두께감: 적당함 / 신축성: 적당함,False,0,travel,상의,LARGE,,2026,8,4,화,5,응답,정사이즈,화면과 비슷,,,적당함,적당함,,,,3.0,3.0,,0.0,0.0,0.0,0.0
﻿4946729,86767130,style,죽시리즈,얇아서 시원하고 재질도 부드러워서 좋아요 디자인도 깔끔하니 아무 바지에나 잘 어울립니당,5.0,False,SMALL,163.0,50.0,여성,2026-08-06 01:59:14,사이즈: 정사이즈 / 화면 대비 색감: 화면과 비슷 / 두께감: 적당함 / 신축성: 적당함,True,1,travel,상의,SMALL,,2026,8,6,목,5,응답,정사이즈,화면과 비슷,,,적당함,적당함,,,,3.0,3.0,,0.0,0.0,0.0,0.0
4946729,86743039,general,원활한옐로우아트,제 키가 조금 큰 편이고 몸집도 있는편인데 리뷰에서 다들 크다고 하길래 라지로 시켰는데 생각보다 많이 크네요 ㅜㅜ 근데 건조기 몇번 돌리면 줄어들 것 같아서 만족 ㅎㅎ 프린트도 귀여워요 많이많이파세여,4.0,False,LARGE,173.0,63.0,여성,2026-08-04 23:14:57,사이즈: 조금 큼 / 화면 대비 색감: 어두움 / 두께감: 얇음 / 신축성: 적당함,True,0,travel,상의,LARGE,,2026,8,4,화,4,응답,조금 큼,어두움,,,얇음,적당함,,,,3.0,2.0,,1.0,1.0,-1.0,1.0
﻿4757001,82766035,general,오래된그린룩완성,"배송도 빠르고 할인해서 저렴하게 구매했어요, 가볍고 입으면 날씬해 보이고 재질도 좋고 색상도 맘에 들어요, 친구들이 이쁘다고 합니다.",5.0,False,MEDIUM,158.0,48.0,여성,2026-08-04 13:27:34,사이즈: 정사이즈 / 화면 대비 색감: 화면과 비슷 / 두께감: 적당함 / 신축성: 적당함,False,0,travel,상의,MEDIUM,,2026,8,4,화,5,응답,정사이즈,화면과 비슷,,,적당함,적당함,,,,3.0,3.0,,0.0,0.0,0.0,0.0
﻿4054548,86737951,style,마카롱이^^,저렴한 가격에 퀄리티 좋은 티셔츠 샀습니다. 만족,5.0,False,EXTRA LARGE,176.0,67.0,남성,2026-08-04 20:13:48,사이즈: 매우 작음 / 화면 대비 색감: 화면과 비슷 / 두께감: 적당함 / 신축성: 적당함,True,0,travel,상의,EXTRA LARGE,,2026,8,4,화,5,응답,매우 작음,화면과 비슷,,,적당함,적당함,,,,3.0,3.0,,-2.0,2.0,0.0,0.0
4054548,86737929,general,마카롱이^^,저렴한 가격에 퀄리티 좋은 티셔츠 샀어요 만족합니다,5.0,False,EXTRA LARGE,176.0,67.0,남성,2026-08-04 20:13:15,사이즈: 매우 작음 / 화면 대비 색감: 매우 밝음 / 두께감: 매우 얇음 / 신축성: 전혀 없음,True,0,travel,상의,EXTRA LARGE,,2026,8,4,화,5,응답,매우 작음,매우 밝음,,,매우 얇음,전혀 없음,,,,1.0,1.0,,-2.0,2.0,2.0,2.0
﻿6205180,86771202,general,쯔쯔쯔쯔,저렴한 가격에 잘샀습니다. 근데 사이즈가 생각보다 작게나왔습니다,5.0,False,M,175.0,68.0,남성,2026-08-06 11:30:20,사이즈: 정사이즈 / 화면 대비 색감: 화면과 비슷 / 두께감: 적당함 / 신축성: 적당함,False,0,travel,상의,M,,2026,8,6,목,5,응답,정사이즈,화면과 비슷,,,적당함,적당함,,,,3.0,3.0,,0.0,0.0,0.0,0.0
6205180,86706584,general,Dot404NF,전에 다른 디자인 티셔츠 샀었는데 너무 좋아서 이번에 여러 장 샀어요 세일 덕분에 엄청 싸게 잘 샀습니다 짱!!!! 편하고 진짜 좋아요,5.0,False,S,151.0,42.0,여성,2026-08-03 07:38:28,사이즈: 정사이즈 / 화면 대비 색감: 화면과 비슷 / 두께감: 얇음 / 신축성: 강함,False,0,travel,상의,S,,2026,8,3,월,5,응답,정사이즈,화면과 비슷,,,얇음,강함,,,,4.0,2.0,,0.0,0.0,0.0,0.0
﻿5177999,85547652,general,써니벨,재질도 좋고 디자인도 맘에 들어요 오버사이즈로 입어야 예뻐요,5.0,False,02. 2023 아카이브 로고_블랙 차콜 · MEDIUM,165.0,48.0,여성,2026-08-03 22:20:37,사이즈: 정사이즈 / 화면 대비 색감: 화면과 비슷 / 두께감: 적당함 / 신축성: 적당함,True,0,travel,상의,MEDIUM,02. 2023 아카이브 로고_블랙 차콜,2026,8,3,월,5,응답,정사이즈,화면과 비슷,,,적당함,적당함,,,,3.0,3.0,,0.0,0.0,0.0,0.0
﻿4087443,86732150,style,건강한하루하루,이뻐요. 뚱땡이인데 라지샀더니 몸통은 정핏이고 팔은 기네요. 마르고 가슴 없는 여성분이 입으면 힙하고 이쁠듯.,4.0,False,LARGE,156.0,70.0,여성,2026-08-04 15:58:55,사이즈: 정사이즈 / 화면 대비 색감: 화면과 비슷 / 두께감: 적당함 / 신축성: 적당함,True,0,travel,상의,LARGE,,2026,8,4,화,4,응답,정사이즈,화면과 비슷,,,적당함,적당함,,,,3.0,3.0,,0.0,0.0,0.0,0.0
4087443,86732138,general,건강한하루하루,이뻐요. 사진과 그대로고 생각보다 통은 안크고 팔이 컸음. 무난한 재질임.,4.0,False,LARGE,156.0,70.0,여성,2026-08-04 15:57:56,사이즈: 정사이즈 / 화면 대비 색감: 화면과 비슷 / 두께감: 적당함 / 신축성: 적당함,True,0,travel,상의,LARGE,,2026,8,4,화,4,응답,정사이즈,화면과 비슷,,,적당함,적당함,,,,3.0,3.0,,0.0,0.0,0.0,0.0
﻿6083635,86528289,general,현이겅쥬,차콜색 반팔티가 입고 싶은데 마음에 드는 디자인을 못찾아서 계속 못 사고 있었는데 이번에 무신사 매장 새로 생긴 곳에서 둘러보다가 발견해서 바로 겟했어요!!! 심지어 할인까지 받아서 잘 샀는데 사고 나니 할인을 더 하네요… 하하 그래서 또 사려구요!  동생도 산다 그래서 추가 3벌 구매 예정입니다 ㅋㅋ,5.0,False,S,154.0,50.0,여성,2026-08-05 18:38:12,사이즈: 정사이즈 / 화면 대비 색감: 화면과 비슷 / 두께감: 적당함 / 신축성: 적당함,True,0,travel,상의,S,,2026,8,5,수,5,응답,정사이즈,화면과 비슷,,,적당함,적당함,,,,3.0,3.0,,0.0,0.0,0.0,0.0
6083635,86718062,general,외로운홍대주얼리,색상 맘에들어요 핏도 잘 맞고 편안한 착용감 좋아요,5.0,False,L,172.0,80.0,남성,2026-08-03 19:38:05,사이즈: 정사이즈 / 화면 대비 색감: 화면과 비슷 / 두께감: 적당함 / 신축성: 적당함,False,0,travel,상의,L,,2026,8,3,월,5,응답,정사이즈,화면과 비슷,,,적당함,적당함,,,,3.0,3.0,,0.0,0.0,0.0,0.0
6083635,86704735,general,rkdrhdwn,할인해서좋은가격에구매했어요 얇고시원해요,4.0,False,S,160.0,50.0,missing,2026-08-03 01:03:47,사이즈: 정사이즈 / 화면 대비 색감: 화면과 비슷 / 두께감: 적당함 / 신축성: 적당함,True,0,travel,상의,S,,2026,8,3,월,4,응답,정사이즈,화면과 비슷,,,적당함,적당함,,,,3.0,3.0,,0.0,0.0,0.0,0.0
﻿6083643,86707499,general,특정한피사골프공,트래블 티는 두번째 구맨데 소재도 부드럽고 핏도 적당해서 자주 입게되요,5.0,False,L,163.0,53.0,여성,2026-08-03 08:51:05,사이즈: 정사이즈 / 화면 대비 색감: 화면과 비슷 / 두께감: 얇음 / 신축성: 적당함,True,0,travel,상의,L,,2026,8,3,월,5,응답,정사이즈,화면과 비슷,,,얇음,적당함,,,,3.0,2.0,,0.0,0.0,0.0,0.0
﻿6564196,86811742,general,마카롱이^^,저렴한 가격에 예쁜 피크먼트 티 샀습니다. 재질도 좋아요,5.0,False,EXTRA LARGE,176.0,67.0,남성,2026-08-08 16:04:01,사이즈: 정사이즈 / 화면 대비 색감: 화면과 비슷 / 두께감: 적당함 / 신축성: 적당함,True,0,travel,상의,EXTRA LARGE,,2026,8,8,토,5,응답,정사이즈,화면과 비슷,,,적당함,적당함,,,,3.0,3.0,,0.0,0.0,0.0,0.0
6564196,86778925,general,산만한홍콩퍼,생각보다 개만족!! 세일할때 사서 완전 싸게 샀는데 피그먼트 디테일이 너무 예쁨 무난하게 입고다니기 좋음,5.0,False,SMALL,160.0,50.0,여성,2026-08-06 18:39:52,사이즈: 조금 큼 / 화면 대비 색감: 화면과 비슷 / 두께감: 적당함 / 신축성: 적당함,False,0,travel,상의,SMALL,,2026,8,6,목,5,응답,조금 큼,화면과 비슷,,,적당함,적당함,,,,3.0,3.0,,1.0,1.0,0.0,0.0
6564196,86756912,general,시크한제노바마켓,아들 선물로 행사로 저렴히 입히게 되었는데 만족해 합니다,5.0,False,SMALL,172.0,64.0,여성,2026-08-05 17:00:41,사이즈: 조금 작음 / 화면 대비 색감: 밝음 / 두께감: 적당함 / 신축성: 적당함,False,0,travel,상의,SMALL,,2026,8,5,수,5,응답,조금 작음,밝음,,,적당함,적당함,,,,3.0,3.0,,-1.0,1.0,1.0,1.0
6564196,86722145,general,벨리공쥬,중학생 아들 입었는데 디자인 예 쁘고 편하게 입기 좋아요,5.0,False,LARGE,169.0,63.0,남성,2026-08-03 23:09:56,사이즈: 정사이즈 / 화면 대비 색감: 화면과 비슷 / 두께감: 적당함 / 신축성: 적당함,True,0,travel,상의,LARGE,,2026,8,3,월,5,응답,정사이즈,화면과 비슷,,,적당함,적당함,,,,3.0,3.0,,0.0,0.0,0.0,0.0
6564196,86719073,general,쪼메쏘는언니,재질도 탄탄하니 좋고 실물이 색감 더 조아요 피그먼트 느낌이라 세탁하면 더 빈티하게 ㅇ예쁠 것 같어요,5.0,False,MEDIUM,170.0,65.0,남성,2026-08-03 20:37:21,사이즈: 정사이즈 / 화면 대비 색감: 화면과 비슷 / 두께감: 적당함 / 신축성: 적당함,False,0,travel,상의,MEDIUM,,2026,8,3,월,5,응답,정사이즈,화면과 비슷,,,적당함,적당함,,,,3.0,3.0,,0.0,0.0,0.0,0.0
﻿6083607,86788362,general,Fever7,처음 시켰을땐 제품 문제인지 어깨선이 이상했는데 다시 시키니까 이뻐서 입고 다님,5.0,False,M,170.0,62.0,남성,2026-08-07 08:54:10,사이즈: 정사이즈 / 화면 대비 색감: 화면과 비슷 / 두께감: 적당함 / 신축성: 적당함,False,0,travel,상의,M,,2026,8,7,금,5,응답,정사이즈,화면과 비슷,,,적당함,적당함,,,,3.0,3.0,,0.0,0.0,0.0,0.0
6083607,86772651,general,뚜렷한핑크타월,요즘 너무 더운데 두께감 두껍지 않고 자주 입고 애용할꺼 같아요,5.0,False,XL,183.0,80.0,남성,2026-08-06 13:06:46,사이즈: 정사이즈 / 화면 대비 색감: 화면과 비슷 / 두께감: 적당함 / 신축성: 적당함,False,0,travel,상의,XL,,2026,8,6,목,5,응답,정사이즈,화면과 비슷,,,적당함,적당함,,,,3.0,3.0,,0.0,0.0,0.0,0.0
﻿6219022,86816057,general,hi_ks,싼 가격에 사서 올해만 입으면 될 거 같아요 잘 입을게요,3.0,False,MEDIUM,180.0,72.0,남성,2026-08-08 20:31:06,사이즈: 정사이즈 / 화면 대비 색감: 화면과 비슷 / 두께감: 얇음 / 신축성: 적당함,False,0,travel,상의,MEDIUM,,2026,8,8,토,3,응답,정사이즈,화면과 비슷,,,얇음,적당함,,,,3.0,2.0,,0.0,0.0,0.0,0.0
6219022,86806532,general,조개ㄸ,얇은 흰티고 프린팅이 매력있는거 같습니다 여름에 입기 좋아요,4.0,False,EXTRA LARGE,180.0,80.0,missing,2026-08-08 10:22:10,사이즈: 정사이즈 / 화면 대비 색감: 화면과 비슷 / 두께감: 얇음 / 신축성: 거의 없음,True,0,travel,상의,EXTRA LARGE,,2026,8,8,토,4,응답,정사이즈,화면과 비슷,,,얇음,거의 없음,,,,2.0,2.0,,0.0,0.0,0.0,0.0
6219022,86759393,general,일단신중히갈겨,핏이 너무 크지도 작지더 않게 딱 좋아요 이뻐요 무난,5.0,False,SMALL,155.0,60.0,여성,2026-08-05 19:00:40,사이즈: 정사이즈 / 화면 대비 색감: 화면과 비슷 / 두께감: 적당함 / 신축성: 적당함,False,0,travel,상의,SMALL,,2026,8,5,수,5,응답,정사이즈,화면과 비슷,,,적당함,적당함,,,,3.0,3.0,,0.0,0.0,0.0,0.0
6219022,86747172,general,웃상인잠실핀턱,아이가 사달라고해서 사줬어요 100~105사이 입는 고2인데 L샀더니  넉넉하더라고요 세일할때 저렴하게사서너무너무 좋았어요,5.0,False,LARGE,170.0,80.0,남성,2026-08-05 07:07:57,사이즈: 조금 큼 / 화면 대비 색감: 화면과 비슷 / 두께감: 적당함 / 신축성: 적당함,False,0,travel,상의,LARGE,,2026,8,5,수,5,응답,조금 큼,화면과 비슷,,,적당함,적당함,,,,3.0,3.0,,1.0,1.0,0.0,0.0
6219022,86741506,general,인어공주님,십자가 패치가 귀여워서 구매했어요 프린팅도 전체적으로 예뿝니당,5.0,False,EXTRA LARGE,160.0,33.0,여성,2026-08-04 22:23:43,사이즈: 정사이즈 / 화면 대비 색감: 화면과 비슷 / 두께감: 적당함 / 신축성: 적당함,True,0,travel,상의,EXTRA LARGE,,2026,8,4,화,5,응답,정사이즈,화면과 비슷,,,적당함,적당함,,,,3.0,3.0,,0.0,0.0,0.0,0.0
6219022,86726127,style,곰나니,그냥 편하게 입기 좋아요! 사이즈 적당히 박시합니다,5.0,False,MEDIUM,166.0,67.0,여성,2026-08-04 09:19:02,사이즈: 정사이즈 / 화면 대비 색감: 화면과 비슷 / 두께감: 적당함 / 신축성: 적당함,True,0,travel,상의,MEDIUM,,2026,8,4,화,5,응답,정사이즈,화면과 비슷,,,적당함,적당함,,,,3.0,3.0,,0.0,0.0,0.0,0.0
6219022,86726116,general,곰나니,세일해서 저렴하게 잘구매했어요! 프린팅이 아닌 자수예요!,5.0,False,MEDIUM,166.0,67.0,여성,2026-08-04 09:18:16,사이즈: 정사이즈 / 화면 대비 색감: 화면과 비슷 / 두께감: 적당함 / 신축성: 적당함,False,0,travel,상의,MEDIUM,,2026,8,4,화,5,응답,정사이즈,화면과 비슷,,,적당함,적당함,,,,3.0,3.0,,0.0,0.0,0.0,0.0
﻿6564198,86825832,general,희망찬노랑터틀넥,세일할 때 잘 샀어요. 그레이 색깔로 하나 더 사고 싶은데 너무 예뻐요 이것도,5.0,False,SMALL,144.0,43.0,여성,2026-08-09 13:53:44,사이즈: 정사이즈 / 화면 대비 색감: 화면과 비슷 / 두께감: 적당함 / 신축성: 적당함,True,0,travel,상의,SMALL,,2026,8,9,일,5,응답,정사이즈,화면과 비슷,,,적당함,적당함,,,,3.0,3.0,,0.0,0.0,0.0,0.0
6564198,86786123,style,옷사곺다,앞쪽 포인트도 귀엽고 재질도 마음에 들어서 좋은 가격에 잘 샀슴니다 너무 예뻐요,5.0,False,LARGE,179.0,74.0,남성,2026-08-07 00:56:26,사이즈: 정사이즈 / 화면 대비 색감: 화면과 비슷 / 두께감: 적당함 / 신축성: 적당함,True,0,travel,상의,LARGE,,2026,8,7,금,5,응답,정사이즈,화면과 비슷,,,적당함,적당함,,,,3.0,3.0,,0.0,0.0,0.0,0.0
6564198,86786115,general,옷사곺다,앞쪽 포인트도 귀엽고 재질도 마음에 들어서 좋은 가격에 잘 샀슴니다 너무 예뻐요,5.0,False,LARGE,179.0,74.0,남성,2026-08-07 00:55:42,사이즈: 정사이즈 / 화면 대비 색감: 화면과 비슷 / 두께감: 적당함 / 신축성: 적당함,True,0,travel,상의,LARGE,,2026,8,7,금,5,응답,정사이즈,화면과 비슷,,,적당함,적당함,,,,3.0,3.0,,0.0,0.0,0.0,0.0
6564198,86780886,general,옷사곺다,커플옷으로 입기에도 좋았어요 질감도 최고! 이가격에 정말 잘 산거 같아요,5.0,False,SMALL,179.0,74.0,남성,2026-08-06 20:20:10,사이즈: 정사이즈 / 화면 대비 색감: 화면과 비슷 / 두께감: 적당함 / 신축성: 적당함,False,0,travel,상의,SMALL,,2026,8,6,목,5,응답,정사이즈,화면과 비슷,,,적당함,적당함,,,,3.0,3.0,,0.0,0.0,0.0,0.0
6564198,86750690,general,다금다금바리,저렴하게 샀는데 배송도 빨리와서 더 좋았어요! 잘 입을게용~,5.0,False,SMALL,158.0,48.0,여성,2026-08-05 11:22:36,사이즈: 조금 큼 / 화면 대비 색감: 화면과 비슷 / 두께감: 적당함 / 신축성: 적당함,False,0,travel,상의,SMALL,,2026,8,5,수,5,응답,조금 큼,화면과 비슷,,,적당함,적당함,,,,3.0,3.0,,1.0,1.0,0.0,0.0
6564198,86736023,general,qhzh,세일득템햇는데 디자인도이쁘고편합니다 개굿이이여~~~,5.0,False,SMALL,164.0,61.0,여성,2026-08-04 19:00:24,사이즈: 정사이즈 / 화면 대비 색감: 화면과 비슷 / 두께감: 적당함 / 신축성: 적당함,False,0,travel,상의,SMALL,,2026,8,4,화,5,응답,정사이즈,화면과 비슷,,,적당함,적당함,,,,3.0,3.0,,0.0,0.0,0.0,0.0
6564198,86719085,general,쪼메쏘는언니,실물 색상이 더 예쁘고 재질도 탄탄해요! 요즘 스타일처럼  팔 접어서 입으니 완전 찰떡 !,5.0,False,MEDIUM,170.0,65.0,남성,2026-08-03 20:38:15,사이즈: 정사이즈 / 화면 대비 색감: 화면과 비슷 / 두께감: 적당함 / 신축성: 적당함,False,0,travel,상의,MEDIUM,,2026,8,3,월,5,응답,정사이즈,화면과 비슷,,,적당함,적당함,,,,3.0,3.0,,0.0,0.0,0.0,0.0
6564198,86715064,general,와구와글,특가 떴을 때 막 입으려고 샀는데 키치하고 귀여워서 좋네요 ㅎ,5.0,False,LARGE,179.0,72.0,남성,2026-08-03 16:58:25,사이즈: 정사이즈 / 화면 대비 색감: 화면과 비슷 / 두께감: 적당함 / 신축성: 적당함,False,0,travel,상의,LARGE,,2026,8,3,월,5,응답,정사이즈,화면과 비슷,,,적당함,적당함,,,,3.0,3.0,,0.0,0.0,0.0,0.0
﻿6564212,86767516,general,하이델베르크9,상의 예쁘고 기장도 너무 만족해요 그리고 시원해요 ㅎㅎ,5.0,False,M,176.0,72.0,남성,2026-08-06 03:18:03,사이즈: 정사이즈 / 화면 대비 색감: 화면과 비슷 / 두께감: 적당함 / 신축성: 적당함,False,0,travel,상의,M,,2026,8,6,목,5,응답,정사이즈,화면과 비슷,,,적당함,적당함,,,,3.0,3.0,,0.0,0.0,0.0,0.0
6564212,86751883,general,조아가 최고야~,일단 카라가 있는게 마음에 들었는데 좀 더 스포티한 디자인이라 마음에 듭니다. 싼 가격에 잘 가져온 거 같아요,5.0,False,M,177.0,80.0,남성,2026-08-05 12:34:36,사이즈: 조금 작음 / 화면 대비 색감: 화면과 비슷 / 두께감: 적당함 / 신축성: 강함,False,0,travel,상의,M,,2026,8,5,수,5,응답,조금 작음,화면과 비슷,,,적당함,강함,,,,4.0,3.0,,-1.0,1.0,0.0,0.0
6564212,86724775,general,시크한현자,여름 무난하게 입기 좋은 반팔티 입니다. 재질이 은근히 좋아서 놀랐어요,5.0,False,M,179.0,65.0,남성,2026-08-04 04:39:28,사이즈: 정사이즈 / 화면 대비 색감: 화면과 비슷 / 두께감: 적당함 / 신축성: 적당함,True,0,travel,상의,M,,2026,8,4,화,5,응답,정사이즈,화면과 비슷,,,적당함,적당함,,,,3.0,3.0,,0.0,0.0,0.0,0.0
6564212,86723873,general,우리가우리였던때를우린잊었잖아,머슬핏감성이에요 실착핏이 넘 예쁩니당 편안하구요,5.0,False,M,180.0,64.0,남성,2026-08-04 01:13:55,사이즈: 정사이즈 / 화면 대비 색감: 화면과 비슷 / 두께감: 적당함 / 신축성: 강함,False,0,travel,상의,M,,2026,8,4,화,5,응답,정사이즈,화면과 비슷,,,적당함,강함,,,,4.0,3.0,,0.0,0.0,0.0,0.0
﻿6219052,86828987,general,발랄한울산스냅,저렴한 가격에 득템 했네요 데일리로 입고 다니기 좋을것 같아요,5.0,False,MEDIUM,172.0,70.0,남성,2026-08-09 17:05:25,사이즈: 정사이즈 / 화면 대비 색감: 화면과 비슷 / 두께감: 적당함 / 신축성: 적당함,False,0,travel,상의,MEDIUM,,2026,8,9,일,5,응답,정사이즈,화면과 비슷,,,적당함,적당함,,,,3.0,3.0,,0.0,0.0,0.0,0.0
6219052,86804497,general,거지입히기,큰 그래픽이 앞판에 있어서 좋았어요 워싱 있는 부분이 약간 보풀이 일어난것 같아보여 그부분은 조금 아쉬웠어요,5.0,False,SMALL,174.0,66.0,여성,2026-08-08 03:05:50,사이즈: 조금 큼 / 화면 대비 색감: 화면과 비슷 / 두께감: 적당함 / 신축성: 적당함,True,0,travel,상의,SMALL,,2026,8,8,토,5,응답,조금 큼,화면과 비슷,,,적당함,적당함,,,,3.0,3.0,,1.0,1.0,0.0,0.0
6219052,86767525,general,하이델베르크9,트래블 상의 예쁘고 기장도 너무 만족해요 그리고 시원해요 ㅎㅎ,5.0,False,LARGE,176.0,72.0,남성,2026-08-06 03:19:04,사이즈: 정사이즈 / 화면 대비 색감: 화면과 비슷 / 두께감: 적당함 / 신축성: 적당함,False,0,travel,상의,LARGE,,2026,8,6,목,5,응답,정사이즈,화면과 비슷,,,적당함,적당함,,,,3.0,3.0,,0.0,0.0,0.0,0.0
6219052,86671870,general,유명한워싱턴셔츠,재질 부들부들하니 좋아요! 이쁘네요!?? 잘입을께요~~~,5.0,False,MEDIUM,160.0,38.0,여성,2026-08-01 13:12:34,사이즈: 정사이즈 / 화면 대비 색감: 화면과 비슷 / 두께감: 적당함 / 신축성: 적당함,False,0,travel,상의,MEDIUM,,2026,8,1,토,5,응답,정사이즈,화면과 비슷,,,적당함,적당함,,,,3.0,3.0,,0.0,0.0,0.0,0.0
6219052,86668333,style,김헬프,원단이 부드럽고 좋습니다 선물용으로 구입해서 제 기준으론 정사이즈보다 하나 작은 사이즈인데 슬림한 느낌으로 잘 맞아서 하나 더 구매하고싶네요,5.0,False,SMALL,170.0,64.0,여성,2026-08-01 03:29:49,사이즈: 조금 작음 / 화면 대비 색감: 화면과 비슷 / 두께감: 적당함 / 신축성: 강함,True,0,travel,상의,SMALL,,2026,8,1,토,5,응답,조금 작음,화면과 비슷,,,적당함,강함,,,,4.0,3.0,,-1.0,1.0,0.0,0.0
﻿6219024,86762655,style,지옥락,세일할때 샀는데 그냥 막입기 좋은거같습니다. 포인트되고 어디든 잘 어울립니다,5.0,False,MEDIUM,178.0,65.0,남성,2026-08-05 21:40:38,사이즈: 정사이즈 / 화면 대비 색감: 화면과 비슷 / 두께감: 두꺼움 / 신축성: 적당함,True,0,travel,상의,MEDIUM,,2026,8,5,수,5,응답,정사이즈,화면과 비슷,,,두꺼움,적당함,,,,3.0,4.0,,0.0,0.0,0.0,0.0
6219024,86718645,general,아빌리아,이 금액에 이 퀄리티에 안살 이유가 있나요ㅎㅎ 너무 귀엽고 반팔티는 여기저기 많이 입어져서 구매했습니다,5.0,False,SMALL,161.0,49.0,여성,2026-08-03 20:11:44,사이즈: 정사이즈 / 화면 대비 색감: 화면과 비슷 / 두께감: 적당함 / 신축성: 적당함,True,0,travel,상의,SMALL,,2026,8,3,월,5,응답,정사이즈,화면과 비슷,,,적당함,적당함,,,,3.0,3.0,,0.0,0.0,0.0,0.0
﻿6219033,86762806,style,지옥락,세일할때 샀는데 너무 이쁘고 편합니다. 데일리룩으로 입기 좋습니다,5.0,False,MEDIUM,178.0,65.0,남성,2026-08-05 21:47:03,사이즈: 정사이즈 / 화면 대비 색감: 화면과 비슷 / 두께감: 적당함 / 신축성: 적당함,True,0,travel,상의,MEDIUM,,2026,8,5,수,5,응답,정사이즈,화면과 비슷,,,적당함,적당함,,,,3.0,3.0,,0.0,0.0,0.0,0.0
6219033,86714287,style,진실한조지아벨트,160 정도 되는 중1아이한테 잘 맞아요 어차피 여름 한철 입는 티라 싼거 찾다가 발견했는데 너무 맘에 듭니다 애도 싫어하지 않구요,5.0,False,MEDIUM,177.0,76.0,missing,2026-08-03 16:10:29,사이즈: 정사이즈 / 화면 대비 색감: 화면과 비슷 / 두께감: 적당함 / 신축성: 적당함,True,0,travel,상의,MEDIUM,,2026,8,3,월,5,응답,정사이즈,화면과 비슷,,,적당함,적당함,,,,3.0,3.0,,0.0,0.0,0.0,0.0
6219033,86714280,general,진실한조지아벨트,160 정도 되는 중1아이한테 잘 맞아요 어차피 여름 한철 입는 티라 싼거 찾다가 발견했는데 너무 맘에 듭니다 애도 싫어하지 않구요,5.0,False,MEDIUM,177.0,76.0,missing,2026-08-03 16:10:09,사이즈: 정사이즈 / 화면 대비 색감: 화면과 비슷 / 두께감: 적당함 / 신축성: 적당함,True,0,travel,상의,MEDIUM,,2026,8,3,월,5,응답,정사이즈,화면과 비슷,,,적당함,적당함,,,,3.0,3.0,,0.0,0.0,0.0,0.0
6219033,86714247,style,진실한조지아벨트,휴가때 중학생 아이 입히려고 구매했어요 워낙에 싸서 일회용인가 생각했는데 정상 제품이네요 매우 만족합니다,5.0,False,SMALL,177.0,76.0,missing,2026-08-03 16:08:16,사이즈: 정사이즈 / 화면 대비 색감: 화면과 비슷 / 두께감: 적당함 / 신축성: 적당함,True,0,travel,상의,SMALL,,2026,8,3,월,5,응답,정사이즈,화면과 비슷,,,적당함,적당함,,,,3.0,3.0,,0.0,0.0,0.0,0.0
6219033,86714234,general,진실한조지아벨트,휴가때 중학생 아이 입히려고 구매했어요 워낙에 싸서 일회용인가 생각했는데 정상 제품이네요 매우 만족합니다,5.0,False,SMALL,177.0,76.0,missing,2026-08-03 16:07:42,사이즈: 정사이즈 / 화면 대비 색감: 화면과 비슷 / 두께감: 적당함 / 신축성: 적당함,True,0,travel,상의,SMALL,,2026,8,3,월,5,응답,정사이즈,화면과 비슷,,,적당함,적당함,,,,3.0,3.0,,0.0,0.0,0.0,0.0
﻿5960800,86808586,style,dparks62,이쁘고 편해요 가을에 잘 입을 거 같아요 조금 크긴해요,5.0,False,S,158.0,49.0,여성,2026-08-08 12:58:21,사이즈: 정사이즈 / 화면 대비 색감: 화면과 비슷 / 두께감: 적당함 / 신축성: 적당함,True,0,travel,상의,S,,2026,8,8,토,5,응답,정사이즈,화면과 비슷,,,적당함,적당함,,,,3.0,3.0,,0.0,0.0,0.0,0.0
﻿6219063,86804489,general,거지입히기,십자가 모양 패치워크가 귀여워요 평소 m~l사이즈 입는데 s 정핏으로 잘 맞았어요,5.0,False,S,174.0,66.0,여성,2026-08-08 03:03:46,사이즈: 조금 큼 / 화면 대비 색감: 화면과 비슷 / 두께감: 적당함 / 신축성: 적당함,True,0,travel,상의,S,,2026,8,8,토,5,응답,조금 큼,화면과 비슷,,,적당함,적당함,,,,3.0,3.0,,1.0,1.0,0.0,0.0
6219063,86798073,general,Sonjun0,좋아요 목도 안늘어나고 약간 귀여워서 여성분들한테 잘어울려,5.0,False,S,182.0,80.0,남성,2026-08-07 18:56:03,사이즈: 정사이즈 / 화면 대비 색감: 밝음 / 두께감: 얇음 / 신축성: 거의 없음,False,0,travel,상의,S,,2026,8,7,금,5,응답,정사이즈,밝음,,,얇음,거의 없음,,,,2.0,2.0,,0.0,0.0,1.0,1.0
6219063,86783223,general,jo5ker,디자인은 나쁘지않았는데 입어보니까 생각보단 별로였어요,2.0,False,M,173.0,65.0,남성,2026-08-06 22:06:32,사이즈: 정사이즈 / 화면 대비 색감: 화면과 비슷 / 두께감: 적당함 / 신축성: 적당함,True,0,travel,상의,M,,2026,8,6,목,2,응답,정사이즈,화면과 비슷,,,적당함,적당함,,,,3.0,3.0,,0.0,0.0,0.0,0.0
6219063,86744629,general,용기있는발리펑키,타임세일할때 너무 저렴하게 샀어요 기대안했는데 퀄도 좋아요,5.0,False,L,162.0,57.0,여성,2026-08-05 00:16:39,사이즈: 정사이즈 / 화면 대비 색감: 화면과 비슷 / 두께감: 적당함 / 신축성: 적당함,False,0,travel,상의,L,,2026,8,5,수,5,응답,정사이즈,화면과 비슷,,,적당함,적당함,,,,3.0,3.0,,0.0,0.0,0.0,0.0
﻿6219057,86815756,general,_최수아,원단 짱짱하고 앞에 프린팅도 너무 입흐고 ..... 특히 헨리넥 부분이 이쁜 것 같아서 앞으로 자주 입을 것 같습니다!!!!!,5.0,False,S,153.0,47.0,여성,2026-08-08 20:07:40,사이즈: 정사이즈 / 화면 대비 색감: 화면과 비슷 / 두께감: 적당함 / 신축성: 적당함,False,0,travel,상의,S,,2026,8,8,토,5,응답,정사이즈,화면과 비슷,,,적당함,적당함,,,,3.0,3.0,,0.0,0.0,0.0,0.0
﻿6219021,86816046,general,hi_ks,와 넥라인이 이렇게 생긴 옷은 처음 봅니다.. 불량 같아요 ㅠㅠ,1.0,False,EXTRA LARGE,180.0,72.0,남성,2026-08-08 20:30:22,사이즈: 조금 작음 / 화면 대비 색감: 화면과 비슷 / 두께감: 얇음 / 신축성: 적당함,False,0,travel,상의,EXTRA LARGE,,2026,8,8,토,1,응답,조금 작음,화면과 비슷,,,얇음,적당함,,,,3.0,2.0,,-1.0,1.0,0.0,0.0
6219021,86762204,general,Hongho7,톡톡한 원단에 어깨부분이 살짝 봉긋한 디자인이지만 나름 나쁘지않아요 휴가내내 입고 다닐정도로 맘에드네요 블랙 팬츠랑 잘 어울려요,4.0,False,SMALL,158.0,50.0,여성,2026-08-05 21:18:56,사이즈: 조금 큼 / 화면 대비 색감: 화면과 비슷 / 두께감: 두꺼움 / 신축성: 적당함,False,0,travel,상의,SMALL,,2026,8,5,수,4,응답,조금 큼,화면과 비슷,,,두꺼움,적당함,,,,3.0,4.0,,1.0,1.0,0.0,0.0
6219021,86720160,style,쁘띠한멜버른가방,되게 두껍진 않은데 그렇다고 얇진 않습니다. 그레서 착용감이 좋습니다. 암홀이 커서 활동성이 좋습니다.,4.0,False,LARGE,170.0,65.0,남성,2026-08-03 21:34:42,사이즈: 정사이즈 / 화면 대비 색감: 화면과 비슷 / 두께감: 얇음 / 신축성: 적당함,True,0,travel,상의,LARGE,,2026,8,3,월,4,응답,정사이즈,화면과 비슷,,,얇음,적당함,,,,3.0,2.0,,0.0,0.0,0.0,0.0
6219021,86720125,general,쁘띠한멜버른가방,크게 나왔네요. 편하게 입기 좋습니다.  십자 무늬가 프린팅이 아니라서 유니크합니다.  목이 좁지 않아 답답하지 않습니다.  다른색도 있으면 좋겠습니다.,5.0,False,LARGE,170.0,65.0,남성,2026-08-03 21:33:06,사이즈: 정사이즈 / 화면 대비 색감: 화면과 비슷 / 두께감: 얇음 / 신축성: 적당함,True,0,travel,상의,LARGE,,2026,8,3,월,5,응답,정사이즈,화면과 비슷,,,얇음,적당함,,,,3.0,2.0,,0.0,0.0,0.0,0.0
﻿6083608,86828899,general,황가네 아빠,좋아요  좋아요 좋아요 좋아요 좋아요 좋아요 좋아요 좋아요 좋아요 좋아요 좋아요,5.0,False,L,165.0,70.0,남성,2026-08-09 16:59:28,사이즈: 정사이즈 / 화면 대비 색감: 화면과 비슷 / 두께감: 적당함 / 신축성: 적당함,False,0,travel,상의,L,,2026,8,9,일,5,응답,정사이즈,화면과 비슷,,,적당함,적당함,,,,3.0,3.0,,0.0,0.0,0.0,0.0
6083608,86503350,general,밝은오슬로플리스,생각보다 약간 두껍고 질이 좋아요! 만족만족 합니다,5.0,False,S,158.0,57.0,여성,2026-08-03 18:08:53,사이즈: 정사이즈 / 화면 대비 색감: 화면과 비슷 / 두께감: 두꺼움 / 신축성: 적당함,True,0,travel,상의,S,,2026,8,3,월,5,응답,정사이즈,화면과 비슷,,,두꺼움,적당함,,,,3.0,4.0,,0.0,0.0,0.0,0.0
﻿6219044,86668342,style,김헬프,편하게 입으려고 한사이즈 업 했습니다 포켓 디자인이 마음에 들고 할인할 때 저렴하게 사서 좋네요,5.0,False,L,170.0,64.0,여성,2026-08-01 03:32:08,사이즈: 조금 큼 / 화면 대비 색감: 화면과 비슷 / 두께감: 적당함 / 신축성: 적당함,True,0,travel,상의,L,,2026,8,1,토,5,응답,조금 큼,화면과 비슷,,,적당함,적당함,,,,3.0,3.0,,1.0,1.0,0.0,0.0
﻿6205182,86706587,general,Dot404NF,전에 다른 디자인 티셔츠 샀었는데 너무 좋아서 이번에 여러 장 샀어요 세일 덕분에 엄청 싸게 잘 샀습니다 짱!!!! 편하고 진짜 좋아요,5.0,False,S,151.0,42.0,여성,2026-08-03 07:38:48,사이즈: 정사이즈 / 화면 대비 색감: 화면과 비슷 / 두께감: 얇음 / 신축성: 강함,False,0,travel,상의,S,,2026,8,3,월,5,응답,정사이즈,화면과 비슷,,,얇음,강함,,,,4.0,2.0,,0.0,0.0,0.0,0.0
﻿6083677,86800757,general,여수돌문어빵,저렴하게 구매해서 휘뚜루마뚜루 잘 입었습니다!,5.0,False,S,164.0,55.0,여성,2026-08-07 21:44:22,사이즈: 정사이즈 / 화면 대비 색감: 화면과 비슷 / 두께감: 적당함 / 신축성: 적당함,False,0,travel,상의,S,,2026,8,7,금,5,응답,정사이즈,화면과 비슷,,,적당함,적당함,,,,3.0,3.0,,0.0,0.0,0.0,0.0
﻿6219026,86783643,general,핫한보스턴세럼,원단이 부드럽고 착용감이 좋아요. 핏도 자연스럽게 떨어져서 단독으로 입어도 예쁘고 만족합니다.,4.0,False,MEDIUM,160.0,60.0,missing,2026-08-06 22:29:17,사이즈: 정사이즈 / 화면 대비 색감: 화면과 비슷 / 두께감: 얇음 / 신축성: 적당함,False,0,travel,상의,MEDIUM,,2026,8,6,목,4,응답,정사이즈,화면과 비슷,,,얇음,적당함,,,,3.0,2.0,,0.0,0.0,0.0,0.0
﻿6219012,86806654,general,JJJ11111,마음에 듭니다. 사이즈도 넉넉하니 세일할때 너무 잘샀어요 ㅎㅎ,5.0,False,SMALL,176.0,75.0,남성,2026-08-08 10:33:41,사이즈: 정사이즈 / 화면 대비 색감: 화면과 비슷 / 두께감: 적당함 / 신축성: 적당함,False,0,travel,상의,SMALL,,2026,8,8,토,5,응답,정사이즈,화면과 비슷,,,적당함,적당함,,,,3.0,3.0,,0.0,0.0,0.0,0.0
6219012,86804495,general,거지입히기,큰 그래픽이 앞판에 있어서 포인트 주기 좋았어요 사이즈가 m치고 커요,5.0,False,MEDIUM,174.0,66.0,여성,2026-08-08 03:04:32,사이즈: 조금 큼 / 화면 대비 색감: 화면과 비슷 / 두께감: 적당함 / 신축성: 적당함,True,0,travel,상의,MEDIUM,,2026,8,8,토,5,응답,조금 큼,화면과 비슷,,,적당함,적당함,,,,3.0,3.0,,1.0,1.0,0.0,0.0
﻿6205174,86790015,general,북북북망고,적당한 두께감이에요. 길이도 적당합니다. 마음에 들어요,3.0,False,M,153.0,53.0,여성,2026-08-07 11:01:43,사이즈: 정사이즈 / 화면 대비 색감: 화면과 비슷 / 두께감: 적당함 / 신축성: 적당함,False,0,travel,상의,M,,2026,8,7,금,3,응답,정사이즈,화면과 비슷,,,적당함,적당함,,,,3.0,3.0,,0.0,0.0,0.0,0.0
6205174,86767273,general,작은호주점퍼,매장에서 보고 온라인으로 더 저렴하게 구입했어요  흰색 모양이 픽이네요  아무 데나 잘어울리고 저한테 크롭은 아니지만 적당한 길이라서 더 맘에 듭니다,5.0,False,M,155.0,56.0,여성,2026-08-06 02:25:09,사이즈: 정사이즈 / 화면 대비 색감: 화면과 비슷 / 두께감: 적당함 / 신축성: 적당함,True,0,travel,상의,M,,2026,8,6,목,5,응답,정사이즈,화면과 비슷,,,적당함,적당함,,,,3.0,3.0,,0.0,0.0,0.0,0.0
6205174,86716562,general,밝은오슬로플리스,같은 브랜드 티셔츠 사봣는데 살짝 도톰해서 좋길래 하나 더 사봣는데 요것도 좋아요! 앞에 프린팅이 만지면 살짝 거친느낌?,4.0,False,M,158.0,57.0,여성,2026-08-03 18:12:08,사이즈: 정사이즈 / 화면 대비 색감: 화면과 비슷 / 두께감: 두꺼움 / 신축성: 적당함,True,0,travel,상의,M,,2026,8,3,월,4,응답,정사이즈,화면과 비슷,,,두꺼움,적당함,,,,3.0,4.0,,0.0,0.0,0.0,0.0
﻿6564914,86785310,style,미끌,색감이랑 그래픽 예쁘고 편해서 자주 입고 다닙니다,5.0,False,M,174.0,68.0,남성,2026-08-06 23:56:03,사이즈: 정사이즈 / 화면 대비 색감: 화면과 비슷 / 두께감: 적당함 / 신축성: 적당함,True,0,travel,상의,M,,2026,8,6,목,5,응답,정사이즈,화면과 비슷,,,적당함,적당함,,,,3.0,3.0,,0.0,0.0,0.0,0.0
6564914,86706580,general,Dot404NF,전에 다른 디자인 티셔츠 샀었는데 너무 좋아서 이번에 여러 장 샀어요 세일 덕분에 엄청 싸게 잘 샀습니다 짱!!!! 편하고 진짜 좋아요,5.0,False,S,151.0,42.0,여성,2026-08-03 07:38:05,사이즈: 정사이즈 / 화면 대비 색감: 화면과 비슷 / 두께감: 얇음 / 신축성: 강함,False,0,travel,상의,S,,2026,8,3,월,5,응답,정사이즈,화면과 비슷,,,얇음,강함,,,,4.0,2.0,,0.0,0.0,0.0,0.0
﻿6219053,86756907,general,시크한제노바마켓,아들 선물로 행사로 저렴히 입히게 되었는데 만족해 합니다,4.0,False,SMALL,172.0,64.0,여성,2026-08-05 17:00:19,사이즈: 정사이즈 / 화면 대비 색감: 화면과 비슷 / 두께감: 적당함 / 신축성: 적당함,False,0,travel,상의,SMALL,,2026,8,5,수,4,응답,정사이즈,화면과 비슷,,,적당함,적당함,,,,3.0,3.0,,0.0,0.0,0.0,0.0
6219053,86671110,general,레몬맛초콜릿,버건디 색상 반팔티 찾고 있었는데 싼 가격에 잘 산것 같아요.,5.0,False,LARGE,176.0,72.0,남성,2026-08-01 10:55:29,사이즈: 정사이즈 / 화면 대비 색감: 화면과 비슷 / 두께감: 적당함 / 신축성: 적당함,True,0,travel,상의,LARGE,,2026,8,1,토,5,응답,정사이즈,화면과 비슷,,,적당함,적당함,,,,3.0,3.0,,0.0,0.0,0.0,0.0
﻿6219046,86834578,general,찐진!,오버핏으로 입기 딱 좋은 사이즈예요! 얇기도 약간 얇은 편이라 속옷이 살짝 비치지만 여름이라 이정도 두께여야 덜 더울것같네용 패치가 귀엽고 포인트가 되서 아무데나 걸쳐입어도 이뻐용,5.0,False,S,153.0,45.0,여성,2026-08-09 22:11:23,사이즈: 조금 큼 / 화면 대비 색감: 화면과 비슷 / 두께감: 얇음 / 신축성: 적당함,False,1,travel,상의,S,,2026,8,9,일,5,응답,조금 큼,화면과 비슷,,,얇음,적당함,,,,3.0,2.0,,1.0,1.0,0.0,0.0
6219046,86781311,general,알찬용산샌들,좋은 가격에 살 수 있어서 좋았습니다! 하얀색에 패치들이 있어서 귀여워요,5.0,False,M,157.0,65.0,여성,2026-08-06 20:40:39,사이즈: 정사이즈 / 화면 대비 색감: 화면과 비슷 / 두께감: 적당함 / 신축성: 적당함,True,0,travel,상의,M,,2026,8,6,목,5,응답,정사이즈,화면과 비슷,,,적당함,적당함,,,,3.0,3.0,,0.0,0.0,0.0,0.0
﻿6219011,86827253,general,췡췡췡,편하고 이거 하나만 입어도 디자인이 예뻐서 안허전해보여요,5.0,False,MEDIUM,160.0,70.0,여성,2026-08-09 15:13:14,사이즈: 조금 큼 / 화면 대비 색감: 화면과 비슷 / 두께감: 적당함 / 신축성: 적당함,False,0,travel,상의,MEDIUM,,2026,8,9,일,5,응답,조금 큼,화면과 비슷,,,적당함,적당함,,,,3.0,3.0,,1.0,1.0,0.0,0.0
6219011,86782721,general,옷잘입는대만쿠션,워싱이 은은해서 과하지않아 좋아요 여름엔 이것저것 입기 귀찮은데 티셔츠 하나로 포인트가 싹됨,4.0,False,MEDIUM,157.0,50.0,여성,2026-08-06 21:45:10,사이즈: 조금 큼 / 화면 대비 색감: 화면과 비슷 / 두께감: 적당함 / 신축성: 적당함,True,0,travel,상의,MEDIUM,,2026,8,6,목,4,응답,조금 큼,화면과 비슷,,,적당함,적당함,,,,3.0,3.0,,1.0,1.0,0.0,0.0
6219011,86782694,style,옷잘입는대만쿠션,피그먼트 티셔츠 사고싶던차에 할인해서 줍줍했어요 남편은 어린애덜 스타일이라 했지만 전 아주 만족합니다,5.0,False,MEDIUM,157.0,50.0,여성,2026-08-06 21:43:52,사이즈: 조금 큼 / 화면 대비 색감: 화면과 비슷 / 두께감: 적당함 / 신축성: 적당함,True,0,travel,상의,MEDIUM,,2026,8,6,목,5,응답,조금 큼,화면과 비슷,,,적당함,적당함,,,,3.0,3.0,,1.0,1.0,0.0,0.0
﻿6564881,86821128,general,괴로운체코루즈핏,원래 이 브랜드에서 입던 제일 작은 사이즈 없어서 m 삿는데 좀 크긴해도 색감이 딱 사진이랑 똑같고 너무 예뻐요 제가 진짜 좋아하는 색이라서 오버핏으로 잘 입으려고요 어깨 좀 넓은 저는 잘못입으면 좀 부해보이긴해여,5.0,False,MEDIUM,160.0,50.0,여성,2026-08-09 03:10:30,사이즈: 조금 큼 / 화면 대비 색감: 화면과 비슷 / 두께감: 적당함 / 신축성: 적당함,False,0,travel,상의,MEDIUM,,2026,8,9,일,5,응답,조금 큼,화면과 비슷,,,적당함,적당함,,,,3.0,3.0,,1.0,1.0,0.0,0.0
﻿6564214,86767529,general,하이델베르크9,트래블 반팔 예쁘고 기장도 너무 만족해요 그리고 시원해요 ㅎㅎ,5.0,False,L,176.0,72.0,남성,2026-08-06 03:19:32,사이즈: 정사이즈 / 화면 대비 색감: 화면과 비슷 / 두께감: 적당함 / 신축성: 적당함,False,0,travel,상의,L,,2026,8,6,목,5,응답,정사이즈,화면과 비슷,,,적당함,적당함,,,,3.0,3.0,,0.0,0.0,0.0,0.0
﻿6205176,86767270,general,작은호주점퍼,매장에서 보고 온라인으로 더 저렴하게 구입했어요  흰색 모양이 픽이네요  아무 데나 잘어울리고 저한테 크롭은 아니지만 적당한 길이라서 더 맘에 듭니다,5.0,False,M,155.0,56.0,여성,2026-08-06 20:21:29,사이즈: 정사이즈 / 화면 대비 색감: 화면과 비슷 / 두께감: 적당함 / 신축성: 적당함,True,0,travel,상의,M,,2026,8,6,목,5,응답,정사이즈,화면과 비슷,,,적당함,적당함,,,,3.0,3.0,,0.0,0.0,0.0,0.0
﻿6219060,86821772,style,국산치즈고양이,아 디자인 개맛있고 핏도 이뻐요 딱 기대했던 맛이 그대로 나요 스트릿한 무드 낼때 유용하게 입을 메인아이템입니다 옷 자체로 포인트라 범용성은 아쉬울 수 있어도 이거 기준으로 코디 잡으면 앵간하면 이쁘게 뽑혀요,5.0,False,M,181.0,72.0,남성,2026-08-09 06:42:04,사이즈: 정사이즈 / 화면 대비 색감: 화면과 비슷 / 두께감: 얇음 / 신축성: 적당함,True,1,travel,상의,M,,2026,8,9,일,5,응답,정사이즈,화면과 비슷,,,얇음,적당함,,,,3.0,2.0,,0.0,0.0,0.0,0.0
6219060,86821770,general,국산치즈고양이,아 디자인 개맛있고 핏도 이뻐요 딱 기대했던 맛이 그대로 나요 스트릿한 무드 낼때 유용하게 입을 메인아이템입니다 옷 자체로 포인트라 범용성은 아쉬울 수 있어도 이거 기준으로 코디 잡으면 앵간하면 이쁘게 뽑혀요,5.0,False,M,181.0,72.0,남성,2026-08-09 06:41:32,사이즈: 정사이즈 / 화면 대비 색감: 화면과 비슷 / 두께감: 적당함 / 신축성: 거의 없음,True,1,travel,상의,M,,2026,8,9,일,5,응답,정사이즈,화면과 비슷,,,적당함,거의 없음,,,,2.0,3.0,,0.0,0.0,0.0,0.0
﻿5960795,86734438,general,무씐쏴,가격이 너무 좋아서 만족합니다 실내위주 활동할때 긴팔 좋아하는데 넘 조아여,5.0,False,M,173.0,62.0,남성,2026-08-04 17:55:15,사이즈: 정사이즈 / 화면 대비 색감: 화면과 비슷 / 두께감: 적당함 / 신축성: 적당함,False,0,travel,상의,M,,2026,8,4,화,5,응답,정사이즈,화면과 비슷,,,적당함,적당함,,,,3.0,3.0,,0.0,0.0,0.0,0.0
﻿6564870,86787303,general,hwdfsx,어깨가 살짝 떠서 넓어보이는 편이긴 한데 편하게 입기 좋아요,3.0,False,MEDIUM,165.0,52.0,여성,2026-08-07 04:19:31,사이즈: 정사이즈 / 화면 대비 색감: 화면과 비슷 / 두께감: 적당함 / 신축성: 적당함,False,0,travel,상의,MEDIUM,,2026,8,7,금,3,응답,정사이즈,화면과 비슷,,,적당함,적당함,,,,3.0,3.0,,0.0,0.0,0.0,0.0
﻿4280527,86805415,general,기쁜청계천캡슐,가성비 너무 좋고 디자인도 예뻐요 정말 강력 추천합니다,5.0,False,SMALL,158.0,47.0,여성,2026-08-08 08:28:51,사이즈: 정사이즈 / 화면 대비 색감: 화면과 비슷 / 퀄리티: 보통 / 두께감: 적당함,False,0,travel,아우터,SMALL,,2026,8,8,토,5,응답,정사이즈,화면과 비슷,보통,,적당함,,,3.0,,,3.0,,0.0,0.0,0.0,0.0
4280527,85213919,general,익명79,밝은 아우터가 갖고 싶어서 샀어요. 잘 맞고 마감도 괜찮아요.,4.0,False,SMALL,163.0,57.0,여성,2026-08-06 16:50:02,사이즈: 정사이즈 / 화면 대비 색감: 화면과 비슷 / 퀄리티: 보통 / 두께감: 적당함,False,0,travel,아우터,SMALL,,2026,8,6,목,4,응답,정사이즈,화면과 비슷,보통,,적당함,,,3.0,,,3.0,,0.0,0.0,0.0,0.0
﻿2844728,86711422,general,모아모아뀽뀽,"평소 데일리로 입을 바람막이를 찾다가 구매했는데 기대 이상이었습니다. 너무 얇지도 두껍지도 않아서 활용도가 높고, 퀼티드 디자인 덕분에 밋밋하지 않은 점도 마음에 들어요. 블랙 컬러라 코디하기도 편합니다.",5.0,False,LARGE,170.0,88.0,남성,2026-08-03 13:23:58,사이즈: 조금 큼 / 화면 대비 색감: 화면과 비슷 / 퀄리티: 보통 / 보온성: 적당함,False,1,travel,아우터,LARGE,,2026,8,3,월,5,응답,조금 큼,화면과 비슷,보통,,,,적당함,3.0,3.0,,,,1.0,1.0,0.0,0.0
﻿4280525,86826924,general,우준명,트래블 해당 상품 생각하고 있던거라 큰맘 먹고 질렀어으용 진짜 꽤 마음에 들고 튼튼해 보여요 친구한테도 추천하고 싶은 상품이에요 다른 종류도 사볼까 고민중이에요 앞으로 자주 이용할게요,5.0,False,SMALL,165.0,50.0,여성,2026-08-09 14:56:24,사이즈: 정사이즈 / 화면 대비 색감: 화면과 비슷 / 퀄리티: 보통 / 두께감: 적당함,False,0,travel,아우터,SMALL,,2026,8,9,일,5,응답,정사이즈,화면과 비슷,보통,,적당함,,,3.0,,,3.0,,0.0,0.0,0.0,0.0
4280525,86719461,general,미미007,실물이 이쁘고 너무 만족합니다 배송도 빠릅니다,5.0,False,SMALL,168.0,55.0,여성,2026-08-03 20:58:50,사이즈: 정사이즈 / 화면 대비 색감: 화면과 비슷 / 퀄리티: 보통 / 두께감: 적당함,False,0,travel,아우터,SMALL,,2026,8,3,월,5,응답,정사이즈,화면과 비슷,보통,,적당함,,,3.0,,,3.0,,0.0,0.0,0.0,0.0
﻿4694108,86804257,general,선아ೀ,옷이 아주 예쁘고 디자인도 아주 특별하고 귀여워서 정말 마음에 들어요.,5.0,False,MEDIUM,162.0,52.0,missing,2026-08-08 02:11:22,사이즈: 정사이즈 / 화면 대비 색감: 화면과 비슷 / 퀄리티: 매우 좋음 / 두께감: 적당함,False,0,travel,아우터,MEDIUM,,2026,8,8,토,5,응답,정사이즈,화면과 비슷,매우 좋음,,적당함,,,5.0,,,3.0,,0.0,0.0,0.0,0.0
4694108,86735123,general,강력한검정캡슐,"색상도 화면과 거의 똑같고, 소재도 생각보다 좋아요. 사이즈도 딱 잘 맞아서 만족합니다. 착용감도 편하고 전체적으로 퀄리티가 좋아서 추천해요!",5.0,False,MEDIUM,172.0,60.0,여성,2026-08-04 18:23:54,사이즈: 정사이즈 / 화면 대비 색감: 화면과 비슷 / 퀄리티: 보통 / 두께감: 적당함,False,0,travel,아우터,MEDIUM,,2026,8,4,화,5,응답,정사이즈,화면과 비슷,보통,,적당함,,,3.0,,,3.0,,0.0,0.0,0.0,0.0
﻿4694112,86804286,general,선아ೀ,옷이 아주 예쁘고 디자인도 아주 특별하고 귀여워서 정말 마음에 들어요.,5.0,False,MEDIUM,162.0,52.0,missing,2026-08-08 02:14:55,사이즈: 정사이즈 / 화면 대비 색감: 화면과 비슷 / 퀄리티: 보통 / 두께감: 적당함,False,0,travel,아우터,MEDIUM,,2026,8,8,토,5,응답,정사이즈,화면과 비슷,보통,,적당함,,,3.0,,,3.0,,0.0,0.0,0.0,0.0
﻿5748731,86716436,style,민초먹는중맛있ㄱ,기모있어서 두껍고 원래 크게 입는데 s밖에 없어서 샀더니 정핏에서 살짝 큰 정도같슴다,5.0,False,SMALL,159.0,45.0,missing,2026-08-03 18:06:19,사이즈: 정사이즈 / 화면 대비 색감: 화면과 비슷 / 두께감: 매우 두꺼움 / 퀄리티: 좋음,True,0,travel,아우터,SMALL,,2026,8,3,월,5,응답,정사이즈,화면과 비슷,좋음,,매우 두꺼움,,,4.0,,,5.0,,0.0,0.0,0.0,0.0
﻿5296519,86716506,style,민초먹는중맛있ㄱ,다른 져지들에 비해 작게 나온듯 같은 m인데 훨 작음,5.0,False,MEDIUM,159.0,45.0,missing,2026-08-03 18:09:15,사이즈: 정사이즈 / 화면 대비 색감: 화면과 비슷 / 퀄리티: 보통 / 두께감: 얇음,True,0,travel,아우터,MEDIUM,,2026,8,3,월,5,응답,정사이즈,화면과 비슷,보통,,얇음,,,3.0,,,2.0,,0.0,0.0,0.0,0.0
﻿5960865,86833928,general,윤영운,디자인이 너무 마음에 들어서 충동구매 한건데 가을되면 무진장 입고다닐 것 같아요 팔 상완부 쪽 핏이 약간 축 내려앉는 느낌이라 조금 아쉬운 감은 있습니다!,5.0,False,L,178.0,61.0,남성,2026-08-09 21:39:54,사이즈: 조금 큼 / 화면 대비 색감: 화면과 비슷 / 두께감: 두꺼움 / 퀄리티: 보통,True,0,travel,아우터,L,,2026,8,9,일,5,응답,조금 큼,화면과 비슷,보통,,두꺼움,,,3.0,,,4.0,,1.0,1.0,0.0,0.0
5960865,86833924,style,윤영운,디자인이 너무 마음에 들어서 충동구매 한건데 가을되면 무진장 입고다닐 것 같아요 팔 상완부 쪽 핏이 약간 축 내려앉는 느낌이라 조금 아쉬운 감은 있습니다!,5.0,False,L,178.0,61.0,남성,2026-08-09 21:39:35,사이즈: 조금 큼 / 화면 대비 색감: 화면과 비슷 / 두께감: 두꺼움 / 퀄리티: 보통,True,0,travel,아우터,L,,2026,8,9,일,5,응답,조금 큼,화면과 비슷,보통,,두꺼움,,,3.0,,,4.0,,1.0,1.0,0.0,0.0
﻿3048838,86794876,general,서동씨,한 여름에는 입기 좀 더운데 선선할때 입기 좋아요,5.0,False,MEDIUM,186.0,70.0,남성,2026-08-07 15:58:36,사이즈: 정사이즈 / 화면 대비 색감: 화면과 비슷 / 퀄리티: 보통 / 신축성: 적당함,False,0,travel,하의,MEDIUM,,2026,8,7,금,5,응답,정사이즈,화면과 비슷,보통,,,적당함,,3.0,,3.0,,,0.0,0.0,0.0,0.0
3048838,86656921,style,얼얼한강남귀걸이,후기가 좋아서 구매했는데 그냥 무난합니다 색감이 조금 짙었더라면 좋을 뻔 했어요,4.0,False,MEDIUM,167.0,59.0,남성,2026-07-31 15:39:31,사이즈: 정사이즈 / 화면 대비 색감: 밝음 / 퀄리티: 보통 / 신축성: 거의 없음,True,0,travel,하의,MEDIUM,,2026,7,31,금,4,응답,정사이즈,밝음,보통,,,거의 없음,,3.0,,2.0,,,0.0,0.0,1.0,1.0
﻿3048830,86711403,general,모아모아뀽뀽,핏이 진짜 예쁘네요. 너무 과하게 와이드하지도 않고 자연스럽게 떨어져서 어디에나 코디하기 좋습니다. 원단도 생각보다 탄탄해서 오래 입을 수 있을 것 같아요. 블랙이라 활용도도 높고 만족합니다.,5.0,False,MEDIUM,170.0,88.0,남성,2026-08-03 13:23:02,사이즈: 정사이즈 / 화면 대비 색감: 화면과 비슷 / 퀄리티: 매우 좋음 / 신축성: 강함,False,1,travel,하의,MEDIUM,,2026,8,3,월,5,응답,정사이즈,화면과 비슷,매우 좋음,,,강함,,5.0,,4.0,,,0.0,0.0,0.0,0.0
3048830,86701767,general,돈보리,조금 두께감이 있지만 데일리팬츠로 잘 입을 것 같습니다,5.0,False,SMALL,171.0,59.0,여성,2026-08-02 22:23:22,사이즈: 조금 큼 / 화면 대비 색감: 화면과 비슷 / 퀄리티: 나쁨 / 신축성: 적당함,True,0,travel,하의,SMALL,,2026,8,2,일,5,응답,조금 큼,화면과 비슷,나쁨,,,적당함,,2.0,,3.0,,,1.0,1.0,0.0,0.0
﻿3048710,86706982,general,이룸s,166에 58키로인데 핏이 맘에 드네요. 잘입겠습니다.,5.0,False,SMALL,166.0,58.0,남성,2026-08-03 08:06:13,사이즈: 정사이즈 / 화면 대비 색감: 화면과 비슷 / 퀄리티: 보통 / 신축성: 적당함,False,0,travel,하의,SMALL,,2026,8,3,월,5,응답,정사이즈,화면과 비슷,보통,,,적당함,,3.0,,3.0,,,0.0,0.0,0.0,0.0
﻿3048839,86819751,general,호승도,여름에 편하게 입을수 있어서 만족합니다 ㅎㅎ 매우 강추 !!,5.0,False,LARGE,178.0,75.0,남성,2026-08-09 00:42:51,사이즈: 정사이즈 / 화면 대비 색감: 화면과 비슷 / 퀄리티: 좋음 / 신축성: 전혀 없음,False,0,travel,하의,LARGE,,2026,8,9,일,5,응답,정사이즈,화면과 비슷,좋음,,,전혀 없음,,4.0,,1.0,,,0.0,0.0,0.0,0.0
﻿3440143,86784523,general,특별한런던트렌드,유니크한 디자인에 살짝 긴 기장이지만 조금 덜 더울 때 입으면 좋을 것 같아요,5.0,False,SMALL,167.0,69.0,남성,2026-08-06 23:14:48,사이즈: 정사이즈 / 화면 대비 색감: 화면과 비슷 / 퀄리티: 보통 / 신축성: 적당함,True,0,travel,하의,SMALL,,2026,8,6,목,5,응답,정사이즈,화면과 비슷,보통,,,적당함,,3.0,,3.0,,,0.0,0.0,0.0,0.0
﻿3048630,86661681,general,뭉이아빠님,행사해서 구매했어요.그렇게 와이드하지 않아요.품질좋아요.,5.0,False,MEDIUM,178.0,64.0,남성,2026-07-31 19:43:02,사이즈: 정사이즈 / 화면 대비 색감: 화면과 비슷 / 퀄리티: 좋음 / 신축성: 적당함,True,0,travel,하의,MEDIUM,,2026,7,31,금,5,응답,정사이즈,화면과 비슷,좋음,,,적당함,,4.0,,3.0,,,0.0,0.0,0.0,0.0
﻿3048629,86800564,style,IiVST,라지 사이즈가 없어서 그냥 구매해봤는데 소재가 얇은편이지만 너무 후들한 편이 아니라 후줄근해보이지 않아요 제 키 기준으로 골반까지 내려서 입었을때 무릎만 딱 덮는 정도의 기장입니다. 더 길었으면 훨씬 좋았겠지만 그래도 시원하게 잘 입을 것 같아요,5.0,False,MEDIUM,166.0,50.0,여성,2026-08-07 21:32:28,사이즈: 정사이즈 / 화면 대비 색감: 화면과 비슷 / 퀄리티: 매우 좋음 / 신축성: 강함,True,0,travel,하의,MEDIUM,,2026,8,7,금,5,응답,정사이즈,화면과 비슷,매우 좋음,,,강함,,5.0,,4.0,,,0.0,0.0,0.0,0.0
3048629,86789280,general,병아리조폭,오브화이트 카고 쇼츠는 깔끔한 디자인에 포인트 디테일까지 더해져 멋스럽게 착용할 수 있었어요. 여유 있는 핏이라 활동하기 편하고 한여름에도 시원하게 입기 좋았습니다. 카고 포켓이 있어 실용성까지 갖춰 데일리룩으로 활용도가 높았어요. 티셔츠나 셔츠와 매치해도 잘 어울려 자주 손이 가는 쇼츠입니다.,5.0,False,SMALL,153.0,48.0,여성,2026-08-07 10:11:48,사이즈: 조금 큼 / 화면 대비 색감: 화면과 비슷 / 퀄리티: 좋음 / 신축성: 강함,True,0,travel,하의,SMALL,,2026,8,7,금,5,응답,조금 큼,화면과 비슷,좋음,,,강함,,4.0,,4.0,,,1.0,1.0,0.0,0.0
3048629,86726754,general,뭉이아빠님,디자인은 단순하지 않고 포인트가 있서서 멋있어요.,4.0,False,MEDIUM,178.0,64.0,남성,2026-08-04 10:16:35,사이즈: 정사이즈 / 화면 대비 색감: 화면과 비슷 / 퀄리티: 좋음 / 신축성: 적당함,True,0,travel,하의,MEDIUM,,2026,8,4,화,4,응답,정사이즈,화면과 비슷,좋음,,,적당함,,4.0,,3.0,,,0.0,0.0,0.0,0.0
﻿4756932,86772620,style,깊은리버풀팬츠,180에 80  사이즈가 조금더 크면좋겠지만 그럭저럭 입을만합시다원단은 얇은편이라 여름에 시원해요,5.0,False,LARGE,180.0,80.0,여성,2026-08-06 13:04:58,사이즈: 정사이즈 / 화면 대비 색감: 화면과 비슷 / 퀄리티: 보통 / 신축성: 적당함,True,0,travel,하의,LARGE,,2026,8,6,목,5,응답,정사이즈,화면과 비슷,보통,,,적당함,,3.0,,3.0,,,0.0,0.0,0.0,0.0
﻿3048775,86420152,general,박스멈머,포켓 덕분에 유니크 하고 힙하게 입을 수 있어서 좋은 거 같아요,5.0,False,MEDIUM,167.0,65.0,여성,2026-07-21 11:00:23,사이즈: 정사이즈 / 화면 대비 색감: 화면과 비슷 / 퀄리티: 보통 / 신축성: 적당함,False,0,travel,하의,MEDIUM,,2026,7,21,화,5,응답,정사이즈,화면과 비슷,보통,,,적당함,,3.0,,3.0,,,0.0,0.0,0.0,0.0
3048775,67876164,month,신비로운서촌펑키,변형되거나   핏이  그대로  ~~~ 아주  만족합니다 색 변형도 없습니다,5.0,False,MEDIUM,183.0,57.0,남성,2024-11-30 13:41:31,,True,0,travel,하의,MEDIUM,,2024,11,30,토,5,미응답,,,,,,,,,,,,,,,,
3048775,66111845,style,이형준803,스트릿한 무드에 너무 잘 어울리는 팬츠여서 잘 입고있어요~,,False,LARGE,177.0,66.0,남성,2024-09-08 23:02:32,,True,0,travel,하의,LARGE,,2024,9,8,일,0,미응답,,,,,,,,,,,,,,,,
3048775,64480227,month,이형준803,스트릿한 무드에 너무 잘 어울리는 팬츠여서 잘 입고있어요~,5.0,False,LARGE,177.0,66.0,남성,2024-09-08 23:01:59,,True,0,travel,하의,LARGE,,2024,9,8,일,5,미응답,,,,,,,,,,,,,,,,
3048775,66117223,style,숙련된연분홍데님,'#약간의 빈티지 여러분 약간 비침이 있어요 티는 인나지만 입고있는 속옷이 바지랑 닿으면 비춰요!,,False,MEDIUM,170.0,68.0,여성,2024-09-08 21:43:01,,True,0,travel,하의,MEDIUM,,2024,9,8,일,0,미응답,,,,,,,,,,,,,,,,
3048775,64358220,general,숙련된연분홍데님,그냥 핏도 너무 예쁘고 스트링 디테일이 예쁘네요 ,5.0,False,MEDIUM,172.0,65.0,남성,2024-09-04 21:05:47,,False,0,travel,하의,MEDIUM,,2024,9,4,수,5,미응답,,,,,,,,,,,,,,,,
3048775,64279457,general,슬라드,총기장 각사이즈 찰떡으로 맞습니다 잘입을게요,5.0,False,MEDIUM,168.0,73.0,남성,2024-09-01 18:51:39,,True,0,travel,하의,MEDIUM,,2024,9,1,일,5,미응답,,,,,,,,,,,,,,,,
3048775,66319940,style,슬라드,총기장부터 각사이즈 모두 찰떡 입니다 잘 입을게요~,,False,MEDIUM,168.0,73.0,남성,2024-09-01 18:50:05,,True,0,travel,하의,MEDIUM,,2024,9,1,일,0,미응답,,,,,,,,,,,,,,,,
3048775,62975441,goods,0l수민,바지 핏도 이쁘고 스타일도 좋아서 재구매 의향 100! 사이즈 작게 사도 좋아요!,3.0,False,SMALL,168.0,52.0,여성,2024-07-25 18:26:07,,False,0,travel,하의,SMALL,,2024,7,25,목,3,미응답,,,,,,,,,,,,,,,,
3048775,62792200,goods,Xi_Jinping,디자인 예쁘네여 소재도 부들부들해서 좋고 글케 얇진않아여,5.0,False,LARGE,176.0,76.0,남성,2024-07-21 12:28:07,,False,0,travel,하의,LARGE,,2024,7,21,일,5,미응답,,,,,,,,,,,,,,,,
3048775,62792197,photo,Xi_Jinping,디자인 예쁘네여 소재도 부들부들해서 좋고 글케 얇진않아여,5.0,False,LARGE,176.0,76.0,남성,2024-07-21 12:27:55,,True,0,travel,하의,LARGE,,2024,7,21,일,5,미응답,,,,,,,,,,,,,,,,
3048775,62792171,style,Xi_Jinping,디자인 예쁘네여 소재도 부들부들해서 좋고 글케 얇진않아여,5.0,False,LARGE,176.0,76.0,남성,2024-07-21 12:27:12,,True,0,travel,하의,LARGE,,2024,7,21,일,5,미응답,,,,,,,,,,,,,,,,
3048775,61617366,goods,이떠아님,사이즈는 엄청컸어요 ! 그래도 큰 맛에 입는거니까 잘 입었습니다 완전 화이트 색감이구요 생각보다는 조금 두꺼운 느낌이라 완전 여름에는 못입을것같습니다 하지만 너무 예뻐서 그 외 계절에는 잘 입을 듯 합니당,5.0,False,MEDIUM,170.0,66.0,여성,2024-06-30 13:49:39,,False,0,travel,하의,MEDIUM,,2024,6,30,일,5,미응답,,,,,,,,,,,,,,,,
3048775,60261362,goods,784emo,상품도 너무 예쁘고 색감도 만족스럽습니다. 정말 최고입니다!,5.0,False,LARGE,175.0,85.0,남성,2024-06-02 17:50:54,,False,0,travel,하의,LARGE,,2024,6,2,일,5,미응답,,,,,,,,,,,,,,,,
3048775,59722203,goods,현명한성수패딩백,흰바지 어울릴까 걱정했는데 잘 맞는 거 같아서 좋아요,5.0,False,LARGE,180.0,85.0,남성,2024-05-22 10:28:15,,False,0,travel,하의,LARGE,,2024,5,22,수,5,미응답,,,,,,,,,,,,,,,,
3048775,59574804,style,왕십리투명안경,엄청 큰데 핏 너무 예뻐용 ㅎㅎ 얇아서 조심히 입어야됩니당,5.0,False,MEDIUM,161.0,49.0,여성,2024-05-18 23:32:33,,True,0,travel,하의,MEDIUM,,2024,5,18,토,5,미응답,,,,,,,,,,,,,,,,
3048775,59305476,goods,war1wari,"사진보고 맘에 들어서 주문했는데 실제도 너무 맘에 들어요. 가격, 배송, 품질 모두 다 마음에 들어요. 잘입을거같아요.",5.0,False,LARGE,182.0,62.0,남성,2024-05-12 23:42:49,,False,0,travel,하의,LARGE,,2024,5,12,일,5,미응답,,,,,,,,,,,,,,,,
3048775,59300965,style,tttgeon,손이 많이 가는 예쁜 바지에요~! 포인트도 있고 핏도 좋아요~!,5.0,False,LARGE,181.0,73.0,남성,2024-05-12 22:30:42,,True,0,travel,하의,LARGE,,2024,5,12,일,5,미응답,,,,,,,,,,,,,,,,
3048775,59300930,photo,tttgeon,손이 많이 가는 예쁜 바지에요~! 포인트도 있고 핏도 좋아요~!,5.0,False,LARGE,181.0,73.0,남성,2024-05-12 22:30:14,,True,0,travel,하의,LARGE,,2024,5,12,일,5,미응답,,,,,,,,,,,,,,,,
3048775,59057742,goods,lllilli,허리에 끈이 있어서 허리사이즈가 크더라도 딱 맞게 조정가능해요,5.0,False,MEDIUM,168.0,63.0,남성,2024-05-08 10:51:19,,False,0,travel,하의,MEDIUM,,2024,5,8,수,5,미응답,,,,,,,,,,,,,,,,
3048775,58791160,goods,tttgeon,바지 너무 예쁩니다~~ 재질도 좋아요 찰랑찰랑 마음에 듭니다,5.0,False,LARGE,181.0,73.0,남성,2024-05-02 17:33:13,,False,0,travel,하의,LARGE,,2024,5,2,목,5,미응답,,,,,,,,,,,,,,,,
3048775,58455902,goods,쫑구이사,옷 너무 시원하고 핏도 너무너무 예쁩니다 살짝 비치는거 같긴한데 괜찮아요,5.0,False,LARGE,178.0,74.0,남성,2024-04-25 14:12:25,,False,0,travel,하의,LARGE,,2024,4,25,목,5,미응답,,,,,,,,,,,,,,,,
3048775,58327779,goods,_imrimi,사이즈 엄청 크고 핏이랑 디자인은 예쁩니당 얇고 찰랑찰랑한 소재라 여름에도 입기 좋아요 !,5.0,False,MEDIUM,168.0,64.0,여성,2024-04-22 19:39:44,,False,0,travel,하의,MEDIUM,,2024,4,22,월,5,미응답,,,,,,,,,,,,,,,,
3048775,58327759,photo,_imrimi,"색상이 좀 노랗게 나왔지만 아이보리 아니고 노란 화이트 아니고 완전 생 화이트 입니다!!!! 걍 하얘요 그래서 입을 때 조심해야 합니다,, 핏이랑 디자인 너무 예쁜데 사이즈 많이 커요 ㅠㅠ!",5.0,False,MEDIUM,168.0,64.0,여성,2024-04-22 19:39:09,,True,0,travel,하의,MEDIUM,,2024,4,22,월,5,미응답,,,,,,,,,,,,,,,,
3048775,58327056,style,_imrimi,"넘 예쁜데 보통 바지 L 입는 저인데도 m 넘 커요... 처음 받았을 땐 살짝 큰데 핏도 예쁘고 입을만 하길래 걍 교환 안 하고 입었는데 살이 살짝 빠지니까 너무 커졌어요,, 고무줄 짱짱하게 쪼매고 다니면 그나마 괜찮지만 66 사이즈 분들까지는 웬만하면 s 사세요... m 너무 큼 ㅠ  근데 같은 바지 블랙도 m 으로 구매했는데 왜인진 몰라도 화이트가 훨씬 큰 것 같아요 ㅠㅠ  핏이나 디자인은 작살나게 예쁘긴 합니다... ",5.0,False,MEDIUM,168.0,64.0,여성,2024-04-22 19:18:59,,True,0,travel,하의,MEDIUM,,2024,4,22,월,5,미응답,,,,,,,,,,,,,,,,
3048775,58140319,goods,지통매,스타일리쉬하고 제가 찾던 바지네요 비치는거 걱정안하셔도 될거같아요 ㅎ,5.0,False,MEDIUM,178.0,70.0,남성,2024-04-18 15:25:07,,False,0,travel,하의,MEDIUM,,2024,4,18,목,5,미응답,,,,,,,,,,,,,,,,
3048775,57856401,goods,온화한은색새틴,바스락거리는 원단인줄 알았어요 이전에 비슷한디자인 검정을 잘입고있어서 화이트로 구매했는데 원단이 전혀달라서 마른저에겐 줌 축쳐지고 흐느적거리네요 원단 재질이 저와 안맞을뿐 견고한 디자인이 너무 맘에들어요,5.0,False,MEDIUM,165.0,68.0,여성,2024-04-12 01:55:25,,False,0,travel,하의,MEDIUM,,2024,4,12,금,5,미응답,,,,,,,,,,,,,,,,
3048775,57663454,style,쫑구이사,옷 너무 편하고 옷도 너무 예쁘네요 핏도 딱 예뻐요,5.0,False,LARGE,178.0,74.0,남성,2024-04-07 00:25:53,,True,0,travel,하의,LARGE,,2024,4,7,일,5,미응답,,,,,,,,,,,,,,,,
3048775,57484774,style,cheonheejeong,맘에들어요 공연때 잘 입었어요 하늘하늘 거리고 엄청 시원해서 여름에도 입을 수 있을거 같네여,5.0,False,LARGE,171.0,67.0,남성,2024-04-02 21:16:38,,True,1,travel,하의,LARGE,,2024,4,2,화,5,미응답,,,,,,,,,,,,,,,,
3048775,57437292,goods,삑겠츢,핏 예술이네요 비침은 좀 있는데 조금만 신경쓰면 됩니다 재질도 부들부들 좋아요,5.0,False,SMALL,162.0,55.0,여성,2024-04-01 13:28:32,,False,0,travel,하의,SMALL,,2024,4,1,월,5,미응답,,,,,,,,,,,,,,,,
3048775,57400984,photo,cheonheejeong,잘 고른거같네여 잘입겠습니다~~~ 맘에들어요 학원에서 자주 입을 거 같네요,5.0,False,LARGE,171.0,67.0,남성,2024-03-31 14:35:18,,True,0,travel,하의,LARGE,,2024,3,31,일,5,미응답,,,,,,,,,,,,,,,,
3048775,57400926,goods,cheonheejeong,잘 고른거같네여 잘입겠습니다~~~ 맘에들어요 학원에서 자주 입을 거 같네요,5.0,False,LARGE,171.0,67.0,남성,2024-03-31 14:33:53,,False,0,travel,하의,LARGE,,2024,3,31,일,5,미응답,,,,,,,,,,,,,,,,
3048775,57062144,goods,마루한1,너무너무 예뻐요 다만 좀 얇아서 속옷은 신경쓰고 입으셔야 할 듯 달라붙는 재질이 아니라 그렇게 잘 보이진 않아요. 잘 입겠습니다!,5.0,False,LARGE,180.0,78.0,남성,2024-03-22 14:34:02,,False,0,travel,하의,LARGE,,2024,3,22,금,5,미응답,,,,,,,,,,,,,,,,
3048775,56768540,goods,갖고싶은홍콩래플,좋아요!!좋아요 ㅎㅎ  감사합니다 ㅎㅎ 배송도빨라요디자인 개성있어요,4.0,False,MEDIUM,175.0,60.0,남성,2024-03-14 13:46:50,,False,0,travel,하의,MEDIUM,,2024,3,14,목,4,미응답,,,,,,,,,,,,,,,,
3048775,55562819,style,blingsso,한동안 추워서 이제야 입어보네요:) 그동안 택 제거도 안하고 모셔두다 드뎌 입었는데 핏 완전 미쳤다구요~~,5.0,False,SMALL,163.0,48.0,여성,2024-02-14 22:06:27,,True,1,travel,하의,SMALL,,2024,2,14,수,5,미응답,,,,,,,,,,,,,,,,
3048775,55372818,goods,一代宗師,예뻐용 스트릿하게 코디하기 좋은거 같네요 ㅎㅎ 잘 입을게용,5.0,False,LARGE,174.0,69.0,남성,2024-02-09 22:27:42,,False,0,travel,하의,LARGE,,2024,2,9,금,5,미응답,,,,,,,,,,,,,,,,
3048775,54867122,goods,희777,아들이 맘에 들어 함니다.  겨울인데도 입고 지내요 ,5.0,False,LARGE,178.0,75.0,여성,2024-01-27 21:01:25,,False,0,travel,하의,LARGE,,2024,1,27,토,5,미응답,,,,,,,,,,,,,,,,
3048775,54641943,style,eeco74,좀 많이 오버핏이고 둔해보이는 느낌이다 안이 살짝 비친다,3.0,False,MEDIUM,168.0,75.0,남성,2024-01-24 00:32:46,,True,0,travel,하의,MEDIUM,,2024,1,24,수,3,미응답,,,,,,,,,,,,,,,,
3048775,54641875,photo,eeco74,좀 많이 오버핏이고 둔해보이는 느낌이다 안이 살짝 비친다,3.0,False,MEDIUM,168.0,75.0,남성,2024-01-20 22:20:34,,True,0,travel,하의,MEDIUM,,2024,1,20,토,3,미응답,,,,,,,,,,,,,,,,
3048775,54641861,goods,eeco74,좀 많이 오버핏이고 둔해보이는 느낌이다 안이 살짝 비친다,3.0,False,MEDIUM,168.0,75.0,남성,2024-01-20 22:20:02,,False,0,travel,하의,MEDIUM,,2024,1,20,토,3,미응답,,,,,,,,,,,,,,,,
3048775,54456186,goods,세슷코,아직 입고 다닌적 없는데 그래도 옷은 이뻐요 코디하기 은근 어렵,4.0,False,LARGE,165.0,60.0,여성,2024-01-15 18:16:31,,False,0,travel,하의,LARGE,,2024,1,15,월,4,미응답,,,,,,,,,,,,,,,,
3048775,54314149,photo,aceband,아직 안입어봤지만 포켓이나 디테일이 몹시 마음에 듭,5.0,False,LARGE,162.0,50.0,여성,2024-01-11 15:10:52,,True,0,travel,하의,LARGE,,2024,1,11,목,5,미응답,,,,,,,,,,,,,,,,
3048775,54305061,goods,aceband,아직 입어보진 않았는데 ㅋㅋ 볼때마다 예쁩니다 조만간 입,5.0,False,LARGE,162.0,50.0,여성,2024-01-11 10:15:10,,False,0,travel,하의,LARGE,,2024,1,11,목,5,미응답,,,,,,,,,,,,,,,,
3048775,54219801,goods,권재현kjh,옷은 진짜 완벽합니다 디자인도 색감도 그런데 아쉬운건 옷이 좀 얇다보니 비침이 좀 있습니다,5.0,False,LARGE,176.0,83.0,남성,2024-01-09 01:40:02,,False,0,travel,하의,LARGE,,2024,1,9,화,5,미응답,,,,,,,,,,,,,,,,
3048775,54219782,style,권재현kjh,옷 디자인 만큼은 진짜 짱입니다 진짜 모든 것이 완벽한데 옷이 좀 비친다는게 단점이라 할수 있죠,5.0,False,LARGE,176.0,83.0,남성,2024-01-09 01:39:04,,True,0,travel,하의,LARGE,,2024,1,9,화,5,미응답,,,,,,,,,,,,,,,,
3048775,53634721,goods,XxTn,하얀색 카고팬츠가 정말 이쁘고 검정색 신발과 너무 잘 어울린다  얇아서 봄 여름 가을에 입기 좋은 옷이다,5.0,False,SMALL,172.0,61.0,남성,2023-12-25 06:18:29,,False,0,travel,하의,SMALL,,2023,12,25,월,5,미응답,,,,,,,,,,,,,,,,
3048775,53589491,goods,Iabh-nln,가을이나 봄때 입으면 너무 이쁠거 같아요 겨울에는 춥습니다,5.0,False,MEDIUM,175.0,64.0,남성,2023-12-23 21:46:49,,False,0,travel,하의,MEDIUM,,2023,12,23,토,5,미응답,,,,,,,,,,,,,,,,
3048775,53470843,photo,코코마덜720,검정을살까 흰색을살까 고민을 계속 하다가 흰색으로 구입했는데 아주 잘 샀다는 생각이 듭니다 생각보다 훨씬더 깔끔하고 주머니도 많고 바지 형태의 디테일도 귀여워서 너무 마음에 들어요 빠른배송 감사드리며 예쁘게 입겠습니다^^,5.0,False,SMALL,163.0,48.0,여성,2023-12-21 11:11:22,,True,0,travel,하의,SMALL,,2023,12,21,목,5,미응답,,,,,,,,,,,,,,,,
3048775,53278132,style,freezzly,작년에 비슷한 바지를 샀었는데 하나더있으면 좋겠다 싶어서 구매했습니다,5.0,False,SMALL,176.0,59.0,남성,2023-12-17 11:46:47,,True,0,travel,하의,SMALL,,2023,12,17,일,5,미응답,,,,,,,,,,,,,,,,
3048775,53277953,photo,freezzly,작년에 비슷한 바지를 샀었는데 하나더있으면 좋겠다 싶어서 구매했습니다,5.0,False,SMALL,176.0,59.0,남성,2023-12-17 11:41:28,,True,0,travel,하의,SMALL,,2023,12,17,일,5,미응답,,,,,,,,,,,,,,,,
3048775,53277905,goods,freezzly,작년에 비슷한 바지를 샀었는데 하나더있으면 좋겠다 싶어서 구매했습니다 ,5.0,False,SMALL,176.0,59.0,남성,2023-12-17 11:40:02,,False,0,travel,하의,SMALL,,2023,12,17,일,5,미응답,,,,,,,,,,,,,,,,
3048775,53107636,photo,북지기,사이즈가 좀 크긴한데 힙해서 예뻐보입니다 조금 비침,5.0,False,SMALL,172.0,59.0,missing,2023-12-13 15:32:59,,True,0,travel,하의,SMALL,,2023,12,13,수,5,미응답,,,,,,,,,,,,,,,,
3048775,52829588,photo,MINOKIO,매우 밝은 흐얀색 모 묻으면 소리를 지를거같은 느낌,5.0,False,MEDIUM,164.0,75.0,남성,2023-12-08 01:57:13,,True,0,travel,하의,MEDIUM,,2023,12,8,금,5,미응답,,,,,,,,,,,,,,,,
3048775,52829581,style,MINOKIO,매우 하얀색이라 조심해야될거같고 벙벙하고 괜찮아요,5.0,False,MEDIUM,164.0,75.0,남성,2023-12-08 01:56:43,,True,0,travel,하의,MEDIUM,,2023,12,8,금,5,미응답,,,,,,,,,,,,,,,,
3048775,52719818,goods,영얀리치,바지가 생각보다 짱짱하고 스트릿하게 입을 수 있을듯,5.0,False,SMALL,172.0,59.0,missing,2023-12-06 17:17:56,,False,0,travel,하의,SMALL,,2023,12,6,수,5,미응답,,,,,,,,,,,,,,,,
3048775,52718000,photo,I’m the one,살까 말까 고민했는데 사니깐 확실히 좋네요 추천합니다,5.0,False,MEDIUM,173.0,70.0,남성,2023-12-06 16:52:40,,True,0,travel,하의,MEDIUM,,2023,12,6,수,5,미응답,,,,,,,,,,,,,,,,
3048775,52717973,goods,I’m the one,살까 말까 고민했는데 사니깐 확실히 좋네요 추천합니다,5.0,False,MEDIUM,173.0,70.0,남성,2023-12-06 16:52:24,,False,0,travel,하의,MEDIUM,,2023,12,6,수,5,미응답,,,,,,,,,,,,,,,,
3048775,52517530,goods,솜쑥,진짜 완잔 화이트 딱 생각했단 바지에용! 재입고 돼서 넘 좋아요우 ,4.0,False,MEDIUM,170.0,68.0,missing,2023-12-03 22:34:54,,False,0,travel,하의,MEDIUM,,2023,12,3,일,4,미응답,,,,,,,,,,,,,,,,
3048775,51666485,photo,blingsso,핏 너무 이뻐요 벌룬핏이라 길이가 엄청 길지 않아도 와이드한 느낌 팍팍 입니다!,5.0,False,SMALL,172.0,59.0,missing,2023-11-24 19:44:50,,True,0,travel,하의,SMALL,,2023,11,24,금,5,미응답,,,,,,,,,,,,,,,,
3048775,51666438,goods,blingsso,핏 너무 이뻐요 벌룬핏이라 길이가 엄청 길지 않아도 와이드한 느낌 팍팍 입니다!,5.0,False,SMALL,172.0,59.0,missing,2023-11-24 19:44:21,,False,0,travel,하의,SMALL,,2023,11,24,금,5,미응답,,,,,,,,,,,,,,,,
3048775,51586749,style,하랑으으,귀여워요 예뻐요 간지나요 힙해요 그냥 다 좋네요 좀 커요 근데 ㅠ,4.0,False,MEDIUM,170.0,68.0,missing,2023-11-23 20:40:02,,True,0,travel,하의,MEDIUM,,2023,11,23,목,4,미응답,,,,,,,,,,,,,,,,
3048775,51260900,goods,minwoo006005,여름에 입기에 굉장히 좋다고 생각합니다 그리고 이거 입을때 비침이 살짝있어서 속옷을 하얀쪽으로 입어야 될거 같아요 좋아요,5.0,False,SMALL,172.0,59.0,missing,2023-11-17 20:03:08,,False,0,travel,하의,SMALL,,2023,11,17,금,5,미응답,,,,,,,,,,,,,,,,
3048775,50928575,style,jun__418,밑에 시보리 있어서 조거팬츠로 해서 요즘 트렌드에 맞게 코디 가능한 부분이 많습니다 ❤️,5.0,False,LARGE,178.0,73.0,missing,2023-11-10 16:54:37,,True,1,travel,하의,LARGE,,2023,11,10,금,5,미응답,,,,,,,,,,,,,,,,
3048775,50455529,photo,Wanadhd,"예약배송으로 사서 기억애서 완전히 잊어먹고 있다가 도착했읍니다,, 너무 시햐얘서 잘 입어야될 것 같아요 지금 입기엔 솔직히 얇은데 여러가지 디테일이 많아서 신기해요",4.0,False,SMALL,172.0,59.0,missing,2023-10-31 10:33:25,,True,0,travel,하의,SMALL,,2023,10,31,화,4,미응답,,,,,,,,,,,,,,,,
3048775,50239634,goods,Wanadhd,"예약배송으로 사서 기억애서 완전히 잊어먹고 있다가 도착했읍니다,, 지금 입기엔 솔직히 얇은데 여러가지 디테일이 많아서 신기하네요",4.0,False,SMALL,172.0,59.0,missing,2023-10-26 15:13:58,,False,0,travel,하의,SMALL,,2023,10,26,목,4,미응답,,,,,,,,,,,,,,,,
3048775,50183556,goods,북지기,사이즈가 좀 크긴한데 힙해서 예뻐보입니다 조금 비침,5.0,False,SMALL,172.0,59.0,missing,2023-10-25 13:11:13,,False,0,travel,하의,SMALL,,2023,10,25,수,5,미응답,,,,,,,,,,,,,,,,
3048775,50183544,style,북지기,사이즈가 좀 크긴한데 힙해서 예뻐보입니다 조금 비침,5.0,False,SMALL,172.0,59.0,missing,2023-10-25 13:10:59,,True,0,travel,하의,SMALL,,2023,10,25,수,5,미응답,,,,,,,,,,,,,,,,
3048775,50059371,style,깊은을지로단추,생각보다 두께가 얇아서 한겨울에는 못 입을 것 같지만 이쁩니다!!,5.0,False,LARGE,180.0,77.0,남성,2023-10-22 20:52:12,,True,0,travel,하의,LARGE,,2023,10,22,일,5,미응답,,,,,,,,,,,,,,,,
3048775,48621380,goods,정교한인사동고글,이 옷은 처음 받고서 너무 이뻐서 놀랐어요 진짜 너무 이뻐요 후희 안 해요,5.0,False,LARGE,167.0,60.0,남성,2023-09-21 21:49:28,,False,0,travel,하의,LARGE,,2023,9,21,목,5,미응답,,,,,,,,,,,,,,,,
3048775,48607990,photo,뉴비입니다밐,디자인도 이쁘고 바지 핏도 좋아서 자주 입을 것 같습니다 ㅎㅎ ,5.0,False,MEDIUM,170.0,75.0,남성,2023-09-21 17:04:26,,True,0,travel,하의,MEDIUM,,2023,9,21,목,5,미응답,,,,,,,,,,,,,,,,
3048775,48285606,style,heden,바지가 커서 자꾸 흘러내리긴 하지만 옷 자체는 너무너무 예뻐요 이번에 부산 가서 신명나게 돌아 다녔읍니다 깔끔하고 힙해요 굿 ~,5.0,False,LARGE,172.0,60.0,여성,2023-09-13 11:06:35,,True,2,travel,하의,LARGE,,2023,9,13,수,5,미응답,,,,,,,,,,,,,,,,
3048775,48197806,style,찢어진코코몽,기장은 생각보다 훨씬 깁니다. 바지는 살짝 반들반들 흰색이라고 예쁩니다 굿,5.0,False,LARGE,178.0,81.0,남성,2023-09-10 22:24:21,,True,2,travel,하의,LARGE,,2023,9,10,일,5,미응답,,,,,,,,,,,,,,,,
3048775,47889723,goods,탁월한그리스마켓,통도 넓고 주머니도 많아서 이쁘네요 포인트되는게 많아서 이쁩니다,5.0,False,MEDIUM,179.0,72.0,남성,2023-09-02 16:54:34,,False,0,travel,하의,MEDIUM,,2023,9,2,토,5,미응답,,,,,,,,,,,,,,,,
3048775,47692067,goods,옵씐,강력 추천합니다. 원하던 완전 빵빵한 벌룬핏이에요!,5.0,False,MEDIUM,175.0,73.0,남성,2023-08-29 01:15:54,,False,0,travel,하의,MEDIUM,,2023,8,29,화,5,미응답,,,,,,,,,,,,,,,,
3048775,47692050,photo,옵씐,완전 무조건 사세요! 주변 사람들이 어디서 샀냐고 다들 물어보네요,5.0,False,MEDIUM,175.0,73.0,남성,2023-08-29 01:15:23,,True,0,travel,하의,MEDIUM,,2023,8,29,화,5,미응답,,,,,,,,,,,,,,,,
3048775,47692005,style,옵씐,완전 강추입니다 이거 입고 어디서 샀냐고 많이들 물어보네요,5.0,False,MEDIUM,175.0,73.0,남성,2023-08-29 01:13:50,,True,0,travel,하의,MEDIUM,,2023,8,29,화,5,미응답,,,,,,,,,,,,,,,,
3048775,47648391,photo,zxcvaddfqwer,핏이며 색감이며 다 정말 이쁜데 비침이 있는게 아쉽네요..,4.0,False,LARGE,184.0,65.0,남성,2023-08-27 22:01:43,,True,1,travel,하의,LARGE,,2023,8,27,일,4,미응답,,,,,,,,,,,,,,,,
3048775,47627919,goods,그린놈,생각했던것보다더 좋아서 스타일 내기 좋은거 같네요,5.0,False,LARGE,183.0,86.0,남성,2023-08-27 11:49:21,,False,0,travel,하의,LARGE,,2023,8,27,일,5,미응답,,,,,,,,,,,,,,,,
3048775,47471687,goods,201*,이 가격에 이 옷 흔치 않은데 색도 잘 빠지고 옷 핏도 예쁘게 나오는 것 같아요 추천함,5.0,False,LARGE,180.0,78.0,남성,2023-08-23 17:30:43,,False,0,travel,하의,LARGE,,2023,8,23,수,5,미응답,,,,,,,,,,,,,,,,
3048775,47400022,style,바른구름04,핏이 진짜 맘에 듬. 재질도 엄청 맘에 듬. 진짜 강추! 검정색도 이미 구매함.,5.0,False,MEDIUM,175.0,61.0,남성,2023-08-21 22:49:31,,True,0,travel,하의,MEDIUM,,2023,8,21,월,5,미응답,,,,,,,,,,,,,,,,
3048775,47395773,photo,바른구름04,재질도 그렇고 스타일도 그렇고 진짜 예쁩니다!! 검정색도 바로 구매!,5.0,False,MEDIUM,175.0,61.0,남성,2023-08-21 20:54:33,,True,0,travel,하의,MEDIUM,,2023,8,21,월,5,미응답,,,,,,,,,,,,,,,,
3048775,47300290,goods,zxcvaddfqwer,색도 이쁘고 핏도 잘나오는데.. 비침이 조금 심해요&hellip;,4.0,False,LARGE,184.0,65.0,남성,2023-08-19 00:50:10,,False,1,travel,하의,LARGE,,2023,8,19,토,4,미응답,,,,,,,,,,,,,,,,
3048775,47160680,goods,Lakakak,올화이트로 입엇는데 눈부실정도로 밝아요 ㅋㅋ 너무 이뻐요 ㅎㅎ,5.0,False,LARGE,178.0,58.0,남성,2023-08-14 16:13:54,,False,0,travel,하의,LARGE,,2023,8,14,월,5,미응답,,,,,,,,,,,,,,,,
3048775,47071664,goods,즐거운하얀캐리어,배송은 빠르고 좋았고 근데 사이즈를 잘못 선택해서 너무 커용 ㅠㅡㅠ,5.0,False,SMALL,173.0,68.0,남성,2023-08-11 17:20:10,,False,0,travel,하의,SMALL,,2023,8,11,금,5,미응답,,,,,,,,,,,,,,,,
3048775,46988231,goods,허니bee,흰색이라 팬티비침 오염만 주의하면 ㅠㅠ 진짜 이쁘고 좋은 바지인거같음... 호주머니도 낭낭하구...,5.0,False,MEDIUM,178.0,68.0,남성,2023-08-10 01:30:16,,False,0,travel,하의,MEDIUM,,2023,8,10,목,5,미응답,,,,,,,,,,,,,,,,
3048775,46987835,style,허니bee,이거 옷 진짜 개편하고 이쁨니다 허리가 크긴하지만 안에 줄 꽉매면 흘러내리지도않고 조아요 근데..다만 흰색이라 조심해서 입어야하고ㅠㅠ 찐한빤스는 비칩니당..,5.0,False,MEDIUM,178.0,68.0,남성,2023-08-10 01:13:08,,True,0,travel,하의,MEDIUM,,2023,8,10,목,5,미응답,,,,,,,,,,,,,,,,
3048775,46729072,goods,논현동큐트보이,굉장히 매끄러운 재질이고 핏이 엄청 이쁘고 디테일 하나하나가 너무 맘에 듭니다!,5.0,False,MEDIUM,174.0,70.0,남성,2023-08-02 19:28:55,,False,0,travel,하의,MEDIUM,,2023,8,2,수,5,미응답,,,,,,,,,,,,,,,,
3048775,46350375,goods,Stop_piggy,얇지만 비침은 적어요 여름에 입기 부담스럽지 않고 핏도 좋네요,5.0,False,SMALL,173.0,57.0,남성,2023-07-23 13:58:40,,False,0,travel,하의,SMALL,,2023,7,23,일,5,미응답,,,,,,,,,,,,,,,,
3048775,46350147,style,Stop_piggy,블랙보다 화이트가 예쁜 것 같아요  얇은데 비침 심하지 않고 여름에도 부담 안돼서 좋아요,5.0,False,SMALL,173.0,57.0,남성,2023-07-23 13:50:33,,True,0,travel,하의,SMALL,,2023,7,23,일,5,미응답,,,,,,,,,,,,,,,,
3048775,46173919,style,쾌활한명동배기진,디자인 핏 둘다 너무 이쁘고 수납공간 많은것까지 전부 맘에들어요!👍,5.0,False,SMALL,173.0,68.0,남성,2023-07-19 00:42:13,,True,0,travel,하의,SMALL,,2023,7,19,수,5,미응답,,,,,,,,,,,,,,,,
3048775,46173231,goods,쾌활한명동배기진,일단 디자인이 너무 이쁘고 편하기까지해서 너무너무 맘에들어요!!,5.0,False,SMALL,173.0,68.0,남성,2023-07-19 00:24:30,,False,0,travel,하의,SMALL,,2023,7,19,수,5,미응답,,,,,,,,,,,,,,,,
3048775,46015158,goods,욜로비니,길이는 긴편은아니지만 핏이나 색감과 착용감은 매우만족입니다 여름 흰바지를 찾으시는분들께는 강추드려요 ,5.0,False,LARGE,182.0,73.0,남성,2023-07-15 03:57:34,,False,0,travel,하의,LARGE,,2023,7,15,토,5,미응답,,,,,,,,,,,,,,,,
3048775,45935849,goods,ha878,소재가 여름에 입어도 될 재질이에요!! 땀이 잘 말라요 주머니가 많아서 가방 안들고 다녀도 될거같아서 너무 좋네요ㅋㅋ 진짜 예뻐요!!!!,5.0,False,LARGE,168.0,85.0,여성,2023-07-13 13:15:12,,False,0,travel,하의,LARGE,,2023,7,13,목,5,미응답,,,,,,,,,,,,,,,,
3048775,45928517,goods,HIAR,저랑 같은 몸무게 키이신분들은 S사세욤 옷도 이쁘고 길이는 길어서 좋은데 허리가 정말 크네욤 배 없으신분들은 S추천이용 ㅠㅠ ,5.0,False,MEDIUM,170.0,55.0,여성,2023-07-13 09:17:25,,False,0,travel,하의,MEDIUM,,2023,7,13,목,5,미응답,,,,,,,,,,,,,,,,
3048775,45864542,goods,itfeelslyu,너무 만족이에요 이쁘고 배송 빠르고 포장 꼼꼼해요,5.0,False,SMALL,177.0,58.0,남성,2023-07-11 21:13:11,,False,0,travel,하의,SMALL,,2023,7,11,화,5,미응답,,,,,,,,,,,,,,,,
3048775,45596286,goods,새벽춤에,옷 진짜 예뻐요 평생 입고싶을정도로 아주 나이스입니다잉,5.0,False,MEDIUM,171.0,68.0,남성,2023-07-05 19:03:43,,False,0,travel,하의,MEDIUM,,2023,7,5,수,5,미응답,,,,,,,,,,,,,,,,
3048775,45559480,goods,금능바당,"생각보다 커서 놀랬고, 엄청 올려서 입으니까 핏이 엄청 이쁘네요",5.0,False,MEDIUM,170.0,65.0,남성,2023-07-05 00:55:35,,False,0,travel,하의,MEDIUM,,2023,7,5,수,5,미응답,,,,,,,,,,,,,,,,
3048775,45403029,goods,재음,오버핏으로 입기 좋고 배송도 빠르고 너무 맘에 들어요,5.0,False,MEDIUM,170.0,53.0,남성,2023-07-02 00:42:12,,False,0,travel,하의,MEDIUM,,2023,7,2,일,5,미응답,,,,,,,,,,,,,,,,
3048775,45340985,goods,융융쟈,포캣 달려 있는고 너무 이쁘고 안에 끈이 있어서 허리 부분 조임이 가능해여 그래도 ..벨트 하는게 더 좋을거 같아요 핏감 최고,5.0,False,LARGE,184.0,84.0,남성,2023-07-01 08:20:45,,False,0,travel,하의,LARGE,,2023,7,1,토,5,미응답,,,,,,,,,,,,,,,,
3048775,45340972,style,융융쟈,바지가 좀 얇은거 같으면서 아닌거 같아서 그래도 안에 비치진 않는데 그래도 안에.. 색 맞ㅊ춰 입는게 나을것 같습니다 잘 입겠습니다 짱 이뻐요,5.0,False,LARGE,184.0,84.0,남성,2023-07-01 08:19:51,,True,1,travel,하의,LARGE,,2023,7,1,토,5,미응답,,,,,,,,,,,,,,,,
3048775,45332310,goods,아이르아너우,너무 마음에 들고 사이즈가 좀 큰데 이뻐서 괜찮아요,5.0,False,MEDIUM,171.0,50.0,남성,2023-07-01 00:52:02,,False,0,travel,하의,MEDIUM,,2023,7,1,토,5,미응답,,,,,,,,,,,,,,,,
3048775,45289586,goods,바른구름04,바지 너무 예쁩니다!! 배송도 거의 하루 정도 되서 오고 재질이 진짜 고급스러우면서도 부들부들한 느낌이라서 엄청 마음에 들어요! 스트릿으로 입기 진짜 예쁠 듯,5.0,False,MEDIUM,175.0,61.0,남성,2023-06-30 13:42:26,,False,0,travel,하의,MEDIUM,,2023,6,30,금,5,미응답,,,,,,,,,,,,,,,,
3048775,45217288,goods,흑곰은못말려,데일리룩으로 입기 좋고 꾸안꾸 느낌 줘서 좋아요,5.0,False,LARGE,180.0,70.0,남성,2023-06-29 13:26:30,,False,0,travel,하의,LARGE,,2023,6,29,목,5,미응답,,,,,,,,,,,,,,,,
3048775,45217271,style,흑곰은못말려,데일리룩으로 입기 좋고 꾸안꾸 느낌 줘서 좋아요,5.0,False,LARGE,180.0,70.0,남성,2023-06-29 13:26:16,,True,1,travel,하의,LARGE,,2023,6,29,목,5,미응답,,,,,,,,,,,,,,,,
3048775,45117976,style,속속근,이쁘긴한데 사놓고보니 뭐 묻을일이 너무많아서 약간 불안한 옷이네요&hellip;,4.0,False,MEDIUM,200.0,100.0,여성,2023-06-28 00:31:35,,True,4,travel,하의,MEDIUM,,2023,6,28,수,4,미응답,,,,,,,,,,,,,,,,
3048775,45080716,goods,밝은청계천손수건,요즘 매일 이거만 입고있어요 색이 너무이쁘고 핏도 너무 훌륭합니다 ㅎㅎ,5.0,False,MEDIUM,174.0,72.0,남성,2023-06-27 17:16:46,,False,0,travel,하의,MEDIUM,,2023,6,27,화,5,미응답,,,,,,,,,,,,,,,,
3048775,45001083,photo,0in__24,바지 너무 편하고 핏도 너무 이뻐요 !  진쩌 완전 체고! 얇기도 얇아서 좋아요!,5.0,False,LARGE,170.0,73.0,여성,2023-06-26 09:03:27,,True,0,travel,하의,LARGE,,2023,6,26,월,5,미응답,,,,,,,,,,,,,,,,
3048775,45001051,goods,0in__24,바지 너무 편하고 핏도 너무 이뻐요 !  진쩌 완전 체고! 얇기도 얇아서 좋아요!,5.0,False,LARGE,170.0,73.0,여성,2023-06-26 09:01:46,,False,0,travel,하의,LARGE,,2023,6,26,월,5,미응답,,,,,,,,,,,,,,,,
3048775,44956274,photo,김찬희다,바지 핏도 예쁘게 나오고 너무 좋습니다 감사합니다,5.0,False,SMALL,165.0,59.0,남성,2023-06-25 12:53:02,,True,0,travel,하의,SMALL,,2023,6,25,일,5,미응답,,,,,,,,,,,,,,,,
3048775,44956097,goods,김찬희다,핏도 정말 예쁘고 원하던 하얀색이라 정말 잘입고임습니다,5.0,False,SMALL,165.0,59.0,남성,2023-06-25 12:49:28,,False,0,travel,하의,SMALL,,2023,6,25,일,5,미응답,,,,,,,,,,,,,,,,
3048775,44680008,goods,내일은합정룩북,너무 좋아요 ! 만족합니다 사이즈도 딱이였어요이,5.0,False,SMALL,172.0,68.0,남성,2023-06-19 19:20:42,,False,0,travel,하의,SMALL,,2023,6,19,월,5,미응답,,,,,,,,,,,,,,,,
3048775,44674836,goods,slsl815,바지 핏이랑 전체적으로 마음에 들어요 자주 입을 것 같아요,5.0,False,MEDIUM,167.0,60.0,남성,2023-06-19 16:01:12,,False,0,travel,하의,MEDIUM,,2023,6,19,월,5,미응답,,,,,,,,,,,,,,,,
3048775,44438292,goods,노덕배,딱 힙한것이 소인이 원하던 멋이 뿜어져 나오는 구려,5.0,False,MEDIUM,178.0,60.0,남성,2023-06-12 22:46:40,,False,0,travel,하의,MEDIUM,,2023,6,12,월,5,미응답,,,,,,,,,,,,,,,,
3048775,44203307,goods,ppeum.c,바지 디테일이 이쁩니다 꽤 자주 입고 있는 바지 구매하세요!,5.0,False,LARGE,160.0,77.0,여성,2023-06-07 01:36:38,,False,0,travel,하의,LARGE,,2023,6,7,수,5,미응답,,,,,,,,,,,,,,,,
3048775,44197584,photo,이상하게만입지말자,매우 얇습니다 시원하고 촤르르 한 느낌이라 더 핏이 잘 나오는것같아요 생각보다 맘에 들어서 블랙도 구매예정,5.0,False,LARGE,178.0,73.0,여성,2023-06-06 22:59:34,,True,0,travel,하의,LARGE,,2023,6,6,화,5,미응답,,,,,,,,,,,,,,,,
3048775,44195912,goods,Yoo159,사이즈가 좀 많이 큽니다 참고해서 구매바랍니다,5.0,False,MEDIUM,176.0,72.0,남성,2023-06-06 22:20:17,,False,0,travel,하의,MEDIUM,,2023,6,6,화,5,미응답,,,,,,,,,,,,,,,,
3048775,44128898,style,꼬마혀나니,힙하기도하고 편안하기도 하고 상의를 뭘 매치해도 어울리고 밑단 스트링 조절되서 좋규요 허리도 끈 묶을수 있어서 좋어요,5.0,False,MEDIUM,153.0,55.0,여성,2023-06-05 01:26:18,,True,5,travel,하의,MEDIUM,,2023,6,5,월,5,미응답,,,,,,,,,,,,,,,,
3048775,44067201,goods,이상하게만입지말자,매우 얇습니다 시원하고 촤르르 한 느낌이라 더 핏이 잘 나오는것같아요 생각보다 맘에 들어서 블랙도 구매예정,5.0,False,LARGE,178.0,73.0,여성,2023-06-03 16:20:59,,False,0,travel,하의,LARGE,,2023,6,3,토,5,미응답,,,,,,,,,,,,,,,,
3048775,44029322,goods,긍정적인분홍부츠,허리는 딱 맞고 통은 좀 커요! 기장은 끈으로 조일 수 있어서 좋아요,5.0,False,MEDIUM,170.0,78.0,남성,2023-06-02 18:15:05,,False,0,travel,하의,MEDIUM,,2023,6,2,금,5,미응답,,,,,,,,,,,,,,,,
3048775,44028620,goods,이 예 슬,생각보다 어엄청 크고 밑위가 꽤 긴 것 같아요!! 그래도 허리 스트링이 있어서 사이즈 조절이 되니까 좋아용,4.0,False,SMALL,162.0,54.0,여성,2023-06-02 17:56:00,,False,0,travel,하의,SMALL,,2023,6,2,금,4,미응답,,,,,,,,,,,,,,,,
3048775,43827402,photo,wnejvr_c,힙하게 코디하기 정말 좋은 아이템인거 같고 디테일이 정말 좋았어요,5.0,False,LARGE,184.0,86.0,남성,2023-05-29 15:48:34,,True,0,travel,하의,LARGE,,2023,5,29,월,5,미응답,,,,,,,,,,,,,,,,
3048775,43737475,goods,uoonnaxx,좀 크긴한데 허리에 끈 발목 스트링 다 쪼이면 입을만 해요 새하얀 색이라 조심해서 입어야할 듯 합니다,5.0,False,SMALL,160.0,54.0,여성,2023-05-26 23:45:50,,False,0,travel,하의,SMALL,,2023,5,26,금,5,미응답,,,,,,,,,,,,,,,,
3048775,43737457,style,uoonnaxx,좀 크긴한데 허리에 끈 발목 스트링 다 쪼이면 입을만 해요 새하얀 색이라 조심해서 입어야할 듯 합니다,5.0,False,SMALL,160.0,54.0,여성,2023-05-26 23:45:30,,True,4,travel,하의,SMALL,,2023,5,26,금,5,미응답,,,,,,,,,,,,,,,,
3048775,43690598,goods,이리이리1,바스락거리는 소재 흰바지 나름 예뻐요 굿 죻다요,5.0,False,MEDIUM,171.0,65.0,여성,2023-05-25 23:53:52,,False,0,travel,하의,MEDIUM,,2023,5,25,목,5,미응답,,,,,,,,,,,,,,,,
3048775,43671358,photo,hxe,화이트색상 카고팬츠 얇은 재질로 구매하고 싶었는데 트래블에 있어서 바로 구매했어여 짱짱,5.0,False,LARGE,170.0,70.0,여성,2023-05-25 18:40:45,,True,0,travel,하의,LARGE,,2023,5,25,목,5,미응답,,,,,,,,,,,,,,,,
3048775,43671326,goods,hxe,화이트색상 카고팬츠 얇은 재질로 구매하고 싶었는데 트래블에 있어서 바로 구매했어여 짱짱,5.0,False,LARGE,170.0,70.0,여성,2023-05-25 18:40:04,,False,0,travel,하의,LARGE,,2023,5,25,목,5,미응답,,,,,,,,,,,,,,,,
3048775,43671258,style,hxe,화이트색상 카고팬츠 얇은 재질로 구매하고 싶었는데 트래블에 있어서 바로 구매했어여 짱짱,5.0,False,LARGE,170.0,70.0,여성,2023-05-25 18:38:34,,True,0,travel,하의,LARGE,,2023,5,25,목,5,미응답,,,,,,,,,,,,,,,,
3048775,43664307,goods,밍소소,넘 맘에 들었눈데 생각보다 사이즈가 커서ㅠㅡㅠ 다시 사려니 사이즈가 품절이네요 아쉽슴당,5.0,False,MEDIUM,162.0,55.0,여성,2023-05-25 16:24:19,,False,0,travel,하의,MEDIUM,,2023,5,25,목,5,미응답,,,,,,,,,,,,,,,,
3048775,43618053,goods,라스베이거스득템,s샀는데도 굉장히 와이드하고 기장감도 짧지않아요  디자인이랑 촉감 너무 좋네요,5.0,False,SMALL,180.0,68.0,남성,2023-05-24 20:14:28,,False,0,travel,하의,SMALL,,2023,5,24,수,5,미응답,,,,,,,,,,,,,,,,
3048775,43618044,photo,라스베이거스득템,s샀는데도 굉장히 와이드하고 기장감도 짧지않아요  디자인이랑 촉감 너무 좋네요,5.0,False,SMALL,180.0,68.0,남성,2023-05-24 20:14:18,,True,0,travel,하의,SMALL,,2023,5,24,수,5,미응답,,,,,,,,,,,,,,,,
3048775,43618020,style,라스베이거스득템,s샀는데도 굉장히 와이드하고 기장감도 짧지않아요  디자인이랑 촉감 너무 좋네요,5.0,False,SMALL,180.0,68.0,남성,2023-05-24 20:13:59,,True,0,travel,하의,SMALL,,2023,5,24,수,5,미응답,,,,,,,,,,,,,,,,
3048775,43513785,goods,Dgjn35,허리가 작은편인거같아요 옷 자체는 예뻐서 살빼고 입으려고 대기중입니다 핏도 예뻐요,5.0,False,LARGE,179.0,91.0,남성,2023-05-22 23:56:41,,False,0,travel,하의,LARGE,,2023,5,22,월,5,미응답,,,,,,,,,,,,,,,,
3048775,43498874,goods,닉나이트,흰색바지 입어야될 일이 있어서 고르다가 샀는데 잘 산거같아요,5.0,False,SMALL,174.0,65.0,남성,2023-05-22 19:17:18,,False,0,travel,하의,SMALL,,2023,5,22,월,5,미응답,,,,,,,,,,,,,,,,
3048775,41035080,style,벼랑에선전주엣지,카고팬츠 성공해본적 한번도 없었는데 처음 성공했어요 검정색 사러갑니다!,5.0,False,MEDIUM,161.0,100.0,여성,2023-05-22 02:11:24,,True,4,travel,하의,MEDIUM,,2023,5,22,월,5,미응답,,,,,,,,,,,,,,,,
3048775,43113942,goods,Astore,사이즈도 좋고 색감도 좋아요 다른 색상도 사고 싶어요,5.0,False,MEDIUM,174.0,74.0,남성,2023-05-14 23:48:22,,False,0,travel,하의,MEDIUM,,2023,5,14,일,5,미응답,,,,,,,,,,,,,,,,
3048775,42947051,style,좡고,일단 핏이 너무 이쁘게 나오고 적당히 얇아서 괜찮아요. 약간 비침이 있기는한데 신경써서 잘 입으면 될거같아요. 여름에 자주 입을거같네요.,5.0,False,LARGE,184.0,85.0,남성,2023-05-11 14:58:34,,True,6,travel,하의,LARGE,,2023,5,11,목,5,미응답,,,,,,,,,,,,,,,,
3048775,42937856,goods,멸치현우,비침이 조금 있기는 하지만 핏이 예뻐서 좋습니다 ,5.0,False,MEDIUM,170.0,60.0,남성,2023-05-11 11:16:05,,False,0,travel,하의,MEDIUM,,2023,5,11,목,5,미응답,,,,,,,,,,,,,,,,
3048775,42874928,goods,효기애기,TR 소재라길래 광택나는 슬랙스 재질일까봐 걱정했는데 거슬리는 소재는 아니라 마음에 듦 하지만 요즘 카고팬츠에 자주 쓰이는 빳빳한 코튼이나 나일론 소재는 확실히 아닙니다! 여성분들은 웬만해서는 s 사면 맞을 것 같아요 디테일과 퀄리티에 비해 가성비 좋아요 만족합니다,5.0,False,SMALL,158.0,46.0,여성,2023-05-10 03:32:12,,False,0,travel,하의,SMALL,,2023,5,10,수,5,미응답,,,,,,,,,,,,,,,,
3048775,42874926,photo,효기애기,TR 소재라길래 광택나는 슬랙스 재질일까봐 걱정했는데 거슬리는 소재는 아니라 마음에 듦 하지만 요즘 카고팬츠에 자주 쓰이는 빳빳한 코튼이나 나일론 소재는 확실히 아닙니다! 여성분들은 웬만해서는 s 사면 맞을 것 같아요 디테일과 퀄리티에 비해 가성비 좋아요 만족합니다,5.0,False,SMALL,158.0,46.0,여성,2023-05-10 03:32:01,,True,0,travel,하의,SMALL,,2023,5,10,수,5,미응답,,,,,,,,,,,,,,,,
3048775,42874917,style,효기애기,TR 소재라길래 광택나는 슬랙스 재질일까봐 걱정했는데 거슬리는 소재는 아니라 마음에 듦 하지만 요즘 카고팬츠에 자주 쓰이는 빳빳한 코튼이나 나일론 소재는 확실히 아닙니다! 여성분들은 웬만해서는 s 사면 맞을 것 같아요 디테일과 퀄리티에 비해 가성비 좋아요 매우 만족합니다,5.0,False,SMALL,158.0,46.0,여성,2023-05-10 03:31:15,,True,14,travel,하의,SMALL,,2023,5,10,수,5,미응답,,,,,,,,,,,,,,,,
3048775,42794550,style,LILKODE,바지통이 넓어 시원했고 힙스러운 느낌내기에는 딱 정당한 옷인거 같다,5.0,False,MEDIUM,167.0,55.0,남성,2023-05-08 11:32:47,,True,7,travel,하의,MEDIUM,,2023,5,8,월,5,미응답,,,,,,,,,,,,,,,,
3048775,42591532,style,chas2,너무 예뻐요! 디테일들이 엄청 많고 핏도 좋고 여름에도 시원하게 입을 수 있는!,5.0,False,LARGE,183.0,82.0,남성,2023-05-03 17:56:44,,True,8,travel,하의,LARGE,,2023,5,3,수,5,미응답,,,,,,,,,,,,,,,,
3048775,42579803,goods,j2lala,디자인 예쁘고 디테일도 너무 좋아요! 두께도 여름에 입을만합니다. 다만 속옷이 비치니 주의하세요!,5.0,False,LARGE,178.0,77.0,남성,2023-05-03 13:30:40,,False,0,travel,하의,LARGE,,2023,5,3,수,5,미응답,,,,,,,,,,,,,,,,
3048775,42528207,style,네오동까스,가성비 화이트 카고팬츠로 구매했는데 왠걸 이런 디테일에 이가격대 흔치않은걸? 너무좋고,5.0,False,MEDIUM,168.0,70.0,남성,2023-05-02 06:43:45,,True,3,travel,하의,MEDIUM,,2023,5,2,화,5,미응답,,,,,,,,,,,,,,,,
3048775,42528201,photo,네오동까스,가성비 화이트 카고팬츠로 구매했는데 왠걸 이런 디테일에 이가격대 흔치않은걸? 너무좋고,5.0,False,MEDIUM,168.0,70.0,남성,2023-05-02 06:43:13,,True,0,travel,하의,MEDIUM,,2023,5,2,화,5,미응답,,,,,,,,,,,,,,,,
3048775,42528192,goods,네오동까스,가성비 화이트 카고팬츠로 구매했는데 왠걸 이런 디테일에 이가격대 흔치않은걸? 너무좋고,5.0,False,MEDIUM,168.0,70.0,남성,2023-05-02 06:42:40,,False,0,travel,하의,MEDIUM,,2023,5,2,화,5,미응답,,,,,,,,,,,,,,,,
3048775,42505865,goods,apnalhappy,요번년도에 산 바지중에 가장 마음에 들어요 강력추천,5.0,False,MEDIUM,178.0,54.0,남성,2023-05-01 17:51:36,,False,0,travel,하의,MEDIUM,,2023,5,1,월,5,미응답,,,,,,,,,,,,,,,,
3048775,42202881,photo,ZEZ,주머니 디테일이 많고 다른 카고팬츠와 다르게 앞쪽에 주머니가 있어서 좋은거같아요 사이즈가 엄청 크지만 오버핏을 좋아해서 잘입을것같아요,5.0,False,LARGE,159.0,51.0,여성,2023-04-25 10:04:45,,True,0,travel,하의,LARGE,,2023,4,25,화,5,미응답,,,,,,,,,,,,,,,,
3048775,42054547,style,쀼뾰뵴,예뻐요! 흰색이라 조심조심하지만 허리도 크지만 예뻐요,5.0,False,SMALL,165.0,55.0,남성,2023-04-21 19:08:46,,True,0,travel,하의,SMALL,,2023,4,21,금,5,미응답,,,,,,,,,,,,,,,,
3048775,41856163,goods,chas2,색감이 좋고 트렌드하면서 핏 가져갈수잇는 하의,5.0,False,LARGE,183.0,82.0,남성,2023-04-17 02:18:18,,False,0,travel,하의,LARGE,,2023,4,17,월,5,미응답,,,,,,,,,,,,,,,,
3048775,41853773,goods,쀼뾰뵴,바지는 정말 예쁜데 허리가 상당히 커요. 밑단 조이면 그래도 괜춘,5.0,False,SMALL,165.0,55.0,남성,2023-04-17 00:38:58,,False,0,travel,하의,SMALL,,2023,4,17,월,5,미응답,,,,,,,,,,,,,,,,
3048775,41721021,goods,BUMKI94,살짝 어두운 하얀색입니다 흰색이라 빤스 보일까봐 잘못입긴하는데 상의 긴고 입으면 괜찮네요 ㅎ,5.0,False,LARGE,177.0,68.0,남성,2023-04-13 16:43:03,,False,0,travel,하의,LARGE,,2023,4,13,목,5,미응답,,,,,,,,,,,,,,,,
3048775,41487621,goods,sea son,배송이 예정보다 빨리 왔어요 바지 디테일이 맘에들어요 굿,5.0,False,SMALL,171.0,60.0,여성,2023-04-07 16:25:34,,False,0,travel,하의,SMALL,,2023,4,7,금,5,미응답,,,,,,,,,,,,,,,,
3048775,41436525,goods,낙곱새먹고싶다,"색깔 많으면 색깔별로 여러개 갖고싶네오,,,,, 너무 예뻐요  ",5.0,False,LARGE,181.0,77.0,남성,2023-04-06 10:01:14,,False,0,travel,하의,LARGE,,2023,4,6,목,5,미응답,,,,,,,,,,,,,,,,
3048775,41436488,style,낙곱새먹고싶다,"인생 바지 찾았습니다 이거 진빠 이쁩니디 꼭 사서 입으세여,,,",5.0,False,LARGE,181.0,77.0,남성,2023-04-06 09:59:58,,True,4,travel,하의,LARGE,,2023,4,6,목,5,미응답,,,,,,,,,,,,,,,,
3048775,41386827,goods,폭염엔광화문힐,힙하고 예쁘게 입을 수 있는 바지!! 예뻐요 안에 허리 조절할 수 있는 끈도 있어서 아주 편하게 잘 입을 것 같아요!!,5.0,False,SMALL,168.0,59.0,여성,2023-04-05 02:19:28,,False,0,travel,하의,SMALL,,2023,4,5,수,5,미응답,,,,,,,,,,,,,,,,
3048775,41383662,goods,핵신우,트레블 벌써 4개정도 구매하고있는데 역시 믿고 구매하는 브랜드입니다,5.0,False,LARGE,181.0,75.0,남성,2023-04-05 00:21:11,,False,0,travel,하의,LARGE,,2023,4,5,수,5,미응답,,,,,,,,,,,,,,,,
3048775,41383649,photo,핵신우,트레블 벌써 4개정도 구매하고있는데 역시 믿고 구매하는 브랜드입니다,5.0,False,LARGE,181.0,75.0,남성,2023-04-05 00:20:55,,True,0,travel,하의,LARGE,,2023,4,5,수,5,미응답,,,,,,,,,,,,,,,,
3048775,41383620,style,핵신우,트레블 벌써 4개정도 구매하고있는데 역시 믿고 구매하는 브랜드입니다,5.0,False,LARGE,181.0,75.0,남성,2023-04-05 00:20:16,,True,0,travel,하의,LARGE,,2023,4,5,수,5,미응답,,,,,,,,,,,,,,,,
3048775,41370717,style,yxm_nu,정말 이쁘게 잘 입고 다니고 있습니다. 감사합니다.,5.0,False,MEDIUM,180.0,76.0,남성,2023-04-04 20:34:40,,True,3,travel,하의,MEDIUM,,2023,4,4,화,5,미응답,,,,,,,,,,,,,,,,
3048775,41369035,goods,아늑한쿠바플라워,짱 얇아서 여름에 입기 좋을 거 같아요 밑에 쪼이는 것도 입어서 힙해요,5.0,False,LARGE,200.0,30.0,여성,2023-04-04 20:04:29,,False,0,travel,하의,LARGE,,2023,4,4,화,5,미응답,,,,,,,,,,,,,,,,
3048775,41221249,style,줘뻥,트래블 브랜드 가격대비 퀄리티가 매우 좋습니다. 앞으로도 자주 이용할꺼같네요.,5.0,False,LARGE,180.0,73.0,남성,2023-03-31 18:01:45,,True,25,travel,하의,LARGE,,2023,3,31,금,5,미응답,,,,,,,,,,,,,,,,
3048775,41196763,goods,적립금 악당,얇아서 다 비치긴 해요 벌룬핏 개굿 원하는 핏 크게 사서 조여서 입어요. 조이니까 허리 선 아픔 ㅠ ,5.0,False,LARGE,180.0,65.0,남성,2023-03-30 23:50:24,,False,1,travel,하의,LARGE,,2023,3,30,목,5,미응답,,,,,,,,,,,,,,,,
3048775,41196756,photo,적립금 악당,얇아서 다 비치긴 해요 벌룬핏 개굿 원하는 핏 크게 사서 조여서 입어요. 조이니까 허리 선 아픔 ㅠ ,5.0,False,LARGE,180.0,65.0,남성,2023-03-30 23:50:12,,True,1,travel,하의,LARGE,,2023,3,30,목,5,미응답,,,,,,,,,,,,,,,,
3048775,41196737,style,적립금 악당,얇아서 다 비치긴 해요 벌룬핏 개굿 원하는 핏 크게 사서 조여서 입어요. 조이니까 허리 선 아픔 ㅠ ,5.0,False,LARGE,180.0,65.0,남성,2023-03-30 23:49:53,,True,1,travel,하의,LARGE,,2023,3,30,목,5,미응답,,,,,,,,,,,,,,,,
3048775,41010192,style,_.Choy,이정도 가격에 이만한 팬츠 보기 힘듭니다..꼭 사세요 다들..,5.0,False,SMALL,175.0,59.0,남성,2023-03-27 00:21:15,,True,2,travel,하의,SMALL,,2023,3,27,월,5,미응답,,,,,,,,,,,,,,,,
3048775,41010207,goods,_.Choy,정말 와이드하게 입고싶으신 분들은 한치수 업 추천드러요 !,5.0,False,SMALL,175.0,59.0,남성,2023-03-26 19:07:58,,False,0,travel,하의,SMALL,,2023,3,26,일,5,미응답,,,,,,,,,,,,,,,,
3048775,40884189,photo,벼랑에선전주엣지,카고팬츠 성공해본적 한번도 없었는데 처음 성공했어요 검정색 사러갑니다!,5.0,False,MEDIUM,161.0,100.0,여성,2023-03-23 17:24:00,,True,0,travel,하의,MEDIUM,,2023,3,23,목,5,미응답,,,,,,,,,,,,,,,,
3048775,40884156,goods,벼랑에선전주엣지,카고팬츠 성공해본적 한번도 없었는데 처음 성공했어요 검정색 사러갑니다!,5.0,False,MEDIUM,161.0,100.0,여성,2023-03-23 17:23:16,,False,0,travel,하의,MEDIUM,,2023,3,23,목,5,미응답,,,,,,,,,,,,,,,,
3048775,40484669,photo,습킼큐,귀여워요 쏘 큐티~ 트래블 바지 진짜 잘만드는 것 같아유,5.0,False,MEDIUM,165.0,60.0,여성,2023-03-13 21:46:25,,True,0,travel,하의,MEDIUM,,2023,3,13,월,5,미응답,,,,,,,,,,,,,,,,
3048775,40483904,goods,습킼큐,바지가 꽤 크게 나와서 마른분들은 S사도 될듯.. M도 다른데 L수준..!,5.0,False,MEDIUM,165.0,60.0,여성,2023-03-13 21:27:28,,False,0,travel,하의,MEDIUM,,2023,3,13,월,5,미응답,,,,,,,,,,,,,,,,
﻿4756930,86807357,general,대담한대학로구두,디자인도 괜찮고 널널해서 편하게 입기 좋습니다,5.0,False,MEDIUM,170.0,80.0,남성,2026-08-08 11:24:44,사이즈: 정사이즈 / 화면 대비 색감: 화면과 비슷 / 퀄리티: 좋음 / 신축성: 강함,False,0,travel,하의,MEDIUM,,2026,8,8,토,5,응답,정사이즈,화면과 비슷,좋음,,,강함,,4.0,,4.0,,,0.0,0.0,0.0,0.0
4756930,86733933,style,자유바라기,편하게 잘 입고 있어요 아무 티에나 잘 받아 여러므로 입고 있어요,5.0,False,MEDIUM,171.0,54.0,남성,2026-08-04 17:28:11,사이즈: 정사이즈 / 화면 대비 색감: 화면과 비슷 / 퀄리티: 보통 / 신축성: 거의 없음,True,0,travel,하의,MEDIUM,,2026,8,4,화,5,응답,정사이즈,화면과 비슷,보통,,,거의 없음,,3.0,,2.0,,,0.0,0.0,0.0,0.0
﻿3225623,51916653,goods,와썹브로~,일부러 무릎아래로 내려오게 입고싶어서 큰거샀는데 역시나 밑으로 내려오고 핏도좋고 통큰거에비해 허리는 고무줄이어서 흘러내리진않아요 ,5.0,False,LARGE,,,missing,2023-11-27 21:06:03,,False,0,travel,하의,LARGE,,2023,11,27,월,5,미응답,,,,,,,,,,,,,,,,
3225623,51427926,photo,구리당당당당당,디자인 너무 예쁘고 잘 샀다고 생각합니더 휘뚜루 마뚜루 짱짱 템! 원하는 사이즈 품절이라 걍 튼거 삿는데 하나도 아쉬운점 없고 큰거 나름대로의 굳~  이 가격에 개꿀,5.0,False,LARGE,162.0,53.0,여성,2023-11-21 20:18:44,,True,0,travel,하의,LARGE,,2023,11,21,화,5,미응답,,,,,,,,,,,,,,,,
3225623,51421456,goods,상여자박두팔,살짝 두깨감 있는 편이고 길이는 딱 후드티랑 입으면 예쁠 것 같은 조금 긴 6부..?? 정도의 기장인 것 같습니다,3.0,False,LARGE,158.0,60.0,여성,2023-11-21 18:25:45,,False,0,travel,하의,LARGE,,2023,11,21,화,3,미응답,,,,,,,,,,,,,,,,
3225623,50868272,goods,스윗한핫핑크무드,아 일단 이뻐요 이쁘고 딱 사진나온대로긴한데 생각보다 두꺼워서 계절감 애매한,5.0,False,LARGE,165.0,57.0,여성,2023-11-09 09:00:54,,False,0,travel,하의,LARGE,,2023,11,9,목,5,미응답,,,,,,,,,,,,,,,,
3225623,49947591,goods,Inoutttt,허리땜에 스몰샀는데 핏이 라지 살껄 그랬나봐요 ㅜㅠ 제가 입으니깐 학교 체육복 같더라고요ㅠㅠ 그래도 잘 입겠슺니다,5.0,False,SMALL,162.0,56.5,missing,2023-10-20 12:13:18,,False,0,travel,하의,SMALL,,2023,10,20,금,5,미응답,,,,,,,,,,,,,,,,
3225623,49357533,style,옷플릭스,가볍게 입을수 잇는 바지입니다 편합니다 정말 스트릿합니다,5.0,False,LARGE,173.0,86.0,남성,2023-10-08 10:40:15,,True,0,travel,하의,LARGE,,2023,10,8,일,5,미응답,,,,,,,,,,,,,,,,
3225623,49357505,photo,옷플릭스,약간 학교 체육복 느낌도 나지만 이쁩니다  동네에서 편하게 입을수 잇는룩입니다,5.0,False,LARGE,173.0,86.0,남성,2023-10-08 10:39:18,,True,0,travel,하의,LARGE,,2023,10,8,일,5,미응답,,,,,,,,,,,,,,,,
3225623,49357446,goods,옷플릭스,사이즈가 딱 좋네요 힙합을 좋하신다면 강추입니다,5.0,False,LARGE,173.0,80.0,남성,2023-10-08 10:37:47,,False,0,travel,하의,LARGE,,2023,10,8,일,5,미응답,,,,,,,,,,,,,,,,
3225623,49061062,goods,듀징우,예쁘고 탄탄해요 오래 입을 수 있을 것 같아요 허리 접어 입어도 예쁘고 기장도 마음에 듭니다~,4.0,False,LARGE,168.0,57.0,여성,2023-10-03 01:03:18,,False,0,travel,하의,LARGE,,2023,10,3,화,4,미응답,,,,,,,,,,,,,,,,
3225623,48979012,goods,Hurler,조금 두꺼운재질이라서 날씨잘맞춰서 입어야할듯 그치만 예쁩니다,5.0,False,LARGE,174.0,55.0,여성,2023-09-30 20:29:09,,False,0,travel,하의,LARGE,,2023,9,30,토,5,미응답,,,,,,,,,,,,,,,,
3225623,48943442,goods,규그규,생각보다 두꺼워요 근데 너무너무 편해서 거의 교복마냥 입고 다녀요 ,5.0,False,LARGE,165.0,60.0,여성,2023-09-29 16:54:46,,False,0,travel,하의,LARGE,,2023,9,29,금,5,미응답,,,,,,,,,,,,,,,,
3225623,48890635,goods,깐귤.,로우라이즈로 입으면 이쁜 츄리닝 바지 같아요 너무 짧지 않고 길지 않은 적당한 길이여서 좋습니다,5.0,False,SMALL,167.0,57.0,여성,2023-09-27 23:36:37,,False,0,travel,하의,SMALL,,2023,9,27,수,5,미응답,,,,,,,,,,,,,,,,
3225623,48803980,goods,어엉아어옹,아주 좋습니다 품질도 좋고 되게 부드럽네여 앞으로 자주 구매 할 예정!,5.0,False,LARGE,162.0,54.0,남성,2023-09-26 01:55:27,,False,0,travel,하의,LARGE,,2023,9,26,화,5,미응답,,,,,,,,,,,,,,,,
3225623,48557735,goods,김아깽,큰사이즈 밖에 없어도 큰거 사세요 후회안합니당ㅎㅎ,5.0,False,LARGE,168.0,52.0,여성,2023-09-20 14:13:35,,False,0,travel,하의,LARGE,,2023,9,20,수,5,미응답,,,,,,,,,,,,,,,,
3225623,48557657,photo,김아깽,작은 사이즈가 없어서 다들 큰거 삿길래 그냥 큰거 삿는데 꽤나 만족합니다ㅎㅎ 다만 밑단이 자갈치로 약간 뻗치는거 빼곤요 ,5.0,False,LARGE,168.0,52.0,여성,2023-09-20 14:11:36,,True,0,travel,하의,LARGE,,2023,9,20,수,5,미응답,,,,,,,,,,,,,,,,
3225623,48285691,style,썽뚜,조금 커요.... 제가 키가 작아서 그런지 너무 핏이 크네여,3.0,False,SMALL,158.0,48.0,여성,2023-09-13 11:09:45,,True,0,travel,하의,SMALL,,2023,9,13,수,3,미응답,,,,,,,,,,,,,,,,
3225623,48285545,goods,썽뚜,사이즈가 진짜 큰데...... 핏이 애매하네요!!! 제가 키가 작아서 그런디 너무 어벙벙해여,3.0,False,SMALL,158.0,48.0,여성,2023-09-13 11:04:14,,False,0,travel,하의,SMALL,,2023,9,13,수,3,미응답,,,,,,,,,,,,,,,,
3225623,48074374,photo,너도할수있어,기장 길게 좋고 사이드 라인이랑 로고 예뻐요 반팔 긴팔 아래 코디 편하고 포인트 주기 딱이에요,5.0,False,LARGE,177.0,74.0,남성,2023-09-07 13:55:52,,True,0,travel,하의,LARGE,,2023,9,7,목,5,미응답,,,,,,,,,,,,,,,,
3225623,48054213,goods,Lea-K,생각보다 통이 좁고 학교 체육복 같은 느낌이 들어요 상의랑 잘 매치하면 예쁘게 입을 수 있을 것 같아요,4.0,False,LARGE,168.0,55.0,여성,2023-09-06 22:03:56,,False,0,travel,하의,LARGE,,2023,9,6,수,4,미응답,,,,,,,,,,,,,,,,
3225623,47915698,goods,skkupit,생각보다 두꺼워서 여름에 입기는 좀 그렇고 가을에 입으면 좋을 듯,5.0,False,LARGE,170.0,62.0,여성,2023-09-03 10:46:25,,False,0,travel,하의,LARGE,,2023,9,3,일,5,미응답,,,,,,,,,,,,,,,,
3225623,47768787,goods,변함없는부산조끼,편하게 입기 좋은것 같아요.다만 두께가 좀 있어요,4.0,False,LARGE,162.0,52.0,여성,2023-08-30 19:41:45,,False,0,travel,하의,LARGE,,2023,8,30,수,4,미응답,,,,,,,,,,,,,,,,
3225623,47486808,goods,놀라운오렌지셔링,어정쩡한 길이이면 어쩌나 걱정했는데... 의외로 코디하기도 쉽고 아주 잘 입고 있어요.,5.0,False,LARGE,175.0,50.0,여성,2023-08-23 23:03:44,,False,0,travel,하의,LARGE,,2023,8,23,수,5,미응답,,,,,,,,,,,,,,,,
3225623,47472196,goods,미당,재질이랑 두께감 색감 너무 맘에들어오 힙한데 편하게 입을수있어요,5.0,False,LARGE,175.0,75.0,남성,2023-08-23 17:42:36,,False,0,travel,하의,LARGE,,2023,8,23,수,5,미응답,,,,,,,,,,,,,,,,
3225623,47459469,style,프라이진,골반에 걸쳐입으면 너무 길 것 같아요 배꼽 위까지 엡어야 저 기장 나오네요 M이 품절인데 너무너무 갖고싳어서 L라도 산거거든요 만족합니다 한여름에 입기엔 좀 두꺼워요,5.0,False,LARGE,158.0,64.0,여성,2023-08-23 12:43:29,,True,2,travel,하의,LARGE,,2023,8,23,수,5,미응답,,,,,,,,,,,,,,,,
3225623,47303391,goods,단호한전주일자핏,디자인 그대로고 m사이즈가 품절 되어서 L사이즈로 시켰는데 조금 크긴해도 이건 이거대로 예쁘네요 생각보다 두꺼운 재질이라 날이 더 풀리면 입어야 겠어용,5.0,False,LARGE,158.0,53.0,여성,2023-08-19 06:38:20,,False,1,travel,하의,LARGE,,2023,8,19,토,5,미응답,,,,,,,,,,,,,,,,
3225623,47277096,photo,두부상인울산룩,길이도 적당하고 디자인도 이쁜데 진짜 커요 제가 큰데 옷은 더 커요,4.0,False,LARGE,172.0,70.0,여성,2023-08-18 13:14:39,,True,2,travel,하의,LARGE,,2023,8,18,금,4,미응답,,,,,,,,,,,,,,,,
3225623,47277079,goods,두부상인울산룩,길이도 적당하고 디자인도 이쁜데 진짜 커요 제가 큰데 옷은 더 커요,4.0,False,LARGE,172.0,70.0,여성,2023-08-18 13:13:57,,False,1,travel,하의,LARGE,,2023,8,18,금,4,미응답,,,,,,,,,,,,,,,,
3225623,46974287,style,퉹투애투앵,모델핏처럼 입으러몬 라지 선택이 옳앗습니다! 골반에 걸처입으니 완정 굿이구요 후기보니 엄청 두꺼운줄 알았는데 보기에 비해 많이 두껍지않았습니다! 그래도 덥긴하겠지만 크롭티에 입으니 완전 찰떡 만족합니당,5.0,False,LARGE,166.0,53.0,여성,2023-08-09 19:31:46,,True,3,travel,하의,LARGE,,2023,8,9,수,5,미응답,,,,,,,,,,,,,,,,
3225623,46678753,goods,민콩이술픔,사이즈는 큰 편이고 너무 맘에ㅡ들어요 이쁘네요 만족ㅎㅎ,5.0,False,LARGE,168.0,60.0,여성,2023-08-01 15:06:27,,False,0,travel,하의,LARGE,,2023,8,1,화,5,미응답,,,,,,,,,,,,,,,,
3225623,46593072,goods,어엉아어옹,이 상품 너무 멋지네요 앞으로 자주 구매할 예정입니다,5.0,False,LARGE,162.0,54.0,남성,2023-07-29 20:05:22,,False,0,travel,하의,LARGE,,2023,7,29,토,5,미응답,,,,,,,,,,,,,,,,
3225623,46568810,photo,프라이진,반바지이긴한데 너무 두꺼워서 간절기에 입어야될 것 같아요 여름에 입으면 땀띠날듯 디자인같은건 맘에 듭니다,5.0,False,LARGE,158.0,64.0,여성,2023-07-28 23:44:05,,True,0,travel,하의,LARGE,,2023,7,28,금,5,미응답,,,,,,,,,,,,,,,,
3225623,46568793,goods,프라이진,반바지이긴한데 너무 두꺼워서 간절기에 입어야될 것 같아요 여름에 입으면 땀띠날듯 디자인같은건 맘에 듭니다,5.0,False,LARGE,158.0,64.0,여성,2023-07-28 23:43:32,,False,0,travel,하의,LARGE,,2023,7,28,금,5,미응답,,,,,,,,,,,,,,,,
3225623,46495246,goods,지헤쨩짱,길이도 이쁘고 핏도 딱 원하는 핏이여서 진짜 마음에 들어요 여름에 크롭탑이랑 입었을때 가장 편하고 이쁜것 같아요,5.0,False,SMALL,164.0,55.0,여성,2023-07-26 23:49:19,,False,0,travel,하의,SMALL,,2023,7,26,수,5,미응답,,,,,,,,,,,,,,,,
3225623,46427675,goods,나가나다라마바사,생각보다 더 두꺼워서 여름에 입기에는 더워요. 옆 문구가 하늘색이라서 옷입기 조금 까다로워요. 그래도 예쁘긴합니다.,4.0,False,LARGE,158.0,123.0,여성,2023-07-25 15:40:18,,False,0,travel,하의,LARGE,,2023,7,25,화,4,미응답,,,,,,,,,,,,,,,,
3225623,46401089,goods,청량한발리펫웨어,딸이 사달래서 사줬는데 평범한듯 특이하네요. 입으니 이쁩니다.,5.0,False,LARGE,163.0,52.0,여성,2023-07-24 20:28:03,,False,0,travel,하의,LARGE,,2023,7,24,월,5,미응답,,,,,,,,,,,,,,,,
3225623,46401042,photo,청량한발리펫웨어,딸이 사달래서 사줬는데 평범한듯 특이하네요. 입으니 이쁩니다.,5.0,False,LARGE,163.0,52.0,여성,2023-07-24 20:26:44,,True,0,travel,하의,LARGE,,2023,7,24,월,5,미응답,,,,,,,,,,,,,,,,
3225623,46377475,style,배곱덥덥,사이즈는엄청크지만그래도예쁨 두께는어마어마함 내기준 한여름에쪄죽음 더위를마니타서 예쁘니까참음 건조기돌리지마시오,5.0,False,SMALL,160.0,46.0,여성,2023-07-24 02:45:18,,True,3,travel,하의,SMALL,,2023,7,24,월,5,미응답,,,,,,,,,,,,,,,,
3225623,46352144,goods,qnqb,귀엽습니다 ...모델이랑 키가 같아서 모델이입은 S사이즈 없어서 망설이다가 그냥 L 샀는데 L도 잘맞네요,5.0,False,LARGE,168.0,60.0,여성,2023-07-23 14:49:20,,False,0,travel,하의,LARGE,,2023,7,23,일,5,미응답,,,,,,,,,,,,,,,,
3225623,46352117,photo,qnqb,아주즇습니다. 재질도탄탄하고 귀엽네요. 가성비도 좋은듯. 나름좋은소비였읍니다 ... 줄이랑글자부분이 흰색인줄 알았는데 파래요 참고하세욤,5.0,False,LARGE,168.0,60.0,여성,2023-07-23 14:48:27,,True,0,travel,하의,LARGE,,2023,7,23,일,5,미응답,,,,,,,,,,,,,,,,
3225623,46352047,style,qnqb,사이즈 좋습니다 다들 S품절된거 아쉬워하던데 전 L사길 잘했다는 생각 드네욤 망설이고있다면 L이라도 사시길,5.0,False,LARGE,168.0,60.0,여성,2023-07-23 14:46:07,,True,6,travel,하의,LARGE,,2023,7,23,일,5,미응답,,,,,,,,,,,,,,,,
3225623,46330113,goods,무신사숙녀여러붐,사이즈 넉넉하고 좋아요ㅋ 밴딩이라 아주 편하네요ㅋ 무릎아래로 오는 기장,5.0,False,LARGE,163.0,100.0,여성,2023-07-22 20:58:44,,False,0,travel,하의,LARGE,,2023,7,22,토,5,미응답,,,,,,,,,,,,,,,,
3225623,46115227,photo,강한서울숲모델,반바지인데 생각보다 도톰해요 세탁해도 막입기좋고 운동할때입기편해요 28골반잇는데 꽤낙낙해도 입엇을때 너무 부하지않아서좋아요,5.0,False,LARGE,168.0,60.0,여성,2023-07-17 19:24:17,,True,0,travel,하의,LARGE,,2023,7,17,월,5,미응답,,,,,,,,,,,,,,,,
3225623,46028082,goods,정겨운멜란지치마,디자인 예프고 색갈이뻐요 그리고 딱 길이 이만한거 찾고있었는데 득템,5.0,False,LARGE,155.0,53.0,여성,2023-07-15 14:47:21,,False,0,travel,하의,LARGE,,2023,7,15,토,5,미응답,,,,,,,,,,,,,,,,
3225623,46028051,photo,정겨운멜란지치마,와 라지 산거 너무좋음 통넓고 큰 반바지 원했는데 너무이ㅃㄷㅁ,5.0,False,LARGE,155.0,53.0,여성,2023-07-15 14:46:33,,True,0,travel,하의,LARGE,,2023,7,15,토,5,미응답,,,,,,,,,,,,,,,,
3225623,46027617,goods,요즘대세노랑착장,배송이 일단 완전 빨라요! 맘에 들어서 다른컬러도 또 구매했습니다 ~ 너무 맘에 들어요,5.0,False,LARGE,165.0,65.0,여성,2023-07-15 14:36:25,,False,0,travel,하의,LARGE,,2023,7,15,토,5,미응답,,,,,,,,,,,,,,,,
3225623,45905264,goods,이방인__,아주좋습니다아주좋습니다아주좋아요아주아주,5.0,False,LARGE,175.0,58.0,남성,2023-07-12 19:21:56,,False,0,travel,하의,LARGE,,2023,7,12,수,5,미응답,,,,,,,,,,,,,,,,
3225623,45720999,goods,Frooggy,두껍지만 통이 커서 편하고 좋어요 저주 입어요 요즘에,5.0,False,LARGE,171.0,66.0,여성,2023-07-08 12:13:08,,False,0,travel,하의,LARGE,,2023,7,8,토,5,미응답,,,,,,,,,,,,,,,,
3225623,45699661,style,섬세한합정버킷햇,아주 편하고 원단도 좋아요 재구매할 의사가 있습니다 ,5.0,False,LARGE,168.0,65.0,여성,2023-07-07 19:41:32,,True,2,travel,하의,LARGE,,2023,7,7,금,5,미응답,,,,,,,,,,,,,,,,
3225623,45343884,style,강춘봉님,여름에 편하고 예쁘게 입을수있을거같아 구매했는데 가격도 재질도 너무 좋네요 얇지않지만 그만큼 탄탄,5.0,False,SMALL,153.0,49.0,여성,2023-07-01 10:03:14,,True,5,travel,하의,SMALL,,2023,7,1,토,5,미응답,,,,,,,,,,,,,,,,
3225623,45245605,goods,lynzzan,색 조화도 이쁘고 편하게 마실 나갈때 입어요 두쎄감은 있지만 통이 커서 괜찮아요,5.0,False,LARGE,171.0,55.0,여성,2023-06-29 20:15:58,,False,0,travel,하의,LARGE,,2023,6,29,목,5,미응답,,,,,,,,,,,,,,,,
3225623,45115776,goods,뚊뚊뚊뚊뚊,저 정도 체형에도 널널하게 맞아요! 안감은 약간 까슬까슬한? 재질이에요 생각보다 두껍지만 더위 많이 타는 편이 아니니시면 여름에도 잘 입고 다닐 수 있을 것 같아요!!,5.0,False,SMALL,158.0,70.0,여성,2023-06-28 00:00:32,,False,0,travel,하의,SMALL,,2023,6,28,수,5,미응답,,,,,,,,,,,,,,,,
3225623,44856822,photo,lynzzan,오버핏이고 디자인이 넘 이뻐요 특히 색조합 최고,5.0,False,LARGE,189.0,70.0,남성,2023-06-23 17:14:58,,True,0,travel,하의,LARGE,,2023,6,23,금,5,미응답,,,,,,,,,,,,,,,,
3225623,44636149,goods,성공적인니스패드,편하긴한데 옷받쳐 입기가 은근 어려네요. 잘 입도록 하겠습니다 ,4.0,False,SMALL,162.0,56.0,여성,2023-06-18 13:38:38,,False,0,travel,하의,SMALL,,2023,6,18,일,4,미응답,,,,,,,,,,,,,,,,
3225623,44502963,photo,망키뭉키캉키,가격대비 재질도 좋고 핏도 원하는 핏이라 너무 마음에 들어요,5.0,False,SMALL,162.0,48.0,여성,2023-06-14 16:20:44,,True,0,travel,하의,SMALL,,2023,6,14,수,5,미응답,,,,,,,,,,,,,,,,
3225623,44502869,goods,망키뭉키캉키,상품 너무 예쁘고 만족스러워요 핑크색도 살까 고민중입니다,5.0,False,SMALL,162.0,48.0,여성,2023-06-14 16:18:26,,False,0,travel,하의,SMALL,,2023,6,14,수,5,미응답,,,,,,,,,,,,,,,,
3225623,44458143,goods,흐르는쿠바플라워,핑크 사서 맘에 들어 블랙도 구입 했어요 요즘 편하게 딱 입고 다니기 좋고 암래도 길이감이 있어서 무게는 조금 있지만 뛰어도 크게 불편하지 않을 정도에요,5.0,False,SMALL,157.0,48.0,여성,2023-06-13 15:27:04,,False,2,travel,하의,SMALL,,2023,6,13,화,5,미응답,,,,,,,,,,,,,,,,
3225623,44346213,goods,섬세한합정버킷햇,넉넉합니다 재구매할 의사가 있습니다 추천합니다 ,5.0,False,LARGE,168.0,65.0,여성,2023-06-10 14:25:20,,False,0,travel,하의,LARGE,,2023,6,10,토,5,미응답,,,,,,,,,,,,,,,,
3225623,44346191,photo,섬세한합정버킷햇,넉넉합니다 재구매할 의사가 있습니다 추천합니다 ,5.0,False,LARGE,168.0,65.0,여성,2023-06-10 14:24:46,,True,0,travel,하의,LARGE,,2023,6,10,토,5,미응답,,,,,,,,,,,,,,,,
3225623,44295157,goods,마라카,무릎 밑으로 내려입고싶어서  일부러 큰 사이즈 샀는데 고무줄 조이면 안흘러내려요 예뿝니다,5.0,False,LARGE,158.0,48.0,여성,2023-06-09 06:11:46,,False,0,travel,하의,LARGE,,2023,6,9,금,5,미응답,,,,,,,,,,,,,,,,
3225623,44249166,goods,9ooii,진짜 색감 너무 예쁘고 고민 많이 했는데 구매하길 잘했네요 꼭 구매하세요 ㅎㄹ,5.0,False,SMALL,154.0,59.0,여성,2023-06-08 04:10:11,,False,0,travel,하의,SMALL,,2023,6,8,목,5,미응답,,,,,,,,,,,,,,,,
3225623,44069751,style,성공적인니스패드,어두운 색이라 먼지가 붙은게 티가 나긴합니다만 스타일은 편함은 굿입니다^^,5.0,False,SMALL,162.0,56.0,여성,2023-06-03 17:23:47,,True,2,travel,하의,SMALL,,2023,6,3,토,5,미응답,,,,,,,,,,,,,,,,
3225623,44008630,goods,빨간토마토갱갱,너무 이뻐서 트래블 바지 하나 더 샀어요 디테일도 좋고 이뻐요,5.0,False,SMALL,168.0,63.0,여성,2023-06-02 08:57:05,,False,0,travel,하의,SMALL,,2023,6,2,금,5,미응답,,,,,,,,,,,,,,,,
3225623,44007759,goods,문냐밍,73이하면 무조건 스몰사세요 라지 짱크고 짱긺 ,5.0,False,SMALL,161.0,60.0,여성,2023-06-02 08:19:49,,False,0,travel,하의,SMALL,,2023,6,2,금,5,미응답,,,,,,,,,,,,,,,,
3225623,44007749,photo,문냐밍,별로 안크겠지 하고 라지 시켰다가 바로 반품했습니다.. 스몰 너무예쁘네요 라지는 73이상이 시키셔야할듯 스몰 진짜예뻐요,5.0,False,SMALL,161.0,60.0,여성,2023-06-02 08:19:17,,True,1,travel,하의,SMALL,,2023,6,2,금,5,미응답,,,,,,,,,,,,,,,,
3225623,43978278,goods,다양한영국펜던트,시원한 재질이 아닌 일반 면으로 만들어서 한여름에 입기에는 다소 더운 느낌이 있겠지만 바지 자체는 널널한 편입니다 하늘색 포인트가 눈에 띄고 허리에 맞춰입으면 무릎까지 오는 기장입니다 통이 넓어서 편하게 입기 좋아요,4.0,False,SMALL,163.0,60.0,여성,2023-06-01 18:06:48,,False,0,travel,하의,SMALL,,2023,6,1,목,4,미응답,,,,,,,,,,,,,,,,
3225623,43962585,photo,토끼넘버201,바지 진짜 귀여워요 두께 도톰하고 부들부들해요 164 기준 무릎 중간 좀 아래에 와요 ,5.0,False,LARGE,164.0,60.0,여성,2023-06-01 11:41:59,,True,1,travel,하의,LARGE,,2023,6,1,목,5,미응답,,,,,,,,,,,,,,,,
3225623,43962551,goods,토끼넘버201,바지 진짜 귀여워요 딱 무릎 중간쯤 걸쳐서 귀여워요 ,5.0,False,LARGE,164.0,60.0,여성,2023-06-01 11:40:58,,False,0,travel,하의,LARGE,,2023,6,1,목,5,미응답,,,,,,,,,,,,,,,,
3225623,43919992,goods,biny823,색감이 상당히 맘에 드네요 핏도 굿굿 포인트용으로 좋아요,5.0,False,LARGE,171.0,58.0,남성,2023-05-31 16:17:14,,False,0,travel,하의,LARGE,,2023,5,31,수,5,미응답,,,,,,,,,,,,,,,,
3225623,43886863,goods,순수한방배패션쇼,나쁘지 않아요 다 두껍다고 해서 좀 겁먹었는데 딱히??,4.0,False,SMALL,173.0,63.0,여성,2023-05-30 21:47:51,,False,0,travel,하의,SMALL,,2023,5,30,화,4,미응답,,,,,,,,,,,,,,,,
3225623,43885774,photo,순수한방배패션쇼,색감이 쫌 찐하고 남색이라서 애들이 자꾸 학교 체육복 같다고 합니다&hellip;ㅜ 하지만 자기만족느로 입어요,5.0,False,SMALL,173.0,63.0,여성,2023-05-30 21:30:51,,True,0,travel,하의,SMALL,,2023,5,30,화,5,미응답,,,,,,,,,,,,,,,,
3225623,43885528,style,순수한방배패션쇼,음 모델핏이랑 좀 달라서 당황했어요 제가 입으니까 끝이 너무 올라간 느낌? 근데 끝에만 올라가서 자갈치 모양같아서 좀 웃기긴 했지만 좀 입다보면 괜찮아집니다,4.0,False,SMALL,173.0,63.0,여성,2023-05-30 21:27:13,,True,8,travel,하의,SMALL,,2023,5,30,화,4,미응답,,,,,,,,,,,,,,,,
3225623,43850490,photo,배곱덥덥,맘에드러서깔별로가지고있음 사이즈는큰데예뻐서입음,5.0,False,SMALL,160.0,46.0,여성,2023-05-30 01:30:16,,True,0,travel,하의,SMALL,,2023,5,30,화,5,미응답,,,,,,,,,,,,,,,,
3225623,43581304,goods,뿡빵뿡빵빠레,모델이랑 키 차이가 별로 안나서 같은 사이즈로 샀는데 딱 무릎 위까지 오네요..ㅎㅎ 나름 만족합니다,5.0,False,SMALL,170.0,58.0,여성,2023-05-24 08:12:58,,False,0,travel,하의,SMALL,,2023,5,24,수,5,미응답,,,,,,,,,,,,,,,,
3225623,43289943,photo,얌미얌밍,생각보다 두꺼워서 한여름에는 못 입을 것 같지만 너무 귀여워요🩵✨,5.0,False,LARGE,163.0,51.0,여성,2023-05-18 14:33:59,,True,0,travel,하의,LARGE,,2023,5,18,목,5,미응답,,,,,,,,,,,,,,,,
3225623,43266554,goods,얌미얌밍,크게 입고 싶어서 L로 했더니 무릎 밑까지 와서 넘 만족합니다.. 내가 원하던 핏 그대로야..🥹✨,5.0,False,LARGE,163.0,51.0,여성,2023-05-17 23:23:50,,False,0,travel,하의,LARGE,,2023,5,17,수,5,미응답,,,,,,,,,,,,,,,,
﻿5296565,86722267,general,9q9q9q,살까 말까 고민 오래 하다가 샀는데 귀여워요 뒷주머니에 별 포인트가 특히 귀엽습니다,5.0,False,MEDIUM,170.0,55.0,여성,2026-08-03 23:15:31,사이즈: 정사이즈 / 화면 대비 색감: 화면과 비슷 / 퀄리티: 보통 / 신축성: 적당함,True,0,travel,하의,MEDIUM,,2026,8,3,월,5,응답,정사이즈,화면과 비슷,보통,,,적당함,,3.0,,3.0,,,0.0,0.0,0.0,0.0
﻿5960540,86775679,general,포괄적인로마모자,체크포인트가 너무 이쁜거 같습니다 꼭사세요 후회안하실겁니다,5.0,False,L,192.0,84.0,남성,2026-08-06 15:47:41,사이즈: 조금 큼 / 화면 대비 색감: 화면과 비슷 / 퀄리티: 보통 / 신축성: 적당함,False,0,travel,하의,L,,2026,8,6,목,5,응답,조금 큼,화면과 비슷,보통,,,적당함,,3.0,,3.0,,,1.0,1.0,0.0,0.0
﻿6204815,86713647,general,민초먹는중맛있ㄱ,색감ㅇㅣ너무 이쁘고 핏도 이뻐요 좀 커서 거의 골반에 걸쳐지는데 좋음,5.0,False,S,159.0,45.0,여성,2026-08-03 15:35:22,사이즈: 많이 큼 / 화면 대비 색감: 어두움 / 퀄리티: 좋음 / 신축성: 적당함,True,0,travel,하의,S,,2026,8,3,월,5,응답,많이 큼,어두움,좋음,,,적당함,,4.0,,3.0,,,2.0,2.0,-1.0,1.0
﻿6204819,86756493,general,내가있자나,뒤에 프린팅이 너무 예뻐서 샀는데 실물도 진짜 예쁜 거 같고 완전 힙해요!!,5.0,False,S,163.0,57.0,여성,2026-08-05 16:39:13,사이즈: 정사이즈 / 화면 대비 색감: 화면과 비슷 / 퀄리티: 보통 / 신축성: 적당함,False,0,travel,하의,S,,2026,8,5,수,5,응답,정사이즈,화면과 비슷,보통,,,적당함,,3.0,,3.0,,,0.0,0.0,0.0,0.0
