goodsNo,리뷰번호,리뷰타입,작성자,리뷰내용,평점,체험단,구매옵션,키,몸무게,성별,작성일,만족도,사진유무,도움돼요,브랜드,카테고리,구매사이즈,구매상세,연도,월,일,요일,평점_raw,만족도_응답여부,사이즈,화면대비색감,퀄리티,구김,색감,신축성,두께감,보온성,퀄리티_점수,보온성_점수,신축성_점수,두께감_점수,구김_점수,사이즈_편차,사이즈_편차절대,화면대비색감_편차,화면대비색감_편차절대,색감_편차,색감_편차절대,리뷰내용_clean,리뷰내용_norm,laugh_count,cry_count,exclamation_count,question_count,emoji_count,has_repetition,text_length_orig,한글_글자수,전체_글자수,is_valid_for_topic
994588,86047943,general,스윗한리스본수트,가성비갑강추합니다 하나더사야겟어요 여름템,5.0,False,XL(린넨),181.0,100.0,남성,2026-07-04 22:28:44,사이즈: 정사이즈 / 화면 대비 색감: 화면과 비슷 / 퀄리티: 보통 / 구김: 약간 있음,True,0,filluminate,상의,XL,(린넨),2026,7,4,토,5,응답,정사이즈,화면과 비슷,보통,약간 있음,,,,,3.0,,,,3.0,0.0,0.0,0.0,0.0,,,가성비갑강추합니다 하나더사야겟어요 여름템,가성비갑강추합니다하나더사야겟어요여름템,0,0,0,0,0,False,22,20,22,True
994588,86021734,style,담백한피렌체후디,옷자체가 오버한 제품리라 제스펙에 보통 핏이면 사이즈는 한치수 작게 사는게 좋을것같아요,5.0,False,M(린넨),176.0,82.0,남성,2026-07-03 20:13:16,사이즈: 조금 큼 / 화면 대비 색감: 화면과 비슷 / 퀄리티: 보통 / 구김: 약간 있음,True,0,filluminate,상의,M,(린넨),2026,7,3,금,5,응답,조금 큼,화면과 비슷,보통,약간 있음,,,,,3.0,,,,3.0,1.0,1.0,0.0,0.0,,,옷자체가 오버한 제품리라 제스펙에 보통 핏이면 사이즈는 한치수 작게 사는게 좋을것같아요,옷자체가오버한제품리라제스펙에보통핏이면사이즈는한치수작게사는게좋을것같아요,0,0,0,0,0,False,48,38,48,True
994588,86021699,general,담백한피렌체후디,너무 비치지 않는 린넨셔츠라 마음에 들어요 카라는 좀 큽니다,5.0,False,M(린넨),176.0,82.0,남성,2026-07-03 20:11:42,사이즈: 조금 큼 / 화면 대비 색감: 화면과 비슷 / 퀄리티: 보통 / 구김: 약간 있음,True,0,filluminate,상의,M,(린넨),2026,7,3,금,5,응답,조금 큼,화면과 비슷,보통,약간 있음,,,,,3.0,,,,3.0,1.0,1.0,0.0,0.0,,,너무 비치지 않는 린넨셔츠라 마음에 들어요 카라는 좀 큽니다,너무비치지않는린넨셔츠라마음에들어요카라는좀큽니다,0,0,0,0,0,False,33,25,33,True
994588,85989570,general,Sky고래,구김은 조금 있으나 린넨 특성상 어쩔 수 없는것 같아요. 그래도 입었을 때 핏이 좋아서 만족합니다.,5.0,False,M(린넨),172.0,70.0,남성,2026-07-02 16:37:49,사이즈: 조금 큼 / 화면 대비 색감: 밝음 / 퀄리티: 좋음 / 구김: 많음,True,0,filluminate,상의,M,(린넨),2026,7,2,목,5,응답,조금 큼,밝음,좋음,많음,,,,,4.0,,,,2.0,1.0,1.0,1.0,1.0,,,구김은 조금 있으나 린넨 특성상 어쩔 수 없는것 같아요. 그래도 입었을 때 핏이 좋아서 만족합니다.,구김은조금있으나린넨특성상어쩔수없는것같아요그래도입었을때핏이좋아서만족합니다,0,0,0,0,0,False,55,39,55,True
994588,85989511,general,뻔뻔한민트마린룩,"린넨소재인데, 생각보다 묵직한 질감이라 여름에 입기에 더울 수도 있을것 같네요. 핏과 소재는 좋습니다.",3.0,False,M(린넨),177.0,68.0,남성,2026-07-02 16:35:22,사이즈: 정사이즈 / 화면 대비 색감: 화면과 비슷 / 퀄리티: 좋음 / 구김: 약간 있음,True,0,filluminate,상의,M,(린넨),2026,7,2,목,3,응답,정사이즈,화면과 비슷,좋음,약간 있음,,,,,4.0,,,,3.0,0.0,0.0,0.0,0.0,,,"린넨소재인데, 생각보다 묵직한 질감이라 여름에 입기에 더울 수도 있을것 같네요. 핏과 소재는 좋습니다.",린넨소재인데생각보다묵직한질감이라여름에입기에더울수도있을것같네요핏과소재는좋습니다,0,0,0,0,0,False,57,42,57,True
994588,85980379,general,단야밧,"기본 옥스포드 셔츠로 갖고 있기 좋아요 포멀하게도, 캐주얼하게도 가능할듯",5.0,False,L(옥스포드),177.0,78.0,남성,2026-07-02 09:53:59,사이즈: 조금 큼 / 화면 대비 색감: 화면과 비슷 / 퀄리티: 좋음 / 구김: 거의 없음,True,0,filluminate,상의,L,(옥스포드),2026,7,2,목,5,응답,조금 큼,화면과 비슷,좋음,거의 없음,,,,,4.0,,,,4.0,1.0,1.0,0.0,0.0,,,"기본 옥스포드 셔츠로 갖고 있기 좋아요 포멀하게도, 캐주얼하게도 가능할듯",기본옥스포드셔츠로갖고있기좋아요포멀하게도캐주얼하게도가능할듯,0,0,0,0,0,False,40,31,40,True
994588,85970022,general,comet19,여름에도 입기 좋은 긴팔 셔츠인것 같아요. 이너를 안 입어도 괜찮울것 같아요,4.0,False,L(린넨),179.0,60.0,남성,2026-07-01 21:36:43,사이즈: 조금 큼 / 화면 대비 색감: 밝음 / 퀄리티: 보통 / 구김: 거의 없음,True,0,filluminate,상의,L,(린넨),2026,7,1,수,4,응답,조금 큼,밝음,보통,거의 없음,,,,,3.0,,,,4.0,1.0,1.0,1.0,1.0,,,여름에도 입기 좋은 긴팔 셔츠인것 같아요. 이너를 안 입어도 괜찮울것 같아요,여름에도입기좋은긴팔셔츠인것같아요이너를안입어도괜찮울것같아요,0,0,0,0,0,False,42,31,42,True
994588,85959028,general,ㅈ ㅈ ㅈ ㅈ ㅈ,셔츠가 시원하고 카키반바지 위에 입으니 너무예뻐요,5.0,False,M(린넨),167.0,60.0,남성,2026-07-01 15:07:37,사이즈: 매우 작음 / 화면 대비 색감: 매우 밝음 / 퀄리티: 매우 나쁨 / 구김: 전혀 없음,False,0,filluminate,상의,M,(린넨),2026,7,1,수,5,응답,매우 작음,매우 밝음,매우 나쁨,전혀 없음,,,,,1.0,,,,5.0,-2.0,2.0,2.0,2.0,,,셔츠가 시원하고 카키반바지 위에 입으니 너무예뻐요,셔츠가시원하고카키반바지위에입으니너무예뻐요,0,0,0,0,0,False,27,22,27,True
994588,85953712,general,짜장인디,린넨치고 좀 두꺼운데 탄탄해서 좋아요 핏도 이쁘고 만족스럽습니다 짱,5.0,False,S(린넨),160.0,55.0,여성,2026-07-01 11:35:16,사이즈: 정사이즈 / 화면 대비 색감: 화면과 비슷 / 퀄리티: 보통 / 구김: 약간 있음,True,0,filluminate,상의,S,(린넨),2026,7,1,수,5,응답,정사이즈,화면과 비슷,보통,약간 있음,,,,,3.0,,,,3.0,0.0,0.0,0.0,0.0,,,린넨치고 좀 두꺼운데 탄탄해서 좋아요 핏도 이쁘고 만족스럽습니다 짱,린넨치고좀두꺼운데탄탄해서좋아요핏도이쁘고만족스럽습니다짱,0,0,0,0,0,False,37,29,37,True
994588,85953322,general,와이코,색깔은 괜찮은데 두깨감이 아주 얇지가 않네요 잘입을끼요,4.0,False,L(린넨),183.0,80.0,남성,2026-07-01 11:21:47,사이즈: 정사이즈 / 화면 대비 색감: 화면과 비슷 / 퀄리티: 보통 / 구김: 약간 있음,False,0,filluminate,상의,L,(린넨),2026,7,1,수,4,응답,정사이즈,화면과 비슷,보통,약간 있음,,,,,3.0,,,,3.0,0.0,0.0,0.0,0.0,,,색깔은 괜찮은데 두깨감이 아주 얇지가 않네요 잘입을끼요,색깔은괜찮은데두깨감이아주얇지가않네요잘입을끼요,0,0,0,0,0,False,30,24,30,True
994588,85940164,general,이이이잉잉잉,핏도 잘맞고 색도 쨍하고 이뻐요 사이즈랑 품도 이쁩니다,5.0,False,M(린넨),166.0,67.0,남성,2026-06-30 22:02:07,사이즈: 정사이즈 / 화면 대비 색감: 화면과 비슷 / 퀄리티: 보통 / 구김: 약간 있음,False,0,filluminate,상의,M,(린넨),2026,6,30,화,5,응답,정사이즈,화면과 비슷,보통,약간 있음,,,,,3.0,,,,3.0,0.0,0.0,0.0,0.0,,,핏도 잘맞고 색도 쨍하고 이뻐요 사이즈랑 품도 이쁩니다,핏도잘맞고색도쨍하고이뻐요사이즈랑품도이쁩니다,0,0,0,0,0,False,30,23,30,True
994588,85912720,style,단야밧,기본 옥스포드 셔츠 하나 필요해서 샀어요 약간 오버하게 재질은 좀 짱짱해요,5.0,False,L(옥스포드),177.0,78.0,남성,2026-06-30 18:29:57,사이즈: 정사이즈 / 화면 대비 색감: 화면과 비슷 / 퀄리티: 보통 / 구김: 거의 없음,True,0,filluminate,상의,L,(옥스포드),2026,6,30,화,5,응답,정사이즈,화면과 비슷,보통,거의 없음,,,,,3.0,,,,4.0,0.0,0.0,0.0,0.0,,,기본 옥스포드 셔츠 하나 필요해서 샀어요 약간 오버하게 재질은 좀 짱짱해요,기본옥스포드셔츠하나필요해서샀어요약간오버하게재질은좀짱짱해요,0,0,0,0,0,False,41,31,41,True
994588,85929112,general,kkdw890,여름에 입기엔 살짝 두께감이 있는듯 하지만 재질도 좋고 깔끔하고 맘에듭니다,5.0,False,XL(린넨),182.0,85.0,남성,2026-06-30 16:24:49,사이즈: 정사이즈 / 화면 대비 색감: 화면과 비슷 / 퀄리티: 매우 좋음 / 구김: 거의 없음,False,0,filluminate,상의,XL,(린넨),2026,6,30,화,5,응답,정사이즈,화면과 비슷,매우 좋음,거의 없음,,,,,5.0,,,,4.0,0.0,0.0,0.0,0.0,,,여름에 입기엔 살짝 두께감이 있는듯 하지만 재질도 좋고 깔끔하고 맘에듭니다,여름에입기엔살짝두께감이있는듯하지만재질도좋고깔끔하고맘에듭니다,0,0,0,0,0,False,41,32,41,True
994588,85920198,general,컬러풀한퍼프,바다가서 입으려산 셔츠 너무 이뻐서 잘입었어요ㅎ,5.0,False,XL(옥스포드),181.0,86.0,남성,2026-06-30 09:43:32,사이즈: 정사이즈 / 화면 대비 색감: 화면과 비슷 / 퀄리티: 좋음 / 구김: 약간 있음,True,0,filluminate,상의,XL,(옥스포드),2026,6,30,화,5,응답,정사이즈,화면과 비슷,좋음,약간 있음,,,,,4.0,,,,3.0,0.0,0.0,0.0,0.0,,,바다가서 입으려산 셔츠 너무 이뻐서 잘입었어요ㅎ,바다가서입으려산셔츠너무이뻐서잘입었어요,1,0,0,0,0,False,26,20,26,True
994588,85911673,style,컬러풀한퍼프,질도 좋고 사이즈도 딱 원하는 사이즈로 왔어요ㅎ 만족합니다~,5.0,False,XL(옥스포드),181.0,86.0,남성,2026-06-29 21:59:47,사이즈: 정사이즈 / 화면 대비 색감: 화면과 비슷 / 퀄리티: 보통 / 구김: 약간 있음,True,0,filluminate,상의,XL,(옥스포드),2026,6,29,월,5,응답,정사이즈,화면과 비슷,보통,약간 있음,,,,,3.0,,,,3.0,0.0,0.0,0.0,0.0,,,질도 좋고 사이즈도 딱 원하는 사이즈로 왔어요ㅎ 만족합니다~,질도좋고사이즈도딱원하는사이즈로왔어요만족합니다,1,0,0,0,0,False,33,24,33,True
994588,85908286,general,드규,이 가격에 이 퀄리티는 가성비 최고에요! 잘입겠습니다,5.0,False,S(옥스포드),170.0,60.0,남성,2026-06-29 20:07:40,사이즈: 조금 큼 / 화면 대비 색감: 어두움 / 퀄리티: 보통 / 구김: 약간 있음,True,3,filluminate,상의,S,(옥스포드),2026,6,29,월,5,응답,조금 큼,어두움,보통,약간 있음,,,,,3.0,,,,3.0,1.0,1.0,-1.0,1.0,,,이 가격에 이 퀄리티는 가성비 최고에요! 잘입겠습니다,이가격에이퀄리티는가성비최고에요잘입겠습니다,0,0,1,0,0,False,29,22,29,True
994588,85901545,general,굳이이럴필요가없지않을까싶기도,하늘거리지 않고 틀이 잡혀 있어 체형 보완에 좋은듯,5.0,False,M(린넨),174.0,59.0,남성,2026-06-29 15:39:16,사이즈: 정사이즈 / 화면 대비 색감: 화면과 비슷 / 퀄리티: 보통 / 구김: 약간 있음,False,0,filluminate,상의,M,(린넨),2026,6,29,월,5,응답,정사이즈,화면과 비슷,보통,약간 있음,,,,,3.0,,,,3.0,0.0,0.0,0.0,0.0,,,하늘거리지 않고 틀이 잡혀 있어 체형 보완에 좋은듯,하늘거리지않고틀이잡혀있어체형보완에좋은듯,0,0,0,0,0,False,28,21,28,True
994588,85885561,style,짐승건,색감 사이즈 다 화면과 매우유사해요 근데 재질이 제가 생각했던 린넨보다는 두껍고 무거운 제질이에요 그것만 빼면 다른건 다 완벽해요,5.0,False,L(린넨),181.0,75.0,남성,2026-06-28 23:12:15,사이즈: 정사이즈 / 화면 대비 색감: 화면과 비슷 / 퀄리티: 매우 좋음 / 구김: 거의 없음,True,0,filluminate,상의,L,(린넨),2026,6,28,일,5,응답,정사이즈,화면과 비슷,매우 좋음,거의 없음,,,,,5.0,,,,4.0,0.0,0.0,0.0,0.0,,,색감 사이즈 다 화면과 매우유사해요 근데 재질이 제가 생각했던 린넨보다는 두껍고 무거운 제질이에요 그것만 빼면 다른건 다 완벽해요,색감사이즈다화면과매우유사해요근데재질이제가생각했던린넨보다는두껍고무거운제질이에요그것만빼면다른건다완벽해요,0,0,0,0,0,False,72,55,72,True
994588,85875873,general,관악구꿀주먹,아 여름에 입기에는 좀 더울꺼 같아서 봄 가을에나 입을꺼 같네요,5.0,False,L(린넨),175.0,75.0,남성,2026-06-28 18:49:58,사이즈: 정사이즈 / 화면 대비 색감: 화면과 비슷 / 퀄리티: 보통 / 구김: 약간 있음,False,0,filluminate,상의,L,(린넨),2026,6,28,일,5,응답,정사이즈,화면과 비슷,보통,약간 있음,,,,,3.0,,,,3.0,0.0,0.0,0.0,0.0,,,아 여름에 입기에는 좀 더울꺼 같아서 봄 가을에나 입을꺼 같네요,아여름에입기에는좀더울꺼같아서봄가을에나입을꺼같네요,0,0,0,0,0,False,35,26,35,True
﻿876284,82140139,general,정모하자,한달 정도 꾸준히 입고 있는데 재질도 좋고 정말 좋네요 ~,5.0,False,4 · Black,182.0,79.0,남성,2026-06-30 22:13:20,사이즈: 정사이즈 / 색감: 화면과 비슷 / 신축성: 적당함 / 퀄리티: 매우 좋음,False,0,filluminate,상의,4,Black,2026,6,30,화,5,응답,정사이즈,,매우 좋음,,화면과 비슷,적당함,,,5.0,,3.0,,,0.0,0.0,,,0.0,0.0,한달 정도 꾸준히 입고 있는데 재질도 좋고 정말 좋네요 ~,한달정도꾸준히입고있는데재질도좋고정말좋네요,0,0,0,0,0,False,32,22,32,True
﻿3791891,86072837,general,씩씩한청록스판,사이즈 좋고 디자인 예쁩니다 하고 사진에서 보던것처럼 예버요,5.0,False,L,179.0,73.0,남성,2026-07-05 22:45:34,사이즈: 정사이즈 / 화면 대비 색감: 화면과 비슷 / 퀄리티: 보통 / 구김: 약간 있음,False,0,filluminate,상의,L,,2026,7,5,일,5,응답,정사이즈,화면과 비슷,보통,약간 있음,,,,,3.0,,,,3.0,0.0,0.0,0.0,0.0,,,사이즈 좋고 디자인 예쁩니다 하고 사진에서 보던것처럼 예버요,사이즈좋고디자인예쁩니다하고사진에서보던것처럼예버요,0,0,0,0,0,False,33,26,33,True
3791891,86069114,style,눈부신옥색웜톤,재질도 정말 괜찮고 사이즈도 잘 맞네요 잘 입을게요,5.0,False,XL,183.0,95.0,남성,2026-07-05 20:28:06,사이즈: 정사이즈 / 화면 대비 색감: 화면과 비슷 / 퀄리티: 보통 / 구김: 약간 있음,True,0,filluminate,상의,XL,,2026,7,5,일,5,응답,정사이즈,화면과 비슷,보통,약간 있음,,,,,3.0,,,,3.0,0.0,0.0,0.0,0.0,,,재질도 정말 괜찮고 사이즈도 잘 맞네요 잘 입을게요,재질도정말괜찮고사이즈도잘맞네요잘입을게요,0,0,0,0,0,False,28,21,28,True
3791891,86069104,general,눈부신옥색웜톤,재질도 정말 괜찮고 사이즈도 잘 맞네요 잘 입을게요,5.0,False,XL,183.0,95.0,남성,2026-07-05 20:27:48,사이즈: 정사이즈 / 화면 대비 색감: 화면과 비슷 / 퀄리티: 보통 / 구김: 약간 있음,True,0,filluminate,상의,XL,,2026,7,5,일,5,응답,정사이즈,화면과 비슷,보통,약간 있음,,,,,3.0,,,,3.0,0.0,0.0,0.0,0.0,,,재질도 정말 괜찮고 사이즈도 잘 맞네요 잘 입을게요,재질도정말괜찮고사이즈도잘맞네요잘입을게요,0,0,0,0,0,False,28,21,28,True
3791891,86066887,general,Noah..,무난하게 걸쳐 입기 좋아요~ 오버핏이니 사이즈 감안해서 주문하세요!!,5.0,False,M,176.0,70.0,남성,2026-07-05 18:58:25,사이즈: 조금 큼 / 화면 대비 색감: 화면과 비슷 / 퀄리티: 좋음 / 구김: 약간 있음,True,0,filluminate,상의,M,,2026,7,5,일,5,응답,조금 큼,화면과 비슷,좋음,약간 있음,,,,,4.0,,,,3.0,1.0,1.0,0.0,0.0,,,무난하게 걸쳐 입기 좋아요~ 오버핏이니 사이즈 감안해서 주문하세요!!,무난하게걸쳐입기좋아요오버핏이니사이즈감안해서주문하세요,0,0,2,0,0,False,38,28,38,True
3791891,86064161,general,나는야탑클래스,많은 사람들이 구매한 이유가 있습니다! 좋네요! 또 구매할게요,5.0,False,XL,188.0,85.0,남성,2026-07-05 17:03:22,사이즈: 정사이즈 / 화면 대비 색감: 화면과 비슷 / 퀄리티: 좋음 / 구김: 거의 없음,False,0,filluminate,상의,XL,,2026,7,5,일,5,응답,정사이즈,화면과 비슷,좋음,거의 없음,,,,,4.0,,,,4.0,0.0,0.0,0.0,0.0,,,많은 사람들이 구매한 이유가 있습니다! 좋네요! 또 구매할게요,많은사람들이구매한이유가있습니다좋네요또구매할게요,0,0,2,0,0,False,34,25,34,True
3791891,86062211,general,닉넴없스요,배송도 빠르고 색감도 이쁘고 좋아요 여름에 입기엔 더울거 같고 봄이나 가을에 입어야 될거 같아요,4.0,False,XL,190.0,90.0,남성,2026-07-05 15:40:27,사이즈: 정사이즈 / 화면 대비 색감: 화면과 비슷 / 퀄리티: 좋음 / 구김: 약간 있음,False,0,filluminate,상의,XL,,2026,7,5,일,4,응답,정사이즈,화면과 비슷,좋음,약간 있음,,,,,4.0,,,,3.0,0.0,0.0,0.0,0.0,,,배송도 빠르고 색감도 이쁘고 좋아요 여름에 입기엔 더울거 같고 봄이나 가을에 입어야 될거 같아요,배송도빠르고색감도이쁘고좋아요여름에입기엔더울거같고봄이나가을에입어야될거같아요,0,0,0,0,0,False,53,40,53,True
3791891,86062187,general,괜찮은파리코디템,"원단이 너무 흐물거리지 않고 적당히 탄탄하게 핏을 잡아줘서 마음에 듭니다. 단추를 다 채워서 단품으로 입어도 예쁘고, 가볍게 이너 위에 아우터처럼 툭 걸쳐 입어도 실루엣이 자연스럽게 툭 떨어지네요.  사이즈는 XL로 갔는데 어깨선도 자연스럽게 내려오고 기장감도 엉덩이를 살짝 덮는 넉넉한 오버핏으로 딱 원하던 느낌입니다. 평소 여유 있게 입는 거 좋아하시는 분들은 아주 만족하실 것 같아요. 봄가을이나 간절기에 자주 입게 될 것 같습니다.",5.0,False,XL,180.0,70.0,남성,2026-07-05 15:39:23,사이즈: 정사이즈 / 화면 대비 색감: 화면과 비슷 / 퀄리티: 보통 / 구김: 약간 있음,True,0,filluminate,상의,XL,,2026,7,5,일,5,응답,정사이즈,화면과 비슷,보통,약간 있음,,,,,3.0,,,,3.0,0.0,0.0,0.0,0.0,,,"원단이 너무 흐물거리지 않고 적당히 탄탄하게 핏을 잡아줘서 마음에 듭니다. 단추를 다 채워서 단품으로 입어도 예쁘고, 가볍게 이너 위에 아우터처럼 툭 걸쳐 입어도 실루엣이 자연스럽게 툭 떨어지네요. 사이즈는 XL로 갔는데 어깨선도 자연스럽게 내려오고 기장감도 엉덩이를 살짝 덮는 넉넉한 오버핏으로 딱 원하던 느낌입니다. 평소 여유 있게 입는 거 좋아하시는 분들은 아주 만족하실 것 같아요. 봄가을이나 간절기에 자주 입게 될 것 같습니다.",원단이너무흐물거리지않고적당히탄탄하게핏을잡아줘서마음에듭니다단추를다채워서단품으로입어도예쁘고가볍게이너위에아우터처럼툭걸쳐입어도실루엣이자연스럽게툭떨어지네요사이즈는xl로갔는데어깨선도자연스럽게내려오고기장감도엉덩이를살짝덮는넉넉한오버핏으로딱원하던느낌입니다평소여유있게입는거좋아하시는분들은아주만족하실것같아요봄가을이나간절기에자주입게될것같습니다,0,0,0,0,0,False,245,177,244,True
3791891,86055327,general,독창적인휴스턴퍼,사이즈도 색감도 너무 좋습니다. 두께도 적당해서 여름에 입기도 좋아요,5.0,False,M,171.0,65.0,남성,2026-07-05 10:15:02,사이즈: 정사이즈 / 화면 대비 색감: 화면과 비슷 / 퀄리티: 보통 / 구김: 약간 있음,True,0,filluminate,상의,M,,2026,7,5,일,5,응답,정사이즈,화면과 비슷,보통,약간 있음,,,,,3.0,,,,3.0,0.0,0.0,0.0,0.0,,,사이즈도 색감도 너무 좋습니다. 두께도 적당해서 여름에 입기도 좋아요,사이즈도색감도너무좋습니다두께도적당해서여름에입기도좋아요,0,0,0,0,0,False,38,29,38,True
3791891,86038571,general,얄미운카키발찌,무난한 컬러와 색 그리고 크게 두껍지도 않아서 괜찮았어요,4.0,False,L,169.0,78.0,남성,2026-07-04 15:32:00,사이즈: 조금 큼 / 화면 대비 색감: 화면과 비슷 / 퀄리티: 보통 / 구김: 거의 없음,True,0,filluminate,상의,L,,2026,7,4,토,4,응답,조금 큼,화면과 비슷,보통,거의 없음,,,,,3.0,,,,4.0,1.0,1.0,0.0,0.0,,,무난한 컬러와 색 그리고 크게 두껍지도 않아서 괜찮았어요,무난한컬러와색그리고크게두껍지도않아서괜찮았어요,0,0,0,0,0,False,31,24,31,True
3791891,86034148,style,타임트레블,사계절 네네 입기  좋네요 아주 좋아요 어디에나 휘뚜루 마뚜루 입기 좋음 굳굳 좋음,5.0,False,M,170.0,70.0,남성,2026-07-04 12:16:43,사이즈: 정사이즈 / 화면 대비 색감: 화면과 비슷 / 퀄리티: 보통 / 구김: 약간 있음,True,0,filluminate,상의,M,,2026,7,4,토,5,응답,정사이즈,화면과 비슷,보통,약간 있음,,,,,3.0,,,,3.0,0.0,0.0,0.0,0.0,,,사계절 네네 입기 좋네요 아주 좋아요 어디에나 휘뚜루 마뚜루 입기 좋음 굳굳 좋음,사계절네네입기좋네요아주좋아요어디에나휘뚜루마뚜루입기좋음굳굳좋음,0,0,0,0,0,False,46,33,45,True
3791891,86030808,general,lucky._.break,핏아 널널해서 언제나 입고 다녀도 편할 거 같아요 좋아요,5.0,False,L,179.0,70.0,남성,2026-07-04 08:41:16,사이즈: 정사이즈 / 화면 대비 색감: 화면과 비슷 / 퀄리티: 보통 / 구김: 약간 있음,False,0,filluminate,상의,L,,2026,7,4,토,5,응답,정사이즈,화면과 비슷,보통,약간 있음,,,,,3.0,,,,3.0,0.0,0.0,0.0,0.0,,,핏아 널널해서 언제나 입고 다녀도 편할 거 같아요 좋아요,핏아널널해서언제나입고다녀도편할거같아요좋아요,0,0,0,0,0,False,31,23,31,True
3791891,86029139,general,무신사믿고살게,옷 되게 예쁩니다 그냥 입어도 예쁘고 아우터처럼 입어도 좋습니다,5.0,False,XL,175.0,82.0,남성,2026-07-04 02:37:23,사이즈: 정사이즈 / 화면 대비 색감: 화면과 비슷 / 퀄리티: 보통 / 구김: 약간 있음,False,0,filluminate,상의,XL,,2026,7,4,토,5,응답,정사이즈,화면과 비슷,보통,약간 있음,,,,,3.0,,,,3.0,0.0,0.0,0.0,0.0,,,옷 되게 예쁩니다 그냥 입어도 예쁘고 아우터처럼 입어도 좋습니다,옷되게예쁩니다그냥입어도예쁘고아우터처럼입어도좋습니다,0,0,0,0,0,False,35,27,35,True
3791891,86019890,general,윤해구,그냥 기본템 세탁 후에도 주름이 별로 안생겨요 관리하기 편한듯해요 굿굿,3.0,False,M,160.0,57.0,여성,2026-07-03 18:59:48,사이즈: 조금 큼 / 화면 대비 색감: 화면과 비슷 / 퀄리티: 보통 / 구김: 약간 있음,False,0,filluminate,상의,M,,2026,7,3,금,3,응답,조금 큼,화면과 비슷,보통,약간 있음,,,,,3.0,,,,3.0,1.0,1.0,0.0,0.0,,,그냥 기본템 세탁 후에도 주름이 별로 안생겨요 관리하기 편한듯해요 굿굿,그냥기본템세탁후에도주름이별로안생겨요관리하기편한듯해요굿굿,0,0,0,0,0,False,39,30,39,True
3791891,86016810,general,style_hwan,조금 쌀쌀해지면 자주 걸치고 나갈 거 같아요 이쁘네용,5.0,False,XL,177.0,75.0,남성,2026-07-03 16:54:52,사이즈: 정사이즈 / 화면 대비 색감: 화면과 비슷 / 퀄리티: 보통 / 구김: 약간 있음,False,0,filluminate,상의,XL,,2026,7,3,금,5,응답,정사이즈,화면과 비슷,보통,약간 있음,,,,,3.0,,,,3.0,0.0,0.0,0.0,0.0,,,조금 쌀쌀해지면 자주 걸치고 나갈 거 같아요 이쁘네용,조금쌀쌀해지면자주걸치고나갈거같아요이쁘네용,0,0,0,0,0,False,29,22,29,True
3791891,86008728,general,허택민,제게생긱했던건약간 뻣뻣힌재질인데 그건아니네야,4.0,False,XL,174.0,90.0,남성,2026-07-03 10:45:14,사이즈: 정사이즈 / 화면 대비 색감: 화면과 비슷 / 퀄리티: 보통 / 구김: 많음,False,0,filluminate,상의,XL,,2026,7,3,금,4,응답,정사이즈,화면과 비슷,보통,많음,,,,,3.0,,,,2.0,0.0,0.0,0.0,0.0,,,제게생긱했던건약간 뻣뻣힌재질인데 그건아니네야,제게생긱했던건약간뻣뻣힌재질인데그건아니네야,0,0,0,0,0,False,24,22,24,True
3791891,86004006,style,피치어피치즁,최고입니다 휘뚜루마뚜루!!!!ㅠ완전고입니다짱짱맨,5.0,False,M,159.0,51.0,여성,2026-07-03 02:29:15,사이즈: 매우 작음 / 화면 대비 색감: 매우 밝음 / 퀄리티: 매우 나쁨 / 구김: 전혀 없음,True,0,filluminate,상의,M,,2026,7,3,금,5,응답,매우 작음,매우 밝음,매우 나쁨,전혀 없음,,,,,1.0,,,,5.0,-2.0,2.0,2.0,2.0,,,최고입니다 휘뚜루마뚜루!!!ㅠ완전고입니다짱짱맨,최고입니다휘뚜루마뚜루완전고입니다짱짱맨,0,1,4,0,0,True,26,20,25,True
3791891,86002864,general,와따리,"색 이뻐요 다만 조금 두꺼워보여서 조금 추워지면 바로 개시합니다,.",5.0,False,M,165.0,80.0,남성,2026-07-03 00:46:01,사이즈: 정사이즈 / 화면 대비 색감: 화면과 비슷 / 퀄리티: 보통 / 구김: 약간 있음,True,0,filluminate,상의,M,,2026,7,3,금,5,응답,정사이즈,화면과 비슷,보통,약간 있음,,,,,3.0,,,,3.0,0.0,0.0,0.0,0.0,,,"색 이뻐요 다만 조금 두꺼워보여서 조금 추워지면 바로 개시합니다,.",색이뻐요다만조금두꺼워보여서조금추워지면바로개시합니다,0,0,0,0,0,False,37,27,37,True
3791891,85997062,general,_min._.oo,오버핏이다 보니 팔이 저한테는 조금 길어요ㅠㅠ 그 외에는 너무 만족스럽습니다!,5.0,False,M,168.0,67.0,남성,2026-07-02 21:23:24,사이즈: 조금 큼 / 화면 대비 색감: 화면과 비슷 / 퀄리티: 좋음 / 구김: 약간 있음,True,0,filluminate,상의,M,,2026,7,2,목,5,응답,조금 큼,화면과 비슷,좋음,약간 있음,,,,,4.0,,,,3.0,1.0,1.0,0.0,0.0,,,오버핏이다 보니 팔이 저한테는 조금 길어요ㅠㅠ 그 외에는 너무 만족스럽습니다!,오버핏이다보니팔이저한테는조금길어요그외에는너무만족스럽습니다,0,2,1,0,0,False,43,31,43,True
3791891,85992939,general,내일은파랑,그냥 평범한 셔츠에요 밑이 좀만 더 길었으면 이뻣을듯ㅇㅎ,5.0,False,L,181.0,75.0,남성,2026-07-02 18:44:33,사이즈: 조금 큼 / 화면 대비 색감: 화면과 비슷 / 퀄리티: 보통 / 구김: 거의 없음,True,0,filluminate,상의,L,,2026,7,2,목,5,응답,조금 큼,화면과 비슷,보통,거의 없음,,,,,3.0,,,,4.0,1.0,1.0,0.0,0.0,,,그냥 평범한 셔츠에요 밑이 좀만 더 길었으면 이뻣을듯ㅇㅎ,그냥평범한셔츠에요밑이좀만더길었으면이뻣을듯,1,0,0,0,0,False,31,22,31,True
3791891,85987096,general,타임트레블,잘입을게요 만족해여 감사합니다 너무너무 잘입을게요 ㅎㅎ 번창하세요 ㅎㅎ너무 마음에 들어요,5.0,False,M,170.0,70.0,남성,2026-07-02 14:57:21,사이즈: 정사이즈 / 화면 대비 색감: 화면과 비슷 / 퀄리티: 보통 / 구김: 약간 있음,True,0,filluminate,상의,M,,2026,7,2,목,5,응답,정사이즈,화면과 비슷,보통,약간 있음,,,,,3.0,,,,3.0,0.0,0.0,0.0,0.0,,,잘입을게요 만족해여 감사합니다 너무너무 잘입을게요 ㅎㅎ 번창하세요 ㅎㅎ너무 마음에 들어요,잘입을게요만족해여감사합니다너무너무잘입을게요번창하세요너무마음에들어요,2,0,0,0,0,False,49,36,49,True
3791891,85973354,general,티에리헹리,살짝 두께감이 있어 봄 가을에 가볍게 걸치기 좋아요,4.0,False,XL,179.0,74.0,남성,2026-07-01 23:12:46,사이즈: 조금 큼 / 화면 대비 색감: 화면과 비슷 / 퀄리티: 좋음 / 구김: 전혀 없음,True,0,filluminate,상의,XL,,2026,7,1,수,4,응답,조금 큼,화면과 비슷,좋음,전혀 없음,,,,,4.0,,,,5.0,1.0,1.0,0.0,0.0,,,살짝 두께감이 있어 봄 가을에 가볍게 걸치기 좋아요,살짝두께감이있어봄가을에가볍게걸치기좋아요,0,0,0,0,0,False,28,21,28,True
3791891,85962617,general,준샘,핏에 딱 맞고 사이즈도 좋고 재질도 좋아요 만족합니다!,5.0,False,L,173.0,76.0,남성,2026-07-01 17:17:42,사이즈: 정사이즈 / 화면 대비 색감: 화면과 비슷 / 퀄리티: 매우 좋음 / 구김: 전혀 없음,False,0,filluminate,상의,L,,2026,7,1,수,5,응답,정사이즈,화면과 비슷,매우 좋음,전혀 없음,,,,,5.0,,,,5.0,0.0,0.0,0.0,0.0,,,핏에 딱 맞고 사이즈도 좋고 재질도 좋아요 만족합니다!,핏에딱맞고사이즈도좋고재질도좋아요만족합니다,0,0,1,0,0,False,30,22,30,True
3791891,85957398,general,간단한그리스니트,너무 이쁩니다 가격도 착하고 막 입기 좋아요 자주 입을거같아요,5.0,False,XL,178.0,98.0,남성,2026-07-01 14:02:39,사이즈: 조금 큼 / 화면 대비 색감: 화면과 비슷 / 퀄리티: 보통 / 구김: 약간 있음,True,0,filluminate,상의,XL,,2026,7,1,수,5,응답,조금 큼,화면과 비슷,보통,약간 있음,,,,,3.0,,,,3.0,1.0,1.0,0.0,0.0,,,너무 이쁩니다 가격도 착하고 막 입기 좋아요 자주 입을거같아요,너무이쁩니다가격도착하고막입기좋아요자주입을거같아요,0,0,0,0,0,False,34,26,34,True
3791891,85953759,style,사랑에빠진도쿄힐,편하게입기좋은 옷이에요. 가을에 입으면좋을거같아요~,5.0,False,L,175.0,70.0,남성,2026-07-01 11:37:13,사이즈: 정사이즈 / 화면 대비 색감: 화면과 비슷 / 퀄리티: 보통 / 구김: 약간 있음,True,0,filluminate,상의,L,,2026,7,1,수,5,응답,정사이즈,화면과 비슷,보통,약간 있음,,,,,3.0,,,,3.0,0.0,0.0,0.0,0.0,,,편하게입기좋은 옷이에요. 가을에 입으면좋을거같아요~,편하게입기좋은옷이에요가을에입으면좋을거같아요,0,0,0,0,0,False,28,23,28,True
3791891,85949576,general,h880905,체크 패턴이 이뻐요. 그리고 원단이 얇은 편이라 초여름까지는 입을 수 있어요!,5.0,False,XL,179.0,83.0,남성,2026-07-01 09:03:57,사이즈: 조금 큼 / 화면 대비 색감: 화면과 비슷 / 퀄리티: 좋음 / 구김: 거의 없음,False,0,filluminate,상의,XL,,2026,7,1,수,5,응답,조금 큼,화면과 비슷,좋음,거의 없음,,,,,4.0,,,,4.0,1.0,1.0,0.0,0.0,,,체크 패턴이 이뻐요. 그리고 원단이 얇은 편이라 초여름까지는 입을 수 있어요!,체크패턴이이뻐요그리고원단이얇은편이라초여름까지는입을수있어요,0,0,1,0,0,False,43,31,43,True
3791891,85925754,general,아리아럍,"색감이랑 무늬가 너무 좋아요. 간절기랑 여름 여행지에서 입을려고 구매했는데, 사이즈도 적당히 크고 핏도 원하던 핏이에요.",5.0,False,XL,178.0,79.0,남성,2026-06-30 14:10:32,사이즈: 조금 큼 / 화면 대비 색감: 화면과 비슷 / 퀄리티: 보통 / 구김: 거의 없음,True,0,filluminate,상의,XL,,2026,6,30,화,5,응답,조금 큼,화면과 비슷,보통,거의 없음,,,,,3.0,,,,4.0,1.0,1.0,0.0,0.0,,,"색감이랑 무늬가 너무 좋아요. 간절기랑 여름 여행지에서 입을려고 구매했는데, 사이즈도 적당히 크고 핏도 원하던 핏이에요.",색감이랑무늬가너무좋아요간절기랑여름여행지에서입을려고구매했는데사이즈도적당히크고핏도원하던핏이에요,0,0,0,0,0,False,67,50,67,True
3791891,85920561,general,꼼꼼한세종러닝화,세일기간에 합리적인 가격으로 구매해서 전투용 굿,5.0,False,XL,180.0,92.0,남성,2026-06-30 10:05:00,사이즈: 정사이즈 / 화면 대비 색감: 화면과 비슷 / 퀄리티: 보통 / 구김: 약간 있음,False,0,filluminate,상의,XL,,2026,6,30,화,5,응답,정사이즈,화면과 비슷,보통,약간 있음,,,,,3.0,,,,3.0,0.0,0.0,0.0,0.0,,,세일기간에 합리적인 가격으로 구매해서 전투용 굿,세일기간에합리적인가격으로구매해서전투용굿,0,0,0,0,0,False,26,21,26,True
3791891,85919082,general,ajh0120,가성비 매우만족합니다 ㅎㅎ  핏이랑 퀄리티도좋아요 ㅎㅎ,5.0,False,M,175.0,60.0,남성,2026-06-30 08:32:46,사이즈: 정사이즈 / 화면 대비 색감: 화면과 비슷 / 퀄리티: 보통 / 구김: 약간 있음,True,0,filluminate,상의,M,,2026,6,30,화,5,응답,정사이즈,화면과 비슷,보통,약간 있음,,,,,3.0,,,,3.0,0.0,0.0,0.0,0.0,,,가성비 매우만족합니다 ㅎㅎ 핏이랑 퀄리티도좋아요 ㅎㅎ,가성비매우만족합니다핏이랑퀄리티도좋아요,2,0,0,0,0,False,30,20,29,True
3791891,85917478,style,잠은지옥에서,싼마이에 입기 좋아요 약간 두께가 있어서 지금 같은 여름에 입으면 더워요,5.0,False,M,162.0,57.0,여성,2026-06-30 02:36:29,사이즈: 조금 큼 / 화면 대비 색감: 화면과 비슷 / 퀄리티: 나쁨 / 구김: 거의 없음,True,1,filluminate,상의,M,,2026,6,30,화,5,응답,조금 큼,화면과 비슷,나쁨,거의 없음,,,,,2.0,,,,4.0,1.0,1.0,0.0,0.0,,,싼마이에 입기 좋아요 약간 두께가 있어서 지금 같은 여름에 입으면 더워요,싼마이에입기좋아요약간두께가있어서지금같은여름에입으면더워요,0,0,0,0,0,False,40,30,40,True
3791891,85912020,general,원활한베이징쪼리,M적당히 좋은 것 같네요 코디하기 나쁘지 않아요 굿,4.0,False,M,175.0,69.0,남성,2026-06-29 22:09:51,사이즈: 정사이즈 / 화면 대비 색감: 화면과 비슷 / 퀄리티: 보통 / 구김: 거의 없음,False,0,filluminate,상의,M,,2026,6,29,월,4,응답,정사이즈,화면과 비슷,보통,거의 없음,,,,,3.0,,,,4.0,0.0,0.0,0.0,0.0,,,M적당히 좋은 것 같네요 코디하기 나쁘지 않아요 굿,m적당히좋은것같네요코디하기나쁘지않아요굿,0,0,0,0,0,False,28,20,28,True
3791891,85903331,general,위험한옥색대란템,아직 시착만 했어요 남친 선물했고 여자들도 많이 입네요 가격이 저렴해서 사봄!!,5.0,False,L,180.0,80.0,남성,2026-06-29 16:48:57,사이즈: 정사이즈 / 화면 대비 색감: 화면과 비슷 / 퀄리티: 좋음 / 구김: 거의 없음,True,0,filluminate,상의,L,,2026,6,29,월,5,응답,정사이즈,화면과 비슷,좋음,거의 없음,,,,,4.0,,,,4.0,0.0,0.0,0.0,0.0,,,아직 시착만 했어요 남친 선물했고 여자들도 많이 입네요 가격이 저렴해서 사봄!!,아직시착만했어요남친선물했고여자들도많이입네요가격이저렴해서사봄,0,0,2,0,0,False,44,32,44,True
3791891,85896223,general,색다른금색깔창,가성비 좋게 구매한거같아 만족합니다 재구매의사 있습니다.,5.0,False,XL,175.0,95.0,남성,2026-06-29 12:04:38,사이즈: 조금 큼 / 화면 대비 색감: 화면과 비슷 / 퀄리티: 보통 / 구김: 약간 있음,True,0,filluminate,상의,XL,,2026,6,29,월,5,응답,조금 큼,화면과 비슷,보통,약간 있음,,,,,3.0,,,,3.0,1.0,1.0,0.0,0.0,,,가성비 좋게 구매한거같아 만족합니다 재구매의사 있습니다.,가성비좋게구매한거같아만족합니다재구매의사있습니다,0,0,0,0,0,False,31,25,31,True
3791891,85895323,general,ddoyou3,색깔도이쁘고 핏도좋아서 살짝오버핏이긴한데 좋습니다,5.0,False,M,173.0,63.0,남성,2026-06-29 11:22:56,사이즈: 정사이즈 / 화면 대비 색감: 화면과 비슷 / 퀄리티: 보통 / 구김: 약간 있음,True,0,filluminate,상의,M,,2026,6,29,월,5,응답,정사이즈,화면과 비슷,보통,약간 있음,,,,,3.0,,,,3.0,0.0,0.0,0.0,0.0,,,색깔도이쁘고 핏도좋아서 살짝오버핏이긴한데 좋습니다,색깔도이쁘고핏도좋아서살짝오버핏이긴한데좋습니다,0,0,0,0,0,False,27,24,27,True
3791891,85892493,style,무신마스터,원단도 좋고 주름도 잘안가는 재질이라 더 맘에 들어요 아들 입으라고 구매한건데 맘에 들어하네요,5.0,False,L,170.0,80.0,남성,2026-06-29 09:05:19,사이즈: 정사이즈 / 화면 대비 색감: 화면과 비슷 / 퀄리티: 보통 / 구김: 약간 있음,True,0,filluminate,상의,L,,2026,6,29,월,5,응답,정사이즈,화면과 비슷,보통,약간 있음,,,,,3.0,,,,3.0,0.0,0.0,0.0,0.0,,,원단도 좋고 주름도 잘안가는 재질이라 더 맘에 들어요 아들 입으라고 구매한건데 맘에 들어하네요,원단도좋고주름도잘안가는재질이라더맘에들어요아들입으라고구매한건데맘에들어하네요,0,0,0,0,0,False,52,40,52,True
3791891,85892485,general,무신마스터,원단도 좋고 주름도 잘안가는 재질이라 더 맘에 들어요 아들 입으라고 구매한건데 맘에 들어하네요,5.0,False,L,170.0,80.0,남성,2026-06-29 09:04:50,사이즈: 정사이즈 / 화면 대비 색감: 화면과 비슷 / 퀄리티: 보통 / 구김: 약간 있음,True,0,filluminate,상의,L,,2026,6,29,월,5,응답,정사이즈,화면과 비슷,보통,약간 있음,,,,,3.0,,,,3.0,0.0,0.0,0.0,0.0,,,원단도 좋고 주름도 잘안가는 재질이라 더 맘에 들어요 아들 입으라고 구매한건데 맘에 들어하네요,원단도좋고주름도잘안가는재질이라더맘에들어요아들입으라고구매한건데맘에들어하네요,0,0,0,0,0,False,52,40,52,True
3791891,85889602,style,백산♡,아들이 입고 싶어해서 구매했습니다. 이쁜 체크패턴이고 봄가을용이네요. 사이즈가 아들한텐 좀 큽니다. 그래도 마음에 들어하니 다행이네요ㅎㅎ,5.0,False,M,173.0,63.0,남성,2026-06-29 02:06:04,사이즈: 조금 큼 / 화면 대비 색감: 화면과 비슷 / 퀄리티: 좋음 / 구김: 거의 없음,True,0,filluminate,상의,M,,2026,6,29,월,5,응답,조금 큼,화면과 비슷,좋음,거의 없음,,,,,4.0,,,,4.0,1.0,1.0,0.0,0.0,,,아들이 입고 싶어해서 구매했습니다. 이쁜 체크패턴이고 봄가을용이네요. 사이즈가 아들한텐 좀 큽니다. 그래도 마음에 들어하니 다행이네요ㅎㅎ,아들이입고싶어해서구매했습니다이쁜체크패턴이고봄가을용이네요사이즈가아들한텐좀큽니다그래도마음에들어하니다행이네요,2,0,0,0,0,False,76,57,76,True
﻿994600,85964887,general,영원한민트뷰티,색깔도 이쁘고 좋네여 여름에는 못입겠고 날좀 풀리면 입어야겠어요,4.0,False,L(옥스퍼드),175.0,70.0,남성,2026-07-01 18:40:45,사이즈: 조금 큼 / 화면 대비 색감: 어두움 / 퀄리티: 좋음 / 구김: 약간 있음,True,0,filluminate,상의,L,(옥스퍼드),2026,7,1,수,4,응답,조금 큼,어두움,좋음,약간 있음,,,,,4.0,,,,3.0,1.0,1.0,-1.0,1.0,,,색깔도 이쁘고 좋네여 여름에는 못입겠고 날좀 풀리면 입어야겠어요,색깔도이쁘고좋네여여름에는못입겠고날좀풀리면입어야겠어요,0,0,0,0,0,False,35,28,35,True
994600,85924688,general,신강진3,핏도 좋고 마감도 좋고 재질도 두툼해서 마음에 듭니다ㅎㅎ 여름에 입기에 더운가 싶으면서도 린넨이라 괜찮네요ㅎㅎ 다음에 흰색도 구매해야겠어요ㅎㅎ,5.0,False,S(린넨),170.0,61.0,남성,2026-06-30 13:23:38,사이즈: 정사이즈 / 화면 대비 색감: 화면과 비슷 / 퀄리티: 좋음 / 구김: 거의 없음,True,0,filluminate,상의,S,(린넨),2026,6,30,화,5,응답,정사이즈,화면과 비슷,좋음,거의 없음,,,,,4.0,,,,4.0,0.0,0.0,0.0,0.0,,,핏도 좋고 마감도 좋고 재질도 두툼해서 마음에 듭니다ㅎㅎ 여름에 입기에 더운가 싶으면서도 린넨이라 괜찮네요ㅎㅎ 다음에 흰색도 구매해야겠어요ㅎㅎ,핏도좋고마감도좋고재질도두툼해서마음에듭니다여름에입기에더운가싶으면서도린넨이라괜찮네요다음에흰색도구매해야겠어요,2,0,0,0,0,False,79,57,79,True
﻿4969899,86068038,general,웃상인하와이큐빅,화면보다 색상이 다소 어두운건 고려해서 구매하는게 좋겠어요.,5.0,False,INDIGO · M,171.0,63.0,missing,2026-07-05 19:44:31,사이즈: 정사이즈 / 화면 대비 색감: 어두움 / 퀄리티: 보통 / 구김: 거의 없음,True,0,filluminate,상의,M,INDIGO,2026,7,5,일,5,응답,정사이즈,어두움,보통,거의 없음,,,,,3.0,,,,4.0,0.0,0.0,-1.0,1.0,,,화면보다 색상이 다소 어두운건 고려해서 구매하는게 좋겠어요.,화면보다색상이다소어두운건고려해서구매하는게좋겠어요,0,0,0,0,0,False,33,26,33,True
4969899,85940566,general,신림거울왕자,핏이 완벽하고 색감이 너무 예쁘네여 다른색상도 사야겠습니다,5.0,False,INDIGO · L,174.0,72.0,남성,2026-06-30 22:13:15,사이즈: 정사이즈 / 화면 대비 색감: 화면과 비슷 / 퀄리티: 보통 / 구김: 약간 있음,False,0,filluminate,상의,L,INDIGO,2026,6,30,화,5,응답,정사이즈,화면과 비슷,보통,약간 있음,,,,,3.0,,,,3.0,0.0,0.0,0.0,0.0,,,핏이 완벽하고 색감이 너무 예쁘네여 다른색상도 사야겠습니다,핏이완벽하고색감이너무예쁘네여다른색상도사야겠습니다,0,0,0,0,0,False,32,26,32,True
4969899,85916713,general,소심한페루쇼핑몰,색상도 만족스럽고 기장이 생각보다 짧긴 한데 전체적으로 좋습니다.,4.0,False,INDIGO · L,178.0,85.0,남성,2026-06-30 01:07:02,사이즈: 정사이즈 / 화면 대비 색감: 화면과 비슷 / 퀄리티: 좋음 / 구김: 약간 있음,False,0,filluminate,상의,L,INDIGO,2026,6,30,화,4,응답,정사이즈,화면과 비슷,좋음,약간 있음,,,,,4.0,,,,3.0,0.0,0.0,0.0,0.0,,,색상도 만족스럽고 기장이 생각보다 짧긴 한데 전체적으로 좋습니다.,색상도만족스럽고기장이생각보다짧긴한데전체적으로좋습니다,0,0,0,0,0,False,36,28,36,True
4969899,85889057,general,zzzkz,옷 가볍고 예쁘네여! 두께도 적당해서 여름에 입기 좋습니다!,5.0,False,WHITE · L,180.0,68.0,남성,2026-06-29 01:25:19,사이즈: 정사이즈 / 화면 대비 색감: 화면과 비슷 / 퀄리티: 매우 좋음 / 구김: 약간 있음,True,0,filluminate,상의,L,WHITE,2026,6,29,월,5,응답,정사이즈,화면과 비슷,매우 좋음,약간 있음,,,,,5.0,,,,3.0,0.0,0.0,0.0,0.0,,,옷 가볍고 예쁘네여! 두께도 적당해서 여름에 입기 좋습니다!,옷가볍고예쁘네여두께도적당해서여름에입기좋습니다,0,0,2,0,0,False,33,24,33,True
﻿4009326,86019091,general,CHO._.HM,흰색이라 안이 좀비치긴한데 사진과같이 이쁩니다,5.0,False,(WHITE)M,172.0,70.0,남성,2026-07-03 18:28:34,사이즈: 조금 큼 / 화면 대비 색감: 화면과 비슷 / 두께감: 얇음 / 신축성: 적당함,False,0,filluminate,상의,M,(WHITE),2026,7,3,금,5,응답,조금 큼,화면과 비슷,,,,적당함,얇음,,,,3.0,2.0,,1.0,1.0,0.0,0.0,,,흰색이라 안이 좀비치긴한데 사진과같이 이쁩니다,흰색이라안이좀비치긴한데사진과같이이쁩니다,0,0,0,0,0,False,25,21,25,True
4009326,86005028,general,ustou,전에 흰색으로 샀었는데 잘 입고 있어서 이번에 세일할때 검정색도 샀어요!,5.0,False,(BLACK)S,149.0,48.0,여성,2026-07-03 06:56:07,사이즈: 조금 큼 / 화면 대비 색감: 화면과 비슷 / 두께감: 얇음 / 신축성: 적당함,True,0,filluminate,상의,S,(BLACK),2026,7,3,금,5,응답,조금 큼,화면과 비슷,,,,적당함,얇음,,,,3.0,2.0,,1.0,1.0,0.0,0.0,,,전에 흰색으로 샀었는데 잘 입고 있어서 이번에 세일할때 검정색도 샀어요!,전에흰색으로샀었는데잘입고있어서이번에세일할때검정색도샀어요,0,0,1,0,0,False,40,30,40,True
4009326,85939874,general,저명한베니스셔링,여름에 시원하니 편안하게 입기 너무 좋습니다~ 다른 컬러도 구매하고 싶을 정도~,5.0,False,(BLACK)L,177.0,85.0,여성,2026-06-30 21:53:28,사이즈: 정사이즈 / 화면 대비 색감: 화면과 비슷 / 두께감: 얇음 / 신축성: 강함,True,0,filluminate,상의,L,(BLACK),2026,6,30,화,5,응답,정사이즈,화면과 비슷,,,,강함,얇음,,,,4.0,2.0,,0.0,0.0,0.0,0.0,,,여름에 시원하니 편안하게 입기 너무 좋습니다~ 다른 컬러도 구매하고 싶을 정도~,여름에시원하니편안하게입기너무좋습니다다른컬러도구매하고싶을정도,0,0,0,0,0,False,44,32,44,True
4009326,85656607,style,동츄츄,마음에 듭니다. 디자인도 마음에들고 사이즈도 마음에듭니다.모두 마음에드는데 복부쪽에 올풀린게 몇개있는게 아쉽습니다.. 올 여름 열심히 입고 내년 여름에는 잠옷으로 입던가 짜이찌엔 해야할거 같아요!!!,5.0,False,(WHITE)S,160.0,50.0,여성,2026-06-25 12:06:48,사이즈: 정사이즈 / 화면 대비 색감: 화면과 비슷 / 두께감: 적당함 / 신축성: 매우 강함,True,1,filluminate,상의,S,(WHITE),2026,6,25,목,5,응답,정사이즈,화면과 비슷,,,,매우 강함,적당함,,,,5.0,3.0,,0.0,0.0,0.0,0.0,,,마음에 듭니다. 디자인도 마음에들고 사이즈도 마음에듭니다.모두 마음에드는데 복부쪽에 올풀린게 몇개있는게 아쉽습니다.. 올 여름 열심히 입고 내년 여름에는 잠옷으로 입던가 짜이찌엔 해야할거 같아요!!!,마음에듭니다디자인도마음에들고사이즈도마음에듭니다모두마음에드는데복부쪽에올풀린게몇개있는게아쉽습니다올여름열심히입고내년여름에는잠옷으로입던가짜이찌엔해야할거같아요,0,0,3,0,0,True,111,83,111,True
﻿3792424,85931976,general,당당한시애틀보그,배송이 빠르고 포장이 꼼꼼해요! 디자인 이쁘고 맘에 들어요!,5.0,False,M,160.0,60.0,남성,2026-06-30 18:00:31,사이즈: 정사이즈 / 화면 대비 색감: 화면과 비슷 / 퀄리티: 매우 좋음 / 구김: 매우 많음,True,0,filluminate,상의,M,,2026,6,30,화,5,응답,정사이즈,화면과 비슷,매우 좋음,매우 많음,,,,,5.0,,,,1.0,0.0,0.0,0.0,0.0,,,배송이 빠르고 포장이 꼼꼼해요! 디자인 이쁘고 맘에 들어요!,배송이빠르고포장이꼼꼼해요디자인이쁘고맘에들어요,0,0,2,0,0,False,33,24,33,True
﻿4160491,85951718,general,친절한자색홈웨어,빠른배송감사합니다 여름에 단정하게 잘입을게요,5.0,False,05 저지먼트 라운드 티셔츠 / 차콜 · M,177.0,70.0,남성,2026-07-01 10:27:20,사이즈: 정사이즈 / 화면 대비 색감: 화면과 비슷 / 두께감: 적당함 / 신축성: 적당함,False,0,filluminate,상의,M,05 저지먼트 라운드 티셔츠 차콜,2026,7,1,수,5,응답,정사이즈,화면과 비슷,,,,적당함,적당함,,,,3.0,3.0,,0.0,0.0,0.0,0.0,,,빠른배송감사합니다 여름에 단정하게 잘입을게요,빠른배송감사합니다여름에단정하게잘입을게요,0,0,0,0,0,False,24,21,24,True
﻿4969869,85969971,general,ochu,여름에 입기에 좋은 소재고 얇아서 자주 입을거같아요,5.0,False,(STRIPE) WHITE · XL,180.0,75.0,남성,2026-07-01 21:34:59,사이즈: 정사이즈 / 화면 대비 색감: 화면과 비슷 / 퀄리티: 보통 / 구김: 약간 있음,False,0,filluminate,상의,XL,(STRIPE) WHITE,2026,7,1,수,5,응답,정사이즈,화면과 비슷,보통,약간 있음,,,,,3.0,,,,3.0,0.0,0.0,0.0,0.0,,,여름에 입기에 좋은 소재고 얇아서 자주 입을거같아요,여름에입기에좋은소재고얇아서자주입을거같아요,0,0,0,0,0,False,28,22,28,True
4969869,85940144,general,이이이잉잉잉,핏도 잘맞고 색도 쨍하고 이뻐요 사이즈랑 품도 이쁩니다,5.0,False,GREY · M,166.0,67.0,남성,2026-06-30 22:01:37,사이즈: 정사이즈 / 화면 대비 색감: 화면과 비슷 / 퀄리티: 보통 / 구김: 약간 있음,False,0,filluminate,상의,M,GREY,2026,6,30,화,5,응답,정사이즈,화면과 비슷,보통,약간 있음,,,,,3.0,,,,3.0,0.0,0.0,0.0,0.0,,,핏도 잘맞고 색도 쨍하고 이뻐요 사이즈랑 품도 이쁩니다,핏도잘맞고색도쨍하고이뻐요사이즈랑품도이쁩니다,0,0,0,0,0,False,30,23,30,True
4969869,85907777,general,taewoo07,나시 입고 위에 걸치면 저 같은 키작남도 이쁘게 입을만해요,5.0,False,WHITE · M,168.0,52.0,남성,2026-06-29 19:45:37,사이즈: 조금 큼 / 화면 대비 색감: 밝음 / 퀄리티: 매우 좋음 / 구김: 많음,False,0,filluminate,상의,M,WHITE,2026,6,29,월,5,응답,조금 큼,밝음,매우 좋음,많음,,,,,5.0,,,,2.0,1.0,1.0,1.0,1.0,,,나시 입고 위에 걸치면 저 같은 키작남도 이쁘게 입을만해요,나시입고위에걸치면저같은키작남도이쁘게입을만해요,0,0,0,0,0,False,32,24,32,True
﻿4969889,86068635,general,활동적인터키샌들,색상 사이즈 핏 모두 만족합니다 여름에 입기 괜찮은 셔츠입니다,5.0,False,GREY · XL,182.0,98.0,남성,2026-07-05 20:09:06,사이즈: 정사이즈 / 화면 대비 색감: 화면과 비슷 / 퀄리티: 보통 / 구김: 약간 있음,False,0,filluminate,상의,XL,GREY,2026,7,5,일,5,응답,정사이즈,화면과 비슷,보통,약간 있음,,,,,3.0,,,,3.0,0.0,0.0,0.0,0.0,,,색상 사이즈 핏 모두 만족합니다 여름에 입기 괜찮은 셔츠입니다,색상사이즈핏모두만족합니다여름에입기괜찮은셔츠입니다,0,0,0,0,0,False,34,26,34,True
4969889,86065731,general,서투른남산로우진,여름에 반팔셔츠 필요해서 구매했습니다 원단도 튼튼해요,5.0,False,WHITE · L,172.0,73.0,남성,2026-07-05 18:09:09,사이즈: 정사이즈 / 화면 대비 색감: 화면과 비슷 / 퀄리티: 좋음 / 구김: 거의 없음,False,0,filluminate,상의,L,WHITE,2026,7,5,일,5,응답,정사이즈,화면과 비슷,좋음,거의 없음,,,,,4.0,,,,4.0,0.0,0.0,0.0,0.0,,,여름에 반팔셔츠 필요해서 구매했습니다 원단도 튼튼해요,여름에반팔셔츠필요해서구매했습니다원단도튼튼해요,0,0,0,0,0,False,29,24,29,True
4969889,86016685,general,헷헤헿,조금 잘 구겨지긴 하지만 크롭해서 무난하게 입을 수 있는 셔츠임니다,5.0,False,GREY · [Crop ver.] L,172.0,82.0,남성,2026-07-03 16:51:11,사이즈: 정사이즈 / 화면 대비 색감: 화면과 비슷 / 퀄리티: 보통 / 구김: 많음,True,0,filluminate,상의,L,GREY [Crop ver.],2026,7,3,금,5,응답,정사이즈,화면과 비슷,보통,많음,,,,,3.0,,,,2.0,0.0,0.0,0.0,0.0,,,조금 잘 구겨지긴 하지만 크롭해서 무난하게 입을 수 있는 셔츠임니다,조금잘구겨지긴하지만크롭해서무난하게입을수있는셔츠임니다,0,0,0,0,0,False,37,28,37,True
4969889,85966375,style,임금별,오버핏에 깔끔한 디자인이에요. 크롭해서 정사이즈로 구매하시면 제일 예쁘게 입을 수 있어요!  👍 장점  - 깔끔한 디자인  - 다양한 색상  👎 단점  - 없음,5.0,False,SKY BLUE · [Crop ver.] L,178.0,71.0,남성,2026-07-01 19:31:14,사이즈: 정사이즈 / 화면 대비 색감: 화면과 비슷 / 퀄리티: 보통 / 구김: 거의 없음,True,0,filluminate,상의,L,SKY BLUE [Crop ver.],2026,7,1,수,5,응답,정사이즈,화면과 비슷,보통,거의 없음,,,,,3.0,,,,4.0,0.0,0.0,0.0,0.0,,,오버핏에 깔끔한 디자인이에요. 크롭해서 정사이즈로 구매하시면 제일 예쁘게 입을 수 있어요! 장점 - 깔끔한 디자인 - 다양한 색상 단점 - 없음,오버핏에깔끔한디자인이에요크롭해서정사이즈로구매하시면제일예쁘게입을수있어요장점깔끔한디자인다양한색상단점없음,0,0,1,0,2,False,89,55,80,True
4969889,85965954,general,임금별,깔끔한 디자인에 마감도 좋아요!!! 정사이즈라서 평소에 입는 사이즈로 구매하시면 딱 맞게 입을 수 있어요,5.0,False,SKY BLUE · [Crop ver.] L,178.0,71.0,남성,2026-07-01 19:15:12,사이즈: 정사이즈 / 화면 대비 색감: 화면과 비슷 / 퀄리티: 보통 / 구김: 거의 없음,True,0,filluminate,상의,L,SKY BLUE [Crop ver.],2026,7,1,수,5,응답,정사이즈,화면과 비슷,보통,거의 없음,,,,,3.0,,,,4.0,0.0,0.0,0.0,0.0,,,깔끔한 디자인에 마감도 좋아요!!! 정사이즈라서 평소에 입는 사이즈로 구매하시면 딱 맞게 입을 수 있어요,깔끔한디자인에마감도좋아요정사이즈라서평소에입는사이즈로구매하시면딱맞게입을수있어요,0,0,3,0,0,True,58,42,58,True
4969889,85915764,general,힘있는LA모카신,색상과 핏감 모두 만족합니다. 반팔크롭은 뭔가 저에게는 평소 입기에는 애매한느낌이 있어서  셔츠지만 조금 힙한느낌으로 입으면 더욱 예쁠듯 하네요.,4.0,False,WHITE · [Crop ver.] M,171.0,68.0,남성,2026-06-30 00:14:57,사이즈: 정사이즈 / 화면 대비 색감: 화면과 비슷 / 퀄리티: 좋음 / 구김: 약간 있음,False,0,filluminate,상의,M,WHITE [Crop ver.],2026,6,30,화,4,응답,정사이즈,화면과 비슷,좋음,약간 있음,,,,,4.0,,,,3.0,0.0,0.0,0.0,0.0,,,색상과 핏감 모두 만족합니다. 반팔크롭은 뭔가 저에게는 평소 입기에는 애매한느낌이 있어서 셔츠지만 조금 힙한느낌으로 입으면 더욱 예쁠듯 하네요.,색상과핏감모두만족합니다반팔크롭은뭔가저에게는평소입기에는애매한느낌이있어서셔츠지만조금힙한느낌으로입으면더욱예쁠듯하네요,0,0,0,0,0,False,81,61,80,True
4969889,85911984,general,원활한베이징쪼리,생각한거 보다 펑퍼짐함 약간 두꺼워서 빅파이는 안보일듯,4.0,False,WHITE · M,175.0,69.0,남성,2026-06-29 22:08:46,사이즈: 정사이즈 / 화면 대비 색감: 화면과 비슷 / 퀄리티: 보통 / 구김: 약간 있음,False,0,filluminate,상의,M,WHITE,2026,6,29,월,4,응답,정사이즈,화면과 비슷,보통,약간 있음,,,,,3.0,,,,3.0,0.0,0.0,0.0,0.0,,,생각한거 보다 펑퍼짐함 약간 두꺼워서 빅파이는 안보일듯,생각한거보다펑퍼짐함약간두꺼워서빅파이는안보일듯,0,0,0,0,0,False,30,24,30,True
4969889,85877072,style,마오머오,크롭한 기장이 생각보다 느낌이 좋아서 멋내기 좋아요. 근데 약간 두꺼운 감이 있어서 저는 좀 더웠어요.,4.0,False,BEIGE · [Crop ver.] XL,178.0,77.0,남성,2026-06-28 19:26:11,사이즈: 정사이즈 / 화면 대비 색감: 화면과 비슷 / 퀄리티: 보통 / 구김: 많음,True,0,filluminate,상의,XL,BEIGE [Crop ver.],2026,6,28,일,4,응답,정사이즈,화면과 비슷,보통,많음,,,,,3.0,,,,2.0,0.0,0.0,0.0,0.0,,,크롭한 기장이 생각보다 느낌이 좋아서 멋내기 좋아요. 근데 약간 두꺼운 감이 있어서 저는 좀 더웠어요.,크롭한기장이생각보다느낌이좋아서멋내기좋아요근데약간두꺼운감이있어서저는좀더웠어요,0,0,0,0,0,False,57,41,57,True
﻿4969880,86036461,style,기본회원정보12,절대 여름에 입을 수 있는 재질이 아님. 많이 두껍고 린넨 어쩌고는 양심 출타한 댕소리임. 봄이나 가을에 입어야함. 옷 자체는 나쁘지 않음.,4.0,False,LIGHT BLUE · M,169.0,68.0,남성,2026-07-04 14:06:24,사이즈: 조금 큼 / 화면 대비 색감: 화면과 비슷 / 퀄리티: 매우 좋음 / 구김: 약간 있음,True,0,filluminate,상의,M,LIGHT BLUE,2026,7,4,토,4,응답,조금 큼,화면과 비슷,매우 좋음,약간 있음,,,,,5.0,,,,3.0,1.0,1.0,0.0,0.0,,,절대 여름에 입을 수 있는 재질이 아님. 많이 두껍고 린넨 어쩌고는 양심 출타한 댕소리임. 봄이나 가을에 입어야함. 옷 자체는 나쁘지 않음.,절대여름에입을수있는재질이아님많이두껍고린넨어쩌고는양심출타한댕소리임봄이나가을에입어야함옷자체는나쁘지않음,0,0,0,0,0,False,78,54,78,True
4969880,86036446,general,기본회원정보12,절대 여름에 입을 수 있는 재질이 아님. 많이 두껍고 린넨 어쩌고는 양심 출타한 댕소리임. 봄이나 가을에 입어야함. 옷 자체는 나쁘지 않음.,4.0,False,LIGHT BLUE · M,169.0,68.0,남성,2026-07-04 14:05:36,사이즈: 조금 큼 / 화면 대비 색감: 화면과 비슷 / 퀄리티: 매우 좋음 / 구김: 약간 있음,True,0,filluminate,상의,M,LIGHT BLUE,2026,7,4,토,4,응답,조금 큼,화면과 비슷,매우 좋음,약간 있음,,,,,5.0,,,,3.0,1.0,1.0,0.0,0.0,,,절대 여름에 입을 수 있는 재질이 아님. 많이 두껍고 린넨 어쩌고는 양심 출타한 댕소리임. 봄이나 가을에 입어야함. 옷 자체는 나쁘지 않음.,절대여름에입을수있는재질이아님많이두껍고린넨어쩌고는양심출타한댕소리임봄이나가을에입어야함옷자체는나쁘지않음,0,0,0,0,0,False,78,54,78,True
4969880,85977512,general,줴쥉,사이즈가 생각보다 조금 크기도 하고 지금 날씨에 입기에는 조금 두꺼운 느낌이여서 여름 끝무렵에 입는게 좋을거 같아요,5.0,False,LIGHT BLUE · M,163.0,58.0,여성,2026-07-02 04:22:11,사이즈: 조금 큼 / 화면 대비 색감: 화면과 비슷 / 퀄리티: 보통 / 구김: 약간 있음,False,0,filluminate,상의,M,LIGHT BLUE,2026,7,2,목,5,응답,조금 큼,화면과 비슷,보통,약간 있음,,,,,3.0,,,,3.0,1.0,1.0,0.0,0.0,,,사이즈가 생각보다 조금 크기도 하고 지금 날씨에 입기에는 조금 두꺼운 느낌이여서 여름 끝무렵에 입는게 좋을거 같아요,사이즈가생각보다조금크기도하고지금날씨에입기에는조금두꺼운느낌이여서여름끝무렵에입는게좋을거같아요,0,0,0,0,0,False,64,49,64,True
4969880,85973280,general,wjs3389,딱 원하던 연청 색상이었고 생각보다 두꺼워서 지금 입기엔 더울거 같아요,5.0,False,LIGHT BLUE · M,170.0,60.0,여성,2026-07-01 23:10:35,사이즈: 정사이즈 / 화면 대비 색감: 화면과 비슷 / 퀄리티: 보통 / 구김: 약간 있음,False,0,filluminate,상의,M,LIGHT BLUE,2026,7,1,수,5,응답,정사이즈,화면과 비슷,보통,약간 있음,,,,,3.0,,,,3.0,0.0,0.0,0.0,0.0,,,딱 원하던 연청 색상이었고 생각보다 두꺼워서 지금 입기엔 더울거 같아요,딱원하던연청색상이었고생각보다두꺼워서지금입기엔더울거같아요,0,0,0,0,0,False,39,30,39,True
4969880,85953620,general,시크한리스본새틴,생각보다 옷이 크다 100프로 린넨은 아니다 린넨 라이크라는 말 처음 들어봤는데 입어보니 이해가 됐다,5.0,False,WHITE · L,175.0,69.0,남성,2026-07-01 11:31:50,사이즈: 조금 큼 / 화면 대비 색감: 화면과 비슷 / 퀄리티: 좋음 / 구김: 많음,False,0,filluminate,상의,L,WHITE,2026,7,1,수,5,응답,조금 큼,화면과 비슷,좋음,많음,,,,,4.0,,,,2.0,1.0,1.0,0.0,0.0,,,생각보다 옷이 크다 100프로 린넨은 아니다 린넨 라이크라는 말 처음 들어봤는데 입어보니 이해가 됐다,생각보다옷이크다100프로린넨은아니다린넨라이크라는말처음들어봤는데입어보니이해가됐다,0,0,0,0,0,False,56,40,56,True
4969880,85949808,general,김동건2,데님인데 얇은 느낌이라 구김도 적고 시원합니다,5.0,False,INDIGO · XL,183.0,73.0,남성,2026-07-01 09:17:53,사이즈: 정사이즈 / 화면 대비 색감: 화면과 비슷 / 퀄리티: 매우 좋음 / 구김: 약간 있음,False,0,filluminate,상의,XL,INDIGO,2026,7,1,수,5,응답,정사이즈,화면과 비슷,매우 좋음,약간 있음,,,,,5.0,,,,3.0,0.0,0.0,0.0,0.0,,,데님인데 얇은 느낌이라 구김도 적고 시원합니다,데님인데얇은느낌이라구김도적고시원합니다,0,0,0,0,0,False,25,20,25,True
4969880,85941065,general,얼얼한핑크크롭,핏이 이쁘고 시원한 소재라서 밖에 다닐때 시원합니다,5.0,False,LIGHT BLUE · L,179.0,78.0,남성,2026-06-30 22:26:03,사이즈: 조금 큼 / 화면 대비 색감: 화면과 비슷 / 퀄리티: 매우 좋음 / 구김: 약간 있음,False,0,filluminate,상의,L,LIGHT BLUE,2026,6,30,화,5,응답,조금 큼,화면과 비슷,매우 좋음,약간 있음,,,,,5.0,,,,3.0,1.0,1.0,0.0,0.0,,,핏이 이쁘고 시원한 소재라서 밖에 다닐때 시원합니다,핏이이쁘고시원한소재라서밖에다닐때시원합니다,0,0,0,0,0,False,28,22,28,True
4969880,85813888,style,이문왕자,셔츠 핏 나무 좋아요! 너무 과하게 크지않고 적당한 오버사이즈라 마음에 듭니다!!!,5.0,False,LIGHT BLUE · L,180.0,69.0,남성,2026-06-26 23:33:57,사이즈: 정사이즈 / 화면 대비 색감: 화면과 비슷 / 퀄리티: 보통 / 구김: 약간 있음,True,0,filluminate,상의,L,LIGHT BLUE,2026,6,26,금,5,응답,정사이즈,화면과 비슷,보통,약간 있음,,,,,3.0,,,,3.0,0.0,0.0,0.0,0.0,,,셔츠 핏 나무 좋아요! 너무 과하게 크지않고 적당한 오버사이즈라 마음에 듭니다!!!,셔츠핏나무좋아요너무과하게크지않고적당한오버사이즈라마음에듭니다,0,0,4,0,0,True,46,32,46,True
﻿6140944,86071244,general,울랄라호,핏도 좋고 디자인도 이뻐요. 다만 뒤에 택이 너무 거슬려서 뜯었어요,4.0,False,MELANGE GREY · L,173.0,72.0,남성,2026-07-05 21:48:16,사이즈: 조금 큼 / 화면 대비 색감: 화면과 비슷 / 두께감: 두꺼움 / 신축성: 강함,True,0,filluminate,상의,L,MELANGE GREY,2026,7,5,일,4,응답,조금 큼,화면과 비슷,,,,강함,두꺼움,,,,4.0,4.0,,1.0,1.0,0.0,0.0,,,핏도 좋고 디자인도 이뻐요. 다만 뒤에 택이 너무 거슬려서 뜯었어요,핏도좋고디자인도이뻐요다만뒤에택이너무거슬려서뜯었어요,0,0,0,0,0,False,37,27,37,True
6140944,86068419,style,jyhan94,스토커즈 유튭보고 이뻐서 구매했어요 신축성 좋고 도톰하고 기장도 세미크롭이라 빼입 좋아요,5.0,False,MELANGE GREY · L,183.0,87.0,남성,2026-07-05 20:01:20,사이즈: 정사이즈 / 화면 대비 색감: 화면과 비슷 / 두께감: 두꺼움 / 신축성: 강함,True,0,filluminate,상의,L,MELANGE GREY,2026,7,5,일,5,응답,정사이즈,화면과 비슷,,,,강함,두꺼움,,,,4.0,4.0,,0.0,0.0,0.0,0.0,,,스토커즈 유튭보고 이뻐서 구매했어요 신축성 좋고 도톰하고 기장도 세미크롭이라 빼입 좋아요,스토커즈유튭보고이뻐서구매했어요신축성좋고도톰하고기장도세미크롭이라빼입좋아요,0,0,0,0,0,False,49,39,49,True
6140944,86068400,general,jyhan94,스토커즈 유튭보고 이뻐서 구매했습니다. 탄탄하고 신축성있어서 좋아요,5.0,False,MELANGE GREY · L,183.0,87.0,남성,2026-07-05 20:00:19,사이즈: 정사이즈 / 화면 대비 색감: 화면과 비슷 / 두께감: 두꺼움 / 신축성: 강함,True,0,filluminate,상의,L,MELANGE GREY,2026,7,5,일,5,응답,정사이즈,화면과 비슷,,,,강함,두꺼움,,,,4.0,4.0,,0.0,0.0,0.0,0.0,,,스토커즈 유튭보고 이뻐서 구매했습니다. 탄탄하고 신축성있어서 좋아요,스토커즈유튭보고이뻐서구매했습니다탄탄하고신축성있어서좋아요,0,0,0,0,0,False,37,30,37,True
6140944,86062304,general,불금엔마포리젠트,적당히 얇고 시원하고 쫀쫀하니 여름에 입기 좋았어요!,5.0,False,CHARCOAL · L,182.0,65.0,남성,2026-07-05 15:45:07,사이즈: 정사이즈 / 화면 대비 색감: 화면과 비슷 / 두께감: 적당함 / 신축성: 적당함,False,0,filluminate,상의,L,CHARCOAL,2026,7,5,일,5,응답,정사이즈,화면과 비슷,,,,적당함,적당함,,,,3.0,3.0,,0.0,0.0,0.0,0.0,,,적당히 얇고 시원하고 쫀쫀하니 여름에 입기 좋았어요!,적당히얇고시원하고쫀쫀하니여름에입기좋았어요,0,0,1,0,0,False,29,22,29,True
6140944,86055372,general,독창적인휴스턴퍼,배색도 이쁘고 사아즈도 좋고 크롭 기장도 적당해요,5.0,False,LIGHT KHAKI · M,171.0,65.0,남성,2026-07-05 10:17:07,사이즈: 정사이즈 / 화면 대비 색감: 화면과 비슷 / 두께감: 적당함 / 신축성: 적당함,True,0,filluminate,상의,M,LIGHT KHAKI,2026,7,5,일,5,응답,정사이즈,화면과 비슷,,,,적당함,적당함,,,,3.0,3.0,,0.0,0.0,0.0,0.0,,,배색도 이쁘고 사아즈도 좋고 크롭 기장도 적당해요,배색도이쁘고사아즈도좋고크롭기장도적당해요,0,0,0,0,0,False,27,21,27,True
6140944,86051048,general,돈쥬앙님,재질도 좋고 사이즈도 적당하고 좋네요 색도 그레이라 심플해서 더 좋은듯~ 추천~,5.0,False,MELANGE GREY · L,178.0,85.0,남성,2026-07-05 00:36:19,사이즈: 정사이즈 / 화면 대비 색감: 화면과 비슷 / 두께감: 적당함 / 신축성: 적당함,True,0,filluminate,상의,L,MELANGE GREY,2026,7,5,일,5,응답,정사이즈,화면과 비슷,,,,적당함,적당함,,,,3.0,3.0,,0.0,0.0,0.0,0.0,,,재질도 좋고 사이즈도 적당하고 좋네요 색도 그레이라 심플해서 더 좋은듯~ 추천~,재질도좋고사이즈도적당하고좋네요색도그레이라심플해서더좋은듯추천,0,0,0,0,0,False,44,32,44,True
6140944,86050760,general,Jinyong22,신축성 매우좋고 색감 너무 좋아요 너무잘입을거 같습니다 또한 저는 만족했지만 다른분들 참고 를 위해서 세탁전후 조금의 줄어듬이 있어서 사진 첨부드려요!! 세탁O 건조기X 1회 세탁,5.0,False,MELANGE GREY · M,171.0,72.0,남성,2026-07-05 00:24:57,사이즈: 정사이즈 / 화면 대비 색감: 화면과 비슷 / 두께감: 적당함 / 신축성: 매우 강함,True,0,filluminate,상의,M,MELANGE GREY,2026,7,5,일,5,응답,정사이즈,화면과 비슷,,,,매우 강함,적당함,,,,5.0,3.0,,0.0,0.0,0.0,0.0,,,신축성 매우좋고 색감 너무 좋아요 너무잘입을거 같습니다 또한 저는 만족했지만 다른분들 참고 를 위해서 세탁전후 조금의 줄어듬이 있어서 사진 첨부드려요!! 세탁O 건조기X 1회 세탁,신축성매우좋고색감너무좋아요너무잘입을거같습니다또한저는만족했지만다른분들참고를위해서세탁전후조금의줄어듬이있어서사진첨부드려요세탁o건조기x1회세탁,0,0,2,0,0,False,100,72,100,True
6140944,86049907,general,너무피곤하네,부담스럽지 않은 크롭 기장감이고 색감이 예뻐요! 엄청 부들부들하고 쫀쫀한 느낌이 좋습니다. 가성비도 좋고 깔별로 다 쟁이고 싶네요. 사이즈는 평소 입는 사이즈 가시면 될 거 같습니다.,5.0,False,LIGHT KHAKI · L,180.0,63.0,남성,2026-07-04 23:48:42,사이즈: 정사이즈 / 화면 대비 색감: 화면과 비슷 / 두께감: 적당함 / 신축성: 강함,True,0,filluminate,상의,L,LIGHT KHAKI,2026,7,4,토,5,응답,정사이즈,화면과 비슷,,,,강함,적당함,,,,4.0,3.0,,0.0,0.0,0.0,0.0,,,부담스럽지 않은 크롭 기장감이고 색감이 예뻐요! 엄청 부들부들하고 쫀쫀한 느낌이 좋습니다. 가성비도 좋고 깔별로 다 쟁이고 싶네요. 사이즈는 평소 입는 사이즈 가시면 될 거 같습니다.,부담스럽지않은크롭기장감이고색감이예뻐요엄청부들부들하고쫀쫀한느낌이좋습니다가성비도좋고깔별로다쟁이고싶네요사이즈는평소입는사이즈가시면될거같습니다,0,0,1,0,0,False,102,74,102,True
6140944,86046309,general,jti,​기본 템으로 입으려고 구매했는데 정말 만족스럽습니다. 멜란지 그레이 바탕에 잔스트라이프 패턴이 들어가 있어서 밋밋하지 않고 깔끔해요. ​핏도 너무 붙지 않고 적당히 여유 있는 세미 오버핏 느낌이라 체형 커버도 잘 되고 편안합니다. 넥라인도 탄탄하게 잡혀 있어서 쉽게 늘어날 것 같지 않네요. 청바지나 슬랙스 어디에나 매치하기 좋아서 올여름에 손이 자주 갈 것 같습니다. 추천해요!,4.0,False,MELANGE GREY · M,171.0,60.0,남성,2026-07-04 21:24:40,사이즈: 정사이즈 / 화면 대비 색감: 화면과 비슷 / 두께감: 적당함 / 신축성: 적당함,True,0,filluminate,상의,M,MELANGE GREY,2026,7,4,토,4,응답,정사이즈,화면과 비슷,,,,적당함,적당함,,,,3.0,3.0,,0.0,0.0,0.0,0.0,,,​기본 템으로 입으려고 구매했는데 정말 만족스럽습니다. 멜란지 그레이 바탕에 잔스트라이프 패턴이 들어가 있어서 밋밋하지 않고 깔끔해요. ​핏도 너무 붙지 않고 적당히 여유 있는 세미 오버핏 느낌이라 체형 커버도 잘 되고 편안합니다. 넥라인도 탄탄하게 잡혀 있어서 쉽게 늘어날 것 같지 않네요. 청바지나 슬랙스 어디에나 매치하기 좋아서 올여름에 손이 자주 갈 것 같습니다. 추천해요!,기본템으로입으려고구매했는데정말만족스럽습니다멜란지그레이바탕에잔스트라이프패턴이들어가있어서밋밋하지않고깔끔해요핏도너무붙지않고적당히여유있는세미오버핏느낌이라체형커버도잘되고편안합니다넥라인도탄탄하게잡혀있어서쉽게늘어날것같지않네요청바지나슬랙스어디에나매치하기좋아서올여름에손이자주갈것같습니다추천해요,0,0,1,0,0,False,213,154,213,True
6140944,86042476,style,낡은피,사이즈가 작을까 고민했는데 알맞게 고른것 같습니다.,5.0,False,MELANGE GREY · L,177.0,77.0,남성,2026-07-04 18:11:52,사이즈: 정사이즈 / 화면 대비 색감: 화면과 비슷 / 두께감: 적당함 / 신축성: 강함,True,0,filluminate,상의,L,MELANGE GREY,2026,7,4,토,5,응답,정사이즈,화면과 비슷,,,,강함,적당함,,,,4.0,3.0,,0.0,0.0,0.0,0.0,,,사이즈가 작을까 고민했는데 알맞게 고른것 같습니다.,사이즈가작을까고민했는데알맞게고른것같습니다,0,0,0,0,0,False,28,22,28,True
6140944,86041467,general,낡은피,편하게 입기좋을것 같아요 길이감도 적당해서 좋습니다.,5.0,False,MELANGE GREY · L,177.0,77.0,남성,2026-07-04 17:26:39,사이즈: 정사이즈 / 화면 대비 색감: 화면과 비슷 / 두께감: 적당함 / 신축성: 강함,True,0,filluminate,상의,L,MELANGE GREY,2026,7,4,토,5,응답,정사이즈,화면과 비슷,,,,강함,적당함,,,,4.0,3.0,,0.0,0.0,0.0,0.0,,,편하게 입기좋을것 같아요 길이감도 적당해서 좋습니다.,편하게입기좋을것같아요길이감도적당해서좋습니다,0,0,0,0,0,False,29,23,29,True
6140944,86034140,general,예쁘면박수,재질이 부드럽고 신축성이 강해요 약간 두꺼워서 밖에서 오래있을땐 더울거같긴합니다. 약간 크롭해서 부담이 없어요.,5.0,False,CHARCOAL · L,174.0,76.0,남성,2026-07-04 12:16:36,사이즈: 정사이즈 / 화면 대비 색감: 화면과 비슷 / 두께감: 두꺼움 / 신축성: 매우 강함,True,0,filluminate,상의,L,CHARCOAL,2026,7,4,토,5,응답,정사이즈,화면과 비슷,,,,매우 강함,두꺼움,,,,5.0,4.0,,0.0,0.0,0.0,0.0,,,재질이 부드럽고 신축성이 강해요 약간 두꺼워서 밖에서 오래있을땐 더울거같긴합니다. 약간 크롭해서 부담이 없어요.,재질이부드럽고신축성이강해요약간두꺼워서밖에서오래있을땐더울거같긴합니다약간크롭해서부담이없어요,0,0,0,0,0,False,62,48,62,True
6140944,86027538,general,서박사12,딱 사이즈가 좋네요 제 체형이랑 비슷한분들은 강추입니다,5.0,False,MELANGE GREY · M,170.0,76.0,남성,2026-07-04 00:23:16,사이즈: 정사이즈 / 화면 대비 색감: 화면과 비슷 / 두께감: 적당함 / 신축성: 적당함,False,0,filluminate,상의,M,MELANGE GREY,2026,7,4,토,5,응답,정사이즈,화면과 비슷,,,,적당함,적당함,,,,3.0,3.0,,0.0,0.0,0.0,0.0,,,딱 사이즈가 좋네요 제 체형이랑 비슷한분들은 강추입니다,딱사이즈가좋네요제체형이랑비슷한분들은강추입니다,0,0,0,0,0,False,30,24,30,True
6140944,86023936,general,깨끗한청색귀걸이,스타일 깔끔 사이즈 적정 기장 크롭 만족합니다요.,5.0,False,MELANGE GREY · L,177.0,80.0,남성,2026-07-03 21:49:19,사이즈: 정사이즈 / 화면 대비 색감: 화면과 비슷 / 두께감: 적당함 / 신축성: 적당함,False,0,filluminate,상의,L,MELANGE GREY,2026,7,3,금,5,응답,정사이즈,화면과 비슷,,,,적당함,적당함,,,,3.0,3.0,,0.0,0.0,0.0,0.0,,,스타일 깔끔 사이즈 적정 기장 크롭 만족합니다요.,스타일깔끔사이즈적정기장크롭만족합니다요,0,0,0,0,0,False,27,20,27,True
6140944,86023789,style,정확한홍콩힐,재질도 부드럽고 색도 제가 원하는 느낌이라 좋아요.,5.0,False,LIGHT KHAKI · S,165.0,55.0,남성,2026-07-03 21:42:03,사이즈: 정사이즈 / 화면 대비 색감: 화면과 비슷 / 두께감: 적당함 / 신축성: 적당함,True,0,filluminate,상의,S,LIGHT KHAKI,2026,7,3,금,5,응답,정사이즈,화면과 비슷,,,,적당함,적당함,,,,3.0,3.0,,0.0,0.0,0.0,0.0,,,재질도 부드럽고 색도 제가 원하는 느낌이라 좋아요.,재질도부드럽고색도제가원하는느낌이라좋아요,0,0,0,0,0,False,28,21,28,True
6140944,86023779,general,정확한홍콩힐,재질도 부드럽고 색도 제가 원하는 느낌이라 좋아요.,5.0,False,LIGHT KHAKI · S,165.0,55.0,남성,2026-07-03 21:41:40,사이즈: 정사이즈 / 화면 대비 색감: 화면과 비슷 / 두께감: 적당함 / 신축성: 적당함,True,0,filluminate,상의,S,LIGHT KHAKI,2026,7,3,금,5,응답,정사이즈,화면과 비슷,,,,적당함,적당함,,,,3.0,3.0,,0.0,0.0,0.0,0.0,,,재질도 부드럽고 색도 제가 원하는 느낌이라 좋아요.,재질도부드럽고색도제가원하는느낌이라좋아요,0,0,0,0,0,False,28,21,28,True
6140944,86023554,general,눈이안떠져,신축성 좋아요 두께감 살짝 있어요 편하게 잘 맞네요 아주 맘에 듭니다,5.0,False,MELANGE GREY · L,179.0,83.0,남성,2026-07-03 21:31:49,사이즈: 정사이즈 / 화면 대비 색감: 화면과 비슷 / 두께감: 두꺼움 / 신축성: 강함,True,0,filluminate,상의,L,MELANGE GREY,2026,7,3,금,5,응답,정사이즈,화면과 비슷,,,,강함,두꺼움,,,,4.0,4.0,,0.0,0.0,0.0,0.0,,,신축성 좋아요 두께감 살짝 있어요 편하게 잘 맞네요 아주 맘에 듭니다,신축성좋아요두께감살짝있어요편하게잘맞네요아주맘에듭니다,0,0,0,0,0,False,38,28,38,True
6140944,86022947,style,경쾌한라임빈티지,신축성이랑 질감이 좋아서 편하게 입기 좋은 가성비티,5.0,False,MELANGE GREY · S,167.0,56.0,남성,2026-07-03 21:05:13,사이즈: 정사이즈 / 화면 대비 색감: 화면과 비슷 / 두께감: 적당함 / 신축성: 강함,True,0,filluminate,상의,S,MELANGE GREY,2026,7,3,금,5,응답,정사이즈,화면과 비슷,,,,강함,적당함,,,,4.0,3.0,,0.0,0.0,0.0,0.0,,,신축성이랑 질감이 좋아서 편하게 입기 좋은 가성비티,신축성이랑질감이좋아서편하게입기좋은가성비티,0,0,0,0,0,False,28,22,28,True
6140944,86022073,general,란빙.,재질이 좋음 부드럽고 잘 늘어남(스판 느낌) 박음질도 ㄱㅊ,5.0,False,MELANGE GREY · M,167.0,67.0,남성,2026-07-03 20:29:40,사이즈: 정사이즈 / 화면 대비 색감: 화면과 비슷 / 두께감: 적당함 / 신축성: 적당함,False,0,filluminate,상의,M,MELANGE GREY,2026,7,3,금,5,응답,정사이즈,화면과 비슷,,,,적당함,적당함,,,,3.0,3.0,,0.0,0.0,0.0,0.0,,,재질이 좋음 부드럽고 잘 늘어남(스판 느낌) 박음질도 ㄱㅊ,재질이좋음부드럽고잘늘어남스판느낌박음질도,0,0,0,0,0,False,32,21,32,True
6140944,86018520,general,풍부한라벤더후드,요즘 크롭 트렌드 보다는 약간 길지만 원단이 정말 좋은게 느껴져요!,5.0,False,MELANGE GREY · M,174.0,68.0,남성,2026-07-03 18:04:49,사이즈: 조금 큼 / 화면 대비 색감: 화면과 비슷 / 두께감: 두꺼움 / 신축성: 강함,True,0,filluminate,상의,M,MELANGE GREY,2026,7,3,금,5,응답,조금 큼,화면과 비슷,,,,강함,두꺼움,,,,4.0,4.0,,1.0,1.0,0.0,0.0,,,요즘 크롭 트렌드 보다는 약간 길지만 원단이 정말 좋은게 느껴져요!,요즘크롭트렌드보다는약간길지만원단이정말좋은게느껴져요,0,0,1,0,0,False,37,27,37,True
6140944,86015970,general,NMINGN,M사이즈 같은데 L 사이즈 텍이 붙어서 있어요 색상별로 구매했는데 다른 색상L랑 비교해서 한치수 작은거 같습니다.  귀찮아서 교환은 안하고 와이프 입으라고 줬어요.  그부분빼고는 좋습니다.,5.0,False,CHARCOAL · L,180.0,80.0,남성,2026-07-03 16:25:51,사이즈: 매우 작음 / 화면 대비 색감: 화면과 비슷 / 두께감: 적당함 / 신축성: 적당함,False,0,filluminate,상의,L,CHARCOAL,2026,7,3,금,5,응답,매우 작음,화면과 비슷,,,,적당함,적당함,,,,3.0,3.0,,-2.0,2.0,0.0,0.0,,,M사이즈 같은데 L 사이즈 텍이 붙어서 있어요 색상별로 구매했는데 다른 색상L랑 비교해서 한치수 작은거 같습니다. 귀찮아서 교환은 안하고 와이프 입으라고 줬어요. 그부분빼고는 좋습니다.,m사이즈같은데l사이즈텍이붙어서있어요색상별로구매했는데다른색상l랑비교해서한치수작은거같습니다귀찮아서교환은안하고와이프입으라고줬어요그부분빼고는좋습니다,0,0,0,0,0,False,105,75,103,True
6140944,86015905,general,NMINGN,빠른배송이 일단 좋았습니다. 한치수 큰게 있으면 더 좋을거 같아요,5.0,False,LIGHT KHAKI · L,180.0,80.0,남성,2026-07-03 16:23:15,사이즈: 조금 작음 / 화면 대비 색감: 화면과 비슷 / 두께감: 적당함 / 신축성: 적당함,False,0,filluminate,상의,L,LIGHT KHAKI,2026,7,3,금,5,응답,조금 작음,화면과 비슷,,,,적당함,적당함,,,,3.0,3.0,,-1.0,1.0,0.0,0.0,,,빠른배송이 일단 좋았습니다. 한치수 큰게 있으면 더 좋을거 같아요,빠른배송이일단좋았습니다한치수큰게있으면더좋을거같아요,0,0,0,0,0,False,36,27,36,True
6140944,86014721,general,종이와가위,"톤온톤 스트라이프라 심플하면서도 밋밋하지 않고, 세미 크롭 기장이 하의랑 코디하기 딱 좋은 길이예요. 소재가 도톰해서 핏 잡아주는 느낌이 좋고 형태 무너짐도 적습니다. 178/69에 여유롭게 잘 맞았고 캐주얼룩 포인트 아이템으로 훌륭해요.",5.0,False,MELANGE GREY · L,177.0,70.0,남성,2026-07-03 15:39:41,사이즈: 정사이즈 / 화면 대비 색감: 화면과 비슷 / 두께감: 두꺼움 / 신축성: 적당함,True,0,filluminate,상의,L,MELANGE GREY,2026,7,3,금,5,응답,정사이즈,화면과 비슷,,,,적당함,두꺼움,,,,3.0,4.0,,0.0,0.0,0.0,0.0,,,"톤온톤 스트라이프라 심플하면서도 밋밋하지 않고, 세미 크롭 기장이 하의랑 코디하기 딱 좋은 길이예요. 소재가 도톰해서 핏 잡아주는 느낌이 좋고 형태 무너짐도 적습니다. 178/69에 여유롭게 잘 맞았고 캐주얼룩 포인트 아이템으로 훌륭해요.",톤온톤스트라이프라심플하면서도밋밋하지않고세미크롭기장이하의랑코디하기딱좋은길이예요소재가도톰해서핏잡아주는느낌이좋고형태무너짐도적습니다17869에여유롭게잘맞았고캐주얼룩포인트아이템으로훌륭해요,0,0,0,0,0,False,133,94,133,True
6140944,86013053,general,넓은마포에코백,핏이 너무 좋았어요 색감이랑 너무 마음에 드네요,5.0,False,MELANGE GREY · L,175.0,81.0,missing,2026-07-03 14:31:33,사이즈: 정사이즈 / 화면 대비 색감: 화면과 비슷 / 두께감: 적당함 / 신축성: 적당함,False,0,filluminate,상의,L,MELANGE GREY,2026,7,3,금,5,응답,정사이즈,화면과 비슷,,,,적당함,적당함,,,,3.0,3.0,,0.0,0.0,0.0,0.0,,,핏이 너무 좋았어요 색감이랑 너무 마음에 드네요,핏이너무좋았어요색감이랑너무마음에드네요,0,0,0,0,0,False,26,20,26,True
6140944,86001215,general,장근식,깔끔하고 디자인 이뻐요! 재질은 나쁘지않고 세탁은 몇번해봐야 알듯,5.0,False,MELANGE GREY · L,178.0,77.0,남성,2026-07-02 23:36:13,사이즈: 정사이즈 / 화면 대비 색감: 화면과 비슷 / 두께감: 적당함 / 신축성: 적당함,False,0,filluminate,상의,L,MELANGE GREY,2026,7,2,목,5,응답,정사이즈,화면과 비슷,,,,적당함,적당함,,,,3.0,3.0,,0.0,0.0,0.0,0.0,,,깔끔하고 디자인 이뻐요! 재질은 나쁘지않고 세탁은 몇번해봐야 알듯,깔끔하고디자인이뻐요재질은나쁘지않고세탁은몇번해봐야알듯,0,0,1,0,0,False,36,28,36,True
6140944,86000019,general,타막이,이쁘고 재질도좋고 최곱니다 계속 이용 할 것 같습니다,5.0,False,CHARCOAL · L,178.0,73.0,남성,2026-07-02 22:54:38,사이즈: 정사이즈 / 화면 대비 색감: 화면과 비슷 / 두께감: 적당함 / 신축성: 적당함,False,0,filluminate,상의,L,CHARCOAL,2026,7,2,목,5,응답,정사이즈,화면과 비슷,,,,적당함,적당함,,,,3.0,3.0,,0.0,0.0,0.0,0.0,,,이쁘고 재질도좋고 최곱니다 계속 이용 할 것 같습니다,이쁘고재질도좋고최곱니다계속이용할것같습니다,0,0,0,0,0,False,29,22,29,True
6140944,85992126,style,최신헝가리봄패션,크롭한 기장에 어디에나 어울려서 매일 편하게 입고있어요. 신축성도 좋아서 활동하기 편합니다.,5.0,False,MELANGE GREY · L,183.0,75.0,남성,2026-07-02 18:13:43,사이즈: 정사이즈 / 화면 대비 색감: 화면과 비슷 / 두께감: 적당함 / 신축성: 강함,True,0,filluminate,상의,L,MELANGE GREY,2026,7,2,목,5,응답,정사이즈,화면과 비슷,,,,강함,적당함,,,,4.0,3.0,,0.0,0.0,0.0,0.0,,,크롭한 기장에 어디에나 어울려서 매일 편하게 입고있어요. 신축성도 좋아서 활동하기 편합니다.,크롭한기장에어디에나어울려서매일편하게입고있어요신축성도좋아서활동하기편합니다,0,0,0,0,0,False,51,39,51,True
6140944,85989360,general,hanji0902,스트라이프가 이쁘고 여름에 입기 딱 좋아요 크롭이라 기장도 딱 좋아요,5.0,False,MELANGE GREY · L,170.0,63.0,남성,2026-07-02 16:28:04,사이즈: 정사이즈 / 화면 대비 색감: 화면과 비슷 / 두께감: 적당함 / 신축성: 적당함,False,0,filluminate,상의,L,MELANGE GREY,2026,7,2,목,5,응답,정사이즈,화면과 비슷,,,,적당함,적당함,,,,3.0,3.0,,0.0,0.0,0.0,0.0,,,스트라이프가 이쁘고 여름에 입기 딱 좋아요 크롭이라 기장도 딱 좋아요,스트라이프가이쁘고여름에입기딱좋아요크롭이라기장도딱좋아요,0,0,0,0,0,False,38,29,38,True
6140944,85979476,general,낮은쿠바벨라인,배송 빠르고 품질 괜찮아요 사이즈도 정사이즈네요,4.0,False,MELANGE GREY · L,181.0,80.0,남성,2026-07-02 09:02:00,사이즈: 정사이즈 / 화면 대비 색감: 화면과 비슷 / 두께감: 적당함 / 신축성: 적당함,False,0,filluminate,상의,L,MELANGE GREY,2026,7,2,목,4,응답,정사이즈,화면과 비슷,,,,적당함,적당함,,,,3.0,3.0,,0.0,0.0,0.0,0.0,,,배송 빠르고 품질 괜찮아요 사이즈도 정사이즈네요,배송빠르고품질괜찮아요사이즈도정사이즈네요,0,0,0,0,0,False,26,21,26,True
6140944,85956645,general,Swag jm,검은색 바지나 베이지색 바지랑 잘 어울립니다. 입고 다니기 예쁘네요,5.0,False,LIGHT KHAKI · L,179.0,71.0,남성,2026-07-01 13:33:22,사이즈: 정사이즈 / 화면 대비 색감: 화면과 비슷 / 두께감: 적당함 / 신축성: 적당함,True,0,filluminate,상의,L,LIGHT KHAKI,2026,7,1,수,5,응답,정사이즈,화면과 비슷,,,,적당함,적당함,,,,3.0,3.0,,0.0,0.0,0.0,0.0,,,검은색 바지나 베이지색 바지랑 잘 어울립니다. 입고 다니기 예쁘네요,검은색바지나베이지색바지랑잘어울립니다입고다니기예쁘네요,0,0,0,0,0,False,37,28,37,True
6140944,85949839,style,럭셔리한케냐카고,이번에 산 반팔 중에 만족감 젤 좋은듯 터치감도 좋고 색상도 좋고,5.0,False,LIGHT KHAKI · L,170.0,80.0,남성,2026-07-01 09:19:29,사이즈: 정사이즈 / 화면 대비 색감: 화면과 비슷 / 두께감: 적당함 / 신축성: 적당함,True,0,filluminate,상의,L,LIGHT KHAKI,2026,7,1,수,5,응답,정사이즈,화면과 비슷,,,,적당함,적당함,,,,3.0,3.0,,0.0,0.0,0.0,0.0,,,이번에 산 반팔 중에 만족감 젤 좋은듯 터치감도 좋고 색상도 좋고,이번에산반팔중에만족감젤좋은듯터치감도좋고색상도좋고,0,0,0,0,0,False,36,26,36,True
6140944,85947876,general,OhJUS,디자인도 이쁘고 편하고 좋습니다 번창하세요 굿!,5.0,False,MELANGE GREY · L,178.0,80.0,남성,2026-07-01 06:36:42,사이즈: 정사이즈 / 화면 대비 색감: 화면과 비슷 / 두께감: 적당함 / 신축성: 적당함,False,0,filluminate,상의,L,MELANGE GREY,2026,7,1,수,5,응답,정사이즈,화면과 비슷,,,,적당함,적당함,,,,3.0,3.0,,0.0,0.0,0.0,0.0,,,디자인도 이쁘고 편하고 좋습니다 번창하세요 굿!,디자인도이쁘고편하고좋습니다번창하세요굿,0,0,1,0,0,False,26,20,26,True
6140944,85933175,style,거대한연보라리본,기본 스트라이프 티셔츠 필요했는데 잘 입을것 같아요. 크롭한 느낌도 마음에 들어요!,5.0,False,CHARCOAL · M,174.0,63.0,남성,2026-06-30 23:38:30,사이즈: 조금 작음 / 화면 대비 색감: 화면과 비슷 / 두께감: 적당함 / 신축성: 적당함,True,0,filluminate,상의,M,CHARCOAL,2026,6,30,화,5,응답,조금 작음,화면과 비슷,,,,적당함,적당함,,,,3.0,3.0,,-1.0,1.0,0.0,0.0,,,기본 스트라이프 티셔츠 필요했는데 잘 입을것 같아요. 크롭한 느낌도 마음에 들어요!,기본스트라이프티셔츠필요했는데잘입을것같아요크롭한느낌도마음에들어요,0,0,1,0,0,False,46,34,46,True
6140944,85939027,general,지타쓰,휘뚜루 마뚜루 여름이 입기 최고에요!! 색상별로 전부구매함,5.0,False,MELANGE GREY · L,174.0,72.0,남성,2026-06-30 21:29:57,사이즈: 정사이즈 / 화면 대비 색감: 화면과 비슷 / 두께감: 적당함 / 신축성: 적당함,False,0,filluminate,상의,L,MELANGE GREY,2026,6,30,화,5,응답,정사이즈,화면과 비슷,,,,적당함,적당함,,,,3.0,3.0,,0.0,0.0,0.0,0.0,,,휘뚜루 마뚜루 여름이 입기 최고에요!! 색상별로 전부구매함,휘뚜루마뚜루여름이입기최고에요색상별로전부구매함,0,0,2,0,0,False,32,24,32,True
6140944,85939008,general,지타쓰,휘뚜루 마뚜루 여름이 입기 최고에요!! 색상별로 다 구매 햇어요,5.0,False,CHARCOAL · L,174.0,72.0,남성,2026-06-30 21:29:32,사이즈: 정사이즈 / 화면 대비 색감: 화면과 비슷 / 두께감: 적당함 / 신축성: 적당함,False,0,filluminate,상의,L,CHARCOAL,2026,6,30,화,5,응답,정사이즈,화면과 비슷,,,,적당함,적당함,,,,3.0,3.0,,0.0,0.0,0.0,0.0,,,휘뚜루 마뚜루 여름이 입기 최고에요!! 색상별로 다 구매 햇어요,휘뚜루마뚜루여름이입기최고에요색상별로다구매햇어요,0,0,2,0,0,False,35,25,35,True
6140944,85938989,general,지타쓰,휘뚜루 마뚜루 여름이 입기 최고에요!! 색상별로 구매 햇음,5.0,False,LIGHT KHAKI · L,174.0,72.0,남성,2026-06-30 21:29:04,사이즈: 조금 큼 / 화면 대비 색감: 화면과 비슷 / 두께감: 적당함 / 신축성: 적당함,False,0,filluminate,상의,L,LIGHT KHAKI,2026,6,30,화,5,응답,조금 큼,화면과 비슷,,,,적당함,적당함,,,,3.0,3.0,,1.0,1.0,0.0,0.0,,,휘뚜루 마뚜루 여름이 입기 최고에요!! 색상별로 구매 햇음,휘뚜루마뚜루여름이입기최고에요색상별로구매햇음,0,0,2,0,0,False,32,23,32,True
6140944,85934883,general,로봇왕이잉칙킹,키미 누님 추천으로 구매했는데 색감 핏 다 이쁘고 원단도 완전 부드러운데 탄탄해서 좋아요 단점이라면 어깨가 뾰족 튀어나온.. 다림질해도 잘 안되네요,4.0,False,LIGHT KHAKI · L,180.0,72.0,남성,2026-06-30 19:30:29,사이즈: 정사이즈 / 화면 대비 색감: 화면과 비슷 / 두께감: 적당함 / 신축성: 강함,True,0,filluminate,상의,L,LIGHT KHAKI,2026,6,30,화,4,응답,정사이즈,화면과 비슷,,,,강함,적당함,,,,4.0,3.0,,0.0,0.0,0.0,0.0,,,키미 누님 추천으로 구매했는데 색감 핏 다 이쁘고 원단도 완전 부드러운데 탄탄해서 좋아요 단점이라면 어깨가 뾰족 튀어나온.. 다림질해도 잘 안되네요,키미누님추천으로구매했는데색감핏다이쁘고원단도완전부드러운데탄탄해서좋아요단점이라면어깨가뾰족튀어나온다림질해도잘안되네요,0,0,0,0,0,False,82,61,82,True
6140944,85933351,general,고르건,일단 핏도 예쁘게 나오고 어두운색 바지랑 되게 잘 어울리는 거 같아용,5.0,False,MELANGE GREY · L,176.0,68.0,남성,2026-06-30 18:43:07,사이즈: 정사이즈 / 화면 대비 색감: 화면과 비슷 / 두께감: 적당함 / 신축성: 적당함,False,0,filluminate,상의,L,MELANGE GREY,2026,6,30,화,5,응답,정사이즈,화면과 비슷,,,,적당함,적당함,,,,3.0,3.0,,0.0,0.0,0.0,0.0,,,일단 핏도 예쁘게 나오고 어두운색 바지랑 되게 잘 어울리는 거 같아용,일단핏도예쁘게나오고어두운색바지랑되게잘어울리는거같아용,0,0,0,0,0,False,38,28,38,True
6140944,85933243,general,거대한연보라리본,색상도 예쁘고 잘 입을것 같습니다! 무난한것 같아요,5.0,False,CHARCOAL · M,174.0,63.0,남성,2026-06-30 18:40:14,사이즈: 조금 작음 / 화면 대비 색감: 화면과 비슷 / 두께감: 적당함 / 신축성: 적당함,True,0,filluminate,상의,M,CHARCOAL,2026,6,30,화,5,응답,조금 작음,화면과 비슷,,,,적당함,적당함,,,,3.0,3.0,,-1.0,1.0,0.0,0.0,,,색상도 예쁘고 잘 입을것 같습니다! 무난한것 같아요,색상도예쁘고잘입을것같습니다무난한것같아요,0,0,1,0,0,False,28,21,28,True
6140944,85923024,general,최신호주메리제인,사진보다 살짝 밝은 색상이고 부들부들해서 너무 편해요,5.0,False,CHARCOAL · M,170.0,65.0,남성,2026-06-30 12:16:11,사이즈: 정사이즈 / 화면 대비 색감: 화면과 비슷 / 두께감: 적당함 / 신축성: 적당함,True,0,filluminate,상의,M,CHARCOAL,2026,6,30,화,5,응답,정사이즈,화면과 비슷,,,,적당함,적당함,,,,3.0,3.0,,0.0,0.0,0.0,0.0,,,사진보다 살짝 밝은 색상이고 부들부들해서 너무 편해요,사진보다살짝밝은색상이고부들부들해서너무편해요,0,0,0,0,0,False,29,23,29,True
6140944,85923006,general,최신호주메리제인,부들부들하고 약간 크롭한 기장이라서 딱 좋아요.,5.0,False,MELANGE GREY · M,170.0,65.0,남성,2026-06-30 12:15:23,사이즈: 정사이즈 / 화면 대비 색감: 화면과 비슷 / 두께감: 적당함 / 신축성: 적당함,True,0,filluminate,상의,M,MELANGE GREY,2026,6,30,화,5,응답,정사이즈,화면과 비슷,,,,적당함,적당함,,,,3.0,3.0,,0.0,0.0,0.0,0.0,,,부들부들하고 약간 크롭한 기장이라서 딱 좋아요.,부들부들하고약간크롭한기장이라서딱좋아요,0,0,0,0,0,False,26,20,26,True
6140944,85914813,general,jung020,"천도 시원하고, 사이즈도 크롭하니 매우 추천합니다",5.0,False,LIGHT KHAKI · L,171.0,68.0,남성,2026-06-29 23:38:24,사이즈: 정사이즈 / 화면 대비 색감: 화면과 비슷 / 두께감: 적당함 / 신축성: 적당함,False,0,filluminate,상의,L,LIGHT KHAKI,2026,6,29,월,5,응답,정사이즈,화면과 비슷,,,,적당함,적당함,,,,3.0,3.0,,0.0,0.0,0.0,0.0,,,"천도 시원하고, 사이즈도 크롭하니 매우 추천합니다",천도시원하고사이즈도크롭하니매우추천합니다,0,0,0,0,0,False,27,21,27,True
6140944,85914792,general,진스뉴웨이,색김 조합이 너무 예뻐서 여름에 포인트로 입고 다니기 좋을거 같아요,5.0,False,LIGHT KHAKI · M,175.0,68.0,남성,2026-06-29 23:37:46,사이즈: 정사이즈 / 화면 대비 색감: 화면과 비슷 / 두께감: 적당함 / 신축성: 적당함,True,0,filluminate,상의,M,LIGHT KHAKI,2026,6,29,월,5,응답,정사이즈,화면과 비슷,,,,적당함,적당함,,,,3.0,3.0,,0.0,0.0,0.0,0.0,,,색김 조합이 너무 예뻐서 여름에 포인트로 입고 다니기 좋을거 같아요,색김조합이너무예뻐서여름에포인트로입고다니기좋을거같아요,0,0,0,0,0,False,37,28,37,True
6140944,85908308,style,나만오,재질이 부드럽고 가벼워서 여름에 입기 좋아요. 데일리로 입기 딱이에요.,5.0,False,MELANGE GREY · M,169.0,68.0,남성,2026-06-29 20:08:58,사이즈: 정사이즈 / 화면 대비 색감: 화면과 비슷 / 두께감: 적당함 / 신축성: 적당함,True,0,filluminate,상의,M,MELANGE GREY,2026,6,29,월,5,응답,정사이즈,화면과 비슷,,,,적당함,적당함,,,,3.0,3.0,,0.0,0.0,0.0,0.0,,,재질이 부드럽고 가벼워서 여름에 입기 좋아요. 데일리로 입기 딱이에요.,재질이부드럽고가벼워서여름에입기좋아요데일리로입기딱이에요,0,0,0,0,0,False,39,29,39,True
6140944,85908299,general,나만오,재질이 부드럽고 가벼워서 여름에 입기 좋아요. 데일리로 입기 딱이에요.,5.0,False,MELANGE GREY · M,169.0,68.0,남성,2026-06-29 20:08:14,사이즈: 정사이즈 / 화면 대비 색감: 화면과 비슷 / 두께감: 적당함 / 신축성: 적당함,True,0,filluminate,상의,M,MELANGE GREY,2026,6,29,월,5,응답,정사이즈,화면과 비슷,,,,적당함,적당함,,,,3.0,3.0,,0.0,0.0,0.0,0.0,,,재질이 부드럽고 가벼워서 여름에 입기 좋아요. 데일리로 입기 딱이에요.,재질이부드럽고가벼워서여름에입기좋아요데일리로입기딱이에요,0,0,0,0,0,False,39,29,39,True
6140944,85906863,style,드규,길이가 살짝 짧은데 신축성이 너무 좋아요 ㅎㅎ 이쁘게 잘 입겠습니다,5.0,False,MELANGE GREY · S,170.0,60.0,남성,2026-06-29 19:06:32,사이즈: 정사이즈 / 화면 대비 색감: 화면과 비슷 / 두께감: 적당함 / 신축성: 적당함,True,0,filluminate,상의,S,MELANGE GREY,2026,6,29,월,5,응답,정사이즈,화면과 비슷,,,,적당함,적당함,,,,3.0,3.0,,0.0,0.0,0.0,0.0,,,길이가 살짝 짧은데 신축성이 너무 좋아요 ㅎㅎ 이쁘게 잘 입겠습니다,길이가살짝짧은데신축성이너무좋아요이쁘게잘입겠습니다,2,0,0,0,0,False,37,26,37,True
6140944,85901446,style,은패션,무난한 포인트 상의 입기 딱좋아요 잘산듯합니다,5.0,False,CHARCOAL · L,174.0,76.0,남성,2026-06-29 15:35:27,사이즈: 정사이즈 / 화면 대비 색감: 어두움 / 두께감: 적당함 / 신축성: 강함,True,0,filluminate,상의,L,CHARCOAL,2026,6,29,월,5,응답,정사이즈,어두움,,,,강함,적당함,,,,4.0,3.0,,0.0,0.0,-1.0,1.0,,,무난한 포인트 상의 입기 딱좋아요 잘산듯합니다,무난한포인트상의입기딱좋아요잘산듯합니다,0,0,0,0,0,False,25,20,25,True
6140944,85895271,general,품-절,신축성이 좋고 재질이 부드러워 손이 많이 가네요,5.0,False,MELANGE GREY · L,175.0,82.0,남성,2026-06-29 11:20:34,사이즈: 정사이즈 / 화면 대비 색감: 화면과 비슷 / 두께감: 적당함 / 신축성: 매우 강함,False,0,filluminate,상의,L,MELANGE GREY,2026,6,29,월,5,응답,정사이즈,화면과 비슷,,,,매우 강함,적당함,,,,5.0,3.0,,0.0,0.0,0.0,0.0,,,신축성이 좋고 재질이 부드러워 손이 많이 가네요,신축성이좋고재질이부드러워손이많이가네요,0,0,0,0,0,False,26,20,26,True
6140944,85886852,style,패션우왕,일단 실물 너무 이쁘고 크롭기장도 완벽합니다. 생각보다 신축성도 좋아서 편하네요. 매우 만족스럽습니다.,5.0,False,CHARCOAL · S,169.0,63.0,남성,2026-06-28 23:50:14,사이즈: 정사이즈 / 화면 대비 색감: 화면과 비슷 / 두께감: 적당함 / 신축성: 강함,True,0,filluminate,상의,S,CHARCOAL,2026,6,28,일,5,응답,정사이즈,화면과 비슷,,,,강함,적당함,,,,4.0,3.0,,0.0,0.0,0.0,0.0,,,일단 실물 너무 이쁘고 크롭기장도 완벽합니다. 생각보다 신축성도 좋아서 편하네요. 매우 만족스럽습니다.,일단실물너무이쁘고크롭기장도완벽합니다생각보다신축성도좋아서편하네요매우만족스럽습니다,0,0,0,0,0,False,57,43,57,True
﻿5249171,86062420,general,duddn01,더워서 아직 입어보지는 못했지만 봤을땐 정말 예쁘네요 추천합니다,5.0,False,M,173.0,68.0,남성,2026-07-05 15:51:08,사이즈: 정사이즈 / 화면 대비 색감: 화면과 비슷 / 두께감: 적당함 / 신축성: 적당함,False,0,filluminate,상의,M,,2026,7,5,일,5,응답,정사이즈,화면과 비슷,,,,적당함,적당함,,,,3.0,3.0,,0.0,0.0,0.0,0.0,,,더워서 아직 입어보지는 못했지만 봤을땐 정말 예쁘네요 추천합니다,더워서아직입어보지는못했지만봤을땐정말예쁘네요추천합니다,0,0,0,0,0,False,35,28,35,True
5249171,85923411,general,완두껑,롱슬리브는 처음인디 두께가 증말 마음에 듭니다,5.0,False,L,175.0,80.0,남성,2026-06-30 12:34:03,사이즈: 정사이즈 / 화면 대비 색감: 화면과 비슷 / 두께감: 적당함 / 신축성: 적당함,False,0,filluminate,상의,L,,2026,6,30,화,5,응답,정사이즈,화면과 비슷,,,,적당함,적당함,,,,3.0,3.0,,0.0,0.0,0.0,0.0,,,롱슬리브는 처음인디 두께가 증말 마음에 듭니다,롱슬리브는처음인디두께가증말마음에듭니다,0,0,0,0,0,False,25,20,25,True
5249171,85891210,general,ttorrri,질탄탄하고 마음에 듭니다 162기준 기장 적당히 오버핏,5.0,False,L,162.0,68.0,여성,2026-06-29 07:53:47,사이즈: 정사이즈 / 화면 대비 색감: 화면과 비슷 / 두께감: 적당함 / 신축성: 적당함,False,0,filluminate,상의,L,,2026,6,29,월,5,응답,정사이즈,화면과 비슷,,,,적당함,적당함,,,,3.0,3.0,,0.0,0.0,0.0,0.0,,,질탄탄하고 마음에 듭니다 162기준 기장 적당히 오버핏,질탄탄하고마음에듭니다162기준기장적당히오버핏,0,0,0,0,0,False,30,21,30,True
5249171,85889460,style,ttorrri,질이 완전 좋아요 쉽게 닳지않을거 같고 오래입을 수 있을거같아요,5.0,False,L,162.0,68.0,여성,2026-06-29 01:52:16,사이즈: 정사이즈 / 화면 대비 색감: 화면과 비슷 / 두께감: 적당함 / 신축성: 적당함,True,0,filluminate,상의,L,,2026,6,29,월,5,응답,정사이즈,화면과 비슷,,,,적당함,적당함,,,,3.0,3.0,,0.0,0.0,0.0,0.0,,,질이 완전 좋아요 쉽게 닳지않을거 같고 오래입을 수 있을거같아요,질이완전좋아요쉽게닳지않을거같고오래입을수있을거같아요,0,0,0,0,0,False,35,27,35,True
5249171,85887704,style,초코맛땅콩,생각보다 얇아서 초여름에도 괜찮을거 같아요 생각보다 크진 않은거 같아요,5.0,False,L,181.0,75.0,남성,2026-06-29 00:20:44,사이즈: 정사이즈 / 화면 대비 색감: 화면과 비슷 / 두께감: 적당함 / 신축성: 적당함,True,0,filluminate,상의,L,,2026,6,29,월,5,응답,정사이즈,화면과 비슷,,,,적당함,적당함,,,,3.0,3.0,,0.0,0.0,0.0,0.0,,,생각보다 얇아서 초여름에도 괜찮을거 같아요 생각보다 크진 않은거 같아요,생각보다얇아서초여름에도괜찮을거같아요생각보다크진않은거같아요,0,0,0,0,0,False,39,31,39,True
﻿6391691,86074566,general,기쁜핫핑크긴팔티,깔끔해서 입기 조아용 그냥 놀러나갈때 자주 입어용,5.0,False,BEIGE · [Crop ver.] L,176.0,63.0,남성,2026-07-05 23:41:12,사이즈: 정사이즈 / 화면 대비 색감: 화면과 비슷 / 퀄리티: 보통 / 구김: 많음,False,0,filluminate,상의,L,BEIGE [Crop ver.],2026,7,5,일,5,응답,정사이즈,화면과 비슷,보통,많음,,,,,3.0,,,,2.0,0.0,0.0,0.0,0.0,,,깔끔해서 입기 조아용 그냥 놀러나갈때 자주 입어용,깔끔해서입기조아용그냥놀러나갈때자주입어용,0,0,0,0,0,False,27,21,27,True
6391691,86051647,general,쌀떡이@,디자인이 시원해 보여서 여름에 입기 좋을 것 같아요. 재질이 얇은 편이라면 더 좋을 것 같습니다. 착용 후기를 보니 편안하다는 말이 많더라고요. 올여름에 시원하게 잘 입을 수 있을 것 같습니다!,5.0,False,WHITE · [Crop ver.] M,165.0,65.0,남성,2026-07-05 01:07:05,사이즈: 정사이즈 / 화면 대비 색감: 화면과 비슷 / 퀄리티: 보통 / 구김: 약간 있음,True,0,filluminate,상의,M,WHITE [Crop ver.],2026,7,5,일,5,응답,정사이즈,화면과 비슷,보통,약간 있음,,,,,3.0,,,,3.0,0.0,0.0,0.0,0.0,,,디자인이 시원해 보여서 여름에 입기 좋을 것 같아요. 재질이 얇은 편이라면 더 좋을 것 같습니다. 착용 후기를 보니 편안하다는 말이 많더라고요. 올여름에 시원하게 잘 입을 수 있을 것 같습니다!,디자인이시원해보여서여름에입기좋을것같아요재질이얇은편이라면더좋을것같습니다착용후기를보니편안하다는말이많더라고요올여름에시원하게잘입을수있을것같습니다,0,0,1,0,0,False,108,76,108,True
6391691,86045149,general,cool아로하,남자친구사줬어요 키180에82-83정도나갑니다 살짝큰데요~그렇다고 한치수작은거는또작을꺼같고~ 암튼 잘입게해야죠 ㅎ,4.0,False,INDIGO · [Crop ver.] XL,157.0,47.0,여성,2026-07-04 20:27:43,사이즈: 조금 큼 / 화면 대비 색감: 화면과 비슷 / 퀄리티: 보통 / 구김: 약간 있음,False,0,filluminate,상의,XL,INDIGO [Crop ver.],2026,7,4,토,4,응답,조금 큼,화면과 비슷,보통,약간 있음,,,,,3.0,,,,3.0,1.0,1.0,0.0,0.0,,,남자친구사줬어요 키180에82-83정도나갑니다 살짝큰데요~그렇다고 한치수작은거는또작을꺼같고~ 암튼 잘입게해야죠 ㅎ,남자친구사줬어요키180에8283정도나갑니다살짝큰데요그렇다고한치수작은거는또작을꺼같고암튼잘입게해야죠,1,0,0,0,0,False,63,46,63,True
6391691,86034872,style,신선한청계천뮬,스카이 블루 컬러의 반팔 셔츠입니다. 어깨가 많이 드롭이 되어서 인지 살짝 어색한 핏이 나오는데 스팀 다리미로 조금 눌러주면 괜찮아질 거 같네요,4.0,False,LIGHT BLUE · [Crop ver.] M,165.0,65.0,남성,2026-07-04 12:54:57,사이즈: 정사이즈 / 화면 대비 색감: 화면과 비슷 / 퀄리티: 보통 / 구김: 약간 있음,True,0,filluminate,상의,M,LIGHT BLUE [Crop ver.],2026,7,4,토,4,응답,정사이즈,화면과 비슷,보통,약간 있음,,,,,3.0,,,,3.0,0.0,0.0,0.0,0.0,,,스카이 블루 컬러의 반팔 셔츠입니다. 어깨가 많이 드롭이 되어서 인지 살짝 어색한 핏이 나오는데 스팀 다리미로 조금 눌러주면 괜찮아질 거 같네요,스카이블루컬러의반팔셔츠입니다어깨가많이드롭이되어서인지살짝어색한핏이나오는데스팀다리미로조금눌러주면괜찮아질거같네요,0,0,0,0,0,False,80,59,80,True
6391691,86034866,general,신선한청계천뮬,스카이 블루 컬러의 반팔 셔츠입니다. 어깨가 많이 드롭이 되어서 인지 살짝 어색한 핏이 나오는데 스팀 다리미로 조금 눌러주면 괜찮아질 거 같네요,4.0,False,LIGHT BLUE · [Crop ver.] M,165.0,65.0,남성,2026-07-04 12:54:38,사이즈: 정사이즈 / 화면 대비 색감: 화면과 비슷 / 퀄리티: 보통 / 구김: 약간 있음,True,0,filluminate,상의,M,LIGHT BLUE [Crop ver.],2026,7,4,토,4,응답,정사이즈,화면과 비슷,보통,약간 있음,,,,,3.0,,,,3.0,0.0,0.0,0.0,0.0,,,스카이 블루 컬러의 반팔 셔츠입니다. 어깨가 많이 드롭이 되어서 인지 살짝 어색한 핏이 나오는데 스팀 다리미로 조금 눌러주면 괜찮아질 거 같네요,스카이블루컬러의반팔셔츠입니다어깨가많이드롭이되어서인지살짝어색한핏이나오는데스팀다리미로조금눌러주면괜찮아질거같네요,0,0,0,0,0,False,80,59,80,True
6391691,86034581,general,짜짜물,린넨라이크라 청반팔보다는 가벼우면서도 일반 셔츠보다는 구김이나 형태 무너짐이 없어서 너무 좋습니다,5.0,False,INDIGO · [Crop ver.] M,158.0,60.0,여성,2026-07-04 12:37:22,사이즈: 조금 큼 / 화면 대비 색감: 화면과 비슷 / 퀄리티: 보통 / 구김: 거의 없음,True,0,filluminate,상의,M,INDIGO [Crop ver.],2026,7,4,토,5,응답,조금 큼,화면과 비슷,보통,거의 없음,,,,,3.0,,,,4.0,1.0,1.0,0.0,0.0,,,린넨라이크라 청반팔보다는 가벼우면서도 일반 셔츠보다는 구김이나 형태 무너짐이 없어서 너무 좋습니다,린넨라이크라청반팔보다는가벼우면서도일반셔츠보다는구김이나형태무너짐이없어서너무좋습니다,0,0,0,0,0,False,54,44,54,True
6391691,85996671,general,김승현입니당,원하던 핏의 청남방이예요!! 다음에도 또 살 거 같아요,5.0,False,INDIGO · [Crop ver.] L,173.0,70.0,남성,2026-07-02 21:08:32,사이즈: 정사이즈 / 화면 대비 색감: 화면과 비슷 / 퀄리티: 좋음 / 구김: 거의 없음,True,0,filluminate,상의,L,INDIGO [Crop ver.],2026,7,2,목,5,응답,정사이즈,화면과 비슷,좋음,거의 없음,,,,,4.0,,,,4.0,0.0,0.0,0.0,0.0,,,원하던 핏의 청남방이예요!! 다음에도 또 살 거 같아요,원하던핏의청남방이예요다음에도또살거같아요,0,0,2,0,0,False,30,21,30,True
6391691,85984221,general,M2304,여름에 꾸민 느낌 나게 입기 좋을거같어요 먼족합니다,5.0,False,LIGHT BLUE · [Crop ver.] M,171.0,69.0,남성,2026-07-02 12:54:26,사이즈: 정사이즈 / 화면 대비 색감: 화면과 비슷 / 퀄리티: 보통 / 구김: 약간 있음,False,0,filluminate,상의,M,LIGHT BLUE [Crop ver.],2026,7,2,목,5,응답,정사이즈,화면과 비슷,보통,약간 있음,,,,,3.0,,,,3.0,0.0,0.0,0.0,0.0,,,여름에 꾸민 느낌 나게 입기 좋을거같어요 먼족합니다,여름에꾸민느낌나게입기좋을거같어요먼족합니다,0,0,0,0,0,False,28,22,28,True
6391691,85982376,general,앙꼬맹이,적당한 크롭 길이에 시원한 셔츠에요 색상도 시원하고 손이 많이 가겟어요,5.0,False,LIGHT BLUE · [Crop ver.] XL,173.0,80.0,남성,2026-07-02 11:29:58,사이즈: 정사이즈 / 화면 대비 색감: 화면과 비슷 / 퀄리티: 좋음 / 구김: 약간 있음,True,0,filluminate,상의,XL,LIGHT BLUE [Crop ver.],2026,7,2,목,5,응답,정사이즈,화면과 비슷,좋음,약간 있음,,,,,4.0,,,,3.0,0.0,0.0,0.0,0.0,,,적당한 크롭 길이에 시원한 셔츠에요 색상도 시원하고 손이 많이 가겟어요,적당한크롭길이에시원한셔츠에요색상도시원하고손이많이가겟어요,0,0,0,0,0,False,39,30,39,True
6391691,85968041,general,coolsum,딱 크롭한 디자인으로 이뻐요 다만 8월 무더위때는 못 입을 것 같아요,5.0,False,WHITE · [Crop ver.] XL,175.0,78.0,남성,2026-07-01 20:34:07,사이즈: 정사이즈 / 화면 대비 색감: 화면과 비슷 / 퀄리티: 좋음 / 구김: 약간 있음,True,0,filluminate,상의,XL,WHITE [Crop ver.],2026,7,1,수,5,응답,정사이즈,화면과 비슷,좋음,약간 있음,,,,,4.0,,,,3.0,0.0,0.0,0.0,0.0,,,딱 크롭한 디자인으로 이뻐요 다만 8월 무더위때는 못 입을 것 같아요,딱크롭한디자인으로이뻐요다만8월무더위때는못입을것같아요,0,0,0,0,0,False,38,27,38,True
6391691,85963763,general,엔믹스화이팅,총장이 좀 길어서 아쉽긴한데 입을만 할거 같아요,5.0,False,SKY BLUE · [Crop ver.] M,170.0,50.0,남성,2026-07-01 17:57:49,사이즈: 조금 큼 / 화면 대비 색감: 화면과 비슷 / 퀄리티: 보통 / 구김: 약간 있음,True,0,filluminate,상의,M,SKY BLUE [Crop ver.],2026,7,1,수,5,응답,조금 큼,화면과 비슷,보통,약간 있음,,,,,3.0,,,,3.0,1.0,1.0,0.0,0.0,,,총장이 좀 길어서 아쉽긴한데 입을만 할거 같아요,총장이좀길어서아쉽긴한데입을만할거같아요,0,0,0,0,0,False,26,20,26,True
6391691,85934442,style,우ㅊㅈ,하프 셔츠라서 기장이 진짜 딱 좋습니다! 어깨가 있는 편이라 혹시나 작을려나 싶었는데 딱 입니다!,5.0,False,WHITE · [Crop ver.] M,168.0,72.0,남성,2026-06-30 19:16:58,사이즈: 정사이즈 / 화면 대비 색감: 화면과 비슷 / 퀄리티: 보통 / 구김: 약간 있음,True,0,filluminate,상의,M,WHITE [Crop ver.],2026,6,30,화,5,응답,정사이즈,화면과 비슷,보통,약간 있음,,,,,3.0,,,,3.0,0.0,0.0,0.0,0.0,,,하프 셔츠라서 기장이 진짜 딱 좋습니다! 어깨가 있는 편이라 혹시나 작을려나 싶었는데 딱 입니다!,하프셔츠라서기장이진짜딱좋습니다어깨가있는편이라혹시나작을려나싶었는데딱입니다,0,0,2,0,0,False,54,39,54,True
6391691,85916831,general,시크한은색풀오버,재질이 좋고 핏도 좋아요! 마감도 깔끔해서 좋습니다,5.0,False,SKY BLUE · [Crop ver.] M,174.0,54.0,남성,2026-06-30 01:17:04,사이즈: 정사이즈 / 화면 대비 색감: 화면과 비슷 / 퀄리티: 보통 / 구김: 약간 있음,True,0,filluminate,상의,M,SKY BLUE [Crop ver.],2026,6,30,화,5,응답,정사이즈,화면과 비슷,보통,약간 있음,,,,,3.0,,,,3.0,0.0,0.0,0.0,0.0,,,재질이 좋고 핏도 좋아요! 마감도 깔끔해서 좋습니다,재질이좋고핏도좋아요마감도깔끔해서좋습니다,0,0,1,0,0,False,28,21,28,True
6391691,85895846,general,정겨운대구카라티,크롭해서 좋아요 좀더 편하게 입고 싶으면 한치수 더 크게해서 입는게 더 좋을거 같아요,5.0,False,BEIGE · [Crop ver.] L,172.0,85.0,남성,2026-06-29 11:46:01,사이즈: 정사이즈 / 화면 대비 색감: 화면과 비슷 / 퀄리티: 좋음 / 구김: 거의 없음,False,0,filluminate,상의,L,BEIGE [Crop ver.],2026,6,29,월,5,응답,정사이즈,화면과 비슷,좋음,거의 없음,,,,,4.0,,,,4.0,0.0,0.0,0.0,0.0,,,크롭해서 좋아요 좀더 편하게 입고 싶으면 한치수 더 크게해서 입는게 더 좋을거 같아요,크롭해서좋아요좀더편하게입고싶으면한치수더크게해서입는게더좋을거같아요,0,0,0,0,0,False,47,35,47,True
﻿4911299,86039034,general,옵티머스,좋아요 사이즈 딱 괜찮고 마음에 듭니다. 다른 색상도 더 있었으면 좋겠네요,5.0,False,L,187.0,82.0,남성,2026-07-04 15:52:57,사이즈: 정사이즈 / 화면 대비 색감: 화면과 비슷 / 퀄리티: 보통 / 구김: 약간 있음,False,0,filluminate,상의,L,,2026,7,4,토,5,응답,정사이즈,화면과 비슷,보통,약간 있음,,,,,3.0,,,,3.0,0.0,0.0,0.0,0.0,,,좋아요 사이즈 딱 괜찮고 마음에 듭니다. 다른 색상도 더 있었으면 좋겠네요,좋아요사이즈딱괜찮고마음에듭니다다른색상도더있었으면좋겠네요,0,0,0,0,0,False,41,30,41,True
﻿5249159,85946235,style,이거사도돼?,"색감, 핏, 패턴 전부 좋습니다 단벌로 입기에도 귀엽지만 따뜻하게 입어야할때 안에 포인트로 받쳐입으면 더더 귀엽습니다 갠적으로는 받쳐입을때가 더 이쁜듯",5.0,False,S,174.0,53.0,남성,2026-07-01 01:35:37,사이즈: 정사이즈 / 화면 대비 색감: 화면과 비슷 / 두께감: 적당함 / 신축성: 적당함,True,1,filluminate,상의,S,,2026,7,1,수,5,응답,정사이즈,화면과 비슷,,,,적당함,적당함,,,,3.0,3.0,,0.0,0.0,0.0,0.0,,,"색감, 핏, 패턴 전부 좋습니다 단벌로 입기에도 귀엽지만 따뜻하게 입어야할때 안에 포인트로 받쳐입으면 더더 귀엽습니다 갠적으로는 받쳐입을때가 더 이쁜듯",색감핏패턴전부좋습니다단벌로입기에도귀엽지만따뜻하게입어야할때안에포인트로받쳐입으면더더귀엽습니다갠적으로는받쳐입을때가더이쁜듯,0,0,0,0,0,False,84,64,84,True
﻿6493135,86072589,general,Lmfa,사이즈 적당하고 부들부들해서 좋지만 약간 두꺼워서 한여름에는 좀 더울듯 해요,5.0,False,MELANGE GREY · XL,178.0,76.0,남성,2026-07-05 22:36:35,사이즈: 정사이즈 / 화면 대비 색감: 화면과 비슷 / 두께감: 두꺼움 / 신축성: 적당함,False,0,filluminate,상의,XL,MELANGE GREY,2026,7,5,일,5,응답,정사이즈,화면과 비슷,,,,적당함,두꺼움,,,,3.0,4.0,,0.0,0.0,0.0,0.0,,,사이즈 적당하고 부들부들해서 좋지만 약간 두꺼워서 한여름에는 좀 더울듯 해요,사이즈적당하고부들부들해서좋지만약간두꺼워서한여름에는좀더울듯해요,0,0,0,0,0,False,42,33,42,True
6493135,86029369,general,T토르,저렴하고 핏도 이쁘고 질도 좋고 좋은상품 싸게 샀습니다 ~,4.0,False,BLACK · XL,170.0,74.0,남성,2026-07-04 03:11:04,사이즈: 정사이즈 / 화면 대비 색감: 화면과 비슷 / 두께감: 적당함 / 신축성: 적당함,False,0,filluminate,상의,XL,BLACK,2026,7,4,토,4,응답,정사이즈,화면과 비슷,,,,적당함,적당함,,,,3.0,3.0,,0.0,0.0,0.0,0.0,,,저렴하고 핏도 이쁘고 질도 좋고 좋은상품 싸게 샀습니다 ~,저렴하고핏도이쁘고질도좋고좋은상품싸게샀습니다,0,0,0,0,0,False,32,23,32,True
6493135,86021401,general,kjunseo1,운동하신분들은 그냥 XL입으시는게 좋을것같아요  L이랑 기장차이는 크게 없는데 가슴품이랑 팔통이 조금 더 넓은게 좋을것같아요 만족합니다,5.0,False,BLACK · L,173.0,67.0,남성,2026-07-03 19:57:23,사이즈: 조금 작음 / 화면 대비 색감: 어두움 / 두께감: 두꺼움 / 신축성: 강함,True,0,filluminate,상의,L,BLACK,2026,7,3,금,5,응답,조금 작음,어두움,,,,강함,두꺼움,,,,4.0,4.0,,-1.0,1.0,-1.0,1.0,,,운동하신분들은 그냥 XL입으시는게 좋을것같아요 L이랑 기장차이는 크게 없는데 가슴품이랑 팔통이 조금 더 넓은게 좋을것같아요 만족합니다,운동하신분들은그냥xl입으시는게좋을것같아요l이랑기장차이는크게없는데가슴품이랑팔통이조금더넓은게좋을것같아요만족합니다,0,0,0,0,0,False,75,57,74,True
6493135,86018541,general,풍부한라벤더후드,제가 몸이 큰 편은 아님에도 팔은 좀 끼네요..! 운동 좀 하신 분들은 1사이즈 업해도 괜찮으실 듯,5.0,False,BLACK · L,174.0,68.0,남성,2026-07-03 18:05:49,사이즈: 조금 작음 / 화면 대비 색감: 화면과 비슷 / 두께감: 적당함 / 신축성: 강함,True,0,filluminate,상의,L,BLACK,2026,7,3,금,5,응답,조금 작음,화면과 비슷,,,,강함,적당함,,,,4.0,3.0,,-1.0,1.0,0.0,0.0,,,제가 몸이 큰 편은 아님에도 팔은 좀 끼네요..! 운동 좀 하신 분들은 1사이즈 업해도 괜찮으실 듯,제가몸이큰편은아님에도팔은좀끼네요운동좀하신분들은1사이즈업해도괜찮으실듯,0,0,1,0,0,False,55,36,55,True
6493135,85999892,general,기쁜초록커프스,내스타일과 잘 맞네요 잘샀어요 다음에 또 구매할게요,5.0,False,BLACK · XL,166.0,62.0,여성,2026-07-02 22:50:25,사이즈: 정사이즈 / 화면 대비 색감: 화면과 비슷 / 두께감: 적당함 / 신축성: 적당함,False,0,filluminate,상의,XL,BLACK,2026,7,2,목,5,응답,정사이즈,화면과 비슷,,,,적당함,적당함,,,,3.0,3.0,,0.0,0.0,0.0,0.0,,,내스타일과 잘 맞네요 잘샀어요 다음에 또 구매할게요,내스타일과잘맞네요잘샀어요다음에또구매할게요,0,0,0,0,0,False,28,22,28,True
6493135,85999669,style,노쟝크,핏이 이쁘고 색감도 보는그대로입니다 잘입을게요,5.0,False,MELANGE GREY · S,163.0,55.0,남성,2026-07-02 22:43:10,사이즈: 정사이즈 / 화면 대비 색감: 화면과 비슷 / 두께감: 적당함 / 신축성: 적당함,True,0,filluminate,상의,S,MELANGE GREY,2026,7,2,목,5,응답,정사이즈,화면과 비슷,,,,적당함,적당함,,,,3.0,3.0,,0.0,0.0,0.0,0.0,,,핏이 이쁘고 색감도 보는그대로입니다 잘입을게요,핏이이쁘고색감도보는그대로입니다잘입을게요,0,0,0,0,0,False,25,21,25,True
6493135,85999657,general,노쟝크,핏이 이쁘고 색감도 보는그대로입니다 잘입을게요,5.0,False,MELANGE GREY · S,163.0,55.0,남성,2026-07-02 22:42:50,사이즈: 정사이즈 / 화면 대비 색감: 화면과 비슷 / 두께감: 적당함 / 신축성: 적당함,True,0,filluminate,상의,S,MELANGE GREY,2026,7,2,목,5,응답,정사이즈,화면과 비슷,,,,적당함,적당함,,,,3.0,3.0,,0.0,0.0,0.0,0.0,,,핏이 이쁘고 색감도 보는그대로입니다 잘입을게요,핏이이쁘고색감도보는그대로입니다잘입을게요,0,0,0,0,0,False,25,21,25,True
6493135,85992781,general,쿠키슬레이어,쫀쫀하고 사이즈 딱맞아서 좋아요 금방마르고 가격적인 측면도 너무 착해서 좋습니다,5.0,False,BLACK · XL,177.0,80.0,남성,2026-07-02 18:38:32,사이즈: 정사이즈 / 화면 대비 색감: 화면과 비슷 / 두께감: 적당함 / 신축성: 적당함,False,0,filluminate,상의,XL,BLACK,2026,7,2,목,5,응답,정사이즈,화면과 비슷,,,,적당함,적당함,,,,3.0,3.0,,0.0,0.0,0.0,0.0,,,쫀쫀하고 사이즈 딱맞아서 좋아요 금방마르고 가격적인 측면도 너무 착해서 좋습니다,쫀쫀하고사이즈딱맞아서좋아요금방마르고가격적인측면도너무착해서좋습니다,0,0,0,0,0,False,44,35,44,True
6493135,85989986,general,화나는카키울코트,팔을 딱 잡아주니깐 몸도 좋아보이고 여름에 입기 좋은 원단이라서 추천합니더,5.0,False,MELANGE GREY · M,174.0,66.0,남성,2026-07-02 16:56:11,사이즈: 정사이즈 / 화면 대비 색감: 화면과 비슷 / 두께감: 적당함 / 신축성: 적당함,False,0,filluminate,상의,M,MELANGE GREY,2026,7,2,목,5,응답,정사이즈,화면과 비슷,,,,적당함,적당함,,,,3.0,3.0,,0.0,0.0,0.0,0.0,,,팔을 딱 잡아주니깐 몸도 좋아보이고 여름에 입기 좋은 원단이라서 추천합니더,팔을딱잡아주니깐몸도좋아보이고여름에입기좋은원단이라서추천합니더,0,0,0,0,0,False,41,32,41,True
6493135,85979233,general,최고다냥,몸선이 드러나 이쁘게 입을 수 이써요 추천합니다 색깔별로 두가삼,5.0,False,MELANGE GREY · L,174.0,70.0,남성,2026-07-02 08:45:18,사이즈: 정사이즈 / 화면 대비 색감: 화면과 비슷 / 두께감: 적당함 / 신축성: 적당함,True,1,filluminate,상의,L,MELANGE GREY,2026,7,2,목,5,응답,정사이즈,화면과 비슷,,,,적당함,적당함,,,,3.0,3.0,,0.0,0.0,0.0,0.0,,,몸선이 드러나 이쁘게 입을 수 이써요 추천합니다 색깔별로 두가삼,몸선이드러나이쁘게입을수이써요추천합니다색깔별로두가삼,0,0,0,0,0,False,35,27,35,True
6493135,85973493,style,180813,핏 너무 예쁘고 색도 예쁩니다. 싸구려 같지 않은 재질이에요.,5.0,False,MELANGE GREY · XL,175.0,70.0,남성,2026-07-01 23:16:41,사이즈: 정사이즈 / 화면 대비 색감: 화면과 비슷 / 두께감: 적당함 / 신축성: 적당함,True,0,filluminate,상의,XL,MELANGE GREY,2026,7,1,수,5,응답,정사이즈,화면과 비슷,,,,적당함,적당함,,,,3.0,3.0,,0.0,0.0,0.0,0.0,,,핏 너무 예쁘고 색도 예쁩니다. 싸구려 같지 않은 재질이에요.,핏너무예쁘고색도예쁩니다싸구려같지않은재질이에요,0,0,0,0,0,False,34,24,34,True
6493135,85973478,general,180813,핏 너무 예쁘고 색도 예쁩니다. 싸구려 같지 않은 재질이에요.,5.0,False,MELANGE GREY · XL,175.0,70.0,남성,2026-07-01 23:16:14,사이즈: 정사이즈 / 화면 대비 색감: 화면과 비슷 / 두께감: 적당함 / 신축성: 적당함,True,3,filluminate,상의,XL,MELANGE GREY,2026,7,1,수,5,응답,정사이즈,화면과 비슷,,,,적당함,적당함,,,,3.0,3.0,,0.0,0.0,0.0,0.0,,,핏 너무 예쁘고 색도 예쁩니다. 싸구려 같지 않은 재질이에요.,핏너무예쁘고색도예쁩니다싸구려같지않은재질이에요,0,0,0,0,0,False,34,24,34,True
6493135,85972609,style,기동1,특이한 머슬핏이라 일반 면티에 질린 분이면 좋은거같습니다,5.0,False,MELANGE GREY · M,177.0,71.0,남성,2026-07-01 22:51:26,사이즈: 정사이즈 / 화면 대비 색감: 화면과 비슷 / 두께감: 적당함 / 신축성: 적당함,True,0,filluminate,상의,M,MELANGE GREY,2026,7,1,수,5,응답,정사이즈,화면과 비슷,,,,적당함,적당함,,,,3.0,3.0,,0.0,0.0,0.0,0.0,,,특이한 머슬핏이라 일반 면티에 질린 분이면 좋은거같습니다,특이한머슬핏이라일반면티에질린분이면좋은거같습니다,0,0,0,0,0,False,31,25,31,True
6493135,85949009,style,하이리늬,사이즈도 딱좋고 얇기도 좋았습니다 깔별로 사두고 입어도 좋을거 같습니다,5.0,False,MELANGE GREY · L,161.0,45.0,여성,2026-07-01 08:31:42,사이즈: 정사이즈 / 화면 대비 색감: 화면과 비슷 / 두께감: 적당함 / 신축성: 적당함,True,0,filluminate,상의,L,MELANGE GREY,2026,7,1,수,5,응답,정사이즈,화면과 비슷,,,,적당함,적당함,,,,3.0,3.0,,0.0,0.0,0.0,0.0,,,사이즈도 딱좋고 얇기도 좋았습니다 깔별로 사두고 입어도 좋을거 같습니다,사이즈도딱좋고얇기도좋았습니다깔별로사두고입어도좋을거같습니다,0,0,0,0,0,False,39,31,39,True
6493135,85948990,general,하이리늬,색감도 너무 마음에 들고 사이즈도 딱 좋았습니다,5.0,False,MELANGE GREY · L,161.0,45.0,여성,2026-07-01 08:30:36,사이즈: 정사이즈 / 화면 대비 색감: 화면과 비슷 / 두께감: 적당함 / 신축성: 적당함,True,5,filluminate,상의,L,MELANGE GREY,2026,7,1,수,5,응답,정사이즈,화면과 비슷,,,,적당함,적당함,,,,3.0,3.0,,0.0,0.0,0.0,0.0,,,색감도 너무 마음에 들고 사이즈도 딱 좋았습니다,색감도너무마음에들고사이즈도딱좋았습니다,0,0,0,0,0,False,26,20,26,True
6493135,85945545,style,슙슙.,디자인은 골지 머슬핏디자인으로 예뻐요 근데  팔부분이 너무 타이트해서 조금 늘어져야 편할거같아요,5.0,False,MELANGE GREY · L,181.0,83.0,남성,2026-07-01 00:52:53,사이즈: 조금 작음 / 화면 대비 색감: 화면과 비슷 / 두께감: 적당함 / 신축성: 적당함,True,1,filluminate,상의,L,MELANGE GREY,2026,7,1,수,5,응답,조금 작음,화면과 비슷,,,,적당함,적당함,,,,3.0,3.0,,-1.0,1.0,0.0,0.0,,,디자인은 골지 머슬핏디자인으로 예뻐요 근데 팔부분이 너무 타이트해서 조금 늘어져야 편할거같아요,디자인은골지머슬핏디자인으로예뻐요근데팔부분이너무타이트해서조금늘어져야편할거같아요,0,0,0,0,0,False,53,42,52,True
6493135,85943927,style,신선한클래식,머슬핏에 딱 맞는 옷입니다 XL L둘다 괜찮은데 머슬핏에 더 맞는건 L같아요,5.0,False,MELANGE GREY · L,185.0,83.0,남성,2026-06-30 23:50:37,사이즈: 정사이즈 / 화면 대비 색감: 화면과 비슷 / 두께감: 적당함 / 신축성: 적당함,True,0,filluminate,상의,L,MELANGE GREY,2026,6,30,화,5,응답,정사이즈,화면과 비슷,,,,적당함,적당함,,,,3.0,3.0,,0.0,0.0,0.0,0.0,,,머슬핏에 딱 맞는 옷입니다 XL L둘다 괜찮은데 머슬핏에 더 맞는건 L같아요,머슬핏에딱맞는옷입니다xll둘다괜찮은데머슬핏에더맞는건l같아요,0,0,0,0,0,False,42,28,42,True
6493135,85943854,general,신선한클래식,머슬핏에 딱 맞을것 같네요 촉감도 부드러워서 좋아요,5.0,False,MELANGE GREY · L,185.0,83.0,남성,2026-06-30 23:48:00,사이즈: 정사이즈 / 화면 대비 색감: 화면과 비슷 / 두께감: 적당함 / 신축성: 적당함,True,4,filluminate,상의,L,MELANGE GREY,2026,6,30,화,5,응답,정사이즈,화면과 비슷,,,,적당함,적당함,,,,3.0,3.0,,0.0,0.0,0.0,0.0,,,머슬핏에 딱 맞을것 같네요 촉감도 부드러워서 좋아요,머슬핏에딱맞을것같네요촉감도부드러워서좋아요,0,0,0,0,0,False,28,22,28,True
6493135,85920336,general,탄뭉치,디자인도 심플하고 생각보다는 더 슬림한 핏이여서 편하게 입기 좋을 것 같아요,5.0,False,BLACK · M,174.0,68.0,남성,2026-06-30 09:52:59,사이즈: 조금 작음 / 화면 대비 색감: 화면과 비슷 / 두께감: 얇음 / 신축성: 적당함,False,0,filluminate,상의,M,BLACK,2026,6,30,화,5,응답,조금 작음,화면과 비슷,,,,적당함,얇음,,,,3.0,2.0,,-1.0,1.0,0.0,0.0,,,디자인도 심플하고 생각보다는 더 슬림한 핏이여서 편하게 입기 좋을 것 같아요,디자인도심플하고생각보다는더슬림한핏이여서편하게입기좋을것같아요,0,0,0,0,0,False,42,32,42,True
6493135,85912723,general,junheuk,생각보다 사이즈가 작아서 앞으로 입기가 매우매우 애매한것같습니다,1.0,False,BROWN · L,185.0,84.0,남성,2026-06-29 22:30:31,사이즈: 매우 작음 / 화면 대비 색감: 화면과 비슷 / 두께감: 적당함 / 신축성: 적당함,True,0,filluminate,상의,L,BROWN,2026,6,29,월,1,응답,매우 작음,화면과 비슷,,,,적당함,적당함,,,,3.0,3.0,,-2.0,2.0,0.0,0.0,,,생각보다 사이즈가 작아서 앞으로 입기가 매우매우 애매한것같습니다,생각보다사이즈가작아서앞으로입기가매우매우애매한것같습니다,0,0,0,0,0,False,35,29,35,True
6493135,85909871,general,오오노오오오오,옷이 딱맞고 약간 크롭한게 마음에드네요잉 좋습니다요,5.0,False,GREY · M,179.0,70.0,남성,2026-06-29 21:00:07,사이즈: 정사이즈 / 화면 대비 색감: 밝음 / 두께감: 적당함 / 신축성: 강함,False,1,filluminate,상의,M,GREY,2026,6,29,월,5,응답,정사이즈,밝음,,,,강함,적당함,,,,4.0,3.0,,0.0,0.0,1.0,1.0,,,옷이 딱맞고 약간 크롭한게 마음에드네요잉 좋습니다요,옷이딱맞고약간크롭한게마음에드네요잉좋습니다요,0,0,0,0,0,False,28,23,28,True
6493135,85903837,general,마이클 베라모드,"마음에 들어서 추가로 2장 더 구매했습니다. 적당한 머슬핏이고, 운동하신 분들이 착장하시면 더 잘 어울릴 것 같습니다. 매우 마음에 듭니다!",5.0,False,BLACK · M,177.0,68.0,남성,2026-06-29 17:06:03,사이즈: 정사이즈 / 화면 대비 색감: 화면과 비슷 / 두께감: 적당함 / 신축성: 적당함,False,2,filluminate,상의,M,BLACK,2026,6,29,월,5,응답,정사이즈,화면과 비슷,,,,적당함,적당함,,,,3.0,3.0,,0.0,0.0,0.0,0.0,,,"마음에 들어서 추가로 2장 더 구매했습니다. 적당한 머슬핏이고, 운동하신 분들이 착장하시면 더 잘 어울릴 것 같습니다. 매우 마음에 듭니다!",마음에들어서추가로2장더구매했습니다적당한머슬핏이고운동하신분들이착장하시면더잘어울릴것같습니다매우마음에듭니다,0,0,1,0,0,False,78,55,78,True
6493135,85896776,general,서 업,"핏 자체도 옷 자체도 이쁩니다, 색감이 살짝 버건디 느낌 나서 그게 맘에 듭니다",5.0,False,BROWN · S,164.0,55.0,남성,2026-06-29 12:29:58,사이즈: 조금 작음 / 화면 대비 색감: 화면과 비슷 / 두께감: 적당함 / 신축성: 강함,False,0,filluminate,상의,S,BROWN,2026,6,29,월,5,응답,조금 작음,화면과 비슷,,,,강함,적당함,,,,4.0,3.0,,-1.0,1.0,0.0,0.0,,,"핏 자체도 옷 자체도 이쁩니다, 색감이 살짝 버건디 느낌 나서 그게 맘에 듭니다",핏자체도옷자체도이쁩니다색감이살짝버건디느낌나서그게맘에듭니다,0,0,0,0,0,False,44,31,44,True
6493135,85887535,general,신중한베이징셋업,하얀색 검은색 샀는데 하얀색은 한치수 크게입는게 좋을것 같아요 꽉끼어서 니플이 드러나요 니플패치도 소용없습니다 검은색은 몸이 잘드러나서 잘입고 다니고 있네요 만족합니다,4.0,False,BLACK · L,173.0,86.0,남성,2026-06-29 00:13:00,사이즈: 조금 작음 / 화면 대비 색감: 화면과 비슷 / 두께감: 적당함 / 신축성: 적당함,True,0,filluminate,상의,L,BLACK,2026,6,29,월,4,응답,조금 작음,화면과 비슷,,,,적당함,적당함,,,,3.0,3.0,,-1.0,1.0,0.0,0.0,,,하얀색 검은색 샀는데 하얀색은 한치수 크게입는게 좋을것 같아요 꽉끼어서 니플이 드러나요 니플패치도 소용없습니다 검은색은 몸이 잘드러나서 잘입고 다니고 있네요 만족합니다,하얀색검은색샀는데하얀색은한치수크게입는게좋을것같아요꽉끼어서니플이드러나요니플패치도소용없습니다검은색은몸이잘드러나서잘입고다니고있네요만족합니다,0,0,0,0,0,False,93,74,93,True
﻿4912793,85906242,general,집에모카,블랙이랑 화이트 구매했어요! 라이트그레이도 사고 싶네요,5.0,False,BLACK · S,161.0,43.0,여성,2026-06-29 18:40:16,사이즈: 조금 큼 / 화면 대비 색감: 화면과 비슷 / 두께감: 적당함 / 신축성: 적당함,True,0,filluminate,상의,S,BLACK,2026,6,29,월,5,응답,조금 큼,화면과 비슷,,,,적당함,적당함,,,,3.0,3.0,,1.0,1.0,0.0,0.0,,,블랙이랑 화이트 구매했어요! 라이트그레이도 사고 싶네요,블랙이랑화이트구매했어요라이트그레이도사고싶네요,0,0,1,0,0,False,30,24,30,True
﻿6108854,86032860,general,아침햇솔,남자친구한테 귀여울 거 같아서 샀는데 길이도 딱 적당하고 여름에 너무 좋을거같아요,5.0,False,M,162.0,52.0,여성,2026-07-04 11:05:54,사이즈: 조금 큼 / 화면 대비 색감: 화면과 비슷 / 퀄리티: 보통 / 구김: 약간 있음,False,0,filluminate,상의,M,,2026,7,4,토,5,응답,조금 큼,화면과 비슷,보통,약간 있음,,,,,3.0,,,,3.0,1.0,1.0,0.0,0.0,,,남자친구한테 귀여울 거 같아서 샀는데 길이도 딱 적당하고 여름에 너무 좋을거같아요,남자친구한테귀여울거같아서샀는데길이도딱적당하고여름에너무좋을거같아요,0,0,0,0,0,False,45,35,45,True
6108854,85953053,general,응봉산호랑이,색상 너무 좋고 기장도 딱 좋아요 단추 잠구는 건 좀 빡빡한데 괜찮아요,5.0,False,S,160.0,59.0,남성,2026-07-01 11:13:52,사이즈: 정사이즈 / 화면 대비 색감: 화면과 비슷 / 퀄리티: 보통 / 구김: 많음,False,0,filluminate,상의,S,,2026,7,1,수,5,응답,정사이즈,화면과 비슷,보통,많음,,,,,3.0,,,,2.0,0.0,0.0,0.0,0.0,,,색상 너무 좋고 기장도 딱 좋아요 단추 잠구는 건 좀 빡빡한데 괜찮아요,색상너무좋고기장도딱좋아요단추잠구는건좀빡빡한데괜찮아요,0,0,0,0,0,False,39,28,39,True
6108854,85826940,style,슈퍼스타호날두,가격 저렴해서 산건데 생각보다 질도 좋고 핏도 돟아서 만족하는 중입니다,5.0,False,M,172.0,63.0,남성,2026-06-27 11:56:28,사이즈: 정사이즈 / 화면 대비 색감: 화면과 비슷 / 퀄리티: 보통 / 구김: 거의 없음,True,0,filluminate,상의,M,,2026,6,27,토,5,응답,정사이즈,화면과 비슷,보통,거의 없음,,,,,3.0,,,,4.0,0.0,0.0,0.0,0.0,,,가격 저렴해서 산건데 생각보다 질도 좋고 핏도 돟아서 만족하는 중입니다,가격저렴해서산건데생각보다질도좋고핏도돟아서만족하는중입니다,0,0,0,0,0,False,39,30,39,True
6108854,85823144,style,한사소x,여름원단 시원할듯 회색이라 무난 근데 통이 조금 큼,5.0,False,S,160.0,48.0,여성,2026-06-27 09:59:51,사이즈: 정사이즈 / 화면 대비 색감: 화면과 비슷 / 퀄리티: 나쁨 / 구김: 약간 있음,True,0,filluminate,상의,S,,2026,6,27,토,5,응답,정사이즈,화면과 비슷,나쁨,약간 있음,,,,,2.0,,,,3.0,0.0,0.0,0.0,0.0,,,여름원단 시원할듯 회색이라 무난 근데 통이 조금 큼,여름원단시원할듯회색이라무난근데통이조금큼,0,0,0,0,0,False,28,21,28,True
﻿6493132,86071829,general,알찬페루플리스,인생 반팔이 될 거 같습니다 코튼 폴리 혼방인데 두깨감도 얇은데 비치지도 않고 핏도 좋은 .. 암튼 최고,5.0,False,BLACK · L,170.0,68.0,남성,2026-07-05 22:09:42,사이즈: 정사이즈 / 화면 대비 색감: 화면과 비슷 / 두께감: 적당함 / 신축성: 적당함,True,0,filluminate,상의,L,BLACK,2026,7,5,일,5,응답,정사이즈,화면과 비슷,,,,적당함,적당함,,,,3.0,3.0,,0.0,0.0,0.0,0.0,,,인생 반팔이 될 거 같습니다 코튼 폴리 혼방인데 두깨감도 얇은데 비치지도 않고 핏도 좋은 .. 암튼 최고,인생반팔이될거같습니다코튼폴리혼방인데두깨감도얇은데비치지도않고핏도좋은암튼최고,0,0,0,0,0,False,58,40,58,True
6493132,86065408,general,fek,머슬핏 반팔로 편하게 입을 수 있는 티입니다 추천드립니다,4.0,False,BLACK · M,179.0,74.0,남성,2026-07-05 17:55:56,사이즈: 정사이즈 / 화면 대비 색감: 화면과 비슷 / 두께감: 적당함 / 신축성: 적당함,True,0,filluminate,상의,M,BLACK,2026,7,5,일,4,응답,정사이즈,화면과 비슷,,,,적당함,적당함,,,,3.0,3.0,,0.0,0.0,0.0,0.0,,,머슬핏 반팔로 편하게 입을 수 있는 티입니다 추천드립니다,머슬핏반팔로편하게입을수있는티입니다추천드립니다,0,0,0,0,0,False,31,24,31,True
6493132,86064429,general,패션투데이,여름 데일리용으로 구매했습니다. 크롭 기장이 너무 짧으면 부담스러운데 이건 하의에 살짝 걸쳐 입기 딱 좋은 기장이에요. 재질도 탄탄해서 몇 번 세탁해도 목 늘어남 걱정 없을 것 같네요.,5.0,False,MELANGE GREY · XL,184.0,65.0,남성,2026-07-05 17:13:38,사이즈: 정사이즈 / 화면 대비 색감: 화면과 비슷 / 두께감: 적당함 / 신축성: 전혀 없음,True,0,filluminate,상의,XL,MELANGE GREY,2026,7,5,일,5,응답,정사이즈,화면과 비슷,,,,전혀 없음,적당함,,,,1.0,3.0,,0.0,0.0,0.0,0.0,,,여름 데일리용으로 구매했습니다. 크롭 기장이 너무 짧으면 부담스러운데 이건 하의에 살짝 걸쳐 입기 딱 좋은 기장이에요. 재질도 탄탄해서 몇 번 세탁해도 목 늘어남 걱정 없을 것 같네요.,여름데일리용으로구매했습니다크롭기장이너무짧으면부담스러운데이건하의에살짝걸쳐입기딱좋은기장이에요재질도탄탄해서몇번세탁해도목늘어남걱정없을것같네요,0,0,0,0,0,False,103,74,103,True
6493132,86058744,style,junwwo,전면라인 덕분에 어깨도 넓어보이고 소매 기장도 길지 않아서 팔이 적당히 굵어보이는 느낌을 주고 핏도 깔끔하고 너무 딱 붙지도 않고 남지도 않아서 세미오버?느낌으로 잘 맞아요,4.0,False,MELANGE GREY · S,168.0,57.0,남성,2026-07-05 13:01:47,사이즈: 정사이즈 / 화면 대비 색감: 화면과 비슷 / 두께감: 적당함 / 신축성: 적당함,True,1,filluminate,상의,S,MELANGE GREY,2026,7,5,일,4,응답,정사이즈,화면과 비슷,,,,적당함,적당함,,,,3.0,3.0,,0.0,0.0,0.0,0.0,,,전면라인 덕분에 어깨도 넓어보이고 소매 기장도 길지 않아서 팔이 적당히 굵어보이는 느낌을 주고 핏도 깔끔하고 너무 딱 붙지도 않고 남지도 않아서 세미오버?느낌으로 잘 맞아요,전면라인덕분에어깨도넓어보이고소매기장도길지않아서팔이적당히굵어보이는느낌을주고핏도깔끔하고너무딱붙지도않고남지도않아서세미오버느낌으로잘맞아요,0,0,0,1,0,False,96,72,96,True
6493132,86056777,general,청순한강남헬멧,핏이 딱맞게 떨어져서 그냥 안에 잊어도되고 이것만 입고 밖에 나가도 될정도로 괜찮아요,4.0,False,BLACK · L,180.0,80.0,남성,2026-07-05 11:27:30,사이즈: 정사이즈 / 화면 대비 색감: 화면과 비슷 / 두께감: 적당함 / 신축성: 적당함,False,0,filluminate,상의,L,BLACK,2026,7,5,일,4,응답,정사이즈,화면과 비슷,,,,적당함,적당함,,,,3.0,3.0,,0.0,0.0,0.0,0.0,,,핏이 딱맞게 떨어져서 그냥 안에 잊어도되고 이것만 입고 밖에 나가도 될정도로 괜찮아요,핏이딱맞게떨어져서그냥안에잊어도되고이것만입고밖에나가도될정도로괜찮아요,0,0,0,0,0,False,47,36,47,True
6493132,86027220,style,C.n.M,"크롭한 기장에 머슬핏은 좋은데, 재질이 좀 아쉽네요. 그래도 싼 가격에 기본티 사는 느낌으로 입을게요 사이즈는 라지를 갔어도 좋았겠다 싶습니다. 어깨 부분이 좀 타이트하네요",3.0,False,BLACK · M,170.0,66.0,남성,2026-07-04 00:07:01,사이즈: 정사이즈 / 화면 대비 색감: 화면과 비슷 / 두께감: 적당함 / 신축성: 적당함,True,0,filluminate,상의,M,BLACK,2026,7,4,토,3,응답,정사이즈,화면과 비슷,,,,적당함,적당함,,,,3.0,3.0,,0.0,0.0,0.0,0.0,,,"크롭한 기장에 머슬핏은 좋은데, 재질이 좀 아쉽네요. 그래도 싼 가격에 기본티 사는 느낌으로 입을게요 사이즈는 라지를 갔어도 좋았겠다 싶습니다. 어깨 부분이 좀 타이트하네요",크롭한기장에머슬핏은좋은데재질이좀아쉽네요그래도싼가격에기본티사는느낌으로입을게요사이즈는라지를갔어도좋았겠다싶습니다어깨부분이좀타이트하네요,0,0,0,0,0,False,96,71,96,True
6493132,86023577,general,'@fnrqnr,어깨 앞부분의 포인트가 유튜버들은 더 어깨 넓어보이는 킥이라고 했으나..실제로 입어보니 좀 애매합니다.,4.0,False,MELANGE GREY · L,175.0,68.0,남성,2026-07-03 21:32:43,사이즈: 정사이즈 / 화면 대비 색감: 화면과 비슷 / 두께감: 적당함 / 신축성: 적당함,True,0,filluminate,상의,L,MELANGE GREY,2026,7,3,금,4,응답,정사이즈,화면과 비슷,,,,적당함,적당함,,,,3.0,3.0,,0.0,0.0,0.0,0.0,,,어깨 앞부분의 포인트가 유튜버들은 더 어깨 넓어보이는 킥이라고 했으나..실제로 입어보니 좀 애매합니다.,어깨앞부분의포인트가유튜버들은더어깨넓어보이는킥이라고했으나실제로입어보니좀애매합니다,0,0,0,0,0,False,57,43,57,True
6493132,86022183,general,안성호임,대체적으로 ㄱㅊ은거 같은데 뒤에 택이 쫌 거슬리긴함 ㄱ 것만 제외하면 상타치인듯,5.0,False,BLACK · L,177.0,71.0,남성,2026-07-03 20:34:52,사이즈: 정사이즈 / 화면 대비 색감: 화면과 비슷 / 두께감: 적당함 / 신축성: 적당함,False,0,filluminate,상의,L,BLACK,2026,7,3,금,5,응답,정사이즈,화면과 비슷,,,,적당함,적당함,,,,3.0,3.0,,0.0,0.0,0.0,0.0,,,대체적으로 ㄱㅊ은거 같은데 뒤에 택이 쫌 거슬리긴함 ㄱ 것만 제외하면 상타치인듯,대체적으로은거같은데뒤에택이쫌거슬리긴함것만제외하면상타치인듯,0,0,0,0,0,False,44,31,44,True
6493132,85996466,general,고상한두바이포멀,사진이랑 색감은 비슷하고 정사이즈여서 입기 좋을 거 같아요,4.0,False,MELANGE GREY · M,170.0,63.0,남성,2026-07-03 00:14:37,사이즈: 정사이즈 / 화면 대비 색감: 화면과 비슷 / 두께감: 적당함 / 신축성: 적당함,True,0,filluminate,상의,M,MELANGE GREY,2026,7,3,금,4,응답,정사이즈,화면과 비슷,,,,적당함,적당함,,,,3.0,3.0,,0.0,0.0,0.0,0.0,,,사진이랑 색감은 비슷하고 정사이즈여서 입기 좋을 거 같아요,사진이랑색감은비슷하고정사이즈여서입기좋을거같아요,0,0,0,0,0,False,32,25,32,True
6493132,85972630,style,기동1,사진으로는 잘 안보이는데 어깨쪽 절개포인트가 맘에 들어요,5.0,False,BLACK · M,177.0,71.0,남성,2026-07-01 22:52:06,사이즈: 정사이즈 / 화면 대비 색감: 화면과 비슷 / 두께감: 적당함 / 신축성: 적당함,True,0,filluminate,상의,M,BLACK,2026,7,1,수,5,응답,정사이즈,화면과 비슷,,,,적당함,적당함,,,,3.0,3.0,,0.0,0.0,0.0,0.0,,,사진으로는 잘 안보이는데 어깨쪽 절개포인트가 맘에 들어요,사진으로는잘안보이는데어깨쪽절개포인트가맘에들어요,0,0,0,0,0,False,31,25,31,True
6493132,85972141,general,후리짱,화이트 구입하였는데 화면상과 소재차이가 있고 어깨쪽 이음선이랄까 라인이 있어 맘에 들지않지만  반품비 아까워 걍 입기루했음요,1.0,False,WHITE · M,176.0,62.0,missing,2026-07-01 22:37:14,사이즈: 정사이즈 / 화면 대비 색감: 화면과 비슷 / 두께감: 적당함 / 신축성: 적당함,True,0,filluminate,상의,M,WHITE,2026,7,1,수,1,응답,정사이즈,화면과 비슷,,,,적당함,적당함,,,,3.0,3.0,,0.0,0.0,0.0,0.0,,,화이트 구입하였는데 화면상과 소재차이가 있고 어깨쪽 이음선이랄까 라인이 있어 맘에 들지않지만 반품비 아까워 걍 입기루했음요,화이트구입하였는데화면상과소재차이가있고어깨쪽이음선이랄까라인이있어맘에들지않지만반품비아까워걍입기루했음요,0,0,0,0,0,False,69,54,68,True
6493132,85949638,general,동대문영포티,확실히 몸이 좋아보여요 팔쪽은 잡아주고 어깨는 좀 여유있으니 절개라인이 몸이 좋아보이는 효과가있네요,5.0,False,BLACK · XL,178.0,74.0,남성,2026-07-01 09:08:00,사이즈: 정사이즈 / 화면 대비 색감: 화면과 비슷 / 두께감: 얇음 / 신축성: 적당함,True,0,filluminate,상의,XL,BLACK,2026,7,1,수,5,응답,정사이즈,화면과 비슷,,,,적당함,얇음,,,,3.0,2.0,,0.0,0.0,0.0,0.0,,,확실히 몸이 좋아보여요 팔쪽은 잡아주고 어깨는 좀 여유있으니 절개라인이 몸이 좋아보이는 효과가있네요,확실히몸이좋아보여요팔쪽은잡아주고어깨는좀여유있으니절개라인이몸이좋아보이는효과가있네요,0,0,0,0,0,False,55,44,55,True
6493132,85949123,general,하얀날개수술복,평소 과한 머슬핏이 부담스러우셨던 분들이 입기 가장 좋을 제품입니다. 저는 블랙도 구매하려구요.,5.0,False,WHITE · M,178.0,66.0,남성,2026-07-01 08:39:20,사이즈: 정사이즈 / 화면 대비 색감: 화면과 비슷 / 두께감: 적당함 / 신축성: 적당함,False,0,filluminate,상의,M,WHITE,2026,7,1,수,5,응답,정사이즈,화면과 비슷,,,,적당함,적당함,,,,3.0,3.0,,0.0,0.0,0.0,0.0,,,평소 과한 머슬핏이 부담스러우셨던 분들이 입기 가장 좋을 제품입니다. 저는 블랙도 구매하려구요.,평소과한머슬핏이부담스러우셨던분들이입기가장좋을제품입니다저는블랙도구매하려구요,0,0,0,0,0,False,53,40,53,True
6493132,85944009,general,상큼한하얀투피스,재질도 면보단 약간 시원한거같고 사이즈도 좋고 가격 대비 만듦새가 좋아요,5.0,False,WHITE · M,170.0,60.0,남성,2026-06-30 23:53:26,사이즈: 정사이즈 / 화면 대비 색감: 화면과 비슷 / 두께감: 얇음 / 신축성: 적당함,False,0,filluminate,상의,M,WHITE,2026,6,30,화,5,응답,정사이즈,화면과 비슷,,,,적당함,얇음,,,,3.0,2.0,,0.0,0.0,0.0,0.0,,,재질도 면보단 약간 시원한거같고 사이즈도 좋고 가격 대비 만듦새가 좋아요,재질도면보단약간시원한거같고사이즈도좋고가격대비만듦새가좋아요,0,0,0,0,0,False,40,31,40,True
6493132,85940156,general,스우ㅏ,검정색 샀었는디 예뻐서 하나 더 샀습니다. 매우 추천,5.0,False,MELANGE GREY · S,168.0,61.0,남성,2026-06-30 22:01:58,사이즈: 정사이즈 / 화면 대비 색감: 화면과 비슷 / 두께감: 적당함 / 신축성: 적당함,False,0,filluminate,상의,S,MELANGE GREY,2026,6,30,화,5,응답,정사이즈,화면과 비슷,,,,적당함,적당함,,,,3.0,3.0,,0.0,0.0,0.0,0.0,,,검정색 샀었는디 예뻐서 하나 더 샀습니다. 매우 추천,검정색샀었는디예뻐서하나더샀습니다매우추천,0,0,0,0,0,False,29,21,29,True
6493132,85937792,general,KIDO423,얇아서 여름에 입기 좋고 머슬핏이라서 되게 예뻐요.,5.0,False,WHITE · M,173.0,70.0,남성,2026-06-30 20:56:22,사이즈: 정사이즈 / 화면 대비 색감: 화면과 비슷 / 두께감: 얇음 / 신축성: 적당함,False,0,filluminate,상의,M,WHITE,2026,6,30,화,5,응답,정사이즈,화면과 비슷,,,,적당함,얇음,,,,3.0,2.0,,0.0,0.0,0.0,0.0,,,얇아서 여름에 입기 좋고 머슬핏이라서 되게 예뻐요.,얇아서여름에입기좋고머슬핏이라서되게예뻐요,0,0,0,0,0,False,28,21,28,True
6493132,85930070,style,애인센,신축성이 없고 팔통이 좁은 느낌입니다! 신축성이 약한 편입니다.,4.0,False,BLACK · L,179.0,81.0,남성,2026-06-30 16:55:44,사이즈: 정사이즈 / 화면 대비 색감: 화면과 비슷 / 두께감: 적당함 / 신축성: 거의 없음,True,0,filluminate,상의,L,BLACK,2026,6,30,화,4,응답,정사이즈,화면과 비슷,,,,거의 없음,적당함,,,,2.0,3.0,,0.0,0.0,0.0,0.0,,,신축성이 없고 팔통이 좁은 느낌입니다! 신축성이 약한 편입니다.,신축성이없고팔통이좁은느낌입니다신축성이약한편입니다,0,0,1,0,0,False,35,26,35,True
6493132,85930000,general,애인센,신축성이 없고 팔통이 좁은 느낌입니다! 신축성이 약한 편입니다.,4.0,False,BLACK · L,179.0,81.0,남성,2026-06-30 16:53:22,사이즈: 정사이즈 / 화면 대비 색감: 화면과 비슷 / 두께감: 적당함 / 신축성: 거의 없음,True,0,filluminate,상의,L,BLACK,2026,6,30,화,4,응답,정사이즈,화면과 비슷,,,,거의 없음,적당함,,,,2.0,3.0,,0.0,0.0,0.0,0.0,,,신축성이 없고 팔통이 좁은 느낌입니다! 신축성이 약한 편입니다.,신축성이없고팔통이좁은느낌입니다신축성이약한편입니다,0,0,1,0,0,False,35,26,35,True
6493132,85920199,style,칡2,핏 매우 만족합니다. 아깨에 있는 절개선 디테일도 맘에들어요,5.0,False,MELANGE GREY · L,180.0,70.0,남성,2026-06-30 09:43:37,사이즈: 정사이즈 / 화면 대비 색감: 화면과 비슷 / 두께감: 적당함 / 신축성: 적당함,True,0,filluminate,상의,L,MELANGE GREY,2026,6,30,화,5,응답,정사이즈,화면과 비슷,,,,적당함,적당함,,,,3.0,3.0,,0.0,0.0,0.0,0.0,,,핏 매우 만족합니다. 아깨에 있는 절개선 디테일도 맘에들어요,핏매우만족합니다아깨에있는절개선디테일도맘에들어요,0,0,0,0,0,False,33,25,33,True
6493132,85911664,general,halarm,s사이즈는 너무 딱 맞을 것 같아 사이즈 업 했더니 머슬핏느낌까지는 아니네요. 운동을 더 해야 겠습니다 기본티로 만족 합니나,5.0,False,BLACK · M,167.0,62.0,남성,2026-06-29 21:59:39,사이즈: 정사이즈 / 화면 대비 색감: 화면과 비슷 / 두께감: 적당함 / 신축성: 거의 없음,True,0,filluminate,상의,M,BLACK,2026,6,29,월,5,응답,정사이즈,화면과 비슷,,,,거의 없음,적당함,,,,2.0,3.0,,0.0,0.0,0.0,0.0,,,s사이즈는 너무 딱 맞을 것 같아 사이즈 업 했더니 머슬핏느낌까지는 아니네요. 운동을 더 해야 겠습니다 기본티로 만족 합니나,s사이즈는너무딱맞을것같아사이즈업했더니머슬핏느낌까지는아니네요운동을더해야겠습니다기본티로만족합니나,0,0,0,0,0,False,69,50,69,True
6493132,85904932,style,존경받는서촌나시,기존에 자주 입던 이너티는 부드러운 대신에 빨래망을 쓰더라도 목이 금방 늘어났어요  그래서 알아보다가 구매했는데 천의 재질은 이거 입고 몸에 땀 한번 쫙 나면 잘 안 벗겨지겠다 싶을 정도로 약간 단단한 느낌이 있지만 그거때문에 늘어남은 조금 덜 할것 같아요,5.0,False,BLACK · L,174.0,78.0,남성,2026-06-29 17:45:57,사이즈: 정사이즈 / 화면 대비 색감: 화면과 비슷 / 두께감: 적당함 / 신축성: 적당함,True,0,filluminate,상의,L,BLACK,2026,6,29,월,5,응답,정사이즈,화면과 비슷,,,,적당함,적당함,,,,3.0,3.0,,0.0,0.0,0.0,0.0,,,기존에 자주 입던 이너티는 부드러운 대신에 빨래망을 쓰더라도 목이 금방 늘어났어요 그래서 알아보다가 구매했는데 천의 재질은 이거 입고 몸에 땀 한번 쫙 나면 잘 안 벗겨지겠다 싶을 정도로 약간 단단한 느낌이 있지만 그거때문에 늘어남은 조금 덜 할것 같아요,기존에자주입던이너티는부드러운대신에빨래망을쓰더라도목이금방늘어났어요그래서알아보다가구매했는데천의재질은이거입고몸에땀한번쫙나면잘안벗겨지겠다싶을정도로약간단단한느낌이있지만그거때문에늘어남은조금덜할것같아요,0,0,0,0,0,False,143,105,142,True
6493132,85904917,general,존경받는서촌나시,기존에 자주 입던 이너티는 부드러운 대신에 빨래망을 쓰더라도 목이 금방 늘어났어요  그래서 알아보다가 구매했는데 천의 재질은 이거 입고 몸에 땀 한번 쫙 나면 잘 안 벗겨지겠다 싶을 정도로 약간 단단한 느낌이 있지만 그거때문에 늘어남은 조금 덜 할것 같아요,5.0,False,BLACK · L,174.0,78.0,남성,2026-06-29 17:45:24,사이즈: 정사이즈 / 화면 대비 색감: 화면과 비슷 / 두께감: 적당함 / 신축성: 적당함,True,0,filluminate,상의,L,BLACK,2026,6,29,월,5,응답,정사이즈,화면과 비슷,,,,적당함,적당함,,,,3.0,3.0,,0.0,0.0,0.0,0.0,,,기존에 자주 입던 이너티는 부드러운 대신에 빨래망을 쓰더라도 목이 금방 늘어났어요 그래서 알아보다가 구매했는데 천의 재질은 이거 입고 몸에 땀 한번 쫙 나면 잘 안 벗겨지겠다 싶을 정도로 약간 단단한 느낌이 있지만 그거때문에 늘어남은 조금 덜 할것 같아요,기존에자주입던이너티는부드러운대신에빨래망을쓰더라도목이금방늘어났어요그래서알아보다가구매했는데천의재질은이거입고몸에땀한번쫙나면잘안벗겨지겠다싶을정도로약간단단한느낌이있지만그거때문에늘어남은조금덜할것같아요,0,0,0,0,0,False,143,105,142,True
﻿5248667,85946201,style,이거사도돼?,글씨가 핑꾸색이라 굉장히 귀엽고 갈색 색감이 이쁘게 빠졌어요 뭣보다 핏이 무난한 이유가 옷에 힘이 있어서 늘어지거나 축쳐지지않아서 좋습니다 똥똥하고 둥그런 후드찾으셨다면 이거,5.0,False,BROWN / L,174.0,53.0,남성,2026-07-01 01:32:22,사이즈: 정사이즈 / 화면 대비 색감: 어두움 / 두께감: 두꺼움 / 퀄리티: 좋음,True,1,filluminate,상의,L,BROWN,2026,7,1,수,5,응답,정사이즈,어두움,좋음,,,,두꺼움,,4.0,,,4.0,,0.0,0.0,-1.0,1.0,,,글씨가 핑꾸색이라 굉장히 귀엽고 갈색 색감이 이쁘게 빠졌어요 뭣보다 핏이 무난한 이유가 옷에 힘이 있어서 늘어지거나 축쳐지지않아서 좋습니다 똥똥하고 둥그런 후드찾으셨다면 이거,글씨가핑꾸색이라굉장히귀엽고갈색색감이이쁘게빠졌어요뭣보다핏이무난한이유가옷에힘이있어서늘어지거나축쳐지지않아서좋습니다똥똥하고둥그런후드찾으셨다면이거,0,0,0,0,0,False,97,76,97,True
5248667,85942395,general,모호한캐나다미니,깔끔하고 좋습니다~ 다음에도 구매하겠습니다 ! 굿,5.0,False,MELANGE GREY / L,172.0,87.0,missing,2026-06-30 23:05:19,사이즈: 정사이즈 / 화면 대비 색감: 화면과 비슷 / 두께감: 적당함 / 퀄리티: 보통,False,0,filluminate,상의,L,MELANGE GREY,2026,6,30,화,5,응답,정사이즈,화면과 비슷,보통,,,,적당함,,3.0,,,3.0,,0.0,0.0,0.0,0.0,,,깔끔하고 좋습니다~ 다음에도 구매하겠습니다 ! 굿,깔끔하고좋습니다다음에도구매하겠습니다굿,0,0,1,0,0,False,27,20,27,True
5248667,85942336,general,모호한캐나다미니,깔끔하고 좋습니다~ 다음에도 구매하겠습니다 ! 굿,5.0,False,BROWN / L,172.0,87.0,missing,2026-06-30 23:03:52,사이즈: 정사이즈 / 화면 대비 색감: 화면과 비슷 / 두께감: 적당함 / 퀄리티: 보통,False,0,filluminate,상의,L,BROWN,2026,6,30,화,5,응답,정사이즈,화면과 비슷,보통,,,,적당함,,3.0,,,3.0,,0.0,0.0,0.0,0.0,,,깔끔하고 좋습니다~ 다음에도 구매하겠습니다 ! 굿,깔끔하고좋습니다다음에도구매하겠습니다굿,0,0,1,0,0,False,27,20,27,True
﻿6109125,86040319,general,올림픽공원턱시도,물건 하자 있어서 교환신청했는데 잘 도착했네요,5.0,False,M,173.0,71.0,남성,2026-07-04 16:42:42,사이즈: 정사이즈 / 화면 대비 색감: 화면과 비슷 / 퀄리티: 보통 / 구김: 약간 있음,True,0,filluminate,상의,M,,2026,7,4,토,5,응답,정사이즈,화면과 비슷,보통,약간 있음,,,,,3.0,,,,3.0,0.0,0.0,0.0,0.0,,,물건 하자 있어서 교환신청했는데 잘 도착했네요,물건하자있어서교환신청했는데잘도착했네요,0,0,0,0,0,False,25,20,25,True
6109125,86030502,general,알찬소비생활,세일할때 싸게 사서 잘 입고 있어요 시원하고 색감도 예뻐요 많이크긴 한데 크게입으려고 사서 만족입니당,5.0,False,S,161.0,44.0,여성,2026-07-04 08:00:59,사이즈: 많이 큼 / 화면 대비 색감: 화면과 비슷 / 퀄리티: 매우 좋음 / 구김: 전혀 없음,True,0,filluminate,상의,S,,2026,7,4,토,5,응답,많이 큼,화면과 비슷,매우 좋음,전혀 없음,,,,,5.0,,,,5.0,2.0,2.0,0.0,0.0,,,세일할때 싸게 사서 잘 입고 있어요 시원하고 색감도 예뻐요 많이크긴 한데 크게입으려고 사서 만족입니당,세일할때싸게사서잘입고있어요시원하고색감도예뻐요많이크긴한데크게입으려고사서만족입니당,0,0,0,0,0,False,56,43,56,True
6109125,86018781,style,희망찬울산파우더,시원하고 가벼워서 여름에 딱입니다. 다만 통이 많이 큰편이라서 속에 티를 입고 걸치는게 잘 어울립니다.,5.0,False,M,175.0,60.0,여성,2026-07-03 18:15:48,사이즈: 조금 큼 / 화면 대비 색감: 밝음 / 퀄리티: 좋음 / 구김: 전혀 없음,True,0,filluminate,상의,M,,2026,7,3,금,5,응답,조금 큼,밝음,좋음,전혀 없음,,,,,4.0,,,,5.0,1.0,1.0,1.0,1.0,,,시원하고 가벼워서 여름에 딱입니다. 다만 통이 많이 큰편이라서 속에 티를 입고 걸치는게 잘 어울립니다.,시원하고가벼워서여름에딱입니다다만통이많이큰편이라서속에티를입고걸치는게잘어울립니다,0,0,0,0,0,False,57,42,57,True
6109125,85983718,general,와우민디,생각보다 사이즈가 커서 놀라긴했는데 단추 안 잠그고 입으면 예쁘네요,5.0,False,M,166.0,80.0,여성,2026-07-02 12:29:59,사이즈: 정사이즈 / 화면 대비 색감: 화면과 비슷 / 퀄리티: 보통 / 구김: 거의 없음,False,0,filluminate,상의,M,,2026,7,2,목,5,응답,정사이즈,화면과 비슷,보통,거의 없음,,,,,3.0,,,,4.0,0.0,0.0,0.0,0.0,,,생각보다 사이즈가 커서 놀라긴했는데 단추 안 잠그고 입으면 예쁘네요,생각보다사이즈가커서놀라긴했는데단추안잠그고입으면예쁘네요,0,0,0,0,0,False,37,29,37,True
6109125,85974848,general,Yang...,"색깔이 생각보다는 탁했어요. 아주 잔잔한 체크 무늬고, 오렌지색 줄이 섞여있어서 사진만큼 연두색 스럽진 않아요.",3.0,False,M,158.0,55.0,여성,2026-07-02 00:02:27,사이즈: 조금 큼 / 화면 대비 색감: 어두움 / 퀄리티: 보통 / 구김: 많음,False,0,filluminate,상의,M,,2026,7,2,목,3,응답,조금 큼,어두움,보통,많음,,,,,3.0,,,,2.0,1.0,1.0,-1.0,1.0,,,"색깔이 생각보다는 탁했어요. 아주 잔잔한 체크 무늬고, 오렌지색 줄이 섞여있어서 사진만큼 연두색 스럽진 않아요.",색깔이생각보다는탁했어요아주잔잔한체크무늬고오렌지색줄이섞여있어서사진만큼연두색스럽진않아요,0,0,0,0,0,False,62,46,62,True
﻿6351589,85943262,general,위험한홍콩토트백,세미오버해서 사이즈 편하게 맞습니다 색깔도 이쁘구요 두께는 살짝 있어요,4.0,False,L,175.0,81.0,남성,2026-06-30 23:28:14,사이즈: 조금 큼 / 화면 대비 색감: 화면과 비슷 / 퀄리티: 좋음 / 구김: 많음,True,0,filluminate,상의,L,,2026,6,30,화,4,응답,조금 큼,화면과 비슷,좋음,많음,,,,,4.0,,,,2.0,1.0,1.0,0.0,0.0,,,세미오버해서 사이즈 편하게 맞습니다 색깔도 이쁘구요 두께는 살짝 있어요,세미오버해서사이즈편하게맞습니다색깔도이쁘구요두께는살짝있어요,0,0,0,0,0,False,39,31,39,True
6351589,85893328,general,망그러진곰부앙,긴팔셔츠도 있었는데 역시 좋네요 색도 예뻐요 두께는 좀 있는 편,5.0,False,S,159.0,46.0,여성,2026-06-29 09:52:04,사이즈: 조금 큼 / 화면 대비 색감: 화면과 비슷 / 퀄리티: 매우 좋음 / 구김: 전혀 없음,True,0,filluminate,상의,S,,2026,6,29,월,5,응답,조금 큼,화면과 비슷,매우 좋음,전혀 없음,,,,,5.0,,,,5.0,1.0,1.0,0.0,0.0,,,긴팔셔츠도 있었는데 역시 좋네요 색도 예뻐요 두께는 좀 있는 편,긴팔셔츠도있었는데역시좋네요색도예뻐요두께는좀있는편,0,0,0,0,0,False,35,26,35,True
﻿6140883,86072662,style,00볶음,가성비 좋게 예쁜옷 잘 샀습니다. 예쁘게 잘 입고있습니다,5.0,False,L,183.0,84.0,남성,2026-07-05 22:39:18,사이즈: 정사이즈 / 화면 대비 색감: 화면과 비슷 / 퀄리티: 보통 / 구김: 약간 있음,True,0,filluminate,상의,L,,2026,7,5,일,5,응답,정사이즈,화면과 비슷,보통,약간 있음,,,,,3.0,,,,3.0,0.0,0.0,0.0,0.0,,,가성비 좋게 예쁜옷 잘 샀습니다. 예쁘게 잘 입고있습니다,가성비좋게예쁜옷잘샀습니다예쁘게잘입고있습니다,0,0,0,0,0,False,31,23,31,True
6140883,86072562,general,00볶음,가성비 좋게 예쁜옷 잘 샀습니다. 예쁘게 잘 입고있습니다,5.0,False,L,183.0,84.0,남성,2026-07-05 22:35:51,사이즈: 정사이즈 / 화면 대비 색감: 화면과 비슷 / 퀄리티: 보통 / 구김: 약간 있음,True,0,filluminate,상의,L,,2026,7,5,일,5,응답,정사이즈,화면과 비슷,보통,약간 있음,,,,,3.0,,,,3.0,0.0,0.0,0.0,0.0,,,가성비 좋게 예쁜옷 잘 샀습니다. 예쁘게 잘 입고있습니다,가성비좋게예쁜옷잘샀습니다예쁘게잘입고있습니다,0,0,0,0,0,False,31,23,31,True
6140883,86048552,general,체Rl,배송 빠르게 잘 받았습니다. 잘 입고 다니도록 할게요,5.0,False,S,154.0,40.0,여성,2026-07-04 22:54:06,사이즈: 정사이즈 / 화면 대비 색감: 화면과 비슷 / 퀄리티: 보통 / 구김: 약간 있음,True,0,filluminate,상의,S,,2026,7,4,토,5,응답,정사이즈,화면과 비슷,보통,약간 있음,,,,,3.0,,,,3.0,0.0,0.0,0.0,0.0,,,배송 빠르게 잘 받았습니다. 잘 입고 다니도록 할게요,배송빠르게잘받았습니다잘입고다니도록할게요,0,0,0,0,0,False,29,21,29,True
6140883,86035644,general,과감한런던턱시도,여름에는 시원하고 잘 입을수 있을 것 같아요. 약간 구김은 있을 것같은데  생각보다  색깔도 예쁘네요. 사이즈가 오버핏이라 보통 M사이즈 입는데 S로 주문해서 입어보니 잘 맞네요.,4.0,False,S,170.0,70.0,남성,2026-07-04 13:35:17,사이즈: 정사이즈 / 화면 대비 색감: 화면과 비슷 / 퀄리티: 보통 / 구김: 약간 있음,True,0,filluminate,상의,S,,2026,7,4,토,4,응답,정사이즈,화면과 비슷,보통,약간 있음,,,,,3.0,,,,3.0,0.0,0.0,0.0,0.0,,,여름에는 시원하고 잘 입을수 있을 것 같아요. 약간 구김은 있을 것같은데 생각보다 색깔도 예쁘네요. 사이즈가 오버핏이라 보통 M사이즈 입는데 S로 주문해서 입어보니 잘 맞네요.,여름에는시원하고잘입을수있을것같아요약간구김은있을것같은데생각보다색깔도예쁘네요사이즈가오버핏이라보통m사이즈입는데s로주문해서입어보니잘맞네요,0,0,0,0,0,False,100,70,98,True
6140883,85991717,general,장밀크,가격대비 너무좋네요 올여름은 이걸로 끝입니다,5.0,False,L,177.0,77.0,남성,2026-07-02 17:59:07,사이즈: 정사이즈 / 화면 대비 색감: 화면과 비슷 / 퀄리티: 보통 / 구김: 약간 있음,False,0,filluminate,상의,L,,2026,7,2,목,5,응답,정사이즈,화면과 비슷,보통,약간 있음,,,,,3.0,,,,3.0,0.0,0.0,0.0,0.0,,,가격대비 너무좋네요 올여름은 이걸로 끝입니다,가격대비너무좋네요올여름은이걸로끝입니다,0,0,0,0,0,False,24,20,24,True
﻿6394441,86010534,general,567fb2df4b9e6,"배송 빠르게 도착했고, 저렴한 가격에 잘 구매했습니다.",5.0,False,M,170.0,63.0,남성,2026-07-03 12:26:03,사이즈: 조금 큼 / 화면 대비 색감: 화면과 비슷 / 퀄리티: 좋음 / 구김: 거의 없음,False,0,filluminate,상의,M,,2026,7,3,금,5,응답,조금 큼,화면과 비슷,좋음,거의 없음,,,,,4.0,,,,4.0,1.0,1.0,0.0,0.0,,,"배송 빠르게 도착했고, 저렴한 가격에 잘 구매했습니다.",배송빠르게도착했고저렴한가격에잘구매했습니다,0,0,0,0,0,False,30,22,30,True
6394441,85918267,style,자극적인분홍쿨톤,아주 좋은 원단으로 잘 만들어진 퀄리티 높은 옷이네요 너무 핏이 이뻐서 마음에 듭니다,5.0,False,M,170.0,75.0,남성,2026-06-30 06:56:46,사이즈: 정사이즈 / 화면 대비 색감: 화면과 비슷 / 퀄리티: 매우 좋음 / 구김: 거의 없음,True,0,filluminate,상의,M,,2026,6,30,화,5,응답,정사이즈,화면과 비슷,매우 좋음,거의 없음,,,,,5.0,,,,4.0,0.0,0.0,0.0,0.0,,,아주 좋은 원단으로 잘 만들어진 퀄리티 높은 옷이네요 너무 핏이 이뻐서 마음에 듭니다,아주좋은원단으로잘만들어진퀄리티높은옷이네요너무핏이이뻐서마음에듭니다,0,0,0,0,0,False,47,35,47,True
6394441,85894298,general,섬세한빨강로맨틱,시원한 재질의 원단입니다 구김은 원단 특성상 자연스럽게 있어서 세탁후에도 다림질 필요없어요,5.0,False,M,160.0,52.0,여성,2026-06-29 10:37:54,사이즈: 정사이즈 / 화면 대비 색감: 화면과 비슷 / 퀄리티: 매우 좋음 / 구김: 전혀 없음,True,0,filluminate,상의,M,,2026,6,29,월,5,응답,정사이즈,화면과 비슷,매우 좋음,전혀 없음,,,,,5.0,,,,5.0,0.0,0.0,0.0,0.0,,,시원한 재질의 원단입니다 구김은 원단 특성상 자연스럽게 있어서 세탁후에도 다림질 필요없어요,시원한재질의원단입니다구김은원단특성상자연스럽게있어서세탁후에도다림질필요없어요,0,0,0,0,0,False,50,40,50,True
6394441,85887512,general,대포소초,옷이 핏도 이쁘고 어떤 바지에든 입기좋아서 좋아요.,5.0,False,L,182.0,75.0,남성,2026-06-29 00:12:04,사이즈: 정사이즈 / 화면 대비 색감: 화면과 비슷 / 퀄리티: 보통 / 구김: 약간 있음,True,0,filluminate,상의,L,,2026,6,29,월,5,응답,정사이즈,화면과 비슷,보통,약간 있음,,,,,3.0,,,,3.0,0.0,0.0,0.0,0.0,,,옷이 핏도 이쁘고 어떤 바지에든 입기좋아서 좋아요.,옷이핏도이쁘고어떤바지에든입기좋아서좋아요,0,0,0,0,0,False,28,21,28,True
﻿6351594,85921683,general,권리,단독으로 입기 보다는 걸쳐입을려고 샀는데 괜찮네요~,5.0,False,S,160.0,60.0,여성,2026-06-30 10:59:57,사이즈: 조금 큼 / 화면 대비 색감: 화면과 비슷 / 퀄리티: 보통 / 구김: 거의 없음,True,0,filluminate,상의,S,,2026,6,30,화,5,응답,조금 큼,화면과 비슷,보통,거의 없음,,,,,3.0,,,,4.0,1.0,1.0,0.0,0.0,,,단독으로 입기 보다는 걸쳐입을려고 샀는데 괜찮네요~,단독으로입기보다는걸쳐입을려고샀는데괜찮네요,0,0,0,0,0,False,28,22,28,True
﻿6140884,86000104,general,MUAHMUAH,이쁘고 배송도빠르고 좋네요 다음에도 재구매할께요,5.0,False,S,166.0,60.0,남성,2026-07-02 22:57:09,사이즈: 정사이즈 / 화면 대비 색감: 화면과 비슷 / 퀄리티: 보통 / 구김: 약간 있음,False,0,filluminate,상의,S,,2026,7,2,목,5,응답,정사이즈,화면과 비슷,보통,약간 있음,,,,,3.0,,,,3.0,0.0,0.0,0.0,0.0,,,이쁘고 배송도빠르고 좋네요 다음에도 재구매할께요,이쁘고배송도빠르고좋네요다음에도재구매할께요,0,0,0,0,0,False,26,22,26,True
6140884,85961947,general,능숙한카키룩,어깨쪽이 조금 크긴한데 재질좋고 디자인 독특해서 좋아요,5.0,False,S,159.0,50.0,여성,2026-07-01 16:53:22,사이즈: 정사이즈 / 화면 대비 색감: 화면과 비슷 / 퀄리티: 좋음 / 구김: 거의 없음,False,0,filluminate,상의,S,,2026,7,1,수,5,응답,정사이즈,화면과 비슷,좋음,거의 없음,,,,,4.0,,,,4.0,0.0,0.0,0.0,0.0,,,어깨쪽이 조금 크긴한데 재질좋고 디자인 독특해서 좋아요,어깨쪽이조금크긴한데재질좋고디자인독특해서좋아요,0,0,0,0,0,False,30,24,30,True
﻿6109150,86004594,style,룰루랄라궁뎅원숭,아빠 사드렸는데 시원하다고 넘 좋아하셨어요 팔 롤업단추 있어서 더 이뻐요,5.0,False,M,167.0,51.0,여성,2026-07-03 04:45:15,사이즈: 조금 큼 / 화면 대비 색감: 화면과 비슷 / 퀄리티: 좋음 / 구김: 거의 없음,True,1,filluminate,상의,M,,2026,7,3,금,5,응답,조금 큼,화면과 비슷,좋음,거의 없음,,,,,4.0,,,,4.0,1.0,1.0,0.0,0.0,,,아빠 사드렸는데 시원하다고 넘 좋아하셨어요 팔 롤업단추 있어서 더 이뻐요,아빠사드렸는데시원하다고넘좋아하셨어요팔롤업단추있어서더이뻐요,0,0,0,0,0,False,40,31,40,True
6109150,86004589,general,룰루랄라궁뎅원숭,여름에 시원할 것 같아서 아빠 사드렸는데 너무 좋아하셨어요 사이즈는 오버핏이라 기장이 긴 편 입니다 이뻐요,5.0,False,M,167.0,51.0,여성,2026-07-03 04:43:04,사이즈: 조금 큼 / 화면 대비 색감: 화면과 비슷 / 퀄리티: 좋음 / 구김: 거의 없음,True,1,filluminate,상의,M,,2026,7,3,금,5,응답,조금 큼,화면과 비슷,좋음,거의 없음,,,,,4.0,,,,4.0,1.0,1.0,0.0,0.0,,,여름에 시원할 것 같아서 아빠 사드렸는데 너무 좋아하셨어요 사이즈는 오버핏이라 기장이 긴 편 입니다 이뻐요,여름에시원할것같아서아빠사드렸는데너무좋아하셨어요사이즈는오버핏이라기장이긴편입니다이뻐요,0,0,0,0,0,False,59,45,59,True
﻿6394439,85968572,style,옷맛있다요,역시 필루미네이트 셔츠 짱입니다 소재도 좋고 디자인 굿,5.0,False,L,171.0,70.0,남성,2026-07-01 20:51:51,사이즈: 정사이즈 / 화면 대비 색감: 화면과 비슷 / 퀄리티: 좋음 / 구김: 전혀 없음,True,0,filluminate,상의,L,,2026,7,1,수,5,응답,정사이즈,화면과 비슷,좋음,전혀 없음,,,,,4.0,,,,5.0,0.0,0.0,0.0,0.0,,,역시 필루미네이트 셔츠 짱입니다 소재도 좋고 디자인 굿,역시필루미네이트셔츠짱입니다소재도좋고디자인굿,0,0,0,0,0,False,30,23,30,True
6394439,85968560,general,옷맛있다요,역시 필루미네이트 셔츠 짱입니다 소재도 좋고 디자인 굿,5.0,False,L,171.0,70.0,남성,2026-07-01 20:51:22,사이즈: 정사이즈 / 화면 대비 색감: 화면과 비슷 / 퀄리티: 매우 좋음 / 구김: 전혀 없음,True,0,filluminate,상의,L,,2026,7,1,수,5,응답,정사이즈,화면과 비슷,매우 좋음,전혀 없음,,,,,5.0,,,,5.0,0.0,0.0,0.0,0.0,,,역시 필루미네이트 셔츠 짱입니다 소재도 좋고 디자인 굿,역시필루미네이트셔츠짱입니다소재도좋고디자인굿,0,0,0,0,0,False,30,23,30,True
6394439,85953037,general,응봉산호랑이,딱 좋은 느낌이에요 다만 가격이 가격인만큼 엄청 고급은 아니지만 가성비 있게 입기 좋아요,5.0,False,S,160.0,59.0,남성,2026-07-01 11:13:17,사이즈: 정사이즈 / 화면 대비 색감: 화면과 비슷 / 퀄리티: 보통 / 구김: 많음,False,0,filluminate,상의,S,,2026,7,1,수,5,응답,정사이즈,화면과 비슷,보통,많음,,,,,3.0,,,,2.0,0.0,0.0,0.0,0.0,,,딱 좋은 느낌이에요 다만 가격이 가격인만큼 엄청 고급은 아니지만 가성비 있게 입기 좋아요,딱좋은느낌이에요다만가격이가격인만큼엄청고급은아니지만가성비있게입기좋아요,0,0,0,0,0,False,49,37,49,True
6394439,85921056,style,guyjsy20,살에 안들러붙어서 좋아요 디자인은 중년스럽지만 크롭해서 트렌디하게 예뻐요 배송은 비추에요,5.0,False,L,176.0,85.0,남성,2026-06-30 10:31:22,사이즈: 정사이즈 / 화면 대비 색감: 화면과 비슷 / 퀄리티: 보통 / 구김: 거의 없음,True,0,filluminate,상의,L,,2026,6,30,화,5,응답,정사이즈,화면과 비슷,보통,거의 없음,,,,,3.0,,,,4.0,0.0,0.0,0.0,0.0,,,살에 안들러붙어서 좋아요 디자인은 중년스럽지만 크롭해서 트렌디하게 예뻐요 배송은 비추에요,살에안들러붙어서좋아요디자인은중년스럽지만크롭해서트렌디하게예뻐요배송은비추에요,0,0,0,0,0,False,49,40,49,True
6394439,85920983,general,guyjsy20,시어서커 남자반팔 예뻐요 시원해서 좋구요 살에 안달라붙어서 최고 디자인은 중년미 나서 좋아요,5.0,False,L,176.0,85.0,남성,2026-06-30 10:27:42,사이즈: 정사이즈 / 화면 대비 색감: 화면과 비슷 / 퀄리티: 보통 / 구김: 거의 없음,True,0,filluminate,상의,L,,2026,6,30,화,5,응답,정사이즈,화면과 비슷,보통,거의 없음,,,,,3.0,,,,4.0,0.0,0.0,0.0,0.0,,,시어서커 남자반팔 예뻐요 시원해서 좋구요 살에 안달라붙어서 최고 디자인은 중년미 나서 좋아요,시어서커남자반팔예뻐요시원해서좋구요살에안달라붙어서최고디자인은중년미나서좋아요,0,0,0,0,0,False,51,40,51,True
6394439,85911892,general,슈쟌s,얇고. 구김도 잘 안생김. 소재는 시어서커같은 느낌인데 시원한 소재임,5.0,False,L,173.0,78.0,남성,2026-06-29 22:05:56,사이즈: 정사이즈 / 화면 대비 색감: 화면과 비슷 / 퀄리티: 좋음 / 구김: 많음,True,0,filluminate,상의,L,,2026,6,29,월,5,응답,정사이즈,화면과 비슷,좋음,많음,,,,,4.0,,,,2.0,0.0,0.0,0.0,0.0,,,얇고. 구김도 잘 안생김. 소재는 시어서커같은 느낌인데 시원한 소재임,얇고구김도잘안생김소재는시어서커같은느낌인데시원한소재임,0,0,0,0,0,False,38,28,38,True
﻿6109139,86073847,general,최애의호주바지,사이즈 조금 크긴한데 예뻐요. 단추 1개와 2개 풀었을때 차이가 커요,3.0,False,S,165.0,60.0,여성,2026-07-05 23:18:01,사이즈: 정사이즈 / 화면 대비 색감: 화면과 비슷 / 퀄리티: 보통 / 구김: 약간 있음,False,0,filluminate,상의,S,,2026,7,5,일,3,응답,정사이즈,화면과 비슷,보통,약간 있음,,,,,3.0,,,,3.0,0.0,0.0,0.0,0.0,,,사이즈 조금 크긴한데 예뻐요. 단추 1개와 2개 풀었을때 차이가 커요,사이즈조금크긴한데예뻐요단추1개와2개풀었을때차이가커요,0,0,0,0,0,False,38,26,38,True
6109139,85937822,general,분명한로마롱부츠,촌스럽지않은 색감의 편한 셔츠입니디. 캐주얼하게 입고 있어요 예쁩니다.,5.0,False,M,170.0,79.0,남성,2026-06-30 20:57:05,사이즈: 정사이즈 / 화면 대비 색감: 화면과 비슷 / 퀄리티: 보통 / 구김: 약간 있음,False,0,filluminate,상의,M,,2026,6,30,화,5,응답,정사이즈,화면과 비슷,보통,약간 있음,,,,,3.0,,,,3.0,0.0,0.0,0.0,0.0,,,촌스럽지않은 색감의 편한 셔츠입니디. 캐주얼하게 입고 있어요 예쁩니다.,촌스럽지않은색감의편한셔츠입니디캐주얼하게입고있어요예쁩니다,0,0,0,0,0,False,39,30,39,True
﻿6108955,86031924,general,애틋한용산코튼,소재도 탄탄하고 이쁩니다 ㅎㅎ 자주 이용할 브랜드 샅아요,5.0,False,L,169.0,58.0,남성,2026-07-04 10:05:56,사이즈: 정사이즈 / 화면 대비 색감: 화면과 비슷 / 두께감: 적당함 / 신축성: 적당함,False,0,filluminate,상의,L,,2026,7,4,토,5,응답,정사이즈,화면과 비슷,,,,적당함,적당함,,,,3.0,3.0,,0.0,0.0,0.0,0.0,,,소재도 탄탄하고 이쁩니다 ㅎㅎ 자주 이용할 브랜드 샅아요,소재도탄탄하고이쁩니다자주이용할브랜드샅아요,2,0,0,0,0,False,31,22,31,True
6108955,86030566,general,청량한삼청동캡슐,디자인 좋고 재질도 괜찮은데 사이즈가 좀 많이 큽니다.,5.0,False,M,177.0,78.0,남성,2026-07-04 08:10:00,사이즈: 많이 큼 / 화면 대비 색감: 화면과 비슷 / 두께감: 적당함 / 신축성: 강함,True,0,filluminate,상의,M,,2026,7,4,토,5,응답,많이 큼,화면과 비슷,,,,강함,적당함,,,,4.0,3.0,,2.0,2.0,0.0,0.0,,,디자인 좋고 재질도 괜찮은데 사이즈가 좀 많이 큽니다.,디자인좋고재질도괜찮은데사이즈가좀많이큽니다,0,0,0,0,0,False,30,22,30,True
﻿6108866,85925286,general,흐르는금색추천룩,입었을때 촌스럽지않은 체크셔츠입니다. 과하게 크롭하지않고 적당한 기장에 사이즈도 좋아서 기부니가 조습니다.근데 배송이 좀 늦어서 기부니가 안조을번했습니다,5.0,False,L,177.0,78.0,남성,2026-06-30 13:49:47,사이즈: 정사이즈 / 화면 대비 색감: 화면과 비슷 / 퀄리티: 좋음 / 구김: 약간 있음,True,0,filluminate,상의,L,,2026,6,30,화,5,응답,정사이즈,화면과 비슷,좋음,약간 있음,,,,,4.0,,,,3.0,0.0,0.0,0.0,0.0,,,입었을때 촌스럽지않은 체크셔츠입니다. 과하게 크롭하지않고 적당한 기장에 사이즈도 좋아서 기부니가 조습니다.근데 배송이 좀 늦어서 기부니가 안조을번했습니다,입었을때촌스럽지않은체크셔츠입니다과하게크롭하지않고적당한기장에사이즈도좋아서기부니가조습니다근데배송이좀늦어서기부니가안조을번했습니다,0,0,0,0,0,False,85,68,85,True
﻿4910318,85953281,general,해맑은동구,여름에 입어도 시원하고 재질도 좋고 아주 만족합니다!,5.0,False,L,175.0,81.0,남성,2026-07-01 11:20:34,사이즈: 정사이즈 / 화면 대비 색감: 화면과 비슷 / 퀄리티: 매우 좋음 / 구김: 전혀 없음,True,0,filluminate,상의,L,,2026,7,1,수,5,응답,정사이즈,화면과 비슷,매우 좋음,전혀 없음,,,,,5.0,,,,5.0,0.0,0.0,0.0,0.0,,,여름에 입어도 시원하고 재질도 좋고 아주 만족합니다!,여름에입어도시원하고재질도좋고아주만족합니다,0,0,1,0,0,False,29,22,29,True
﻿6108845,86033428,general,야망있는마포비니,구김 없는 재질이라 편한데 두께감이 엄청 얇진 않음,5.0,False,S,,100.0,여성,2026-07-04 11:37:40,사이즈: 정사이즈 / 화면 대비 색감: 화면과 비슷 / 퀄리티: 매우 좋음 / 구김: 전혀 없음,False,0,filluminate,상의,S,,2026,7,4,토,5,응답,정사이즈,화면과 비슷,매우 좋음,전혀 없음,,,,,5.0,,,,5.0,0.0,0.0,0.0,0.0,,,구김 없는 재질이라 편한데 두께감이 엄청 얇진 않음,구김없는재질이라편한데두께감이엄청얇진않음,0,0,0,0,0,False,28,21,28,True
﻿6394383,86065116,general,쌔2the미,디자인 예뻐요~ 사이즈도 잘 맞고요~ 많이 착용할 것 같애요~~,5.0,False,M,178.0,65.0,남성,2026-07-05 17:41:48,사이즈: 정사이즈 / 화면 대비 색감: 화면과 비슷 / 두께감: 적당함 / 신축성: 매우 강함,False,0,filluminate,상의,M,,2026,7,5,일,5,응답,정사이즈,화면과 비슷,,,,매우 강함,적당함,,,,5.0,3.0,,0.0,0.0,0.0,0.0,,,디자인 예뻐요~ 사이즈도 잘 맞고요~ 많이 착용할 것 같애요~~,디자인예뻐요사이즈도잘맞고요많이착용할것같애요,0,0,0,0,0,False,35,23,35,True
﻿6322878,86071858,style,넓은마르세유뿔테,여름에 입을 후들후들 셔츠로 딱! 햇빛은 막아주지만 통풍은 잘되서 시원한 셔츠 오버핏으로 휘뚤 마뚤 입기 좋음,5.0,False,L,180.0,60.0,남성,2026-07-05 22:11:06,사이즈: 조금 큼 / 화면 대비 색감: 화면과 비슷 / 퀄리티: 좋음 / 구김: 약간 있음,True,0,filluminate,상의,L,,2026,7,5,일,5,응답,조금 큼,화면과 비슷,좋음,약간 있음,,,,,4.0,,,,3.0,1.0,1.0,0.0,0.0,,,여름에 입을 후들후들 셔츠로 딱! 햇빛은 막아주지만 통풍은 잘되서 시원한 셔츠 오버핏으로 휘뚤 마뚤 입기 좋음,여름에입을후들후들셔츠로딱햇빛은막아주지만통풍은잘되서시원한셔츠오버핏으로휘뚤마뚤입기좋음,0,0,1,0,0,False,61,45,61,True
6322878,86071820,general,넓은마르세유뿔테,후들후들 여름에 입기 좋은 셔츠  오버핏으로 휘뚤 마뚤 편하게 입을수 있음,5.0,False,L,180.0,60.0,남성,2026-07-05 22:09:15,사이즈: 조금 큼 / 화면 대비 색감: 화면과 비슷 / 퀄리티: 좋음 / 구김: 약간 있음,False,0,filluminate,상의,L,,2026,7,5,일,5,응답,조금 큼,화면과 비슷,좋음,약간 있음,,,,,4.0,,,,3.0,1.0,1.0,0.0,0.0,,,후들후들 여름에 입기 좋은 셔츠 오버핏으로 휘뚤 마뚤 편하게 입을수 있음,후들후들여름에입기좋은셔츠오버핏으로휘뚤마뚤편하게입을수있음,0,0,0,0,0,False,41,30,40,True
6322878,86071718,style,넓은마르세유뿔테,여름에 입기좋은 후들후들 셔츠 체크가 과하거나 이상하지않고 딱 이쁜 느낌 색조합도 이쁜 셔츠 후들후들 셔츠  회사 분도 탐내던 셔츠 오버핏으로 입기 좋은 셔츠,5.0,False,S,157.0,50.0,여성,2026-07-05 22:05:11,사이즈: 조금 큼 / 화면 대비 색감: 화면과 비슷 / 퀄리티: 매우 좋음 / 구김: 약간 있음,True,0,filluminate,상의,S,,2026,7,5,일,5,응답,조금 큼,화면과 비슷,매우 좋음,약간 있음,,,,,5.0,,,,3.0,1.0,1.0,0.0,0.0,,,여름에 입기좋은 후들후들 셔츠 체크가 과하거나 이상하지않고 딱 이쁜 느낌 색조합도 이쁜 셔츠 후들후들 셔츠 회사 분도 탐내던 셔츠 오버핏으로 입기 좋은 셔츠,여름에입기좋은후들후들셔츠체크가과하거나이상하지않고딱이쁜느낌색조합도이쁜셔츠후들후들셔츠회사분도탐내던셔츠오버핏으로입기좋은셔츠,0,0,0,0,0,False,88,65,87,True
6322878,86071643,general,넓은마르세유뿔테,여름에 아우터로 입기 딱 좋은 셔츠 후들후들 하지만 핏은 잡아주는 딱 좋은 셔츠 회사분도 탐내던 셔츠,5.0,False,S,157.0,50.0,여성,2026-07-05 22:02:29,사이즈: 조금 큼 / 화면 대비 색감: 화면과 비슷 / 퀄리티: 매우 좋음 / 구김: 많음,False,0,filluminate,상의,S,,2026,7,5,일,5,응답,조금 큼,화면과 비슷,매우 좋음,많음,,,,,5.0,,,,2.0,1.0,1.0,0.0,0.0,,,여름에 아우터로 입기 딱 좋은 셔츠 후들후들 하지만 핏은 잡아주는 딱 좋은 셔츠 회사분도 탐내던 셔츠,여름에아우터로입기딱좋은셔츠후들후들하지만핏은잡아주는딱좋은셔츠회사분도탐내던셔츠,0,0,0,0,0,False,56,41,56,True
6322878,85922719,style,늦었네,여름에 딱 좋아요 얇고 가볍고 제가 키가 작아서 리폼해서 입고 있네요~~~~너무 좋네요,5.0,False,S,176.0,70.0,남성,2026-06-30 11:59:59,사이즈: 조금 큼 / 화면 대비 색감: 화면과 비슷 / 퀄리티: 좋음 / 구김: 거의 없음,True,0,filluminate,상의,S,,2026,6,30,화,5,응답,조금 큼,화면과 비슷,좋음,거의 없음,,,,,4.0,,,,4.0,1.0,1.0,0.0,0.0,,,여름에 딱 좋아요 얇고 가볍고 제가 키가 작아서 리폼해서 입고 있네요~~~너무 좋네요,여름에딱좋아요얇고가볍고제가키가작아서리폼해서입고있네요너무좋네요,0,0,0,0,0,True,48,33,47,True
6322878,85862151,style,채채채1239,전에 여기 셔츠 샀던거 아직도 잘 입고있어서 믿고 주문해봤어요 엄청 얇아서 여름에 입기 좋을 것 같아요,5.0,False,S,166.0,51.0,여성,2026-06-28 11:54:17,사이즈: 정사이즈 / 화면 대비 색감: 어두움 / 퀄리티: 좋음 / 구김: 많음,True,0,filluminate,상의,S,,2026,6,28,일,5,응답,정사이즈,어두움,좋음,많음,,,,,4.0,,,,2.0,0.0,0.0,-1.0,1.0,,,전에 여기 셔츠 샀던거 아직도 잘 입고있어서 믿고 주문해봤어요 엄청 얇아서 여름에 입기 좋을 것 같아요,전에여기셔츠샀던거아직도잘입고있어서믿고주문해봤어요엄청얇아서여름에입기좋을것같아요,0,0,0,0,0,False,57,42,57,True
﻿6322837,85973120,general,wjs3389,얇고 부들부들한 느낌이고 가벼운 느낌이라 좋아요,5.0,False,S,170.0,60.0,여성,2026-07-01 23:06:41,사이즈: 조금 작음 / 화면 대비 색감: 화면과 비슷 / 두께감: 적당함 / 신축성: 적당함,False,0,filluminate,상의,S,,2026,7,1,수,5,응답,조금 작음,화면과 비슷,,,,적당함,적당함,,,,3.0,3.0,,-1.0,1.0,0.0,0.0,,,얇고 부들부들한 느낌이고 가벼운 느낌이라 좋아요,얇고부들부들한느낌이고가벼운느낌이라좋아요,0,0,0,0,0,False,26,21,26,True
﻿6140856,86052166,general,Ewkk,무난하게 다른 옷이랑 잘 어울려서 자주 입고 다닐 것 같아요,5.0,False,S,154.0,44.0,여성,2026-07-05 01:53:35,사이즈: 정사이즈 / 화면 대비 색감: 화면과 비슷 / 두께감: 적당함 / 신축성: 적당함,False,0,filluminate,상의,S,,2026,7,5,일,5,응답,정사이즈,화면과 비슷,,,,적당함,적당함,,,,3.0,3.0,,0.0,0.0,0.0,0.0,,,무난하게 다른 옷이랑 잘 어울려서 자주 입고 다닐 것 같아요,무난하게다른옷이랑잘어울려서자주입고다닐것같아요,0,0,0,0,0,False,33,24,33,True
﻿6323520,85962675,general,후라노아이,화면과 색이 동일하고 깨끗한 색상으로 맞춰입기 좋아요,3.0,False,S,166.0,58.0,여성,2026-07-01 17:19:44,사이즈: 조금 큼 / 화면 대비 색감: 화면과 비슷 / 두께감: 얇음 / 신축성: 거의 없음,True,0,filluminate,상의,S,,2026,7,1,수,3,응답,조금 큼,화면과 비슷,,,,거의 없음,얇음,,,,2.0,2.0,,1.0,1.0,0.0,0.0,,,화면과 색이 동일하고 깨끗한 색상으로 맞춰입기 좋아요,화면과색이동일하고깨끗한색상으로맞춰입기좋아요,0,0,0,0,0,False,29,23,29,True
﻿6140852,85978584,style,냥굴냥냥굴,딱 예쁜 총장입니다. 너무 검흰만 있어서 버건디색 도전했는데 예뻐요. 등에 있는 숫자 번호가 킥입니다.,5.0,False,M,163.0,60.0,여성,2026-07-02 07:59:57,사이즈: 정사이즈 / 화면 대비 색감: 화면과 비슷 / 두께감: 적당함 / 신축성: 적당함,True,0,filluminate,상의,M,,2026,7,2,목,5,응답,정사이즈,화면과 비슷,,,,적당함,적당함,,,,3.0,3.0,,0.0,0.0,0.0,0.0,,,딱 예쁜 총장입니다. 너무 검흰만 있어서 버건디색 도전했는데 예뻐요. 등에 있는 숫자 번호가 킥입니다.,딱예쁜총장입니다너무검흰만있어서버건디색도전했는데예뻐요등에있는숫자번호가킥입니다,0,0,0,0,0,False,57,41,57,True
6140852,85923835,general,웅장한광화문래플,옷은 예쁘지만 색상이 제가 생각했던 것과 조금 달라서 아쉬웠어요. 그래도 재질은 좋고 만족합니다.,4.0,False,S,159.0,48.0,여성,2026-06-30 12:49:37,사이즈: 매우 작음 / 화면 대비 색감: 매우 밝음 / 두께감: 매우 얇음 / 신축성: 전혀 없음,True,0,filluminate,상의,S,,2026,6,30,화,4,응답,매우 작음,매우 밝음,,,,전혀 없음,매우 얇음,,,,1.0,1.0,,-2.0,2.0,2.0,2.0,,,옷은 예쁘지만 색상이 제가 생각했던 것과 조금 달라서 아쉬웠어요. 그래도 재질은 좋고 만족합니다.,옷은예쁘지만색상이제가생각했던것과조금달라서아쉬웠어요그래도재질은좋고만족합니다,0,0,0,0,0,False,54,40,54,True
﻿6140920,86034837,general,색다른강남크루넥,핏감도 좋고 재질도 맘에 너무 들었습니다. 그리고 가벼워요,5.0,False,M,174.0,70.0,남성,2026-07-04 12:53:13,사이즈: 정사이즈 / 화면 대비 색감: 화면과 비슷 / 퀄리티: 보통 / 구김: 거의 없음,False,0,filluminate,상의,M,,2026,7,4,토,5,응답,정사이즈,화면과 비슷,보통,거의 없음,,,,,3.0,,,,4.0,0.0,0.0,0.0,0.0,,,핏감도 좋고 재질도 맘에 너무 들었습니다. 그리고 가벼워요,핏감도좋고재질도맘에너무들었습니다그리고가벼워요,0,0,0,0,0,False,32,24,32,True
﻿6322955,86045273,experience,OHX,보들보들하고 피부에 닿는 느낌이 좋아서 편합니다. 펀칭 디테일이 들어가서 시원해 보이고 카라와 단추가 귀여워요. 소매 길이는 생각했던 것보다 조금 긴 편이에요! 일반적인 반팔인 줄 알았는데 입어보니 팔꿈치까지 내려오는 5부 정도의 기장감입니다. S사이즈인데도 꽤 커서 헐렁헐렁 편하게 입고다니기 좋을 것 같아요. 펀칭 니트 특성상 약간의 비침은 있는 편이라 신경을 많이 쓰시는 분들이라면 안에 이너 꼭 받쳐 입으시는 걸 추천합니다. 전체적으로 핏도 예쁘고 편해서 손이 자주 갈 것 같아요.,5.0,True,S,155.0,50.0,여성,2026-07-04 20:34:14,사이즈: 많이 큼 / 색감: 화면과 비슷 / 신축성: 강함 / 퀄리티: 매우 좋음,True,0,filluminate,상의,S,,2026,7,4,토,5,응답,많이 큼,,매우 좋음,,화면과 비슷,강함,,,5.0,,4.0,,,2.0,2.0,,,0.0,0.0,보들보들하고 피부에 닿는 느낌이 좋아서 편합니다. 펀칭 디테일이 들어가서 시원해 보이고 카라와 단추가 귀여워요. 소매 길이는 생각했던 것보다 조금 긴 편이에요! 일반적인 반팔인 줄 알았는데 입어보니 팔꿈치까지 내려오는 5부 정도의 기장감입니다. S사이즈인데도 꽤 커서 헐렁헐렁 편하게 입고다니기 좋을 것 같아요. 펀칭 니트 특성상 약간의 비침은 있는 편이라 신경을 많이 쓰시는 분들이라면 안에 이너 꼭 받쳐 입으시는 걸 추천합니다. 전체적으로 핏도 예쁘고 편해서 손이 자주 갈 것 같아요.,보들보들하고피부에닿는느낌이좋아서편합니다펀칭디테일이들어가서시원해보이고카라와단추가귀여워요소매길이는생각했던것보다조금긴편이에요일반적인반팔인줄알았는데입어보니팔꿈치까지내려오는5부정도의기장감입니다s사이즈인데도꽤커서헐렁헐렁편하게입고다니기좋을것같아요펀칭니트특성상약간의비침은있는편이라신경을많이쓰시는분들이라면안에이너꼭받쳐입으시는걸추천합니다전체적으로핏도예쁘고편해서손이자주갈것같아요,0,0,1,0,0,False,273,198,273,True
6322955,86038207,experience,얌전한방배오버올,"밝은색 니트가 필요해서 체험단 신청했는데 따뜻하고 부드러운 느낌을 주는 아이보리 색상이 정말 이쁩니다. 꺼내보니 카라와 3개나 되는 단추 디테일이 탄탄해서 여름철 밋밋할 수 있는 코디에 확실한 포인트가 되어주네요ㅎㅎ. ​니트 소재이지만 까슬거리지 않고 살에 닿는 느낌이 부드럽고 가볍습니다. 가까이서 보면 정교한 그물망 구조로 짜여 있어서 바람이 송송 잘 통해 한여름에도 정말 시원하게 입을 수 있을 것 같아요. 다만 특성상 약간의 비침이 있는 편이라, 단일로 입기보다는 안에 흰 티나 에어리즘 같은 이너를 받쳐 입는 것을 추천합니다. ​직접 착용해보니 세미오버핏 느낌으로 자연스럽게 떨어지는 실루엣이 연출됩니다. 특히 소매 기장이 부담스럽지 않게 팔뚝을 적당히 가려줘서 체형 보완에도 좋고 마음에 듭니다. 시원함과 스타일을 동시에 챙길 수 있는 완성도 높은 니트라 올여름 자주 손이 갈 것 같습니다!",4.0,True,M,178.0,53.0,남성,2026-07-04 15:16:31,사이즈: 정사이즈 / 색감: 화면과 비슷 / 신축성: 강함 / 퀄리티: 좋음,True,0,filluminate,상의,M,,2026,7,4,토,4,응답,정사이즈,,좋음,,화면과 비슷,강함,,,4.0,,4.0,,,0.0,0.0,,,0.0,0.0,"밝은색 니트가 필요해서 체험단 신청했는데 따뜻하고 부드러운 느낌을 주는 아이보리 색상이 정말 이쁩니다. 꺼내보니 카라와 3개나 되는 단추 디테일이 탄탄해서 여름철 밋밋할 수 있는 코디에 확실한 포인트가 되어주네요ㅎㅎ. ​니트 소재이지만 까슬거리지 않고 살에 닿는 느낌이 부드럽고 가볍습니다. 가까이서 보면 정교한 그물망 구조로 짜여 있어서 바람이 송송 잘 통해 한여름에도 정말 시원하게 입을 수 있을 것 같아요. 다만 특성상 약간의 비침이 있는 편이라, 단일로 입기보다는 안에 흰 티나 에어리즘 같은 이너를 받쳐 입는 것을 추천합니다. ​직접 착용해보니 세미오버핏 느낌으로 자연스럽게 떨어지는 실루엣이 연출됩니다. 특히 소매 기장이 부담스럽지 않게 팔뚝을 적당히 가려줘서 체형 보완에도 좋고 마음에 듭니다. 시원함과 스타일을 동시에 챙길 수 있는 완성도 높은 니트라 올여름 자주 손이 갈 것 같습니다!",밝은색니트가필요해서체험단신청했는데따뜻하고부드러운느낌을주는아이보리색상이정말이쁩니다꺼내보니카라와3개나되는단추디테일이탄탄해서여름철밋밋할수있는코디에확실한포인트가되어주네요니트소재이지만까슬거리지않고살에닿는느낌이부드럽고가볍습니다가까이서보면정교한그물망구조로짜여있어서바람이송송잘통해한여름에도정말시원하게입을수있을것같아요다만특성상약간의비침이있는편이라단일로입기보다는안에흰티나에어리즘같은이너를받쳐입는것을추천합니다직접착용해보니세미오버핏느낌으로자연스럽게떨어지는실루엣이연출됩니다특히소매기장이부담스럽지않게팔뚝을적당히가려줘서체형보완에도좋고마음에듭니다시원함과스타일을동시에챙길수있는완성도높은니트라올여름자주손이갈것같습니다,2,0,1,0,0,False,448,325,448,True
6322955,85931776,experience,Teahyung,"체험단으로 이 펀칭 카라 하프 니트를 받아서 입어봤는데요. 아이보리 컬러가 전체적으로 깔끔하고 세련된 느낌이라 처음부터 마음에 들었어요. 펀칭 카라 디자인이라 그냥 기본적인 니트보다는 포인트가 있어서 여름에 입으면 스타일이 살 것 같아서 신청했는데, 실제로 받아보고 입어보니 기대한 대로 괜찮았습니다. 소재가 오픈 니트로 되어있어서 가볍고 통풍이 잘 될 거라고 생각했는데, 실제로 입어보니까 비침이 생각보다 조금 심합니다. 구멍이 많이 뚫려있는 스타일이라 진짜 시원하긴 한데, 그만큼 비침도 있어서 안에 나시나 이너를 하나 받쳐 입는 게 좋을 것 같아요. 단추도 검정으로 되어있어서 전체적인 밸런스가 좋고, 심플하면서도 은근 포인트가 되는 느낌입니다. 무게감도 거의 없고, 핏도 여유 있게 떨어져서 움직일 때 부담이 없네요. 그렇지만 기장이 좀 크롭하다는 생각도 들긴합니다. 캐주얼하게 데님에 입어도 되고, 슬랙스랑 매치해도 괜찮을 것 같아요. 여름에 가벼운 니트 찾고 있었는데, 시원함을 중요하게 생각하시는 분들한테 추천드립니다.",4.0,True,M,170.0,50.0,남성,2026-06-30 18:04:30,사이즈: 정사이즈 / 색감: 화면과 비슷 / 신축성: 강함 / 퀄리티: 매우 좋음,True,0,filluminate,상의,M,,2026,6,30,화,4,응답,정사이즈,,매우 좋음,,화면과 비슷,강함,,,5.0,,4.0,,,0.0,0.0,,,0.0,0.0,"체험단으로 이 펀칭 카라 하프 니트를 받아서 입어봤는데요. 아이보리 컬러가 전체적으로 깔끔하고 세련된 느낌이라 처음부터 마음에 들었어요. 펀칭 카라 디자인이라 그냥 기본적인 니트보다는 포인트가 있어서 여름에 입으면 스타일이 살 것 같아서 신청했는데, 실제로 받아보고 입어보니 기대한 대로 괜찮았습니다. 소재가 오픈 니트로 되어있어서 가볍고 통풍이 잘 될 거라고 생각했는데, 실제로 입어보니까 비침이 생각보다 조금 심합니다. 구멍이 많이 뚫려있는 스타일이라 진짜 시원하긴 한데, 그만큼 비침도 있어서 안에 나시나 이너를 하나 받쳐 입는 게 좋을 것 같아요. 단추도 검정으로 되어있어서 전체적인 밸런스가 좋고, 심플하면서도 은근 포인트가 되는 느낌입니다. 무게감도 거의 없고, 핏도 여유 있게 떨어져서 움직일 때 부담이 없네요. 그렇지만 기장이 좀 크롭하다는 생각도 들긴합니다. 캐주얼하게 데님에 입어도 되고, 슬랙스랑 매치해도 괜찮을 것 같아요. 여름에 가벼운 니트 찾고 있었는데, 시원함을 중요하게 생각하시는 분들한테 추천드립니다.",체험단으로이펀칭카라하프니트를받아서입어봤는데요아이보리컬러가전체적으로깔끔하고세련된느낌이라처음부터마음에들었어요펀칭카라디자인이라그냥기본적인니트보다는포인트가있어서여름에입으면스타일이살것같아서신청했는데실제로받아보고입어보니기대한대로괜찮았습니다소재가오픈니트로되어있어서가볍고통풍이잘될거라고생각했는데실제로입어보니까비침이생각보다조금심합니다구멍이많이뚫려있는스타일이라진짜시원하긴한데그만큼비침도있어서안에나시나이너를하나받쳐입는게좋을것같아요단추도검정으로되어있어서전체적인밸런스가좋고심플하면서도은근포인트가되는느낌입니다무게감도거의없고핏도여유있게떨어져서움직일때부담이없네요그렇지만기장이좀크롭하다는생각도들긴합니다캐주얼하게데님에입어도되고슬랙스랑매치해도괜찮을것같아요여름에가벼운니트찾고있었는데시원함을중요하게생각하시는분들한테추천드립니다,0,0,0,0,0,False,521,384,521,True
6322955,85910084,experience,무정한쿠바파우더,니트반팔에 빠져서 체험단 신청해서 됬는데  우선 색감은 밝은느낌의 아이보리색상이라 딱 좋고 품.어깨.팔길이는 정사이즈고 기장이 실측 보긴했지만 생각보다 크롭해서 제 키정도 되시는분한테는 짧네?싶을수있긴합니다 근데 이게 구멍이 숭숭이라 아무래도 속에 이너를 입거나 레이어드해서 입어야할듯합니다 단품만 입으면 시원하고 좋을꺼같긴한데 신경쓰여서 잘못입을듯해요 단품으로 입기에 촉감도 부드러우니 괜찮긴합니다. 신축성도 괜찮습니다. 내구성.이나 세탁후 줄어드는건 차차 알아봐얄듯 합니다,4.0,True,L,181.0,85.0,남성,2026-06-29 21:08:21,사이즈: 정사이즈 / 색감: 화면과 비슷 / 신축성: 적당함 / 퀄리티: 좋음,True,0,filluminate,상의,L,,2026,6,29,월,4,응답,정사이즈,,좋음,,화면과 비슷,적당함,,,4.0,,3.0,,,0.0,0.0,,,0.0,0.0,니트반팔에 빠져서 체험단 신청해서 됬는데 우선 색감은 밝은느낌의 아이보리색상이라 딱 좋고 품.어깨.팔길이는 정사이즈고 기장이 실측 보긴했지만 생각보다 크롭해서 제 키정도 되시는분한테는 짧네?싶을수있긴합니다 근데 이게 구멍이 숭숭이라 아무래도 속에 이너를 입거나 레이어드해서 입어야할듯합니다 단품만 입으면 시원하고 좋을꺼같긴한데 신경쓰여서 잘못입을듯해요 단품으로 입기에 촉감도 부드러우니 괜찮긴합니다. 신축성도 괜찮습니다. 내구성.이나 세탁후 줄어드는건 차차 알아봐얄듯 합니다,니트반팔에빠져서체험단신청해서됬는데우선색감은밝은느낌의아이보리색상이라딱좋고품어깨팔길이는정사이즈고기장이실측보긴했지만생각보다크롭해서제키정도되시는분한테는짧네싶을수있긴합니다근데이게구멍이숭숭이라아무래도속에이너를입거나레이어드해서입어야할듯합니다단품만입으면시원하고좋을꺼같긴한데신경쓰여서잘못입을듯해요단품으로입기에촉감도부드러우니괜찮긴합니다신축성도괜찮습니다내구성이나세탁후줄어드는건차차알아봐얄듯합니다,0,0,0,1,0,False,266,209,265,True
﻿6322874,85940761,style,eddie00,시어서커 소재라 여름에도 바람막이 정도로 입기 좋은거 같아요,5.0,False,L,187.0,95.0,남성,2026-06-30 22:18:18,사이즈: 많이 큼 / 화면 대비 색감: 매우 밝음 / 퀄리티: 매우 좋음 / 구김: 매우 많음,True,0,filluminate,상의,L,,2026,6,30,화,5,응답,많이 큼,매우 밝음,매우 좋음,매우 많음,,,,,5.0,,,,1.0,2.0,2.0,2.0,2.0,,,시어서커 소재라 여름에도 바람막이 정도로 입기 좋은거 같아요,시어서커소재라여름에도바람막이정도로입기좋은거같아요,0,0,0,0,0,False,33,26,33,True
6322874,85940748,general,eddie00,시어서커 소재라 여름에도 바람막이 정도로 입기 좋은거 같아요,5.0,False,L,187.0,95.0,남성,2026-06-30 22:17:55,사이즈: 많이 큼 / 화면 대비 색감: 매우 밝음 / 퀄리티: 매우 좋음 / 구김: 매우 많음,True,0,filluminate,상의,L,,2026,6,30,화,5,응답,많이 큼,매우 밝음,매우 좋음,매우 많음,,,,,5.0,,,,1.0,2.0,2.0,2.0,2.0,,,시어서커 소재라 여름에도 바람막이 정도로 입기 좋은거 같아요,시어서커소재라여름에도바람막이정도로입기좋은거같아요,0,0,0,0,0,False,33,26,33,True
﻿6140918,86034051,general,삽사바바라,나일론이라 주름은 어쩔수 업서용 바다 놀러갈때 입고 다니려구여 굿~!,5.0,False,L,175.0,80.0,여성,2026-07-04 12:12:15,사이즈: 많이 큼 / 화면 대비 색감: 화면과 비슷 / 퀄리티: 보통 / 구김: 약간 있음,False,0,filluminate,상의,L,,2026,7,4,토,5,응답,많이 큼,화면과 비슷,보통,약간 있음,,,,,3.0,,,,3.0,2.0,2.0,0.0,0.0,,,나일론이라 주름은 어쩔수 업서용 바다 놀러갈때 입고 다니려구여 굿~!,나일론이라주름은어쩔수업서용바다놀러갈때입고다니려구여굿,0,0,1,0,0,False,38,28,38,True
﻿6708096,86010836,general,눈누논노,핏이 특히 아주 마음에 듭니다.   소재도 부들부들해서 한여름에도 입기 좋을듯해여,5.0,False,MELANGE GREY · L,183.0,76.0,남성,2026-07-03 12:42:27,사이즈: 정사이즈 / 화면 대비 색감: 화면과 비슷 / 두께감: 적당함 / 신축성: 적당함,False,0,filluminate,상의,L,MELANGE GREY,2026,7,3,금,5,응답,정사이즈,화면과 비슷,,,,적당함,적당함,,,,3.0,3.0,,0.0,0.0,0.0,0.0,,,핏이 특히 아주 마음에 듭니다. 소재도 부들부들해서 한여름에도 입기 좋을듯해여,핏이특히아주마음에듭니다소재도부들부들해서한여름에도입기좋을듯해여,0,0,0,0,0,True,45,33,43,True
6708096,85997621,general,갬성똥,생각보다 크롭느낌은 덜하고 팔통이 애매해요... 롤업하려면 소매넓이라 넓어야 넉넉하니 이쁜데 뭔가 끼는느낌...그냥 제팔이 마동석인걸로...옷은 이쁩니다!!,4.0,False,CHARCOAL · L,169.0,80.0,여성,2026-07-02 21:42:35,사이즈: 정사이즈 / 화면 대비 색감: 화면과 비슷 / 두께감: 적당함 / 신축성: 적당함,False,0,filluminate,상의,L,CHARCOAL,2026,7,2,목,4,응답,정사이즈,화면과 비슷,,,,적당함,적당함,,,,3.0,3.0,,0.0,0.0,0.0,0.0,,,생각보다 크롭느낌은 덜하고 팔통이 애매해요... 롤업하려면 소매넓이라 넓어야 넉넉하니 이쁜데 뭔가 끼는느낌...그냥 제팔이 마동석인걸로...옷은 이쁩니다!!,생각보다크롭느낌은덜하고팔통이애매해요롤업하려면소매넓이라넓어야넉넉하니이쁜데뭔가끼는느낌그냥제팔이마동석인걸로옷은이쁩니다,0,0,2,0,0,True,87,62,87,True
6708096,85990362,general,주난코,"요즘 유행하는 티셔츠 레이어드룩 입어 보고 싶은데 티셔츠 두 장 입기는 더위를 많이 타는 체질이라 이래저래 알아보던 중 구매했는데, 완전 야르함 티셔츠 한 장 입은 건데 나름 신경 쓴 느낌 나서 좋았음 다른 컬러도 살거임",5.0,False,MELANGE GREY · M,179.0,68.0,missing,2026-07-02 17:09:44,사이즈: 정사이즈 / 화면 대비 색감: 화면과 비슷 / 두께감: 적당함 / 신축성: 적당함,False,0,filluminate,상의,M,MELANGE GREY,2026,7,2,목,5,응답,정사이즈,화면과 비슷,,,,적당함,적당함,,,,3.0,3.0,,0.0,0.0,0.0,0.0,,,"요즘 유행하는 티셔츠 레이어드룩 입어 보고 싶은데 티셔츠 두 장 입기는 더위를 많이 타는 체질이라 이래저래 알아보던 중 구매했는데, 완전 야르함 티셔츠 한 장 입은 건데 나름 신경 쓴 느낌 나서 좋았음 다른 컬러도 살거임",요즘유행하는티셔츠레이어드룩입어보고싶은데티셔츠두장입기는더위를많이타는체질이라이래저래알아보던중구매했는데완전야르함티셔츠한장입은건데나름신경쓴느낌나서좋았음다른컬러도살거임,0,0,0,0,0,False,123,88,123,True
6708096,85990331,style,주난코,"요즘 유행하는 티셔츠 레이어드룩 입어 보고 싶은데 티셔츠 두 장 입기는 더위를 많이 타는 체질이라 이래저래 알아보던 중 구매했는데, 완전 야르함 티셔츠 한 장 입은 건데 나름 신경 쓴 느낌 나서 좋았음 다른 컬러도 살거임",5.0,False,MELANGE GREY · M,179.0,68.0,missing,2026-07-02 17:08:23,사이즈: 정사이즈 / 화면 대비 색감: 화면과 비슷 / 두께감: 적당함 / 신축성: 적당함,True,0,filluminate,상의,M,MELANGE GREY,2026,7,2,목,5,응답,정사이즈,화면과 비슷,,,,적당함,적당함,,,,3.0,3.0,,0.0,0.0,0.0,0.0,,,"요즘 유행하는 티셔츠 레이어드룩 입어 보고 싶은데 티셔츠 두 장 입기는 더위를 많이 타는 체질이라 이래저래 알아보던 중 구매했는데, 완전 야르함 티셔츠 한 장 입은 건데 나름 신경 쓴 느낌 나서 좋았음 다른 컬러도 살거임",요즘유행하는티셔츠레이어드룩입어보고싶은데티셔츠두장입기는더위를많이타는체질이라이래저래알아보던중구매했는데완전야르함티셔츠한장입은건데나름신경쓴느낌나서좋았음다른컬러도살거임,0,0,0,0,0,False,123,88,123,True
6708096,85989241,general,선한헝가리와이드,소매를 접었을 때 레이어드 디테일이 포인트네요 하나만 입어도 밋밋하지 않고 핏도 여유 있어서 편하게 입기 좋네요.,5.0,False,CHARCOAL · M,175.0,70.0,남성,2026-07-02 16:22:43,사이즈: 정사이즈 / 화면 대비 색감: 화면과 비슷 / 두께감: 적당함 / 신축성: 적당함,False,0,filluminate,상의,M,CHARCOAL,2026,7,2,목,5,응답,정사이즈,화면과 비슷,,,,적당함,적당함,,,,3.0,3.0,,0.0,0.0,0.0,0.0,,,소매를 접었을 때 레이어드 디테일이 포인트네요 하나만 입어도 밋밋하지 않고 핏도 여유 있어서 편하게 입기 좋네요.,소매를접었을때레이어드디테일이포인트네요하나만입어도밋밋하지않고핏도여유있어서편하게입기좋네요,0,0,0,0,0,False,63,47,63,True
6708096,85989015,style,선한헝가리와이드,소매를 접었을 때 레이어드 디테일이 포인트네요 하나만 입어도 밋밋하지 않고 핏도 여유 있어서 편하게 입기 좋네요.,5.0,False,CHARCOAL · M,175.0,70.0,남성,2026-07-02 16:12:37,사이즈: 정사이즈 / 화면 대비 색감: 화면과 비슷 / 두께감: 적당함 / 신축성: 적당함,True,0,filluminate,상의,M,CHARCOAL,2026,7,2,목,5,응답,정사이즈,화면과 비슷,,,,적당함,적당함,,,,3.0,3.0,,0.0,0.0,0.0,0.0,,,소매를 접었을 때 레이어드 디테일이 포인트네요 하나만 입어도 밋밋하지 않고 핏도 여유 있어서 편하게 입기 좋네요.,소매를접었을때레이어드디테일이포인트네요하나만입어도밋밋하지않고핏도여유있어서편하게입기좋네요,0,0,0,0,0,False,63,47,63,True
﻿6140812,86052107,general,내마음대로살거야,적힌 사이즈보다 조금 더 널널한 편인 것 같아요. 허리에 셔링이 제 취향은 아니었는데 생각보다 티는 많이 안나는 것 같기도 해요.  다른 건 다 완벽한 정핏,5.0,False,S,163.0,52.0,여성,2026-07-05 01:47:56,사이즈: 정사이즈 / 화면 대비 색감: 화면과 비슷 / 두께감: 적당함 / 신축성: 거의 없음,True,0,filluminate,상의,S,,2026,7,5,일,5,응답,정사이즈,화면과 비슷,,,,거의 없음,적당함,,,,2.0,3.0,,0.0,0.0,0.0,0.0,,,적힌 사이즈보다 조금 더 널널한 편인 것 같아요. 허리에 셔링이 제 취향은 아니었는데 생각보다 티는 많이 안나는 것 같기도 해요. 다른 건 다 완벽한 정핏,적힌사이즈보다조금더널널한편인것같아요허리에셔링이제취향은아니었는데생각보다티는많이안나는것같기도해요다른건다완벽한정핏,0,0,0,0,0,False,87,60,86,True
﻿6323371,85972231,general,루끠,부들한 재질이라 착용감 좋구 핏 예뻐요. 근데 구김 엄청 잘 생겨요. 얇아서 좋은데 생각보다 더 많이 얇은듯. 찌찌 다 보임 주의.,3.0,False,M,175.0,67.0,남성,2026-07-01 22:40:30,사이즈: 정사이즈 / 화면 대비 색감: 화면과 비슷 / 퀄리티: 보통 / 구김: 많음,True,0,filluminate,상의,M,,2026,7,1,수,3,응답,정사이즈,화면과 비슷,보통,많음,,,,,3.0,,,,2.0,0.0,0.0,0.0,0.0,,,부들한 재질이라 착용감 좋구 핏 예뻐요. 근데 구김 엄청 잘 생겨요. 얇아서 좋은데 생각보다 더 많이 얇은듯. 찌찌 다 보임 주의.,부들한재질이라착용감좋구핏예뻐요근데구김엄청잘생겨요얇아서좋은데생각보다더많이얇은듯찌찌다보임주의,0,0,0,0,0,False,73,49,73,True
﻿6322964,86048759,experience,지흐흐흫흐히,"무신사 체험단 첫 당첨이네요!! 옷이 어느때나 나누지 않고 편하게 입을 수 있는것 같아요!!!! 신축성도 좋고 니트재질인데 펀칭재질이라 여름에 통기성 좋게 입을 수 있더라구요!! 체험단 당첨 되어서 남자친구한테 선물해줬는데 남자친구도 수강생들 볼때 편하고 신경쓴 것 처럼 꾸안꾸로 입을 수 있다고 엄청 만족했습니다!  색감도 애매모호한 느낌이 아니라 딱 블랙이다 이런 느낌이라서 어느 옷이나 매칭하기도 편해요. 안에 흰색 이너를 입으면 대비되어 좀 더 밝은 느낌, 까만옷을 입으면 차분하게도 입을 수 있어서 좋았습니다 ㅎㅎ",5.0,True,L,170.0,87.0,남성,2026-07-04 23:01:42,사이즈: 정사이즈 / 색감: 화면과 비슷 / 신축성: 강함 / 퀄리티: 매우 좋음,True,0,filluminate,상의,L,,2026,7,4,토,5,응답,정사이즈,,매우 좋음,,화면과 비슷,강함,,,5.0,,4.0,,,0.0,0.0,,,0.0,0.0,"무신사 체험단 첫 당첨이네요!! 옷이 어느때나 나누지 않고 편하게 입을 수 있는것 같아요!!! 신축성도 좋고 니트재질인데 펀칭재질이라 여름에 통기성 좋게 입을 수 있더라구요!! 체험단 당첨 되어서 남자친구한테 선물해줬는데 남자친구도 수강생들 볼때 편하고 신경쓴 것 처럼 꾸안꾸로 입을 수 있다고 엄청 만족했습니다! 색감도 애매모호한 느낌이 아니라 딱 블랙이다 이런 느낌이라서 어느 옷이나 매칭하기도 편해요. 안에 흰색 이너를 입으면 대비되어 좀 더 밝은 느낌, 까만옷을 입으면 차분하게도 입을 수 있어서 좋았습니다 ㅎㅎ",무신사체험단첫당첨이네요옷이어느때나나누지않고편하게입을수있는것같아요신축성도좋고니트재질인데펀칭재질이라여름에통기성좋게입을수있더라구요체험단당첨되어서남자친구한테선물해줬는데남자친구도수강생들볼때편하고신경쓴것처럼꾸안꾸로입을수있다고엄청만족했습니다색감도애매모호한느낌이아니라딱블랙이다이런느낌이라서어느옷이나매칭하기도편해요안에흰색이너를입으면대비되어좀더밝은느낌까만옷을입으면차분하게도입을수있어서좋았습니다,2,0,9,0,0,True,292,209,290,True
6322964,86043866,experience,능숙한벨기에퍼프,나시지만 생각보다 무겁지 않아서 좋았어요. 엉덩이 덮히는 길이감에 니트라 무게감 있게 덮어주니  체형이 커버되는 장점이 있습니다.  안에 나시는 입고. 입어야 할듯해요.  촘촘하지. 않아서. 나시 입어도 더운건. 없었구요. 검은색니트라 코디해서 입기 좋습니다. 처음 받았을때 옷이 마감이 덜된듯한 튀어나온 부분이 있어서 제가 잘 랐는데. 니트라 그런건지. 표시가 나지않아서 그냥 입었습니다. 일주일에 3회 이상 입고  나갈정도로 매우 잘입고 있어요 부모님은 아이보리도 이쁠거 같다고 하셔서 선물로 사드릴까 합니다.,5.0,True,M,178.0,64.0,남성,2026-07-04 19:19:19,사이즈: 정사이즈 / 색감: 화면과 비슷 / 신축성: 거의 없음 / 퀄리티: 보통,True,0,filluminate,상의,M,,2026,7,4,토,5,응답,정사이즈,,보통,,화면과 비슷,거의 없음,,,3.0,,2.0,,,0.0,0.0,,,0.0,0.0,나시지만 생각보다 무겁지 않아서 좋았어요. 엉덩이 덮히는 길이감에 니트라 무게감 있게 덮어주니 체형이 커버되는 장점이 있습니다. 안에 나시는 입고. 입어야 할듯해요. 촘촘하지. 않아서. 나시 입어도 더운건. 없었구요. 검은색니트라 코디해서 입기 좋습니다. 처음 받았을때 옷이 마감이 덜된듯한 튀어나온 부분이 있어서 제가 잘 랐는데. 니트라 그런건지. 표시가 나지않아서 그냥 입었습니다. 일주일에 3회 이상 입고 나갈정도로 매우 잘입고 있어요 부모님은 아이보리도 이쁠거 같다고 하셔서 선물로 사드릴까 합니다.,나시지만생각보다무겁지않아서좋았어요엉덩이덮히는길이감에니트라무게감있게덮어주니체형이커버되는장점이있습니다안에나시는입고입어야할듯해요촘촘하지않아서나시입어도더운건없었구요검은색니트라코디해서입기좋습니다처음받았을때옷이마감이덜된듯한튀어나온부분이있어서제가잘랐는데니트라그런건지표시가나지않아서그냥입었습니다일주일에3회이상입고나갈정도로매우잘입고있어요부모님은아이보리도이쁠거같다고하셔서선물로사드릴까합니다,0,0,0,0,0,False,287,206,283,True
﻿6140794,85946321,general,그만먹어이제,"비슷한 제품을 가지고있는데 소재는 이 제품이 좀 더 더운 것 같은데, 품과 기장이 적당해서 비오는 날 입기 괜찮을 듯 합니다.",4.0,False,F,172.0,58.0,여성,2026-07-01 01:44:25,사이즈: 조금 큼 / 화면 대비 색감: 밝음 / 퀄리티: 좋음 / 구김: 거의 없음,True,0,filluminate,상의,F,,2026,7,1,수,4,응답,조금 큼,밝음,좋음,거의 없음,,,,,4.0,,,,4.0,1.0,1.0,1.0,1.0,,,"비슷한 제품을 가지고있는데 소재는 이 제품이 좀 더 더운 것 같은데, 품과 기장이 적당해서 비오는 날 입기 괜찮을 듯 합니다.",비슷한제품을가지고있는데소재는이제품이좀더더운것같은데품과기장이적당해서비오는날입기괜찮을듯합니다,0,0,0,0,0,False,70,49,70,True
﻿6708161,85989801,general,핀이피니,컬러감이랑 핏이 이쁜 것 같아서 바로 구매했는데 너무 만족해요 !! 한여름에도 입을 수 있을 것 같아서 다른컬러도 구매하려구요 !!,5.0,False,WINE · S,167.0,49.0,여성,2026-07-02 16:49:01,사이즈: 정사이즈 / 화면 대비 색감: 화면과 비슷 / 두께감: 적당함 / 신축성: 적당함,True,0,filluminate,상의,S,WINE,2026,7,2,목,5,응답,정사이즈,화면과 비슷,,,,적당함,적당함,,,,3.0,3.0,,0.0,0.0,0.0,0.0,,,컬러감이랑 핏이 이쁜 것 같아서 바로 구매했는데 너무 만족해요 !! 한여름에도 입을 수 있을 것 같아서 다른컬러도 구매하려구요 !!,컬러감이랑핏이이쁜것같아서바로구매했는데너무만족해요한여름에도입을수있을것같아서다른컬러도구매하려구요,0,0,4,0,0,False,73,51,73,True
6708161,85989195,general,꽁협쓰,스트라이프 배색 찾고있었는데 깔끔하게 잘 나왔네요 핏감과 기장이 딱 찾던 적당한 느낌,5.0,False,BLACK · L,183.0,75.0,남성,2026-07-02 16:20:33,사이즈: 정사이즈 / 화면 대비 색감: 화면과 비슷 / 두께감: 적당함 / 신축성: 강함,False,0,filluminate,상의,L,BLACK,2026,7,2,목,5,응답,정사이즈,화면과 비슷,,,,강함,적당함,,,,4.0,3.0,,0.0,0.0,0.0,0.0,,,스트라이프 배색 찾고있었는데 깔끔하게 잘 나왔네요 핏감과 기장이 딱 찾던 적당한 느낌,스트라이프배색찾고있었는데깔끔하게잘나왔네요핏감과기장이딱찾던적당한느낌,0,0,0,0,0,False,47,36,47,True
6708161,85989164,style,꽁협쓰,스트라이프 배색 찾고있었는데 깔끔하게 잘 나왔네요 핏감과 기장이 딱 찾던 적당한 느낌,5.0,False,BLACK · L,183.0,75.0,남성,2026-07-02 16:19:30,사이즈: 정사이즈 / 화면 대비 색감: 화면과 비슷 / 두께감: 적당함 / 신축성: 강함,True,0,filluminate,상의,L,BLACK,2026,7,2,목,5,응답,정사이즈,화면과 비슷,,,,강함,적당함,,,,4.0,3.0,,0.0,0.0,0.0,0.0,,,스트라이프 배색 찾고있었는데 깔끔하게 잘 나왔네요 핏감과 기장이 딱 찾던 적당한 느낌,스트라이프배색찾고있었는데깔끔하게잘나왔네요핏감과기장이딱찾던적당한느낌,0,0,0,0,0,False,47,36,47,True
﻿6351455,85978098,general,처리처리8,배송빠르고 옷도 마음에 들어서 만족 사이즈도 정사이즈고 퀄리티 좋아요,5.0,False,M,187.0,75.0,남성,2026-07-02 07:02:13,사이즈: 정사이즈 / 화면 대비 색감: 화면과 비슷 / 두께감: 적당함 / 신축성: 적당함,False,0,filluminate,상의,M,,2026,7,2,목,5,응답,정사이즈,화면과 비슷,,,,적당함,적당함,,,,3.0,3.0,,0.0,0.0,0.0,0.0,,,배송빠르고 옷도 마음에 들어서 만족 사이즈도 정사이즈고 퀄리티 좋아요,배송빠르고옷도마음에들어서만족사이즈도정사이즈고퀄리티좋아요,0,0,0,0,0,False,38,30,38,True
﻿6351525,86054666,general,sumtang,소재좋고 스타일좋고 색상도예쁘고 시원해요. 잘샀네요,5.0,False,L,174.0,65.0,남성,2026-07-05 09:40:25,사이즈: 많이 큼 / 화면 대비 색감: 매우 어두움 / 두께감: 얇음 / 신축성: 적당함,False,0,filluminate,상의,L,,2026,7,5,일,5,응답,많이 큼,매우 어두움,,,,적당함,얇음,,,,3.0,2.0,,2.0,2.0,-2.0,2.0,,,소재좋고 스타일좋고 색상도예쁘고 시원해요. 잘샀네요,소재좋고스타일좋고색상도예쁘고시원해요잘샀네요,0,0,0,0,0,False,28,23,28,True
﻿2712417,86030623,general,알찬소비생활,에어컨 바람 밑에서 일해서 여름철에 추워가지고 편하게 입을 싼 후드티로 사서 무난히 잘 입고 있습니당,5.0,False,M,161.0,44.0,여성,2026-07-04 08:18:24,사이즈: 많이 큼 / 화면 대비 색감: 화면과 비슷 / 두께감: 적당함 / 퀄리티: 보통,True,0,filluminate,아우터,M,,2026,7,4,토,5,응답,많이 큼,화면과 비슷,보통,,,,적당함,,3.0,,,3.0,,2.0,2.0,0.0,0.0,,,에어컨 바람 밑에서 일해서 여름철에 추워가지고 편하게 입을 싼 후드티로 사서 무난히 잘 입고 있습니당,에어컨바람밑에서일해서여름철에추워가지고편하게입을싼후드티로사서무난히잘입고있습니당,0,0,0,0,0,False,56,42,56,True
2712417,85801844,general,상디,M이랑 S랑 고민했는데 S가 적당하니 좋아요!! 손목은 좀 긴데 딱 적당하고 몸통도 적당쓰 합니다,4.0,False,S,163.0,58.0,여성,2026-06-26 19:09:15,사이즈: 정사이즈 / 화면 대비 색감: 화면과 비슷 / 두께감: 적당함 / 퀄리티: 보통,True,0,filluminate,아우터,S,,2026,6,26,금,4,응답,정사이즈,화면과 비슷,보통,,,,적당함,,3.0,,,3.0,,0.0,0.0,0.0,0.0,,,M이랑 S랑 고민했는데 S가 적당하니 좋아요!! 손목은 좀 긴데 딱 적당하고 몸통도 적당쓰 합니다,m이랑s랑고민했는데s가적당하니좋아요손목은좀긴데딱적당하고몸통도적당쓰합니다,0,0,2,0,0,False,54,36,54,True
﻿3455892,86065049,general,쌔2the미,디자인 예뻐요~ 사이즈도 잘 맞고요~ 많이 착용할 것 같애요~~,5.0,False,M,178.0,65.0,남성,2026-07-05 17:39:24,사이즈: 정사이즈 / 화면 대비 색감: 화면과 비슷 / 퀄리티: 매우 좋음 / 두께감: 적당함,True,0,filluminate,아우터,M,,2026,7,5,일,5,응답,정사이즈,화면과 비슷,매우 좋음,,,,적당함,,5.0,,,3.0,,0.0,0.0,0.0,0.0,,,디자인 예뻐요~ 사이즈도 잘 맞고요~ 많이 착용할 것 같애요~~,디자인예뻐요사이즈도잘맞고요많이착용할것같애요,0,0,0,0,0,False,35,23,35,True
3455892,86065046,general,쌔2the미,디자인 예뻐요~ 사이즈도 잘 맞고요~ 많이 착용할 것 같애요~~,5.0,False,M,178.0,65.0,남성,2026-07-05 17:39:11,사이즈: 정사이즈 / 화면 대비 색감: 화면과 비슷 / 퀄리티: 보통 / 두께감: 적당함,True,0,filluminate,아우터,M,,2026,7,5,일,5,응답,정사이즈,화면과 비슷,보통,,,,적당함,,3.0,,,3.0,,0.0,0.0,0.0,0.0,,,디자인 예뻐요~ 사이즈도 잘 맞고요~ 많이 착용할 것 같애요~~,디자인예뻐요사이즈도잘맞고요많이착용할것같애요,0,0,0,0,0,False,35,23,35,True
3455892,86019971,general,김부싯돌,스트릿하고 캐주얼한 느낌이 너무 좋았어고 꾸안꾸 스타일이에요,5.0,False,S,170.0,63.0,남성,2026-07-03 19:03:38,사이즈: 정사이즈 / 화면 대비 색감: 화면과 비슷 / 퀄리티: 보통 / 두께감: 적당함,True,0,filluminate,아우터,S,,2026,7,3,금,5,응답,정사이즈,화면과 비슷,보통,,,,적당함,,3.0,,,3.0,,0.0,0.0,0.0,0.0,,,스트릿하고 캐주얼한 느낌이 너무 좋았어고 꾸안꾸 스타일이에요,스트릿하고캐주얼한느낌이너무좋았어고꾸안꾸스타일이에요,0,0,0,0,0,False,33,27,33,True
3455892,86006011,general,알라후앜크바르,가성비로 바람막이가 필요해서 구매했는데  너무 예쁘고 좋습니다,5.0,False,L,173.0,92.0,남성,2026-07-03 08:31:17,사이즈: 정사이즈 / 화면 대비 색감: 화면과 비슷 / 퀄리티: 보통 / 두께감: 적당함,False,0,filluminate,아우터,L,,2026,7,3,금,5,응답,정사이즈,화면과 비슷,보통,,,,적당함,,3.0,,,3.0,,0.0,0.0,0.0,0.0,,,가성비로 바람막이가 필요해서 구매했는데 너무 예쁘고 좋습니다,가성비로바람막이가필요해서구매했는데너무예쁘고좋습니다,0,0,0,0,0,False,34,27,33,True
3455892,85950205,general,enwjsha,사이즈가 생각보다 약간 큰 느낌..  대신 예쁘고 좋습니다,5.0,False,L,177.0,74.0,남성,2026-07-01 09:36:07,사이즈: 조금 작음 / 화면 대비 색감: 매우 밝음 / 퀄리티: 매우 나쁨 / 두께감: 얇음,False,0,filluminate,아우터,L,,2026,7,1,수,5,응답,조금 작음,매우 밝음,매우 나쁨,,,,얇음,,1.0,,,2.0,,-1.0,1.0,2.0,2.0,,,사이즈가 생각보다 약간 큰 느낌.. 대신 예쁘고 좋습니다,사이즈가생각보다약간큰느낌대신예쁘고좋습니다,0,0,0,0,0,False,32,22,31,True
3455892,85925181,general,두왕자맘,아이가 골랐는데 화면으로 봤을때 보다 입었을때가 포인트도 있고 이뻐요.,5.0,False,L,176.0,58.0,남성,2026-06-30 13:45:31,사이즈: 정사이즈 / 화면 대비 색감: 화면과 비슷 / 퀄리티: 보통 / 두께감: 적당함,True,0,filluminate,아우터,L,,2026,6,30,화,5,응답,정사이즈,화면과 비슷,보통,,,,적당함,,3.0,,,3.0,,0.0,0.0,0.0,0.0,,,아이가 골랐는데 화면으로 봤을때 보다 입었을때가 포인트도 있고 이뻐요.,아이가골랐는데화면으로봤을때보다입었을때가포인트도있고이뻐요,0,0,0,0,0,False,39,30,39,True
3455892,85858907,general,괜찮은남색파스텔,대학생 아들이 입으려고 구매했어요. 봄. 초가을에도 입기 좋을 것 같아요. 다자인도 예쁘고 두께감도 좋네요,5.0,False,L,177.0,63.0,남성,2026-06-28 09:38:53,사이즈: 정사이즈 / 화면 대비 색감: 화면과 비슷 / 퀄리티: 보통 / 두께감: 적당함,True,0,filluminate,아우터,L,,2026,6,28,일,5,응답,정사이즈,화면과 비슷,보통,,,,적당함,,3.0,,,3.0,,0.0,0.0,0.0,0.0,,,대학생 아들이 입으려고 구매했어요. 봄. 초가을에도 입기 좋을 것 같아요. 다자인도 예쁘고 두께감도 좋네요,대학생아들이입으려고구매했어요봄초가을에도입기좋을것같아요다자인도예쁘고두께감도좋네요,0,0,0,0,0,False,59,43,59,True
3455892,85843702,general,오렌지오렌지오렌지오렌지오렌지,봄여름가을까지 입기에 적당한 두께입니다!! 하지만 원웨이지퍼 투웨이지퍼 랜덤발송이였다는 점... 투웨이가 꼭 필요하시다면 참고하시길🙏 그 외 옷의 퀄리티와 관련된 문제는 하나도 없이 너무 만족스러운 옷입니다🙂🙂,5.0,False,L,182.0,62.0,남성,2026-06-27 19:34:04,사이즈: 조금 큼 / 화면 대비 색감: 화면과 비슷 / 퀄리티: 좋음 / 두께감: 얇음,False,0,filluminate,아우터,L,,2026,6,27,토,5,응답,조금 큼,화면과 비슷,좋음,,,,얇음,,4.0,,,2.0,,1.0,1.0,0.0,0.0,,,봄여름가을까지 입기에 적당한 두께입니다!! 하지만 원웨이지퍼 투웨이지퍼 랜덤발송이였다는 점... 투웨이가 꼭 필요하시다면 참고하시길 그 외 옷의 퀄리티와 관련된 문제는 하나도 없이 너무 만족스러운 옷입니다,봄여름가을까지입기에적당한두께입니다하지만원웨이지퍼투웨이지퍼랜덤발송이였다는점투웨이가꼭필요하시다면참고하시길그외옷의퀄리티와관련된문제는하나도없이너무만족스러운옷입니다,0,0,2,0,3,True,117,86,114,True
3455892,85689359,style,야구하는 은씨,오버핏 느낌이 나서 좋습니다. 그리고 생각보다 사이즈커요. 한 치수 업 추천드립니다. 한여름에는 조금 더울 수 있어요.,5.0,False,M,176.0,73.0,남성,2026-06-27 14:59:28,사이즈: 조금 큼 / 화면 대비 색감: 어두움 / 퀄리티: 좋음 / 두께감: 적당함,True,0,filluminate,아우터,M,,2026,6,27,토,5,응답,조금 큼,어두움,좋음,,,,적당함,,4.0,,,3.0,,1.0,1.0,-1.0,1.0,,,오버핏 느낌이 나서 좋습니다. 그리고 생각보다 사이즈커요. 한 치수 업 추천드립니다. 한여름에는 조금 더울 수 있어요.,오버핏느낌이나서좋습니다그리고생각보다사이즈커요한치수업추천드립니다한여름에는조금더울수있어요,0,0,0,0,0,False,66,47,66,True
3455892,85823766,style,검소한전주오버올,디자인땜에 눈길가서 구입했는데 너무 예쁘고 손이 진짜 자주가서 거의 매일 입을듯요,5.0,False,XL,184.0,94.0,남성,2026-06-27 10:20:53,사이즈: 정사이즈 / 화면 대비 색감: 화면과 비슷 / 퀄리티: 보통 / 두께감: 적당함,True,0,filluminate,아우터,XL,,2026,6,27,토,5,응답,정사이즈,화면과 비슷,보통,,,,적당함,,3.0,,,3.0,,0.0,0.0,0.0,0.0,,,디자인땜에 눈길가서 구입했는데 너무 예쁘고 손이 진짜 자주가서 거의 매일 입을듯요,디자인땜에눈길가서구입했는데너무예쁘고손이진짜자주가서거의매일입을듯요,0,0,0,0,0,False,45,35,45,True
3455892,85814759,general,안양사람임,핏도 예쁘고 옷 디자인 자체도 예뻐서 너무 만족합니다,5.0,False,M,176.0,68.0,남성,2026-06-26 23:55:52,사이즈: 정사이즈 / 화면 대비 색감: 화면과 비슷 / 퀄리티: 보통 / 두께감: 적당함,False,1,filluminate,아우터,M,,2026,6,26,금,5,응답,정사이즈,화면과 비슷,보통,,,,적당함,,3.0,,,3.0,,0.0,0.0,0.0,0.0,,,핏도 예쁘고 옷 디자인 자체도 예뻐서 너무 만족합니다,핏도예쁘고옷디자인자체도예뻐서너무만족합니다,0,0,0,0,0,False,29,22,29,True
3455892,85777414,general,안하면안됨,많이 클줄알았는데 적당해서 너무 좋아요. 색상은 사진하고 비슷하고 생각보다 두껍지않아요 얇은 편,5.0,False,L,172.0,74.0,남성,2026-06-26 09:38:07,사이즈: 조금 큼 / 화면 대비 색감: 화면과 비슷 / 퀄리티: 좋음 / 두께감: 얇음,False,0,filluminate,아우터,L,,2026,6,26,금,5,응답,조금 큼,화면과 비슷,좋음,,,,얇음,,4.0,,,2.0,,1.0,1.0,0.0,0.0,,,많이 클줄알았는데 적당해서 너무 좋아요. 색상은 사진하고 비슷하고 생각보다 두껍지않아요 얇은 편,많이클줄알았는데적당해서너무좋아요색상은사진하고비슷하고생각보다두껍지않아요얇은편,0,0,0,0,0,False,53,41,53,True
3455892,85765142,general,Thaon,오버핏 바람막이로 핏이 예쁘고 블랙/그레이 배색이 깔끔합니다. 가볍고 편하게 착용 가능하며 데일리룩으로 추천합니다,5.0,False,L,157.0,60.0,missing,2026-06-25 22:50:32,사이즈: 조금 작음 / 화면 대비 색감: 밝음 / 퀄리티: 나쁨 / 두께감: 얇음,True,0,filluminate,아우터,L,,2026,6,25,목,5,응답,조금 작음,밝음,나쁨,,,,얇음,,2.0,,,2.0,,-1.0,1.0,1.0,1.0,,,오버핏 바람막이로 핏이 예쁘고 블랙/그레이 배색이 깔끔합니다. 가볍고 편하게 착용 가능하며 데일리룩으로 추천합니다,오버핏바람막이로핏이예쁘고블랙그레이배색이깔끔합니다가볍고편하게착용가능하며데일리룩으로추천합니다,0,0,0,0,0,False,63,49,63,True
3455892,85752680,general,나란남자장민둘,조금 큰 편이지만 그래도 너무 예쁜 바람막이입니다,5.0,False,M,174.0,63.0,남성,2026-06-25 19:31:18,사이즈: 조금 큼 / 화면 대비 색감: 화면과 비슷 / 퀄리티: 매우 좋음 / 두께감: 얇음,False,0,filluminate,아우터,M,,2026,6,25,목,5,응답,조금 큼,화면과 비슷,매우 좋음,,,,얇음,,5.0,,,2.0,,1.0,1.0,0.0,0.0,,,조금 큰 편이지만 그래도 너무 예쁜 바람막이입니다,조금큰편이지만그래도너무예쁜바람막이입니다,0,0,0,0,0,False,27,21,27,True
3455892,85740899,general,93도비,배송도 빠르고 상품도 너무 맘에들어요 잘 구매한거같아요!!,5.0,False,M,175.0,75.0,남성,2026-06-25 15:15:17,사이즈: 조금 큼 / 화면 대비 색감: 화면과 비슷 / 퀄리티: 좋음 / 두께감: 적당함,False,0,filluminate,아우터,M,,2026,6,25,목,5,응답,조금 큼,화면과 비슷,좋음,,,,적당함,,4.0,,,3.0,,1.0,1.0,0.0,0.0,,,배송도 빠르고 상품도 너무 맘에들어요 잘 구매한거같아요!!,배송도빠르고상품도너무맘에들어요잘구매한거같아요,0,0,2,0,0,False,32,24,32,True
3455892,85714087,general,게으른세종쇼핑백,에어컨바람막이용이나 아침이나 밤에 서늘할때 입기 좋아요,5.0,False,M,170.0,59.0,남성,2026-06-24 23:02:57,사이즈: 정사이즈 / 화면 대비 색감: 화면과 비슷 / 퀄리티: 좋음 / 두께감: 얇음,False,0,filluminate,아우터,M,,2026,6,24,수,5,응답,정사이즈,화면과 비슷,좋음,,,,얇음,,4.0,,,2.0,,0.0,0.0,0.0,0.0,,,에어컨바람막이용이나 아침이나 밤에 서늘할때 입기 좋아요,에어컨바람막이용이나아침이나밤에서늘할때입기좋아요,0,0,0,0,0,False,30,25,30,True
3455892,85713536,general,신조오사사게오,색도 사진과 비슷해서 두께감이 얇아서 여름철에 입기 좋겠어요.,5.0,False,S,159.0,59.0,여성,2026-06-24 22:57:01,사이즈: 조금 큼 / 화면 대비 색감: 화면과 비슷 / 퀄리티: 매우 좋음 / 두께감: 얇음,True,0,filluminate,아우터,S,,2026,6,24,수,5,응답,조금 큼,화면과 비슷,매우 좋음,,,,얇음,,5.0,,,2.0,,1.0,1.0,0.0,0.0,,,색도 사진과 비슷해서 두께감이 얇아서 여름철에 입기 좋겠어요.,색도사진과비슷해서두께감이얇아서여름철에입기좋겠어요,0,0,0,0,0,False,34,26,34,True
3455892,85411200,style,청량한핀란드벨벳,진짜 기대안하고 구매했는데 핏부터 두께감 여러 등등 너무 맘에 드는 바람막이였습니다.,5.0,False,S,172.0,67.0,남성,2026-06-24 18:36:31,사이즈: 정사이즈 / 화면 대비 색감: 화면과 비슷 / 퀄리티: 보통 / 두께감: 적당함,True,1,filluminate,아우터,S,,2026,6,24,수,5,응답,정사이즈,화면과 비슷,보통,,,,적당함,,3.0,,,3.0,,0.0,0.0,0.0,0.0,,,진짜 기대안하고 구매했는데 핏부터 두께감 여러 등등 너무 맘에 드는 바람막이였습니다.,진짜기대안하고구매했는데핏부터두께감여러등등너무맘에드는바람막이였습니다,0,0,0,0,0,False,47,36,47,True
3455892,85687676,general,모던한대만골지,"옷이 사진으로 봤던거와 완전 똑같이 생겼고 너무 이쁘네요. 167~8cm, 55kg인 제가 입었을때 s사이즈가 기장은 제 엉덩이에 절반까지 왔고, 팔길이도 딱 적당했습니다. 저와 비슷한 체형이신 분들은 s사이즈 추천드립니다.",5.0,False,S,167.0,55.0,남성,2026-06-24 16:50:04,사이즈: 정사이즈 / 화면 대비 색감: 화면과 비슷 / 퀄리티: 보통 / 두께감: 얇음,True,0,filluminate,아우터,S,,2026,6,24,수,5,응답,정사이즈,화면과 비슷,보통,,,,얇음,,3.0,,,2.0,,0.0,0.0,0.0,0.0,,,"옷이 사진으로 봤던거와 완전 똑같이 생겼고 너무 이쁘네요. 167~8cm, 55kg인 제가 입었을때 s사이즈가 기장은 제 엉덩이에 절반까지 왔고, 팔길이도 딱 적당했습니다. 저와 비슷한 체형이신 분들은 s사이즈 추천드립니다.",옷이사진으로봤던거와완전똑같이생겼고너무이쁘네요1678cm55kg인제가입었을때s사이즈가기장은제엉덩이에절반까지왔고팔길이도딱적당했습니다저와비슷한체형이신분들은s사이즈추천드립니다,0,0,0,0,0,False,125,81,125,True
3455892,85686115,general,놀라운홍대스포츠,얇아서 진짜 딱 바람막이로 좋아요 긴팔 입어도 안덥고 좋아요. 사이즈는 스몰인데도 조금 커서 미디움 샀으면 너무 컷을것 같아요. 근데 지금 이 사이즈 맘애 듦.,5.0,False,S,157.0,58.0,여성,2026-06-24 16:23:12,사이즈: 조금 큼 / 화면 대비 색감: 화면과 비슷 / 퀄리티: 보통 / 두께감: 얇음,True,0,filluminate,아우터,S,,2026,6,24,수,5,응답,조금 큼,화면과 비슷,보통,,,,얇음,,3.0,,,2.0,,1.0,1.0,0.0,0.0,,,얇아서 진짜 딱 바람막이로 좋아요 긴팔 입어도 안덥고 좋아요. 사이즈는 스몰인데도 조금 커서 미디움 샀으면 너무 컷을것 같아요. 근데 지금 이 사이즈 맘애 듦.,얇아서진짜딱바람막이로좋아요긴팔입어도안덥고좋아요사이즈는스몰인데도조금커서미디움샀으면너무컷을것같아요근데지금이사이즈맘애듦,0,0,0,0,0,False,89,63,89,True
3455892,85685939,style,놀라운홍대스포츠,얇아서 진짜 바람막이 같아서 좋았어요. 사이즈는 m/s 고민하다가 s했는데 진짜 다른 리뷰대로 여자는 웬만하면 s 해도 될 것 같아요.,5.0,False,S,157.0,58.0,여성,2026-06-24 16:20:27,사이즈: 조금 큼 / 화면 대비 색감: 화면과 비슷 / 퀄리티: 보통 / 두께감: 얇음,True,0,filluminate,아우터,S,,2026,6,24,수,5,응답,조금 큼,화면과 비슷,보통,,,,얇음,,3.0,,,2.0,,1.0,1.0,0.0,0.0,,,얇아서 진짜 바람막이 같아서 좋았어요. 사이즈는 m/s 고민하다가 s했는데 진짜 다른 리뷰대로 여자는 웬만하면 s 해도 될 것 같아요.,얇아서진짜바람막이같아서좋았어요사이즈는ms고민하다가s했는데진짜다른리뷰대로여자는웬만하면s해도될것같아요,0,0,0,0,0,False,75,50,75,True
3455892,85677402,general,무찌2,컬러가 사진과 거의 동일하고 품질도 정말 매우 좋습니다,5.0,False,S,173.0,68.0,남성,2026-06-24 13:42:15,사이즈: 정사이즈 / 화면 대비 색감: 화면과 비슷 / 퀄리티: 보통 / 두께감: 적당함,False,0,filluminate,아우터,S,,2026,6,24,수,5,응답,정사이즈,화면과 비슷,보통,,,,적당함,,3.0,,,3.0,,0.0,0.0,0.0,0.0,,,컬러가 사진과 거의 동일하고 품질도 정말 매우 좋습니다,컬러가사진과거의동일하고품질도정말매우좋습니다,0,0,0,0,0,False,30,23,30,True
3455892,85676187,general,그레이등산화,가볍게 바람막이로 입을수있어서 너무 좋았고 한개정도 가지고 있으면 좋을듯,5.0,False,L,165.0,85.0,남성,2026-06-24 13:19:39,사이즈: 정사이즈 / 화면 대비 색감: 화면과 비슷 / 퀄리티: 보통 / 두께감: 적당함,False,0,filluminate,아우터,L,,2026,6,24,수,5,응답,정사이즈,화면과 비슷,보통,,,,적당함,,3.0,,,3.0,,0.0,0.0,0.0,0.0,,,가볍게 바람막이로 입을수있어서 너무 좋았고 한개정도 가지고 있으면 좋을듯,가볍게바람막이로입을수있어서너무좋았고한개정도가지고있으면좋을듯,0,0,0,0,0,False,40,32,40,True
3455892,85667745,general,알찬은색새들백,방수력이 조금 아쉽긴 했지만 디자인이랑 핏이 이뻐요 잘입겠습니등,4.0,False,XL,180.0,85.0,남성,2026-06-24 10:31:22,사이즈: 조금 큼 / 화면 대비 색감: 화면과 비슷 / 퀄리티: 좋음 / 두께감: 적당함,False,0,filluminate,아우터,XL,,2026,6,24,수,4,응답,조금 큼,화면과 비슷,좋음,,,,적당함,,4.0,,,3.0,,1.0,1.0,0.0,0.0,,,방수력이 조금 아쉽긴 했지만 디자인이랑 핏이 이뻐요 잘입겠습니등,방수력이조금아쉽긴했지만디자인이랑핏이이뻐요잘입겠습니등,0,0,0,0,0,False,35,28,35,True
3455892,85657564,general,차무식의하입보이,사이즈가 살짝 길긴 한데 얇아서 여름에 입기 좋아요,5.0,False,M,175.0,75.0,남성,2026-06-24 02:52:50,사이즈: 조금 작음 / 화면 대비 색감: 화면과 비슷 / 퀄리티: 보통 / 두께감: 적당함,False,0,filluminate,아우터,M,,2026,6,24,수,5,응답,조금 작음,화면과 비슷,보통,,,,적당함,,3.0,,,3.0,,-1.0,1.0,0.0,0.0,,,사이즈가 살짝 길긴 한데 얇아서 여름에 입기 좋아요,사이즈가살짝길긴한데얇아서여름에입기좋아요,0,0,0,0,0,False,28,21,28,True
3455892,85652412,general,시골쥐광전사,과한 오버핏은 잘 안 어울리는데 이건 딱 좋습니다! 여름에는 밤에 입기 괜찮을 것 같아요,5.0,False,S,170.0,58.0,여성,2026-06-24 00:15:24,사이즈: 조금 큼 / 화면 대비 색감: 화면과 비슷 / 퀄리티: 매우 좋음 / 두께감: 적당함,True,0,filluminate,아우터,S,,2026,6,24,수,5,응답,조금 큼,화면과 비슷,매우 좋음,,,,적당함,,5.0,,,3.0,,1.0,1.0,0.0,0.0,,,과한 오버핏은 잘 안 어울리는데 이건 딱 좋습니다! 여름에는 밤에 입기 괜찮을 것 같아요,과한오버핏은잘안어울리는데이건딱좋습니다여름에는밤에입기괜찮을것같아요,0,0,1,0,0,False,49,35,49,True
3455892,85638324,general,효율적인분홍아트,생각한 느낌이랑 비슷했는데  밑기장이 살짝 긴 것 같습니다. 마감 퀄리티는 괜찮아요,5.0,False,M,180.0,65.0,남성,2026-06-23 21:21:36,사이즈: 정사이즈 / 화면 대비 색감: 화면과 비슷 / 퀄리티: 보통 / 두께감: 두꺼움,False,0,filluminate,아우터,M,,2026,6,23,화,5,응답,정사이즈,화면과 비슷,보통,,,,두꺼움,,3.0,,,4.0,,0.0,0.0,0.0,0.0,,,생각한 느낌이랑 비슷했는데 밑기장이 살짝 긴 것 같습니다. 마감 퀄리티는 괜찮아요,생각한느낌이랑비슷했는데밑기장이살짝긴것같습니다마감퀄리티는괜찮아요,0,0,0,0,0,False,46,34,45,True
3455892,85615629,general,최애의동묘코디룩,저렴ㅆ하게 살수있어서 좋아요~저녁에  입기 좋고 비오는 날에도 입기 좋네요,4.0,False,XL,188.0,75.0,남성,2026-06-23 15:16:14,사이즈: 정사이즈 / 화면 대비 색감: 화면과 비슷 / 퀄리티: 보통 / 두께감: 적당함,False,0,filluminate,아우터,XL,,2026,6,23,화,4,응답,정사이즈,화면과 비슷,보통,,,,적당함,,3.0,,,3.0,,0.0,0.0,0.0,0.0,,,저렴ㅆ하게 살수있어서 좋아요~저녁에 입기 좋고 비오는 날에도 입기 좋네요,저렴하게살수있어서좋아요저녁에입기좋고비오는날에도입기좋네요,0,0,0,0,0,False,41,30,40,True
3455892,85600299,general,말나라,옷 딱 입었을때 느낌이 다릅니다 너무 좋아요 핏도 이뻐요,5.0,False,XL,179.0,82.0,남성,2026-06-23 09:09:32,사이즈: 정사이즈 / 화면 대비 색감: 화면과 비슷 / 퀄리티: 보통 / 두께감: 적당함,False,0,filluminate,아우터,XL,,2026,6,23,화,5,응답,정사이즈,화면과 비슷,보통,,,,적당함,,3.0,,,3.0,,0.0,0.0,0.0,0.0,,,옷 딱 입었을때 느낌이 다릅니다 너무 좋아요 핏도 이뻐요,옷딱입었을때느낌이다릅니다너무좋아요핏도이뻐요,0,0,0,0,0,False,31,23,31,True
3455892,85598858,general,강한짐승,생가고다 팔길이가 길어서 한복처럼 펑퍼짐하게 되긴합니다,5.0,False,XL,170.0,102.0,남성,2026-06-23 08:07:40,사이즈: 정사이즈 / 화면 대비 색감: 화면과 비슷 / 퀄리티: 좋음 / 두께감: 매우 얇음,False,0,filluminate,아우터,XL,,2026,6,23,화,5,응답,정사이즈,화면과 비슷,좋음,,,,매우 얇음,,4.0,,,1.0,,0.0,0.0,0.0,0.0,,,생가고다 팔길이가 길어서 한복처럼 펑퍼짐하게 되긴합니다,생가고다팔길이가길어서한복처럼펑퍼짐하게되긴합니다,0,0,0,0,0,False,30,25,30,True
3455892,85596177,general,젣깅,"사진과 같고, 얇아서 여름철에 입기 좋아요. 그리고, 생각보다 조금 더 얇을 수도 있어요",5.0,False,L,166.0,74.0,여성,2026-06-23 02:45:54,사이즈: 조금 큼 / 화면 대비 색감: 화면과 비슷 / 퀄리티: 매우 좋음 / 두께감: 얇음,False,0,filluminate,아우터,L,,2026,6,23,화,5,응답,조금 큼,화면과 비슷,매우 좋음,,,,얇음,,5.0,,,2.0,,1.0,1.0,0.0,0.0,,,"사진과 같고, 얇아서 여름철에 입기 좋아요. 그리고, 생각보다 조금 더 얇을 수도 있어요",사진과같고얇아서여름철에입기좋아요그리고생각보다조금더얇을수도있어요,0,0,0,0,0,False,49,34,49,True
3455892,85561246,style,쿼카닮은가지,"평소에도 편하게 입을 수 있는 바람막이를 찾다가 구매했는데 만족도가 높습니다. 우선 어깨와 후드 부분의 배색 디자인이 과하지 않으면서도 포인트가 되어 생각보다 훨씬 세련된 느낌을 줍니다. 블랙 컬러 베이스라 어떤 하의와도 잘 어울려 코디하기가 편합니다. 원단은 너무 얇지도 두껍지도 않은 적당한 두께감이라 간절기 단독 착용은 물론 후드티나 맨투맨 위에 레이어드하기에도 좋습니다. 바람막이 특유의 가벼움은 유지하면서도 어느 정도 형태를 잡아주는 느낌이 있습니다. 투웨이 지퍼가 적용되어 있어 활동할 때 편하고, 하단 지퍼를 살짝 열어 다양한 실루엣 연출도 가능합니다. 또한 밑단 스트링이 있어 길이 조절하기에 용이합니다. 운동할 때 가볍게 걸치기에도 좋고, 평소 데일리룩이나 고프코어 스타일에도 잘 어울려 손이 자주 가는 제품입니다. 디자인, 기능성, 활용성까지 모두 만족스러운 바람막이라 추천합니다.",5.0,False,L,172.0,76.0,남성,2026-06-22 14:06:29,사이즈: 조금 큼 / 화면 대비 색감: 화면과 비슷 / 퀄리티: 보통 / 두께감: 적당함,True,0,filluminate,아우터,L,,2026,6,22,월,5,응답,조금 큼,화면과 비슷,보통,,,,적당함,,3.0,,,3.0,,1.0,1.0,0.0,0.0,,,"평소에도 편하게 입을 수 있는 바람막이를 찾다가 구매했는데 만족도가 높습니다. 우선 어깨와 후드 부분의 배색 디자인이 과하지 않으면서도 포인트가 되어 생각보다 훨씬 세련된 느낌을 줍니다. 블랙 컬러 베이스라 어떤 하의와도 잘 어울려 코디하기가 편합니다. 원단은 너무 얇지도 두껍지도 않은 적당한 두께감이라 간절기 단독 착용은 물론 후드티나 맨투맨 위에 레이어드하기에도 좋습니다. 바람막이 특유의 가벼움은 유지하면서도 어느 정도 형태를 잡아주는 느낌이 있습니다. 투웨이 지퍼가 적용되어 있어 활동할 때 편하고, 하단 지퍼를 살짝 열어 다양한 실루엣 연출도 가능합니다. 또한 밑단 스트링이 있어 길이 조절하기에 용이합니다. 운동할 때 가볍게 걸치기에도 좋고, 평소 데일리룩이나 고프코어 스타일에도 잘 어울려 손이 자주 가는 제품입니다. 디자인, 기능성, 활용성까지 모두 만족스러운 바람막이라 추천합니다.",평소에도편하게입을수있는바람막이를찾다가구매했는데만족도가높습니다우선어깨와후드부분의배색디자인이과하지않으면서도포인트가되어생각보다훨씬세련된느낌을줍니다블랙컬러베이스라어떤하의와도잘어울려코디하기가편합니다원단은너무얇지도두껍지도않은적당한두께감이라간절기단독착용은물론후드티나맨투맨위에레이어드하기에도좋습니다바람막이특유의가벼움은유지하면서도어느정도형태를잡아주는느낌이있습니다투웨이지퍼가적용되어있어활동할때편하고하단지퍼를살짝열어다양한실루엣연출도가능합니다또한밑단스트링이있어길이조절하기에용이합니다운동할때가볍게걸치기에도좋고평소데일리룩이나고프코어스타일에도잘어울려손이자주가는제품입니다디자인기능성활용성까지모두만족스러운바람막이라추천합니다,0,0,0,0,0,False,447,331,447,True
3455892,85561199,general,쿼카닮은가지,"평소에도 편하게 입을 수 있는 바람막이를 찾다가 구매했는데 만족도가 높습니다. 우선 어깨와 후드 부분의 배색 디자인이 과하지 않으면서도 포인트가 되어 생각보다 훨씬 세련된 느낌을 줍니다. 블랙 컬러 베이스라 어떤 하의와도 잘 어울려 코디하기가 편합니다. 원단은 너무 얇지도 두껍지도 않은 적당한 두께감이라 간절기 단독 착용은 물론 후드티나 맨투맨 위에 레이어드하기에도 좋습니다. 바람막이 특유의 가벼움은 유지하면서도 어느 정도 형태를 잡아주는 느낌이 있습니다. 투웨이 지퍼가 적용되어 있어 활동할 때 편하고, 하단 지퍼를 살짝 열어 다양한 실루엣 연출도 가능합니다. 또한 밑단 스트링이 있어 길이 조절하기에 용이합니다. 운동할 때 가볍게 걸치기에도 좋고, 평소 데일리룩이나 고프코어 스타일에도 잘 어울려 손이 자주 가는 제품입니다. 디자인, 기능성, 활용성까지 모두 만족스러운 바람막이라 추천합니다.",5.0,False,L,172.0,76.0,남성,2026-06-22 14:05:31,사이즈: 조금 큼 / 화면 대비 색감: 화면과 비슷 / 퀄리티: 보통 / 두께감: 적당함,True,0,filluminate,아우터,L,,2026,6,22,월,5,응답,조금 큼,화면과 비슷,보통,,,,적당함,,3.0,,,3.0,,1.0,1.0,0.0,0.0,,,"평소에도 편하게 입을 수 있는 바람막이를 찾다가 구매했는데 만족도가 높습니다. 우선 어깨와 후드 부분의 배색 디자인이 과하지 않으면서도 포인트가 되어 생각보다 훨씬 세련된 느낌을 줍니다. 블랙 컬러 베이스라 어떤 하의와도 잘 어울려 코디하기가 편합니다. 원단은 너무 얇지도 두껍지도 않은 적당한 두께감이라 간절기 단독 착용은 물론 후드티나 맨투맨 위에 레이어드하기에도 좋습니다. 바람막이 특유의 가벼움은 유지하면서도 어느 정도 형태를 잡아주는 느낌이 있습니다. 투웨이 지퍼가 적용되어 있어 활동할 때 편하고, 하단 지퍼를 살짝 열어 다양한 실루엣 연출도 가능합니다. 또한 밑단 스트링이 있어 길이 조절하기에 용이합니다. 운동할 때 가볍게 걸치기에도 좋고, 평소 데일리룩이나 고프코어 스타일에도 잘 어울려 손이 자주 가는 제품입니다. 디자인, 기능성, 활용성까지 모두 만족스러운 바람막이라 추천합니다.",평소에도편하게입을수있는바람막이를찾다가구매했는데만족도가높습니다우선어깨와후드부분의배색디자인이과하지않으면서도포인트가되어생각보다훨씬세련된느낌을줍니다블랙컬러베이스라어떤하의와도잘어울려코디하기가편합니다원단은너무얇지도두껍지도않은적당한두께감이라간절기단독착용은물론후드티나맨투맨위에레이어드하기에도좋습니다바람막이특유의가벼움은유지하면서도어느정도형태를잡아주는느낌이있습니다투웨이지퍼가적용되어있어활동할때편하고하단지퍼를살짝열어다양한실루엣연출도가능합니다또한밑단스트링이있어길이조절하기에용이합니다운동할때가볍게걸치기에도좋고평소데일리룩이나고프코어스타일에도잘어울려손이자주가는제품입니다디자인기능성활용성까지모두만족스러운바람막이라추천합니다,0,0,0,0,0,False,447,331,447,True
3455892,85555375,general,현빈갓,생각보다 더 괜찮아서 놀랬습니다 가성비 최고네요,5.0,False,M,175.0,60.0,남성,2026-06-22 11:53:42,사이즈: 정사이즈 / 화면 대비 색감: 화면과 비슷 / 퀄리티: 좋음 / 두께감: 얇음,False,0,filluminate,아우터,M,,2026,6,22,월,5,응답,정사이즈,화면과 비슷,좋음,,,,얇음,,4.0,,,2.0,,0.0,0.0,0.0,0.0,,,생각보다 더 괜찮아서 놀랬습니다 가성비 최고네요,생각보다더괜찮아서놀랬습니다가성비최고네요,0,0,0,0,0,False,26,21,26,True
3455892,85547693,style,사이미니,약간 큰 감이 있지만 그걸 기대하구 사서 아주 만족합니닽,5.0,False,XL,172.0,70.0,missing,2026-06-22 07:49:45,사이즈: 조금 큼 / 화면 대비 색감: 화면과 비슷 / 퀄리티: 보통 / 두께감: 적당함,True,0,filluminate,아우터,XL,,2026,6,22,월,5,응답,조금 큼,화면과 비슷,보통,,,,적당함,,3.0,,,3.0,,1.0,1.0,0.0,0.0,,,약간 큰 감이 있지만 그걸 기대하구 사서 아주 만족합니닽,약간큰감이있지만그걸기대하구사서아주만족합니닽,0,0,0,0,0,False,31,23,31,True
﻿3455882,86056657,general,거대한서울숲패턴,생각보다 굉장히 사이즈가 크고 그리고 깔끔 스타일리쉬해서 조아요 ㅋㅋ,5.0,False,M,155.0,78.0,여성,2026-07-05 11:21:54,사이즈: 조금 큼 / 화면 대비 색감: 화면과 비슷 / 퀄리티: 매우 좋음 / 두께감: 적당함,False,0,filluminate,아우터,M,,2026,7,5,일,5,응답,조금 큼,화면과 비슷,매우 좋음,,,,적당함,,5.0,,,3.0,,1.0,1.0,0.0,0.0,,,생각보다 굉장히 사이즈가 크고 그리고 깔끔 스타일리쉬해서 조아요 ㅋㅋ,생각보다굉장히사이즈가크고그리고깔끔스타일리쉬해서조아요,2,0,0,0,0,False,38,28,38,True
3455882,86044586,general,Take off,"얇고, 색상도 그냥 그레이가 아니고 팬톤 쉐도우정도 생각하시면 될 듯 다만 사이즈가 너무 크고 소매가 벌룬핏이라 여성분들은 체형 생각하시지 말고 웬만해선 S 사세요!!",5.0,False,M,168.0,55.0,여성,2026-07-04 19:58:08,사이즈: 많이 큼 / 화면 대비 색감: 화면과 비슷 / 퀄리티: 보통 / 두께감: 적당함,True,0,filluminate,아우터,M,,2026,7,4,토,5,응답,많이 큼,화면과 비슷,보통,,,,적당함,,3.0,,,3.0,,2.0,2.0,0.0,0.0,,,"얇고, 색상도 그냥 그레이가 아니고 팬톤 쉐도우정도 생각하시면 될 듯 다만 사이즈가 너무 크고 소매가 벌룬핏이라 여성분들은 체형 생각하시지 말고 웬만해선 S 사세요!!",얇고색상도그냥그레이가아니고팬톤쉐도우정도생각하시면될듯다만사이즈가너무크고소매가벌룬핏이라여성분들은체형생각하시지말고웬만해선s사세요,0,0,2,0,0,False,93,67,93,True
3455882,85978411,general,문스타정주행,괜히 인기있는게 아니네여 세일기간에 저렴하게 구매했는데 실물이 훨ㄹ씬 이뻐요 생각보다 좀 얇긴하지만 디자인이 너무 이쁘게 나왔어요,5.0,False,M,163.0,51.0,여성,2026-07-02 07:42:16,사이즈: 정사이즈 / 화면 대비 색감: 화면과 비슷 / 퀄리티: 보통 / 두께감: 적당함,False,0,filluminate,아우터,M,,2026,7,2,목,5,응답,정사이즈,화면과 비슷,보통,,,,적당함,,3.0,,,3.0,,0.0,0.0,0.0,0.0,,,괜히 인기있는게 아니네여 세일기간에 저렴하게 구매했는데 실물이 훨ㄹ씬 이뻐요 생각보다 좀 얇긴하지만 디자인이 너무 이쁘게 나왔어요,괜히인기있는게아니네여세일기간에저렴하게구매했는데실물이훨씬이뻐요생각보다좀얇긴하지만디자인이너무이쁘게나왔어요,0,0,0,0,0,False,72,56,72,True
3455882,85974759,general,명랑한런던봄패션,"몸을 보호하고, 자신의 개성을 표현하며, 상황에 맞는 예의를 갖추고 활동을 더욱 편안하고 안전하게 할 수 있도록 도와줄수 있었다",5.0,False,S,178.0,68.0,남성,2026-07-01 23:59:01,사이즈: 조금 작음 / 화면 대비 색감: 화면과 비슷 / 퀄리티: 보통 / 두께감: 적당함,False,0,filluminate,아우터,S,,2026,7,1,수,5,응답,조금 작음,화면과 비슷,보통,,,,적당함,,3.0,,,3.0,,-1.0,1.0,0.0,0.0,,,"몸을 보호하고, 자신의 개성을 표현하며, 상황에 맞는 예의를 갖추고 활동을 더욱 편안하고 안전하게 할 수 있도록 도와줄수 있었다",몸을보호하고자신의개성을표현하며상황에맞는예의를갖추고활동을더욱편안하고안전하게할수있도록도와줄수있었다,0,0,0,0,0,False,71,52,71,True
3455882,85974462,general,싹싹한체코코디템,"옷 얇고 편하고, 디자인 괜찮아요. 다만 한치수 크게 나왔어요",4.0,False,M,172.0,74.0,남성,2026-07-01 23:47:43,사이즈: 조금 큼 / 화면 대비 색감: 화면과 비슷 / 퀄리티: 보통 / 두께감: 적당함,False,0,filluminate,아우터,M,,2026,7,1,수,4,응답,조금 큼,화면과 비슷,보통,,,,적당함,,3.0,,,3.0,,1.0,1.0,0.0,0.0,,,"옷 얇고 편하고, 디자인 괜찮아요. 다만 한치수 크게 나왔어요",옷얇고편하고디자인괜찮아요다만한치수크게나왔어요,0,0,0,0,0,False,34,24,34,True
3455882,85961647,general,솔직한경복궁무드,학교에가면 냉방을 너무 세게 틀어서 추운데 걸치면 딱 좋아요. 전형적인 바람막이 재질이고 실물은 조금 더 민트민트해여,5.0,False,M,167.0,57.0,여성,2026-07-01 16:42:11,사이즈: 정사이즈 / 화면 대비 색감: 밝음 / 퀄리티: 보통 / 두께감: 얇음,False,0,filluminate,아우터,M,,2026,7,1,수,5,응답,정사이즈,밝음,보통,,,,얇음,,3.0,,,2.0,,0.0,0.0,1.0,1.0,,,학교에가면 냉방을 너무 세게 틀어서 추운데 걸치면 딱 좋아요. 전형적인 바람막이 재질이고 실물은 조금 더 민트민트해여,학교에가면냉방을너무세게틀어서추운데걸치면딱좋아요전형적인바람막이재질이고실물은조금더민트민트해여,0,0,0,0,0,False,65,49,65,True
3455882,85875067,general,로이미,예전부터 째려보고 있던거였는데 무진장 세일해서 샀어요!! 사이즈가 넉넉하게 나온편이라 더 좋았어요!! 색도 흔하지않아서 더 예뻐요ㅎㅎ,5.0,False,M,157.0,56.0,여성,2026-06-28 18:29:08,사이즈: 조금 큼 / 화면 대비 색감: 화면과 비슷 / 퀄리티: 좋음 / 두께감: 적당함,True,0,filluminate,아우터,M,,2026,6,28,일,5,응답,조금 큼,화면과 비슷,좋음,,,,적당함,,4.0,,,3.0,,1.0,1.0,0.0,0.0,,,예전부터 째려보고 있던거였는데 무진장 세일해서 샀어요!! 사이즈가 넉넉하게 나온편이라 더 좋았어요!! 색도 흔하지않아서 더 예뻐요ㅎㅎ,예전부터째려보고있던거였는데무진장세일해서샀어요사이즈가넉넉하게나온편이라더좋았어요색도흔하지않아서더예뻐요,2,0,4,0,0,False,74,54,74,True
3455882,85869187,general,터프한복숭아,생각보다 크지만 그래도 이쁘네요 휘뚜루마뚜루 입고 다니기 좋아요,5.0,False,XL,185.0,80.0,남성,2026-06-28 15:32:19,사이즈: 조금 큼 / 화면 대비 색감: 화면과 비슷 / 퀄리티: 좋음 / 두께감: 매우 얇음,False,0,filluminate,아우터,XL,,2026,6,28,일,5,응답,조금 큼,화면과 비슷,좋음,,,,매우 얇음,,4.0,,,1.0,,1.0,1.0,0.0,0.0,,,생각보다 크지만 그래도 이쁘네요 휘뚜루마뚜루 입고 다니기 좋아요,생각보다크지만그래도이쁘네요휘뚜루마뚜루입고다니기좋아요,0,0,0,0,0,False,35,28,35,True
3455882,85848416,general,k041230,얇고 휘뚜루마뚜루 입기 좋아요 크게 입어서 예쁜 것 같아요,5.0,False,L,171.0,57.0,여성,2026-06-27 21:54:42,사이즈: 정사이즈 / 화면 대비 색감: 화면과 비슷 / 퀄리티: 매우 좋음 / 두께감: 적당함,False,0,filluminate,아우터,L,,2026,6,27,토,5,응답,정사이즈,화면과 비슷,매우 좋음,,,,적당함,,5.0,,,3.0,,0.0,0.0,0.0,0.0,,,얇고 휘뚜루마뚜루 입기 좋아요 크게 입어서 예쁜 것 같아요,얇고휘뚜루마뚜루입기좋아요크게입어서예쁜것같아요,0,0,0,0,0,False,32,24,32,True
3455882,85845414,general,분명한회색로우진,봄 가을 환절기에 입기 딱임   키가 큰 제가 입어도 사이즈 좀 여유 있고 핏 자체가 너무 예뻐요!,5.0,False,XL,191.0,90.0,missing,2026-06-27 20:27:56,사이즈: 조금 큼 / 화면 대비 색감: 화면과 비슷 / 퀄리티: 매우 좋음 / 두께감: 적당함,False,0,filluminate,아우터,XL,,2026,6,27,토,5,응답,조금 큼,화면과 비슷,매우 좋음,,,,적당함,,5.0,,,3.0,,1.0,1.0,0.0,0.0,,,봄 가을 환절기에 입기 딱임 키가 큰 제가 입어도 사이즈 좀 여유 있고 핏 자체가 너무 예뻐요!,봄가을환절기에입기딱임키가큰제가입어도사이즈좀여유있고핏자체가너무예뻐요,0,0,1,0,0,True,55,36,53,True
3455882,85844672,style,상쾌한휴스턴플랫,막 입는 바람막이보다 이쁘게 스타일링할 수 있는 옷입니다. 편안하고 입기 좋아요,5.0,False,S,172.0,66.0,남성,2026-06-27 20:05:26,사이즈: 정사이즈 / 화면 대비 색감: 화면과 비슷 / 퀄리티: 보통 / 두께감: 적당함,True,0,filluminate,아우터,S,,2026,6,27,토,5,응답,정사이즈,화면과 비슷,보통,,,,적당함,,3.0,,,3.0,,0.0,0.0,0.0,0.0,,,막 입는 바람막이보다 이쁘게 스타일링할 수 있는 옷입니다. 편안하고 입기 좋아요,막입는바람막이보다이쁘게스타일링할수있는옷입니다편안하고입기좋아요,0,0,0,0,0,False,44,33,44,True
3455882,85843044,general,상쾌한휴스턴플랫,이번에 무진장 세일할때 샀는데 편하게 입기 좋아요. 스타일링도 가능한 옷!,5.0,False,S,172.0,66.0,남성,2026-06-27 19:12:03,사이즈: 정사이즈 / 화면 대비 색감: 화면과 비슷 / 퀄리티: 보통 / 두께감: 적당함,True,0,filluminate,아우터,S,,2026,6,27,토,5,응답,정사이즈,화면과 비슷,보통,,,,적당함,,3.0,,,3.0,,0.0,0.0,0.0,0.0,,,이번에 무진장 세일할때 샀는데 편하게 입기 좋아요. 스타일링도 가능한 옷!,이번에무진장세일할때샀는데편하게입기좋아요스타일링도가능한옷,0,0,1,0,0,False,41,30,41,True
3455882,85841977,general,우기무기22,지금은 더워서 못입지만 가을지나고나면 자주 애용할거같은 핏과 재질입니다,5.0,False,XL,178.0,80.0,남성,2026-06-27 18:38:38,사이즈: 정사이즈 / 화면 대비 색감: 화면과 비슷 / 퀄리티: 보통 / 두께감: 적당함,False,0,filluminate,아우터,XL,,2026,6,27,토,5,응답,정사이즈,화면과 비슷,보통,,,,적당함,,3.0,,,3.0,,0.0,0.0,0.0,0.0,,,지금은 더워서 못입지만 가을지나고나면 자주 애용할거같은 핏과 재질입니다,지금은더워서못입지만가을지나고나면자주애용할거같은핏과재질입니다,0,0,0,0,0,False,39,32,39,True
3455882,85820107,general,패고뉴비,한 사이즈 다운하는 게 정답입니다 조금 크게 나온 듯,5.0,False,S,169.0,67.0,남성,2026-06-27 07:20:38,사이즈: 정사이즈 / 화면 대비 색감: 화면과 비슷 / 퀄리티: 보통 / 두께감: 얇음,True,0,filluminate,아우터,S,,2026,6,27,토,5,응답,정사이즈,화면과 비슷,보통,,,,얇음,,3.0,,,2.0,,0.0,0.0,0.0,0.0,,,한 사이즈 다운하는 게 정답입니다 조금 크게 나온 듯,한사이즈다운하는게정답입니다조금크게나온듯,0,0,0,0,0,False,29,21,29,True
3455882,85820102,style,패고뉴비,한 사이즈 다운이 정답이였습니다 바람막이로 괜찮음,5.0,False,S,169.0,67.0,남성,2026-06-27 07:19:45,사이즈: 정사이즈 / 화면 대비 색감: 화면과 비슷 / 퀄리티: 보통 / 두께감: 얇음,True,0,filluminate,아우터,S,,2026,6,27,토,5,응답,정사이즈,화면과 비슷,보통,,,,얇음,,3.0,,,2.0,,0.0,0.0,0.0,0.0,,,한 사이즈 다운이 정답이였습니다 바람막이로 괜찮음,한사이즈다운이정답이였습니다바람막이로괜찮음,0,0,0,0,0,False,27,22,27,True
3455882,85820039,style,3Geek,좋아요 좋아요 좋아요 좋아요 좋아요 좋아요 좋아요 좋아요 좋아요 좋아요 좋아요 좋아요 좋아요 좋아요,5.0,False,XL,175.0,85.0,남성,2026-06-27 07:13:23,사이즈: 정사이즈 / 화면 대비 색감: 화면과 비슷 / 퀄리티: 보통 / 두께감: 적당함,True,0,filluminate,아우터,XL,,2026,6,27,토,5,응답,정사이즈,화면과 비슷,보통,,,,적당함,,3.0,,,3.0,,0.0,0.0,0.0,0.0,,,좋아요 좋아요 좋아요 좋아요 좋아요 좋아요 좋아요 좋아요 좋아요 좋아요 좋아요 좋아요 좋아요 좋아요,좋아요좋아요좋아요좋아요좋아요좋아요좋아요좋아요좋아요좋아요좋아요좋아요좋아요좋아요,0,0,0,0,0,False,55,42,55,True
3455882,85814849,general,마리님,세일은 마니해서 가격이 맘에들고 옷도 예쁘고 자주 입을것 같아요,3.0,False,L,179.0,65.0,여성,2026-06-26 23:58:29,사이즈: 정사이즈 / 화면 대비 색감: 화면과 비슷 / 퀄리티: 보통 / 두께감: 적당함,False,0,filluminate,아우터,L,,2026,6,26,금,3,응답,정사이즈,화면과 비슷,보통,,,,적당함,,3.0,,,3.0,,0.0,0.0,0.0,0.0,,,세일은 마니해서 가격이 맘에들고 옷도 예쁘고 자주 입을것 같아요,세일은마니해서가격이맘에들고옷도예쁘고자주입을것같아요,0,0,0,0,0,False,35,27,35,True
3455882,85813298,style,주는나를기르시는목자,오마깟 ㅋㅋ ㅋ 진짜 너~무너무 귀여워요 지금 너무 더워서 못 입는 게 속상할 정도... 모자 쓰면 더 귀엽구 이거 입고 싶어서 가을이 빨리 왓으면 조켄네요...,5.0,False,M,160.0,53.0,여성,2026-06-26 23:20:36,사이즈: 정사이즈 / 화면 대비 색감: 화면과 비슷 / 퀄리티: 매우 좋음 / 두께감: 적당함,True,0,filluminate,아우터,M,,2026,6,26,금,5,응답,정사이즈,화면과 비슷,매우 좋음,,,,적당함,,5.0,,,3.0,,0.0,0.0,0.0,0.0,,,오마깟 ㅋㅋ ㅋ 진짜 너~무너무 귀여워요 지금 너무 더워서 못 입는 게 속상할 정도... 모자 쓰면 더 귀엽구 이거 입고 싶어서 가을이 빨리 왓으면 조켄네요...,오마깟진짜너무너무귀여워요지금너무더워서못입는게속상할정도모자쓰면더귀엽구이거입고싶어서가을이빨리왓으면조켄네요,2,0,0,0,0,True,90,56,90,True
3455882,85760577,general,•l•ㅑ,색도 딱 원하던 색이었어요😀 이제 더워져서 못입겠지만 나중에 잘 입게될 것 같아요,5.0,False,M,174.0,50.0,남성,2026-06-25 21:38:31,사이즈: 조금 큼 / 화면 대비 색감: 화면과 비슷 / 퀄리티: 보통 / 두께감: 적당함,True,0,filluminate,아우터,M,,2026,6,25,목,5,응답,조금 큼,화면과 비슷,보통,,,,적당함,,3.0,,,3.0,,1.0,1.0,0.0,0.0,,,색도 딱 원하던 색이었어요 이제 더워져서 못입겠지만 나중에 잘 입게될 것 같아요,색도딱원하던색이었어요이제더워져서못입겠지만나중에잘입게될것같아요,0,0,0,0,1,False,45,33,44,True
3455882,85719527,general,고슴덜치,요즘 학교에서 에어컨을 너무 많이 틀어서 추울 때도 있는데 그때 딱 입기 좋아요! 그렇지만 재가 원했던 색은 아니에요..완전 그레이를 원했는데 좀 환한 그레이 여서요..그렇지만 또 M 사이즈여서 좀 적당할줄 알았는데 좀 크네요 그래서 일단 보통인것 같아요.,3.0,False,M,160.0,53.0,여성,2026-06-25 00:22:39,사이즈: 조금 큼 / 화면 대비 색감: 밝음 / 퀄리티: 매우 좋음 / 두께감: 적당함,False,0,filluminate,아우터,M,,2026,6,25,목,3,응답,조금 큼,밝음,매우 좋음,,,,적당함,,5.0,,,3.0,,1.0,1.0,1.0,1.0,,,요즘 학교에서 에어컨을 너무 많이 틀어서 추울 때도 있는데 그때 딱 입기 좋아요! 그렇지만 재가 원했던 색은 아니에요..완전 그레이를 원했는데 좀 환한 그레이 여서요..그렇지만 또 M 사이즈여서 좀 적당할줄 알았는데 좀 크네요 그래서 일단 보통인것 같아요.,요즘학교에서에어컨을너무많이틀어서추울때도있는데그때딱입기좋아요그렇지만재가원했던색은아니에요완전그레이를원했는데좀환한그레이여서요그렇지만또m사이즈여서좀적당할줄알았는데좀크네요그래서일단보통인것같아요,0,0,1,0,0,False,143,101,143,True
3455882,85713527,general,망고맛건방,바람막이 느낌으로 또 필요했는데 무난하게 자주 입을거같아요,4.0,False,L,174.0,82.0,남성,2026-06-24 22:56:53,사이즈: 정사이즈 / 화면 대비 색감: 화면과 비슷 / 퀄리티: 보통 / 두께감: 적당함,False,0,filluminate,아우터,L,,2026,6,24,수,4,응답,정사이즈,화면과 비슷,보통,,,,적당함,,3.0,,,3.0,,0.0,0.0,0.0,0.0,,,바람막이 느낌으로 또 필요했는데 무난하게 자주 입을거같아요,바람막이느낌으로또필요했는데무난하게자주입을거같아요,0,0,0,0,0,False,32,26,32,True
3455882,85688315,general,풍부한홍대아이참,S인데 사이즈는 m이나 l정도로 생각하시면 돼요! 팔이 좀 길고 되게 아방한 핏 느낌나용 ㅎㅎ,5.0,False,S,158.0,65.0,여성,2026-06-24 17:00:55,사이즈: 조금 큼 / 화면 대비 색감: 화면과 비슷 / 퀄리티: 보통 / 두께감: 적당함,False,0,filluminate,아우터,S,,2026,6,24,수,5,응답,조금 큼,화면과 비슷,보통,,,,적당함,,3.0,,,3.0,,1.0,1.0,0.0,0.0,,,S인데 사이즈는 m이나 l정도로 생각하시면 돼요! 팔이 좀 길고 되게 아방한 핏 느낌나용 ㅎㅎ,s인데사이즈는m이나l정도로생각하시면돼요팔이좀길고되게아방한핏느낌나용,2,0,1,0,0,False,52,33,52,True
3455882,85677886,general,무찌2,가성비 너무 좋고 디자인도 예뻐요 정말 강력 추천합니다,5.0,False,M,173.0,68.0,남성,2026-06-24 13:51:02,사이즈: 정사이즈 / 화면 대비 색감: 화면과 비슷 / 퀄리티: 보통 / 두께감: 적당함,False,0,filluminate,아우터,M,,2026,6,24,수,5,응답,정사이즈,화면과 비슷,보통,,,,적당함,,3.0,,,3.0,,0.0,0.0,0.0,0.0,,,가성비 너무 좋고 디자인도 예뻐요 정말 강력 추천합니다,가성비너무좋고디자인도예뻐요정말강력추천합니다,0,0,0,0,0,False,30,23,30,True
3455882,85673765,general,강인한오치드향수,얇고 가벼워서 좋아요 빨리 날이 선선해 졌으면 하네요,5.0,False,S,170.0,67.0,남성,2026-06-24 12:31:16,사이즈: 정사이즈 / 화면 대비 색감: 화면과 비슷 / 퀄리티: 좋음 / 두께감: 얇음,True,0,filluminate,아우터,S,,2026,6,24,수,5,응답,정사이즈,화면과 비슷,좋음,,,,얇음,,4.0,,,2.0,,0.0,0.0,0.0,0.0,,,얇고 가벼워서 좋아요 빨리 날이 선선해 졌으면 하네요,얇고가벼워서좋아요빨리날이선선해졌으면하네요,0,0,0,0,0,False,29,22,29,True
3455882,85597075,general,jyh00817,디자인도 너무 예쁘고 맘에 들어요 완전 추천합니다,5.0,False,S,160.0,70.0,여성,2026-06-23 05:12:40,사이즈: 정사이즈 / 화면 대비 색감: 화면과 비슷 / 퀄리티: 보통 / 두께감: 적당함,False,0,filluminate,아우터,S,,2026,6,23,화,5,응답,정사이즈,화면과 비슷,보통,,,,적당함,,3.0,,,3.0,,0.0,0.0,0.0,0.0,,,디자인도 너무 예쁘고 맘에 들어요 완전 추천합니다,디자인도너무예쁘고맘에들어요완전추천합니다,0,0,0,0,0,False,27,21,27,True
3455882,85594567,general,기발한마포앞치마,전부터 하고싶었는데 생각보다 아방 하고 핏 조절도 가능한데 너무 이뻐서 자꾸 입게되네여 너무 조아여 그리고 배송 진짜 빨라서 좋았어여 이쁘게 입을게여,5.0,False,M,171.0,45.0,여성,2026-06-23 01:10:30,사이즈: 조금 큼 / 화면 대비 색감: 화면과 비슷 / 퀄리티: 매우 좋음 / 두께감: 적당함,False,0,filluminate,아우터,M,,2026,6,23,화,5,응답,조금 큼,화면과 비슷,매우 좋음,,,,적당함,,5.0,,,3.0,,1.0,1.0,0.0,0.0,,,전부터 하고싶었는데 생각보다 아방 하고 핏 조절도 가능한데 너무 이뻐서 자꾸 입게되네여 너무 조아여 그리고 배송 진짜 빨라서 좋았어여 이쁘게 입을게여,전부터하고싶었는데생각보다아방하고핏조절도가능한데너무이뻐서자꾸입게되네여너무조아여그리고배송진짜빨라서좋았어여이쁘게입을게여,0,0,0,0,0,False,83,63,83,True
3455882,85590617,style,두더지6,할인한 가격 생각해도 질도 좋도 가볍게 입기 너무 좋은거 같아요,4.0,False,M,180.0,75.0,남성,2026-06-22 23:36:37,사이즈: 정사이즈 / 화면 대비 색감: 화면과 비슷 / 퀄리티: 보통 / 두께감: 적당함,True,0,filluminate,아우터,M,,2026,6,22,월,4,응답,정사이즈,화면과 비슷,보통,,,,적당함,,3.0,,,3.0,,0.0,0.0,0.0,0.0,,,할인한 가격 생각해도 질도 좋도 가볍게 입기 너무 좋은거 같아요,할인한가격생각해도질도좋도가볍게입기너무좋은거같아요,0,0,0,0,0,False,35,26,35,True
3455882,85590591,general,두더지6,할인한 가격 생각해도 질도 좋도 가볍게 입기 너무 좋은거 같아요,4.0,False,M,180.0,75.0,남성,2026-06-22 23:36:13,사이즈: 정사이즈 / 화면 대비 색감: 화면과 비슷 / 퀄리티: 보통 / 두께감: 적당함,True,0,filluminate,아우터,M,,2026,6,22,월,4,응답,정사이즈,화면과 비슷,보통,,,,적당함,,3.0,,,3.0,,0.0,0.0,0.0,0.0,,,할인한 가격 생각해도 질도 좋도 가볍게 입기 너무 좋은거 같아요,할인한가격생각해도질도좋도가볍게입기너무좋은거같아요,0,0,0,0,0,False,35,26,35,True
3455882,85547249,general,정적인시애틀핀턱,가볍고언제든 착용가능합니다 색상도사쁘지않습시다,5.0,False,M,171.0,88.0,남성,2026-06-22 07:22:54,사이즈: 정사이즈 / 화면 대비 색감: 화면과 비슷 / 퀄리티: 보통 / 두께감: 적당함,False,0,filluminate,아우터,M,,2026,6,22,월,5,응답,정사이즈,화면과 비슷,보통,,,,적당함,,3.0,,,3.0,,0.0,0.0,0.0,0.0,,,가볍고언제든 착용가능합니다 색상도사쁘지않습시다,가볍고언제든착용가능합니다색상도사쁘지않습시다,0,0,0,0,0,False,25,23,25,True
﻿4728678,86072829,general,아직설치중,운동할 때 입기 좋고 무난템입니다. 옆에 흰색 줄 있어서 너무 심심하지는 않음!,5.0,False,L,168.0,62.0,남성,2026-07-05 22:45:16,사이즈: 정사이즈 / 화면 대비 색감: 화면과 비슷 / 퀄리티: 보통 / 두께감: 적당함,False,0,filluminate,아우터,L,,2026,7,5,일,5,응답,정사이즈,화면과 비슷,보통,,,,적당함,,3.0,,,3.0,,0.0,0.0,0.0,0.0,,,운동할 때 입기 좋고 무난템입니다. 옆에 흰색 줄 있어서 너무 심심하지는 않음!,운동할때입기좋고무난템입니다옆에흰색줄있어서너무심심하지는않음,0,0,1,0,0,False,44,31,44,True
4728678,86070465,general,구칠7,"운동용으로 편하게입으려고 구매했는데, 무난하고 좋습니당!",5.0,False,L,173.0,61.0,여성,2026-07-05 21:17:48,사이즈: 정사이즈 / 화면 대비 색감: 화면과 비슷 / 퀄리티: 보통 / 두께감: 적당함,False,0,filluminate,아우터,L,,2026,7,5,일,5,응답,정사이즈,화면과 비슷,보통,,,,적당함,,3.0,,,3.0,,0.0,0.0,0.0,0.0,,,"운동용으로 편하게입으려고 구매했는데, 무난하고 좋습니당!",운동용으로편하게입으려고구매했는데무난하고좋습니당,0,0,1,0,0,False,31,25,31,True
4728678,86063145,general,대세는아테네팬츠,사이즈가 작아서 입을 때 타이트 합니다. 소매가 조금 짧은거 제외하고는 두께도 얇고 시원한 편입니다.,4.0,False,L,176.0,75.0,남성,2026-07-05 16:20:26,사이즈: 조금 작음 / 화면 대비 색감: 화면과 비슷 / 퀄리티: 보통 / 두께감: 적당함,False,0,filluminate,아우터,L,,2026,7,5,일,4,응답,조금 작음,화면과 비슷,보통,,,,적당함,,3.0,,,3.0,,-1.0,1.0,0.0,0.0,,,사이즈가 작아서 입을 때 타이트 합니다. 소매가 조금 짧은거 제외하고는 두께도 얇고 시원한 편입니다.,사이즈가작아서입을때타이트합니다소매가조금짧은거제외하고는두께도얇고시원한편입니다,0,0,0,0,0,False,56,41,56,True
4728678,86059929,general,YIMM,생각보다 뭐랄까 그렇게 예쁘지 않은거 같아용 낫배드,5.0,False,M,170.0,70.0,남성,2026-07-05 13:59:31,사이즈: 정사이즈 / 화면 대비 색감: 화면과 비슷 / 퀄리티: 보통 / 두께감: 적당함,False,0,filluminate,아우터,M,,2026,7,5,일,5,응답,정사이즈,화면과 비슷,보통,,,,적당함,,3.0,,,3.0,,0.0,0.0,0.0,0.0,,,생각보다 뭐랄까 그렇게 예쁘지 않은거 같아용 낫배드,생각보다뭐랄까그렇게예쁘지않은거같아용낫배드,0,0,0,0,0,False,28,22,28,True
4728678,86059809,general,지눙진웅,가을에 편하게 입으려고 샀어요 착용감도 괜찮고 편하게 잘 입을 수 있을 것 같아요,5.0,False,L,179.0,74.0,남성,2026-07-05 13:54:18,사이즈: 정사이즈 / 화면 대비 색감: 화면과 비슷 / 퀄리티: 매우 좋음 / 두께감: 적당함,False,0,filluminate,아우터,L,,2026,7,5,일,5,응답,정사이즈,화면과 비슷,매우 좋음,,,,적당함,,5.0,,,3.0,,0.0,0.0,0.0,0.0,,,가을에 편하게 입으려고 샀어요 착용감도 괜찮고 편하게 잘 입을 수 있을 것 같아요,가을에편하게입으려고샀어요착용감도괜찮고편하게잘입을수있을것같아요,0,0,0,0,0,False,45,33,45,True
4728678,86043145,general,용감한살구색린넨,에어컨 방한템으로 구매했고 가벼워서 맘에 들어요.,5.0,False,L,178.0,66.0,남성,2026-07-04 18:40:57,사이즈: 정사이즈 / 화면 대비 색감: 화면과 비슷 / 퀄리티: 보통 / 두께감: 적당함,True,0,filluminate,아우터,L,,2026,7,4,토,5,응답,정사이즈,화면과 비슷,보통,,,,적당함,,3.0,,,3.0,,0.0,0.0,0.0,0.0,,,에어컨 방한템으로 구매했고 가벼워서 맘에 들어요.,에어컨방한템으로구매했고가벼워서맘에들어요,0,0,0,0,0,False,27,21,27,True
4728678,86043134,style,용감한살구색린넨,에어컨 방한템으로 구매했고 가벼워서 맘에 들어요.,5.0,False,L,178.0,66.0,남성,2026-07-04 18:40:31,사이즈: 정사이즈 / 화면 대비 색감: 화면과 비슷 / 퀄리티: 보통 / 두께감: 적당함,True,0,filluminate,아우터,L,,2026,7,4,토,5,응답,정사이즈,화면과 비슷,보통,,,,적당함,,3.0,,,3.0,,0.0,0.0,0.0,0.0,,,에어컨 방한템으로 구매했고 가벼워서 맘에 들어요.,에어컨방한템으로구매했고가벼워서맘에들어요,0,0,0,0,0,False,27,21,27,True
4728678,85990315,general,소나무남,여름에 비올때 입으면 좋을거 같아 샀어요. 세탁기에 한번 돌리니 실밥같은게 많이 떨어 졌지만 마음에 들어요.,4.0,False,L,180.0,90.0,남성,2026-07-02 17:07:55,사이즈: 조금 작음 / 화면 대비 색감: 화면과 비슷 / 퀄리티: 나쁨 / 두께감: 적당함,False,0,filluminate,아우터,L,,2026,7,2,목,4,응답,조금 작음,화면과 비슷,나쁨,,,,적당함,,2.0,,,3.0,,-1.0,1.0,0.0,0.0,,,여름에 비올때 입으면 좋을거 같아 샀어요. 세탁기에 한번 돌리니 실밥같은게 많이 떨어 졌지만 마음에 들어요.,여름에비올때입으면좋을거같아샀어요세탁기에한번돌리니실밥같은게많이떨어졌지만마음에들어요,0,0,0,0,0,False,60,44,60,True
4728678,85986575,general,우너주니,마으에 쏙들어요 ㅎㅎ 합리적인 가격에 잘 삿어요 만족!,5.0,False,L,176.0,76.0,남성,2026-07-02 14:34:47,사이즈: 정사이즈 / 화면 대비 색감: 화면과 비슷 / 퀄리티: 보통 / 두께감: 얇음,False,0,filluminate,아우터,L,,2026,7,2,목,5,응답,정사이즈,화면과 비슷,보통,,,,얇음,,3.0,,,2.0,,0.0,0.0,0.0,0.0,,,마으에 쏙들어요 ㅎㅎ 합리적인 가격에 잘 삿어요 만족!,마으에쏙들어요합리적인가격에잘삿어요만족,2,0,1,0,0,False,30,20,30,True
4728678,85982351,general,낭만적인합정점퍼,좋은가격에 잘 구입했습니다. 가을에 입을려고 미리구매했습니다.,5.0,False,L,174.0,74.0,남성,2026-07-02 11:28:48,사이즈: 정사이즈 / 화면 대비 색감: 화면과 비슷 / 퀄리티: 보통 / 두께감: 적당함,True,0,filluminate,아우터,L,,2026,7,2,목,5,응답,정사이즈,화면과 비슷,보통,,,,적당함,,3.0,,,3.0,,0.0,0.0,0.0,0.0,,,좋은가격에 잘 구입했습니다. 가을에 입을려고 미리구매했습니다.,좋은가격에잘구입했습니다가을에입을려고미리구매했습니다,0,0,0,0,0,False,34,27,34,True
4728678,85979109,general,빡구4,정사이즈에비해 적당합니다. 가을에 입고다닐거같아요,5.0,False,L,176.0,80.0,남성,2026-07-02 08:37:54,사이즈: 정사이즈 / 화면 대비 색감: 화면과 비슷 / 퀄리티: 보통 / 두께감: 적당함,False,0,filluminate,아우터,L,,2026,7,2,목,5,응답,정사이즈,화면과 비슷,보통,,,,적당함,,3.0,,,3.0,,0.0,0.0,0.0,0.0,,,정사이즈에비해 적당합니다. 가을에 입고다닐거같아요,정사이즈에비해적당합니다가을에입고다닐거같아요,0,0,0,0,0,False,27,23,27,True
4728678,85969217,style,잘생긴망갈라,날은 덥지만 학교에서 추워서 구매했는데 잘 입을 것 같아요,5.0,False,L,180.0,75.0,남성,2026-07-01 21:11:58,사이즈: 조금 큼 / 화면 대비 색감: 화면과 비슷 / 퀄리티: 매우 좋음 / 두께감: 두꺼움,True,0,filluminate,아우터,L,,2026,7,1,수,5,응답,조금 큼,화면과 비슷,매우 좋음,,,,두꺼움,,5.0,,,4.0,,1.0,1.0,0.0,0.0,,,날은 덥지만 학교에서 추워서 구매했는데 잘 입을 것 같아요,날은덥지만학교에서추워서구매했는데잘입을것같아요,0,0,0,0,0,False,32,24,32,True
4728678,85969211,general,잘생긴망갈라,날은 덥지만 학교에서 추워서 구매했는데 잘 입을 것 같아요,5.0,False,L,180.0,75.0,남성,2026-07-01 21:11:41,사이즈: 조금 큼 / 화면 대비 색감: 화면과 비슷 / 퀄리티: 매우 좋음 / 두께감: 두꺼움,True,0,filluminate,아우터,L,,2026,7,1,수,5,응답,조금 큼,화면과 비슷,매우 좋음,,,,두꺼움,,5.0,,,4.0,,1.0,1.0,0.0,0.0,,,날은 덥지만 학교에서 추워서 구매했는데 잘 입을 것 같아요,날은덥지만학교에서추워서구매했는데잘입을것같아요,0,0,0,0,0,False,32,24,32,True
4728678,85941349,general,얏호~!,바람막이 사이즈가 늘 애매해서 성공한 적이 잘 없엇는데 이번엔 완전 성공…!! 예뿐오버핏이에요,5.0,False,M,163.0,48.0,여성,2026-06-30 22:33:11,사이즈: 조금 큼 / 화면 대비 색감: 화면과 비슷 / 퀄리티: 보통 / 두께감: 적당함,False,0,filluminate,아우터,M,,2026,6,30,화,5,응답,조금 큼,화면과 비슷,보통,,,,적당함,,3.0,,,3.0,,1.0,1.0,0.0,0.0,,,바람막이 사이즈가 늘 애매해서 성공한 적이 잘 없엇는데 이번엔 완전 성공…!! 예뿐오버핏이에요,바람막이사이즈가늘애매해서성공한적이잘없엇는데이번엔완전성공예뿐오버핏이에요,0,0,2,0,0,False,52,38,52,True
4728678,85924173,general,캐주얼한민트룩북,편하고 좋네요 가성비 좋은 옷이네요 보풀이 좀 있긴 하지만..,5.0,False,S,168.0,62.0,남성,2026-06-30 13:00:59,사이즈: 정사이즈 / 화면 대비 색감: 화면과 비슷 / 퀄리티: 보통 / 두께감: 적당함,False,0,filluminate,아우터,S,,2026,6,30,화,5,응답,정사이즈,화면과 비슷,보통,,,,적당함,,3.0,,,3.0,,0.0,0.0,0.0,0.0,,,편하고 좋네요 가성비 좋은 옷이네요 보풀이 좀 있긴 하지만..,편하고좋네요가성비좋은옷이네요보풀이좀있긴하지만,0,0,0,0,0,False,34,24,34,True
4728678,85906330,general,모른다고요,안감이있어서 생각보다 두꺼웠어요. 160cm인데 m은 총장이 좀 많이 길었어요.  재질도 좋고 디테일도 너무 좋아서 추천해요,5.0,False,M,160.0,60.0,여성,2026-06-29 18:44:36,사이즈: 조금 큼 / 화면 대비 색감: 화면과 비슷 / 퀄리티: 매우 좋음 / 두께감: 두꺼움,True,0,filluminate,아우터,M,,2026,6,29,월,5,응답,조금 큼,화면과 비슷,매우 좋음,,,,두꺼움,,5.0,,,4.0,,1.0,1.0,0.0,0.0,,,안감이있어서 생각보다 두꺼웠어요. 160cm인데 m은 총장이 좀 많이 길었어요. 재질도 좋고 디테일도 너무 좋아서 추천해요,안감이있어서생각보다두꺼웠어요160cm인데m은총장이좀많이길었어요재질도좋고디테일도너무좋아서추천해요,0,0,0,0,0,False,69,46,68,True
4728678,85903720,general,ftcd29,생각보단 좀 두껍지만 전체적으로 만족스럽습니다,5.0,False,M,170.0,70.0,남성,2026-06-29 17:00:46,사이즈: 조금 작음 / 화면 대비 색감: 화면과 비슷 / 퀄리티: 좋음 / 두께감: 두꺼움,False,0,filluminate,아우터,M,,2026,6,29,월,5,응답,조금 작음,화면과 비슷,좋음,,,,두꺼움,,4.0,,,4.0,,-1.0,1.0,0.0,0.0,,,생각보단 좀 두껍지만 전체적으로 만족스럽습니다,생각보단좀두껍지만전체적으로만족스럽습니다,0,0,0,0,0,False,25,21,25,True
4728678,85885833,general,Rs.g,생각보다 두꺼운 느낌이지만 사이즈는 정사이즈네요,5.0,False,M,158.0,60.0,여성,2026-06-28 23:20:12,사이즈: 정사이즈 / 화면 대비 색감: 화면과 비슷 / 퀄리티: 보통 / 두께감: 두꺼움,False,0,filluminate,아우터,M,,2026,6,28,일,5,응답,정사이즈,화면과 비슷,보통,,,,두꺼움,,3.0,,,4.0,,0.0,0.0,0.0,0.0,,,생각보다 두꺼운 느낌이지만 사이즈는 정사이즈네요,생각보다두꺼운느낌이지만사이즈는정사이즈네요,0,0,0,0,0,False,26,22,26,True
4728678,85872954,general,소박한로마퍼프,고민하다가삿는데 괜한 고민이였어요 너무 예쁘네요,5.0,False,M,161.0,63.0,여성,2026-06-28 17:22:52,사이즈: 정사이즈 / 화면 대비 색감: 화면과 비슷 / 퀄리티: 보통 / 두께감: 적당함,False,0,filluminate,아우터,M,,2026,6,28,일,5,응답,정사이즈,화면과 비슷,보통,,,,적당함,,3.0,,,3.0,,0.0,0.0,0.0,0.0,,,고민하다가삿는데 괜한 고민이였어요 너무 예쁘네요,고민하다가삿는데괜한고민이였어요너무예쁘네요,0,0,0,0,0,False,26,22,26,True
4728678,85872542,general,오늘도화이팅_,상세 사진에서 본 것보다 실물 퀄리티가 더 좋아서 만족스럽습니다. 지퍼나 밑단 스트링 같은 디테일한 부분도 마감이 아주 깔끔해요. 소재가 너무 얇은 바람막이가 아니라 살짝 힘이 있는 두께감이라 더 고급스럽게 느껴집니다. 할인할 때 구매해서 가성비까지 챙긴 것 같아 기분 좋은 쇼핑이었네요!,5.0,False,M,170.0,68.0,남성,2026-06-28 17:11:21,사이즈: 정사이즈 / 화면 대비 색감: 화면과 비슷 / 퀄리티: 좋음 / 두께감: 두꺼움,True,0,filluminate,아우터,M,,2026,6,28,일,5,응답,정사이즈,화면과 비슷,좋음,,,,두꺼움,,4.0,,,4.0,,0.0,0.0,0.0,0.0,,,상세 사진에서 본 것보다 실물 퀄리티가 더 좋아서 만족스럽습니다. 지퍼나 밑단 스트링 같은 디테일한 부분도 마감이 아주 깔끔해요. 소재가 너무 얇은 바람막이가 아니라 살짝 힘이 있는 두께감이라 더 고급스럽게 느껴집니다. 할인할 때 구매해서 가성비까지 챙긴 것 같아 기분 좋은 쇼핑이었네요!,상세사진에서본것보다실물퀄리티가더좋아서만족스럽습니다지퍼나밑단스트링같은디테일한부분도마감이아주깔끔해요소재가너무얇은바람막이가아니라살짝힘이있는두께감이라더고급스럽게느껴집니다할인할때구매해서가성비까지챙긴것같아기분좋은쇼핑이었네요,0,0,1,0,0,False,161,118,161,True
4728678,85866193,general,정겨운빨강도트,제가볼때는 사이즈가 커보이는데 딸은 마음에 든데요~~날은 계속더워지는데 학교 학원은 너무추워서 아읻는은 긴옷도 필요할거같아요,5.0,False,S,160.0,53.0,여성,2026-06-28 14:07:38,사이즈: 정사이즈 / 화면 대비 색감: 화면과 비슷 / 퀄리티: 보통 / 두께감: 적당함,True,0,filluminate,아우터,S,,2026,6,28,일,5,응답,정사이즈,화면과 비슷,보통,,,,적당함,,3.0,,,3.0,,0.0,0.0,0.0,0.0,,,제가볼때는 사이즈가 커보이는데 딸은 마음에 든데요~~날은 계속더워지는데 학교 학원은 너무추워서 아읻는은 긴옷도 필요할거같아요,제가볼때는사이즈가커보이는데딸은마음에든데요날은계속더워지는데학교학원은너무추워서아읻는은긴옷도필요할거같아요,0,0,0,0,0,False,69,55,69,True
4728678,85828384,general,긔긔규,재질도 좋고 핏도 이뻐요 편하게 입기 너무 좋습니다,5.0,False,M,177.0,68.0,남성,2026-06-27 12:37:12,사이즈: 정사이즈 / 화면 대비 색감: 화면과 비슷 / 퀄리티: 매우 좋음 / 두께감: 적당함,True,0,filluminate,아우터,M,,2026,6,27,토,5,응답,정사이즈,화면과 비슷,매우 좋음,,,,적당함,,5.0,,,3.0,,0.0,0.0,0.0,0.0,,,재질도 좋고 핏도 이뻐요 편하게 입기 너무 좋습니다,재질도좋고핏도이뻐요편하게입기너무좋습니다,0,0,0,0,0,False,28,21,28,True
4728678,85823630,general,Aaaala,엄청 편하고 좋습니다  맨날 입고 다닐 것 같슴니다,5.0,False,M,178.0,58.0,남성,2026-06-27 10:16:58,사이즈: 정사이즈 / 화면 대비 색감: 화면과 비슷 / 퀄리티: 보통 / 두께감: 적당함,False,0,filluminate,아우터,M,,2026,6,27,토,5,응답,정사이즈,화면과 비슷,보통,,,,적당함,,3.0,,,3.0,,0.0,0.0,0.0,0.0,,,엄청 편하고 좋습니다 맨날 입고 다닐 것 같슴니다,엄청편하고좋습니다맨날입고다닐것같슴니다,0,0,0,0,0,False,28,20,27,True
4728678,85815858,general,눈부신인도워킹화,항상 애용하는 제품입니다. 너무나 마음에 들어서 적극추천합니다.아주 만족하는 제품입니다 적극추천합니다 다음에도 계속 구매하고 싶습니다.,5.0,False,M,162.0,46.0,missing,2026-06-27 00:30:45,사이즈: 정사이즈 / 화면 대비 색감: 화면과 비슷 / 퀄리티: 보통 / 두께감: 적당함,False,0,filluminate,아우터,M,,2026,6,27,토,5,응답,정사이즈,화면과 비슷,보통,,,,적당함,,3.0,,,3.0,,0.0,0.0,0.0,0.0,,,항상 애용하는 제품입니다. 너무나 마음에 들어서 적극추천합니다.아주 만족하는 제품입니다 적극추천합니다 다음에도 계속 구매하고 싶습니다.,항상애용하는제품입니다너무나마음에들어서적극추천합니다아주만족하는제품입니다적극추천합니다다음에도계속구매하고싶습니다,0,0,0,0,0,False,75,59,75,True
4728678,85800954,style,귀여운마포타월,사이즈가 너무 좋고 핏이 너무 좋습니다! 여름에도 입고 다니기 좋은 것 같아요,5.0,False,M,171.0,53.0,남성,2026-06-26 18:51:54,사이즈: 정사이즈 / 화면 대비 색감: 화면과 비슷 / 퀄리티: 매우 좋음 / 두께감: 적당함,True,0,filluminate,아우터,M,,2026,6,26,금,5,응답,정사이즈,화면과 비슷,매우 좋음,,,,적당함,,5.0,,,3.0,,0.0,0.0,0.0,0.0,,,사이즈가 너무 좋고 핏이 너무 좋습니다! 여름에도 입고 다니기 좋은 것 같아요,사이즈가너무좋고핏이너무좋습니다여름에도입고다니기좋은것같아요,0,0,1,0,0,False,43,31,43,True
4728678,85792280,general,매끄러운부산핀턱,아우터 L사이즈가 맞는데 이 옷은 커요...상체가 긴 편인데도 총 길이가 길어요 평소 사이즈보다 한치수 작게 사는게 좋을것 같아요. 사이즈는 기존 옷이랑 확인안한 저의 실수라 괜찮습니다. 재질은 부스럭  거리는 ? 시원한 부스럭이 아니라 땀복 느낌은 부스럭 느낌이에요  옷은 이쁜데 재질이 살짝 아쉽습니다.,4.0,False,L,178.0,65.0,여성,2026-06-26 16:01:25,사이즈: 조금 큼 / 화면 대비 색감: 화면과 비슷 / 퀄리티: 나쁨 / 두께감: 적당함,False,0,filluminate,아우터,L,,2026,6,26,금,4,응답,조금 큼,화면과 비슷,나쁨,,,,적당함,,2.0,,,3.0,,1.0,1.0,0.0,0.0,,,아우터 L사이즈가 맞는데 이 옷은 커요...상체가 긴 편인데도 총 길이가 길어요 평소 사이즈보다 한치수 작게 사는게 좋을것 같아요. 사이즈는 기존 옷이랑 확인안한 저의 실수라 괜찮습니다. 재질은 부스럭 거리는 ? 시원한 부스럭이 아니라 땀복 느낌은 부스럭 느낌이에요 옷은 이쁜데 재질이 살짝 아쉽습니다.,아우터l사이즈가맞는데이옷은커요상체가긴편인데도총길이가길어요평소사이즈보다한치수작게사는게좋을것같아요사이즈는기존옷이랑확인안한저의실수라괜찮습니다재질은부스럭거리는시원한부스럭이아니라땀복느낌은부스럭느낌이에요옷은이쁜데재질이살짝아쉽습니다,0,0,0,1,0,True,171,121,169,True
4728678,85737336,general,갱투더,"빠른배송 만족 합니다, 재질도 좋아요 간절기에 편하게 입어요",5.0,False,M,168.0,65.0,missing,2026-06-26 10:08:35,사이즈: 정사이즈 / 화면 대비 색감: 화면과 비슷 / 퀄리티: 보통 / 두께감: 적당함,False,0,filluminate,아우터,M,,2026,6,26,금,5,응답,정사이즈,화면과 비슷,보통,,,,적당함,,3.0,,,3.0,,0.0,0.0,0.0,0.0,,,"빠른배송 만족 합니다, 재질도 좋아요 간절기에 편하게 입어요",빠른배송만족합니다재질도좋아요간절기에편하게입어요,0,0,0,0,0,False,33,25,33,True
4728678,85732852,general,당당한압구정벌키,이번 여름 일교차 심하고 선선할때많아서 자주입게되네요 옷이뻐여,5.0,False,L,176.0,84.0,missing,2026-06-25 12:10:54,사이즈: 정사이즈 / 화면 대비 색감: 화면과 비슷 / 퀄리티: 보통 / 두께감: 얇음,False,0,filluminate,아우터,L,,2026,6,25,목,5,응답,정사이즈,화면과 비슷,보통,,,,얇음,,3.0,,,2.0,,0.0,0.0,0.0,0.0,,,이번 여름 일교차 심하고 선선할때많아서 자주입게되네요 옷이뻐여,이번여름일교차심하고선선할때많아서자주입게되네요옷이뻐여,0,0,0,0,0,False,34,28,34,True
4728678,85730791,general,심오한캐나다실크,"실물이 훨씬 예쁜 바람막이입니다! 자칫 밋밋할 수 있는 블랙 컬러인데, 화이트 커브드 라인 디테일이 들어가서 스포티하면서도 힙한 느낌이 뿜뿜하네요. 밑단에 스트링이 있어서 핏을 조절해서 입을 수 있는 점도 마음에 쏙 듭니다. 요즘 유행하는 고프코어룩에 딱 어울려요.",5.0,False,S,162.0,55.0,missing,2026-06-25 11:17:58,사이즈: 정사이즈 / 화면 대비 색감: 화면과 비슷 / 퀄리티: 보통 / 두께감: 적당함,True,0,filluminate,아우터,S,,2026,6,25,목,5,응답,정사이즈,화면과 비슷,보통,,,,적당함,,3.0,,,3.0,,0.0,0.0,0.0,0.0,,,"실물이 훨씬 예쁜 바람막이입니다! 자칫 밋밋할 수 있는 블랙 컬러인데, 화이트 커브드 라인 디테일이 들어가서 스포티하면서도 힙한 느낌이 뿜뿜하네요. 밑단에 스트링이 있어서 핏을 조절해서 입을 수 있는 점도 마음에 쏙 듭니다. 요즘 유행하는 고프코어룩에 딱 어울려요.",실물이훨씬예쁜바람막이입니다자칫밋밋할수있는블랙컬러인데화이트커브드라인디테일이들어가서스포티하면서도힙한느낌이뿜뿜하네요밑단에스트링이있어서핏을조절해서입을수있는점도마음에쏙듭니다요즘유행하는고프코어룩에딱어울려요,0,0,1,0,0,False,148,108,148,True
4728678,85691667,general,용기있는용산스판,재질도맘에들고가벼워서좋아요 한가지걸리는게있다면손목부분이너무넓어서 잡고있어야겠네요 조금만더짱짱하면좋겠어요,3.0,False,S,157.0,42.0,여성,2026-06-24 17:52:25,사이즈: 조금 큼 / 화면 대비 색감: 화면과 비슷 / 퀄리티: 보통 / 두께감: 적당함,True,0,filluminate,아우터,S,,2026,6,24,수,3,응답,조금 큼,화면과 비슷,보통,,,,적당함,,3.0,,,3.0,,1.0,1.0,0.0,0.0,,,재질도맘에들고가벼워서좋아요 한가지걸리는게있다면손목부분이너무넓어서 잡고있어야겠네요 조금만더짱짱하면좋겠어요,재질도맘에들고가벼워서좋아요한가지걸리는게있다면손목부분이너무넓어서잡고있어야겠네요조금만더짱짱하면좋겠어요,0,0,0,0,0,False,57,54,57,True
4728678,85662671,general,키릴로,자크 빼고는 나름 괜찮아요 .. 자크를 너무 싸구려 사용하신듯,3.0,False,L,177.0,73.0,남성,2026-06-24 08:42:25,사이즈: 정사이즈 / 화면 대비 색감: 화면과 비슷 / 퀄리티: 나쁨 / 두께감: 적당함,False,0,filluminate,아우터,L,,2026,6,24,수,3,응답,정사이즈,화면과 비슷,나쁨,,,,적당함,,2.0,,,3.0,,0.0,0.0,0.0,0.0,,,자크 빼고는 나름 괜찮아요 .. 자크를 너무 싸구려 사용하신듯,자크빼고는나름괜찮아요자크를너무싸구려사용하신듯,0,0,0,0,0,False,34,24,34,True
4728678,85653036,general,절묘한카키캐리어,오래 고민하다 산건데 매우 만족스럽네여.. 재질도 고급스러워 보이고 색도 예쁩니다,5.0,False,L,174.0,100.0,남성,2026-06-24 00:26:05,사이즈: 조금 큼 / 화면 대비 색감: 화면과 비슷 / 퀄리티: 보통 / 두께감: 두꺼움,False,0,filluminate,아우터,L,,2026,6,24,수,5,응답,조금 큼,화면과 비슷,보통,,,,두꺼움,,3.0,,,4.0,,1.0,1.0,0.0,0.0,,,오래 고민하다 산건데 매우 만족스럽네여.. 재질도 고급스러워 보이고 색도 예쁩니다,오래고민하다산건데매우만족스럽네여재질도고급스러워보이고색도예쁩니다,0,0,0,0,0,False,45,34,45,True
4728678,85625280,general,이현우임,굿 그냥 화면에 보이는거랑 똑같이 생겼고 편하게 입을만해요,5.0,False,L,181.0,73.0,남성,2026-06-23 18:21:59,사이즈: 정사이즈 / 화면 대비 색감: 화면과 비슷 / 퀄리티: 보통 / 두께감: 적당함,False,0,filluminate,아우터,L,,2026,6,23,화,5,응답,정사이즈,화면과 비슷,보통,,,,적당함,,3.0,,,3.0,,0.0,0.0,0.0,0.0,,,굿 그냥 화면에 보이는거랑 똑같이 생겼고 편하게 입을만해요,굿그냥화면에보이는거랑똑같이생겼고편하게입을만해요,0,0,0,0,0,False,32,25,32,True
4728678,85625011,general,힙한대만댄디룩,주머니가 좀 작아서 물건은 넣고다니는건 힘들거같지만 학교 에어컨 바람이 추워서 입을려고 산거라 두께감이 적당해서 만족합니다,4.0,False,S,165.0,55.0,여성,2026-06-23 18:17:23,사이즈: 정사이즈 / 화면 대비 색감: 화면과 비슷 / 퀄리티: 보통 / 두께감: 적당함,False,0,filluminate,아우터,S,,2026,6,23,화,4,응답,정사이즈,화면과 비슷,보통,,,,적당함,,3.0,,,3.0,,0.0,0.0,0.0,0.0,,,주머니가 좀 작아서 물건은 넣고다니는건 힘들거같지만 학교 에어컨 바람이 추워서 입을려고 산거라 두께감이 적당해서 만족합니다,주머니가좀작아서물건은넣고다니는건힘들거같지만학교에어컨바람이추워서입을려고산거라두께감이적당해서만족합니다,0,0,0,0,0,False,68,54,68,True
4728678,85616134,general,밸태,디자인이 이쁘고 스프링이 있어서 레이어드에 편의성이 있어서 좋았습니다,5.0,False,M,172.0,63.0,남성,2026-06-23 15:27:36,사이즈: 조금 큼 / 화면 대비 색감: 화면과 비슷 / 퀄리티: 좋음 / 두께감: 매우 얇음,False,0,filluminate,아우터,M,,2026,6,23,화,5,응답,조금 큼,화면과 비슷,좋음,,,,매우 얇음,,4.0,,,1.0,,1.0,1.0,0.0,0.0,,,디자인이 이쁘고 스프링이 있어서 레이어드에 편의성이 있어서 좋았습니다,디자인이이쁘고스프링이있어서레이어드에편의성이있어서좋았습니다,0,0,0,0,0,False,38,31,38,True
4728678,85598660,general,환한페루큐빅,원단이 쳐지지 않고 꽤 힘이 있어서 좋았지만 밑단의 시보리가 약해서 조금 아쉬웠습니다,4.0,False,S,170.0,57.0,남성,2026-06-23 08:00:02,사이즈: 정사이즈 / 화면 대비 색감: 어두움 / 퀄리티: 좋음 / 두께감: 적당함,True,0,filluminate,아우터,S,,2026,6,23,화,4,응답,정사이즈,어두움,좋음,,,,적당함,,4.0,,,3.0,,0.0,0.0,-1.0,1.0,,,원단이 쳐지지 않고 꽤 힘이 있어서 좋았지만 밑단의 시보리가 약해서 조금 아쉬웠습니다,원단이쳐지지않고꽤힘이있어서좋았지만밑단의시보리가약해서조금아쉬웠습니다,0,0,0,0,0,False,47,36,47,True
4728678,85582922,general,안녕하세요 반가워요,굉장히 가볍고 이쁘고 싸게 살 수 있어서 좋았어요,5.0,False,M,175.0,65.0,남성,2026-06-22 21:29:12,사이즈: 정사이즈 / 화면 대비 색감: 화면과 비슷 / 퀄리티: 보통 / 두께감: 적당함,False,0,filluminate,아우터,M,,2026,6,22,월,5,응답,정사이즈,화면과 비슷,보통,,,,적당함,,3.0,,,3.0,,0.0,0.0,0.0,0.0,,,굉장히 가볍고 이쁘고 싸게 살 수 있어서 좋았어요,굉장히가볍고이쁘고싸게살수있어서좋았어요,0,0,0,0,0,False,27,20,27,True
4728678,85581402,general,kjhyeok,후뚜루 마뚜루 입기 딱좋아서 자주 입을거 같아요,5.0,False,L,180.0,80.0,남성,2026-06-22 21:03:30,사이즈: 정사이즈 / 화면 대비 색감: 화면과 비슷 / 퀄리티: 보통 / 두께감: 적당함,True,0,filluminate,아우터,L,,2026,6,22,월,5,응답,정사이즈,화면과 비슷,보통,,,,적당함,,3.0,,,3.0,,0.0,0.0,0.0,0.0,,,후뚜루 마뚜루 입기 딱좋아서 자주 입을거 같아요,후뚜루마뚜루입기딱좋아서자주입을거같아요,0,0,0,0,0,False,26,20,26,True
4728678,85552723,general,입맛없는노랑캡,고등학생 아이 실내에서 에어컨 때문에 출울때 입으라고 사줬는데 안에 망사가 덧대어져있어서 좀 더울거 같아요.그래도 핏이랑 마음에 든다고 하네요.,4.0,False,S,163.0,45.0,여성,2026-06-22 10:45:01,사이즈: 정사이즈 / 화면 대비 색감: 화면과 비슷 / 퀄리티: 보통 / 두께감: 적당함,True,0,filluminate,아우터,S,,2026,6,22,월,4,응답,정사이즈,화면과 비슷,보통,,,,적당함,,3.0,,,3.0,,0.0,0.0,0.0,0.0,,,고등학생 아이 실내에서 에어컨 때문에 출울때 입으라고 사줬는데 안에 망사가 덧대어져있어서 좀 더울거 같아요.그래도 핏이랑 마음에 든다고 하네요.,고등학생아이실내에서에어컨때문에출울때입으라고사줬는데안에망사가덧대어져있어서좀더울거같아요그래도핏이랑마음에든다고하네요,0,0,0,0,0,False,80,61,80,True
﻿5900201,86046605,general,충실한대학로벨트,사이즈가 좀 큰 편이긴한데 그래도 힙하게 입기 좋습니다,5.0,False,M,177.0,66.0,남성,2026-07-04 21:35:50,사이즈: 많이 큼 / 화면 대비 색감: 매우 어두움 / 퀄리티: 매우 좋음 / 두께감: 매우 두꺼움,True,0,filluminate,아우터,M,,2026,7,4,토,5,응답,많이 큼,매우 어두움,매우 좋음,,,,매우 두꺼움,,5.0,,,5.0,,2.0,2.0,-2.0,2.0,,,사이즈가 좀 큰 편이긴한데 그래도 힙하게 입기 좋습니다,사이즈가좀큰편이긴한데그래도힙하게입기좋습니다,0,0,0,0,0,False,30,23,30,True
5900201,86046584,style,충실한대학로벨트,사이즈가 좀 큰 편이긴한데 그래도 힙하게 입기 좋습니다,5.0,False,M,177.0,66.0,남성,2026-07-04 21:35:01,사이즈: 많이 큼 / 화면 대비 색감: 매우 어두움 / 퀄리티: 매우 좋음 / 두께감: 매우 두꺼움,True,0,filluminate,아우터,M,,2026,7,4,토,5,응답,많이 큼,매우 어두움,매우 좋음,,,,매우 두꺼움,,5.0,,,5.0,,2.0,2.0,-2.0,2.0,,,사이즈가 좀 큰 편이긴한데 그래도 힙하게 입기 좋습니다,사이즈가좀큰편이긴한데그래도힙하게입기좋습니다,0,0,0,0,0,False,30,23,30,True
5900201,85908850,general,자극적인플럼버튼,핏도 넘 예쁘고 특히 색감이 완전 귀여워용 그리고 여름이나 가을 봄 몰라요 사계절 다 입을 수 았을 것 같은디 겨울에는 더 껴입어야해용 그래야 감기 안걸려용 그리고 여름에 에어컨 바람 차잖아요 그때 딱 입으면 온도가 적당해서 기분이 좋아용 교복하고도 잘 어울려용 모찌.,5.0,False,S,172.0,54.0,여성,2026-06-29 20:28:24,사이즈: 정사이즈 / 화면 대비 색감: 화면과 비슷 / 퀄리티: 매우 좋음 / 두께감: 얇음,False,0,filluminate,아우터,S,,2026,6,29,월,5,응답,정사이즈,화면과 비슷,매우 좋음,,,,얇음,,5.0,,,2.0,,0.0,0.0,0.0,0.0,,,핏도 넘 예쁘고 특히 색감이 완전 귀여워용 그리고 여름이나 가을 봄 몰라요 사계절 다 입을 수 았을 것 같은디 겨울에는 더 껴입어야해용 그래야 감기 안걸려용 그리고 여름에 에어컨 바람 차잖아요 그때 딱 입으면 온도가 적당해서 기분이 좋아용 교복하고도 잘 어울려용 모찌.,핏도넘예쁘고특히색감이완전귀여워용그리고여름이나가을봄몰라요사계절다입을수았을것같은디겨울에는더껴입어야해용그래야감기안걸려용그리고여름에에어컨바람차잖아요그때딱입으면온도가적당해서기분이좋아용교복하고도잘어울려용모찌,0,0,0,0,0,False,150,109,150,True
5900201,85908420,general,정넘도마,말 있죠. 바람막이는 필루미네이트. 지금이 제철이라는 말. 실은 좀 늦게 산 감이 있긴 한데 가을까지 기다렸다 입거나 추운 실내에서 입으면 됨,5.0,False,M,158.0,50.0,여성,2026-06-29 20:13:15,사이즈: 조금 큼 / 화면 대비 색감: 화면과 비슷 / 퀄리티: 보통 / 두께감: 적당함,True,0,filluminate,아우터,M,,2026,6,29,월,5,응답,조금 큼,화면과 비슷,보통,,,,적당함,,3.0,,,3.0,,1.0,1.0,0.0,0.0,,,말 있죠. 바람막이는 필루미네이트. 지금이 제철이라는 말. 실은 좀 늦게 산 감이 있긴 한데 가을까지 기다렸다 입거나 추운 실내에서 입으면 됨,말있죠바람막이는필루미네이트지금이제철이라는말실은좀늦게산감이있긴한데가을까지기다렸다입거나추운실내에서입으면됨,0,0,0,0,0,False,79,56,79,True
5900201,85900732,general,아련한마포데님,색감 이쁘고 핏도 괜찮은데 .. 지퍼가 불량인거같아요 처음엔 새옷이라 그런줄 알았는데 택도 떼고 입고 운동하고 세탁하고 해도 중간부분쯤에서 편하게 안올라갑니다 중간에서 지퍼가 계속 터져요,1.0,False,M,167.0,57.0,남성,2026-06-29 15:10:19,사이즈: 조금 작음 / 화면 대비 색감: 화면과 비슷 / 퀄리티: 좋음 / 두께감: 적당함,False,0,filluminate,아우터,M,,2026,6,29,월,1,응답,조금 작음,화면과 비슷,좋음,,,,적당함,,4.0,,,3.0,,-1.0,1.0,0.0,0.0,,,색감 이쁘고 핏도 괜찮은데 .. 지퍼가 불량인거같아요 처음엔 새옷이라 그런줄 알았는데 택도 떼고 입고 운동하고 세탁하고 해도 중간부분쯤에서 편하게 안올라갑니다 중간에서 지퍼가 계속 터져요,색감이쁘고핏도괜찮은데지퍼가불량인거같아요처음엔새옷이라그런줄알았는데택도떼고입고운동하고세탁하고해도중간부분쯤에서편하게안올라갑니다중간에서지퍼가계속터져요,0,0,0,0,0,False,104,79,104,True
5900201,85871610,general,넓은로마동전지갑,제 스펙에 사이즈가 살짝 컸어요 160중반 정도 되시는 분들이 입으면 사이즈가 딱 정핏이 나오지 않을까 싶습니다 그리고 리뷰에 색이 생각보다 오묘한 그레이 탁한 블루느낌이 난다고 해서 그레이랑 고민하다가 소리가 더 유니크해서 샀는데 그레이는 모르겠고 그냥 소라예요 ㅜ 살짝 후회중 아우터는 무난한 색으로 사야 오래 입는다던데 그래도 잘 입어볼게요 살짝 과할까봐 걱정…,4.0,False,S,159.0,48.0,여성,2026-06-28 16:43:46,사이즈: 조금 큼 / 화면 대비 색감: 밝음 / 퀄리티: 매우 좋음 / 두께감: 얇음,False,0,filluminate,아우터,S,,2026,6,28,일,4,응답,조금 큼,밝음,매우 좋음,,,,얇음,,5.0,,,2.0,,1.0,1.0,1.0,1.0,,,제 스펙에 사이즈가 살짝 컸어요 160중반 정도 되시는 분들이 입으면 사이즈가 딱 정핏이 나오지 않을까 싶습니다 그리고 리뷰에 색이 생각보다 오묘한 그레이 탁한 블루느낌이 난다고 해서 그레이랑 고민하다가 소리가 더 유니크해서 샀는데 그레이는 모르겠고 그냥 소라예요 ㅜ 살짝 후회중 아우터는 무난한 색으로 사야 오래 입는다던데 그래도 잘 입어볼게요 살짝 과할까봐 걱정…,제스펙에사이즈가살짝컸어요160중반정도되시는분들이입으면사이즈가딱정핏이나오지않을까싶습니다그리고리뷰에색이생각보다오묘한그레이탁한블루느낌이난다고해서그레이랑고민하다가소리가더유니크해서샀는데그레이는모르겠고그냥소라예요살짝후회중아우터는무난한색으로사야오래입는다던데그래도잘입어볼게요살짝과할까봐걱정,0,1,0,0,0,False,205,150,205,True
5900201,85850696,general,강됒,"시원하고 이뻐요. 편하게 입기 좋고, 재질이 생각한거보다 더 튼튼해요.",5.0,False,L,178.0,75.0,남성,2026-06-27 23:02:49,사이즈: 조금 큼 / 화면 대비 색감: 밝음 / 퀄리티: 좋음 / 두께감: 두꺼움,False,0,filluminate,아우터,L,,2026,6,27,토,5,응답,조금 큼,밝음,좋음,,,,두꺼움,,4.0,,,4.0,,1.0,1.0,1.0,1.0,,,"시원하고 이뻐요. 편하게 입기 좋고, 재질이 생각한거보다 더 튼튼해요.",시원하고이뻐요편하게입기좋고재질이생각한거보다더튼튼해요,0,0,0,0,0,False,39,28,39,True
5900201,85802875,general,세모나라달,커요 막 입고 다니기 좋을 것 같습니다 색도 괜찮아요,4.0,False,S,160.0,41.0,여성,2026-06-26 19:34:18,사이즈: 조금 큼 / 화면 대비 색감: 화면과 비슷 / 퀄리티: 보통 / 두께감: 적당함,True,0,filluminate,아우터,S,,2026,6,26,금,4,응답,조금 큼,화면과 비슷,보통,,,,적당함,,3.0,,,3.0,,1.0,1.0,0.0,0.0,,,커요 막 입고 다니기 좋을 것 같습니다 색도 괜찮아요,커요막입고다니기좋을것같습니다색도괜찮아요,0,0,0,0,0,False,29,21,29,True
5900201,85802723,style,세모나라달,커요 스몰이라고 해도 많이 큰 것 같아요 막 입기는 좋을 것 같네요,4.0,False,S,160.0,41.0,여성,2026-06-26 19:30:26,사이즈: 조금 큼 / 화면 대비 색감: 화면과 비슷 / 퀄리티: 보통 / 두께감: 적당함,True,0,filluminate,아우터,S,,2026,6,26,금,4,응답,조금 큼,화면과 비슷,보통,,,,적당함,,3.0,,,3.0,,1.0,1.0,0.0,0.0,,,커요 스몰이라고 해도 많이 큰 것 같아요 막 입기는 좋을 것 같네요,커요스몰이라고해도많이큰것같아요막입기는좋을것같네요,0,0,0,0,0,False,37,26,37,True
5900201,85694895,general,daall12,"색상, 디자인 무난하고 입기 편해요 세탁후에도 줄지  않네요",3.0,False,S,161.0,70.0,여성,2026-06-24 18:45:36,사이즈: 조금 큼 / 화면 대비 색감: 화면과 비슷 / 퀄리티: 보통 / 두께감: 적당함,True,0,filluminate,아우터,S,,2026,6,24,수,3,응답,조금 큼,화면과 비슷,보통,,,,적당함,,3.0,,,3.0,,1.0,1.0,0.0,0.0,,,"색상, 디자인 무난하고 입기 편해요 세탁후에도 줄지 않네요",색상디자인무난하고입기편해요세탁후에도줄지않네요,0,0,0,0,0,False,33,24,32,True
5900201,85637345,general,불량연필,"그레이가 섞인듯한 하늘색이고 사이즈 좀 커요~ 봄,가을에 입기 좋은 두께입니다",5.0,False,S,160.0,52.0,여성,2026-06-23 21:10:23,사이즈: 조금 큼 / 화면 대비 색감: 화면과 비슷 / 퀄리티: 보통 / 두께감: 적당함,True,0,filluminate,아우터,S,,2026,6,23,화,5,응답,조금 큼,화면과 비슷,보통,,,,적당함,,3.0,,,3.0,,1.0,1.0,0.0,0.0,,,"그레이가 섞인듯한 하늘색이고 사이즈 좀 커요~ 봄,가을에 입기 좋은 두께입니다",그레이가섞인듯한하늘색이고사이즈좀커요봄가을에입기좋은두께입니다,0,0,0,0,0,False,43,32,43,True
5900201,85380341,general,mingo98,스카이블루 색상이 화면에서 보던 것과 거의 똑같이 화사하고 예쁩니다! 평소 입는 사이즈보다 살짝 여유 있게 나온 편이라 편안하게 툭 걸쳐 입기 정말 좋아요. 옷 품질이나 마감 처리도 아주 깔끔해서 대만족이고 예쁜 세미 오버핏으로 떨어집니다.,5.0,False,L,175.0,80.0,남성,2026-06-22 02:41:56,사이즈: 조금 큼 / 화면 대비 색감: 화면과 비슷 / 퀄리티: 매우 좋음 / 두께감: 적당함,True,0,filluminate,아우터,L,,2026,6,22,월,5,응답,조금 큼,화면과 비슷,매우 좋음,,,,적당함,,5.0,,,3.0,,1.0,1.0,0.0,0.0,,,스카이블루 색상이 화면에서 보던 것과 거의 똑같이 화사하고 예쁩니다! 평소 입는 사이즈보다 살짝 여유 있게 나온 편이라 편안하게 툭 걸쳐 입기 정말 좋아요. 옷 품질이나 마감 처리도 아주 깔끔해서 대만족이고 예쁜 세미 오버핏으로 떨어집니다.,스카이블루색상이화면에서보던것과거의똑같이화사하고예쁩니다평소입는사이즈보다살짝여유있게나온편이라편안하게툭걸쳐입기정말좋아요옷품질이나마감처리도아주깔끔해서대만족이고예쁜세미오버핏으로떨어집니다,0,0,1,0,0,False,134,98,134,True
﻿5973119,85995690,general,훈훈한라벤더포멀,색상 너무 예뻐요 뭔가 구름있는 하늘같음ㅋㅋ어깨넓고 팔이 엄청 긴편인데 팔길이도 잘맞아서 좋네요,5.0,False,F,172.0,62.0,여성,2026-07-02 20:31:32,사이즈: 정사이즈 / 화면 대비 색감: 화면과 비슷 / 퀄리티: 보통 / 두께감: 얇음,True,0,filluminate,아우터,F,,2026,7,2,목,5,응답,정사이즈,화면과 비슷,보통,,,,얇음,,3.0,,,2.0,,0.0,0.0,0.0,0.0,,,색상 너무 예뻐요 뭔가 구름있는 하늘같음ㅋㅋ어깨넓고 팔이 엄청 긴편인데 팔길이도 잘맞아서 좋네요,색상너무예뻐요뭔가구름있는하늘같음어깨넓고팔이엄청긴편인데팔길이도잘맞아서좋네요,2,0,0,0,0,False,53,40,53,True
﻿5973129,85579701,general,공개된스페인룩,가볍게 걸치기 좋은 무난한 옷이라 좋음. 전철안 추울 때나 비올 때 잘 입고 있음. 특히 투웨이 지퍼라 옷 맞춰서 여러 느낌으로~,5.0,False,F,160.0,54.0,missing,2026-06-22 20:29:33,사이즈: 정사이즈 / 화면 대비 색감: 화면과 비슷 / 퀄리티: 매우 좋음 / 두께감: 매우 얇음,True,0,filluminate,아우터,F,,2026,6,22,월,5,응답,정사이즈,화면과 비슷,매우 좋음,,,,매우 얇음,,5.0,,,1.0,,0.0,0.0,0.0,0.0,,,가볍게 걸치기 좋은 무난한 옷이라 좋음. 전철안 추울 때나 비올 때 잘 입고 있음. 특히 투웨이 지퍼라 옷 맞춰서 여러 느낌으로~,가볍게걸치기좋은무난한옷이라좋음전철안추울때나비올때잘입고있음특히투웨이지퍼라옷맞춰서여러느낌으로,0,0,0,0,0,False,72,49,72,True
﻿6109242,85921260,general,화사한세종지갑,이거 얇은데 어깨각이 잡혀있어서 입으면 체격이 있어보여요 그리고 엄청 얇고 색도 이쁘고 안에 주머니도 있고 투웨이에 디테일이 좋은 옷입니다,5.0,False,M,158.0,55.0,missing,2026-06-30 10:40:35,사이즈: 조금 큼 / 화면 대비 색감: 화면과 비슷 / 퀄리티: 좋음 / 두께감: 매우 얇음,False,0,filluminate,아우터,M,,2026,6,30,화,5,응답,조금 큼,화면과 비슷,좋음,,,,매우 얇음,,4.0,,,1.0,,1.0,1.0,0.0,0.0,,,이거 얇은데 어깨각이 잡혀있어서 입으면 체격이 있어보여요 그리고 엄청 얇고 색도 이쁘고 안에 주머니도 있고 투웨이에 디테일이 좋은 옷입니다,이거얇은데어깨각이잡혀있어서입으면체격이있어보여요그리고엄청얇고색도이쁘고안에주머니도있고투웨이에디테일이좋은옷입니다,0,0,0,0,0,False,77,59,77,True
﻿3791988,86058928,general,몬놀아도go,무진장 세일할때 산건데 되게 싸게 잘 산거같아용 디자인을 자세히 보고사진 않았는데 도착하고 보니까 옷에 스크래치 디자인이 있더라구여 힙한 패션 좋아해서 너무 마음에 들었습니당~~,5.0,False,M,167.0,70.0,여성,2026-07-05 13:11:24,사이즈: 정사이즈 / 화면 대비 색감: 화면과 비슷 / 퀄리티: 보통 / 신축성: 전혀 없음,False,0,filluminate,하의,M,,2026,7,5,일,5,응답,정사이즈,화면과 비슷,보통,,,전혀 없음,,,3.0,,1.0,,,0.0,0.0,0.0,0.0,,,무진장 세일할때 산건데 되게 싸게 잘 산거같아용 디자인을 자세히 보고사진 않았는데 도착하고 보니까 옷에 스크래치 디자인이 있더라구여 힙한 패션 좋아해서 너무 마음에 들었습니당~~,무진장세일할때산건데되게싸게잘산거같아용디자인을자세히보고사진않았는데도착하고보니까옷에스크래치디자인이있더라구여힙한패션좋아해서너무마음에들었습니당,0,0,0,0,0,False,99,75,99,True
3791988,86051272,general,reallII,다 좋은데 허리가 조금 작은 느낌이네요 바지 통은 널널하고 좋습니다 다이어트 자극하는 바지네요,5.0,False,M,177.0,70.0,남성,2026-07-05 00:47:21,사이즈: 정사이즈 / 화면 대비 색감: 화면과 비슷 / 퀄리티: 보통 / 신축성: 적당함,False,0,filluminate,하의,M,,2026,7,5,일,5,응답,정사이즈,화면과 비슷,보통,,,적당함,,,3.0,,3.0,,,0.0,0.0,0.0,0.0,,,다 좋은데 허리가 조금 작은 느낌이네요 바지 통은 널널하고 좋습니다 다이어트 자극하는 바지네요,다좋은데허리가조금작은느낌이네요바지통은널널하고좋습니다다이어트자극하는바지네요,0,0,0,0,0,False,52,40,52,True
3791988,86050567,style,안녕복숭아야,얇은 원단이라 여름에 잘 입을거같아요 통도 커서 좋아요,5.0,False,M,173.0,75.0,남성,2026-07-05 00:18:54,사이즈: 정사이즈 / 화면 대비 색감: 화면과 비슷 / 퀄리티: 보통 / 신축성: 적당함,True,0,filluminate,하의,M,,2026,7,5,일,5,응답,정사이즈,화면과 비슷,보통,,,적당함,,,3.0,,3.0,,,0.0,0.0,0.0,0.0,,,얇은 원단이라 여름에 잘 입을거같아요 통도 커서 좋아요,얇은원단이라여름에잘입을거같아요통도커서좋아요,0,0,0,0,0,False,30,23,30,True
3791988,86049235,general,활동적인유럽쇼룸,나머지 스펙은 좋은데 그에 비해 허리가 좀 작습니다. 그 점 고려해서 구매해야 합니다.,5.0,False,S,171.0,62.0,남성,2026-07-04 23:20:29,사이즈: 조금 작음 / 화면 대비 색감: 화면과 비슷 / 퀄리티: 보통 / 신축성: 거의 없음,True,0,filluminate,하의,S,,2026,7,4,토,5,응답,조금 작음,화면과 비슷,보통,,,거의 없음,,,3.0,,2.0,,,-1.0,1.0,0.0,0.0,,,나머지 스펙은 좋은데 그에 비해 허리가 좀 작습니다. 그 점 고려해서 구매해야 합니다.,나머지스펙은좋은데그에비해허리가좀작습니다그점고려해서구매해야합니다,0,0,0,0,0,False,48,34,48,True
3791988,86047405,general,행크0,색상은 조금 밝은 것 같고 사이즈도 생각보다 커요.  그래도 편하게 입기 좋아요~,5.0,False,S,163.0,56.0,여성,2026-07-04 22:06:19,사이즈: 조금 큼 / 화면 대비 색감: 밝음 / 퀄리티: 보통 / 신축성: 적당함,True,0,filluminate,하의,S,,2026,7,4,토,5,응답,조금 큼,밝음,보통,,,적당함,,,3.0,,3.0,,,1.0,1.0,1.0,1.0,,,색상은 조금 밝은 것 같고 사이즈도 생각보다 커요. 그래도 편하게 입기 좋아요~,색상은조금밝은것같고사이즈도생각보다커요그래도편하게입기좋아요,0,0,0,0,0,False,45,31,44,True
3791988,86047340,general,흐르는발리컬렉션,길이 기장이 딱 맞아서 너무 좋고 여름에 입을수 잇어요,4.0,False,S,173.0,79.0,missing,2026-07-04 22:03:17,사이즈: 정사이즈 / 화면 대비 색감: 화면과 비슷 / 퀄리티: 보통 / 신축성: 적당함,True,0,filluminate,하의,S,,2026,7,4,토,4,응답,정사이즈,화면과 비슷,보통,,,적당함,,,3.0,,3.0,,,0.0,0.0,0.0,0.0,,,길이 기장이 딱 맞아서 너무 좋고 여름에 입을수 잇어요,길이기장이딱맞아서너무좋고여름에입을수잇어요,0,0,0,0,0,False,30,22,30,True
3791988,86046438,general,마타르송,여름철에 긴 바지 입기 부담스러울 수 있는데 이 제품은 얇아서 여름에 입기 너무 좋아요 적절하게 있는 워싱도 맘에 드네요,5.0,False,L,168.0,68.0,남성,2026-07-04 21:29:07,사이즈: 정사이즈 / 화면 대비 색감: 화면과 비슷 / 퀄리티: 보통 / 신축성: 적당함,True,0,filluminate,하의,L,,2026,7,4,토,5,응답,정사이즈,화면과 비슷,보통,,,적당함,,,3.0,,3.0,,,0.0,0.0,0.0,0.0,,,여름철에 긴 바지 입기 부담스러울 수 있는데 이 제품은 얇아서 여름에 입기 너무 좋아요 적절하게 있는 워싱도 맘에 드네요,여름철에긴바지입기부담스러울수있는데이제품은얇아서여름에입기너무좋아요적절하게있는워싱도맘에드네요,0,0,0,0,0,False,67,49,67,True
3791988,86046135,general,두쫀쿨,약간 헤진듯 한 느낌에 처음 착용하는 색상인데 마음에 들어요,5.0,False,M,179.0,67.0,남성,2026-07-04 21:17:03,사이즈: 정사이즈 / 화면 대비 색감: 화면과 비슷 / 퀄리티: 보통 / 신축성: 적당함,True,0,filluminate,하의,M,,2026,7,4,토,5,응답,정사이즈,화면과 비슷,보통,,,적당함,,,3.0,,3.0,,,0.0,0.0,0.0,0.0,,,약간 헤진듯 한 느낌에 처음 착용하는 색상인데 마음에 들어요,약간헤진듯한느낌에처음착용하는색상인데마음에들어요,0,0,0,0,0,False,33,25,33,True
3791988,86041874,general,낮은부산밴드,바지가 이쁘게 떨어져서 스타일하기 정말 좋았어요! 또 바지에 핀티지 부분들이 포인트로 들어가서 이뻤어요 다만 바지가 아주 조금 밝았어요!  그렇다고 이미지랑 다르진 않답니다! 사이즈도 아주 약간 클 수 있으니 참고하고 사시길 바랍니다!,4.0,False,XL,181.0,90.0,남성,2026-07-04 17:44:29,사이즈: 조금 큼 / 화면 대비 색감: 밝음 / 퀄리티: 좋음 / 신축성: 적당함,False,0,filluminate,하의,XL,,2026,7,4,토,4,응답,조금 큼,밝음,좋음,,,적당함,,,4.0,,3.0,,,1.0,1.0,1.0,1.0,,,바지가 이쁘게 떨어져서 스타일하기 정말 좋았어요! 또 바지에 핀티지 부분들이 포인트로 들어가서 이뻤어요 다만 바지가 아주 조금 밝았어요! 그렇다고 이미지랑 다르진 않답니다! 사이즈도 아주 약간 클 수 있으니 참고하고 사시길 바랍니다!,바지가이쁘게떨어져서스타일하기정말좋았어요또바지에핀티지부분들이포인트로들어가서이뻤어요다만바지가아주조금밝았어요그렇다고이미지랑다르진않답니다사이즈도아주약간클수있으니참고하고사시길바랍니다,0,0,4,0,0,False,131,96,130,True
3791988,86038850,general,야돈킹,운동화랑도 잘 어울리고 여기저기 매치하기 쉬운 바지라 손이 자주 갈 것 같아요~ S이랑 M이랑 고민했는데 S도 널널하네요,5.0,False,S,165.0,52.0,여성,2026-07-04 15:45:36,사이즈: 정사이즈 / 화면 대비 색감: 화면과 비슷 / 퀄리티: 보통 / 신축성: 적당함,False,0,filluminate,하의,S,,2026,7,4,토,5,응답,정사이즈,화면과 비슷,보통,,,적당함,,,3.0,,3.0,,,0.0,0.0,0.0,0.0,,,운동화랑도 잘 어울리고 여기저기 매치하기 쉬운 바지라 손이 자주 갈 것 같아요~ S이랑 M이랑 고민했는데 S도 널널하네요,운동화랑도잘어울리고여기저기매치하기쉬운바지라손이자주갈것같아요s이랑m이랑고민했는데s도널널하네요,0,0,0,0,0,False,67,47,67,True
3791988,86037502,general,Duno12,핏도 예쁘게 잘 떨어지고 디자인도 예뻐서 반팔이랑만 입어도 예뻐요,5.0,False,S,168.0,68.0,남성,2026-07-04 14:48:07,사이즈: 정사이즈 / 화면 대비 색감: 화면과 비슷 / 퀄리티: 보통 / 신축성: 적당함,False,0,filluminate,하의,S,,2026,7,4,토,5,응답,정사이즈,화면과 비슷,보통,,,적당함,,,3.0,,3.0,,,0.0,0.0,0.0,0.0,,,핏도 예쁘게 잘 떨어지고 디자인도 예뻐서 반팔이랑만 입어도 예뻐요,핏도예쁘게잘떨어지고디자인도예뻐서반팔이랑만입어도예뻐요,0,0,0,0,0,False,36,28,36,True
3791988,86035740,general,이루동장,허리는 쪼금 큰 거 같고 사진보다는 좀 더 밝은 느낌? 무난하게 입을 수 있을 거 같습니다,5.0,False,M,181.0,67.0,남성,2026-07-04 13:38:40,사이즈: 조금 큼 / 화면 대비 색감: 화면과 비슷 / 퀄리티: 보통 / 신축성: 적당함,True,0,filluminate,하의,M,,2026,7,4,토,5,응답,조금 큼,화면과 비슷,보통,,,적당함,,,3.0,,3.0,,,1.0,1.0,0.0,0.0,,,허리는 쪼금 큰 거 같고 사진보다는 좀 더 밝은 느낌? 무난하게 입을 수 있을 거 같습니다,허리는쪼금큰거같고사진보다는좀더밝은느낌무난하게입을수있을거같습니다,0,0,0,1,0,False,50,34,50,True
3791988,86023484,style,시크한보스턴셔링,"사진에서 보시다시피 바지 통이 넉넉해서 체형보정, 허박지 보정 다 가능합니다",5.0,False,M,173.0,72.0,남성,2026-07-03 21:28:59,사이즈: 정사이즈 / 화면 대비 색감: 화면과 비슷 / 퀄리티: 보통 / 신축성: 적당함,True,0,filluminate,하의,M,,2026,7,3,금,5,응답,정사이즈,화면과 비슷,보통,,,적당함,,,3.0,,3.0,,,0.0,0.0,0.0,0.0,,,"사진에서 보시다시피 바지 통이 넉넉해서 체형보정, 허박지 보정 다 가능합니다",사진에서보시다시피바지통이넉넉해서체형보정허박지보정다가능합니다,0,0,0,0,0,False,42,32,42,True
3791988,86021642,style,SCL0730,스타일링하기 편해요! 어디에 매치해도 잘 어울려요!,5.0,False,S,169.0,60.0,남성,2026-07-03 20:09:12,사이즈: 정사이즈 / 화면 대비 색감: 화면과 비슷 / 퀄리티: 보통 / 신축성: 적당함,True,0,filluminate,하의,S,,2026,7,3,금,5,응답,정사이즈,화면과 비슷,보통,,,적당함,,,3.0,,3.0,,,0.0,0.0,0.0,0.0,,,스타일링하기 편해요! 어디에 매치해도 잘 어울려요!,스타일링하기편해요어디에매치해도잘어울려요,0,0,2,0,0,False,28,21,28,True
3791988,86021636,general,SCL0730,스타일링하기 편해요! 어디에 매치해도 잘 어울려요!,5.0,False,S,169.0,60.0,남성,2026-07-03 20:08:51,사이즈: 정사이즈 / 화면 대비 색감: 화면과 비슷 / 퀄리티: 보통 / 신축성: 적당함,True,0,filluminate,하의,S,,2026,7,3,금,5,응답,정사이즈,화면과 비슷,보통,,,적당함,,,3.0,,3.0,,,0.0,0.0,0.0,0.0,,,스타일링하기 편해요! 어디에 매치해도 잘 어울려요!,스타일링하기편해요어디에매치해도잘어울려요,0,0,2,0,0,False,28,21,28,True
3791988,86018682,general,숙련된베를린로브,생각보다 바지가 밝긴한데 핏 너무 좋고 이가격이라고 생각이 안들만큼 퀄리티가 좋습니다 자주 입을것 같아요,5.0,False,XS,172.0,62.0,남성,2026-07-03 18:12:09,사이즈: 정사이즈 / 화면 대비 색감: 밝음 / 퀄리티: 좋음 / 신축성: 적당함,False,0,filluminate,하의,XS,,2026,7,3,금,5,응답,정사이즈,밝음,좋음,,,적당함,,,4.0,,3.0,,,0.0,0.0,1.0,1.0,,,생각보다 바지가 밝긴한데 핏 너무 좋고 이가격이라고 생각이 안들만큼 퀄리티가 좋습니다 자주 입을것 같아요,생각보다바지가밝긴한데핏너무좋고이가격이라고생각이안들만큼퀄리티가좋습니다자주입을것같아요,0,0,0,0,0,False,58,45,58,True
3791988,86018628,style,검음마음,가볍고 얇아서 여름에 입어도 괜찮을꺼같아요  가격이 저렴해서 가성비 굿 입니다.,5.0,False,S,168.0,55.0,남성,2026-07-03 18:09:34,사이즈: 조금 큼 / 화면 대비 색감: 밝음 / 퀄리티: 보통 / 신축성: 강함,True,0,filluminate,하의,S,,2026,7,3,금,5,응답,조금 큼,밝음,보통,,,강함,,,3.0,,4.0,,,1.0,1.0,1.0,1.0,,,가볍고 얇아서 여름에 입어도 괜찮을꺼같아요 가격이 저렴해서 가성비 굿 입니다.,가볍고얇아서여름에입어도괜찮을꺼같아요가격이저렴해서가성비굿입니다,0,0,0,0,0,False,44,33,43,True
3791988,86012847,general,asdasdf2,얇아서 입기 편해요 허리는 약간 큰 것 같은데 벨트매면 괜찮아요,5.0,False,XS,164.0,50.0,여성,2026-07-03 14:22:56,사이즈: 조금 큼 / 화면 대비 색감: 화면과 비슷 / 퀄리티: 보통 / 신축성: 적당함,True,0,filluminate,하의,XS,,2026,7,3,금,5,응답,조금 큼,화면과 비슷,보통,,,적당함,,,3.0,,3.0,,,1.0,1.0,0.0,0.0,,,얇아서 입기 편해요 허리는 약간 큰 것 같은데 벨트매면 괜찮아요,얇아서입기편해요허리는약간큰것같은데벨트매면괜찮아요,0,0,0,0,0,False,35,26,35,True
3791988,86012812,style,asdasdf2,핏이 적당히 벙벙해서 좋아요 xs도 충분히 커요,5.0,False,XS,164.0,50.0,여성,2026-07-03 14:21:33,사이즈: 조금 큼 / 화면 대비 색감: 화면과 비슷 / 퀄리티: 보통 / 신축성: 적당함,True,0,filluminate,하의,XS,,2026,7,3,금,5,응답,조금 큼,화면과 비슷,보통,,,적당함,,,3.0,,3.0,,,1.0,1.0,0.0,0.0,,,핏이 적당히 벙벙해서 좋아요 xs도 충분히 커요,핏이적당히벙벙해서좋아요xs도충분히커요,0,0,0,0,0,False,26,18,26,True
3791988,86012396,general,후루카넬리,핏이 정면에서 볼때 아주 이뻐요 옆모습은 제가 엉덩이가 커서 두꺼워 보이는거 같아요 ㅋㅋ,4.0,False,L,172.0,82.0,남성,2026-07-03 14:05:23,사이즈: 정사이즈 / 화면 대비 색감: 화면과 비슷 / 퀄리티: 보통 / 신축성: 적당함,True,0,filluminate,하의,L,,2026,7,3,금,4,응답,정사이즈,화면과 비슷,보통,,,적당함,,,3.0,,3.0,,,0.0,0.0,0.0,0.0,,,핏이 정면에서 볼때 아주 이뻐요 옆모습은 제가 엉덩이가 커서 두꺼워 보이는거 같아요 ㅋㅋ,핏이정면에서볼때아주이뻐요옆모습은제가엉덩이가커서두꺼워보이는거같아요,2,0,0,0,0,False,49,35,49,True
3791988,86012393,style,후루카넬리,핏이 정면에서 볼때 아주 이뻐요 옆모습은 제가 엉덩이가 커서 두꺼워 보이는거 같아요 ㅋㅋ,4.0,False,L,172.0,82.0,남성,2026-07-03 14:04:58,사이즈: 정사이즈 / 화면 대비 색감: 화면과 비슷 / 퀄리티: 보통 / 신축성: 적당함,True,0,filluminate,하의,L,,2026,7,3,금,4,응답,정사이즈,화면과 비슷,보통,,,적당함,,,3.0,,3.0,,,0.0,0.0,0.0,0.0,,,핏이 정면에서 볼때 아주 이뻐요 옆모습은 제가 엉덩이가 커서 두꺼워 보이는거 같아요 ㅋㅋ,핏이정면에서볼때아주이뻐요옆모습은제가엉덩이가커서두꺼워보이는거같아요,2,0,0,0,0,False,49,35,49,True
3791988,86012311,style,낙천적인독일룩,제가 허리가 얇아서 벨트 안하고는 청바지가 안맞았었는데 이거는 허리가 작게 나와서 벌트 없이도 입을 수 있네용 매우 만족이에여,4.0,False,XS,165.0,54.0,남성,2026-07-03 14:00:45,사이즈: 정사이즈 / 화면 대비 색감: 화면과 비슷 / 퀄리티: 보통 / 신축성: 적당함,True,0,filluminate,하의,XS,,2026,7,3,금,4,응답,정사이즈,화면과 비슷,보통,,,적당함,,,3.0,,3.0,,,0.0,0.0,0.0,0.0,,,제가 허리가 얇아서 벨트 안하고는 청바지가 안맞았었는데 이거는 허리가 작게 나와서 벌트 없이도 입을 수 있네용 매우 만족이에여,제가허리가얇아서벨트안하고는청바지가안맞았었는데이거는허리가작게나와서벌트없이도입을수있네용매우만족이에여,0,0,0,0,0,False,70,53,70,True
3791988,85999210,general,Lupiot,제품 사진에 보이는 그대로입니다. 오늘 처음 입어본건데 통이 널널해서 그런가 확실히 편하구요. 핏도 예뻐서 맘에 듭니다. 약간 휘뚜루마뚜루 막 입기 좋은 느낌? 어디에 입어도 잘 어울릴 것 같아요~~,5.0,False,M,175.0,65.0,남성,2026-07-02 22:29:47,사이즈: 정사이즈 / 화면 대비 색감: 화면과 비슷 / 퀄리티: 좋음 / 신축성: 강함,True,0,filluminate,하의,M,,2026,7,2,목,5,응답,정사이즈,화면과 비슷,좋음,,,강함,,,4.0,,4.0,,,0.0,0.0,0.0,0.0,,,제품 사진에 보이는 그대로입니다. 오늘 처음 입어본건데 통이 널널해서 그런가 확실히 편하구요. 핏도 예뻐서 맘에 듭니다. 약간 휘뚜루마뚜루 막 입기 좋은 느낌? 어디에 입어도 잘 어울릴 것 같아요~~,제품사진에보이는그대로입니다오늘처음입어본건데통이널널해서그런가확실히편하구요핏도예뻐서맘에듭니다약간휘뚜루마뚜루막입기좋은느낌어디에입어도잘어울릴것같아요,0,0,0,1,0,False,111,78,111,True
3791988,85999199,style,Lupiot,제품 사진에 보이는 그대로입니다. 오늘 처음 입어본건데 통이 널널해서 그런가 확실히 편하구요. 핏도 예뻐서 맘에 듭니다. 약간 휘뚜루마뚜루 막 입기 좋은 느낌? 어디에 입어도 잘 어울릴 것 같아요~~~,5.0,False,M,175.0,65.0,남성,2026-07-02 22:29:26,사이즈: 정사이즈 / 화면 대비 색감: 화면과 비슷 / 퀄리티: 좋음 / 신축성: 강함,True,0,filluminate,하의,M,,2026,7,2,목,5,응답,정사이즈,화면과 비슷,좋음,,,강함,,,4.0,,4.0,,,0.0,0.0,0.0,0.0,,,제품 사진에 보이는 그대로입니다. 오늘 처음 입어본건데 통이 널널해서 그런가 확실히 편하구요. 핏도 예뻐서 맘에 듭니다. 약간 휘뚜루마뚜루 막 입기 좋은 느낌? 어디에 입어도 잘 어울릴 것 같아요~~~,제품사진에보이는그대로입니다오늘처음입어본건데통이널널해서그런가확실히편하구요핏도예뻐서맘에듭니다약간휘뚜루마뚜루막입기좋은느낌어디에입어도잘어울릴것같아요,0,0,0,1,0,True,112,78,112,True
3791988,85997908,general,lee_j._.j,색상 넘좋아요 감사드림니다 자주이용중이네요,5.0,False,L,170.0,67.0,남성,2026-07-02 21:53:20,사이즈: 정사이즈 / 화면 대비 색감: 화면과 비슷 / 퀄리티: 매우 좋음 / 신축성: 적당함,True,0,filluminate,하의,L,,2026,7,2,목,5,응답,정사이즈,화면과 비슷,매우 좋음,,,적당함,,,5.0,,3.0,,,0.0,0.0,0.0,0.0,,,색상 넘좋아요 감사드림니다 자주이용중이네요,색상넘좋아요감사드림니다자주이용중이네요,0,0,0,0,0,False,23,20,23,True
3791988,85996648,general,hoon2y,허리가 생각보다 타이트 하지만 한여름에 이만한 바지가 없네요,5.0,False,M,178.0,72.0,남성,2026-07-02 21:07:37,사이즈: 정사이즈 / 화면 대비 색감: 화면과 비슷 / 퀄리티: 보통 / 신축성: 적당함,False,0,filluminate,하의,M,,2026,7,2,목,5,응답,정사이즈,화면과 비슷,보통,,,적당함,,,3.0,,3.0,,,0.0,0.0,0.0,0.0,,,허리가 생각보다 타이트 하지만 한여름에 이만한 바지가 없네요,허리가생각보다타이트하지만한여름에이만한바지가없네요,0,0,0,0,0,False,33,26,33,True
3791988,85992918,general,능동적인페루체크,화면과 색상 차이가 있고 생각보다 통이 업청 큽니다,2.0,False,L,180.0,70.0,남성,2026-07-02 18:43:52,사이즈: 조금 큼 / 화면 대비 색감: 매우 밝음 / 퀄리티: 보통 / 신축성: 적당함,False,0,filluminate,하의,L,,2026,7,2,목,2,응답,조금 큼,매우 밝음,보통,,,적당함,,,3.0,,3.0,,,1.0,1.0,2.0,2.0,,,화면과 색상 차이가 있고 생각보다 통이 업청 큽니다,화면과색상차이가있고생각보다통이업청큽니다,0,0,0,0,0,False,28,21,28,True
3791988,85992164,general,베스트쉽,감사합니다. 너무이뻐요 다음에 또 구매할게요 번창하세요 선물용으로 딱입니다. 오늘도 즐거운 하루보내세요 ^^번창하세요,5.0,False,L,170.0,80.0,남성,2026-07-02 18:14:31,사이즈: 정사이즈 / 화면 대비 색감: 화면과 비슷 / 퀄리티: 보통 / 신축성: 적당함,False,0,filluminate,하의,L,,2026,7,2,목,5,응답,정사이즈,화면과 비슷,보통,,,적당함,,,3.0,,3.0,,,0.0,0.0,0.0,0.0,,,감사합니다. 너무이뻐요 다음에 또 구매할게요 번창하세요 선물용으로 딱입니다. 오늘도 즐거운 하루보내세요 ^^번창하세요,감사합니다너무이뻐요다음에또구매할게요번창하세요선물용으로딱입니다오늘도즐거운하루보내세요번창하세요,0,0,0,0,0,False,65,50,65,True
3791988,85989304,general,Zzlw,일단 가격이 착하고 핏은 무난합니다. 사계절용이긴 한데 여름엔 조금 덥고 겨울엔 조금 추울 것 같아요. 그래도 예쁘고 싼 가격임에도 불구하고 바지 퀄리티는 좋아요.,5.0,False,M,160.0,53.0,여성,2026-07-02 16:25:33,사이즈: 정사이즈 / 화면 대비 색감: 화면과 비슷 / 퀄리티: 좋음 / 신축성: 적당함,False,0,filluminate,하의,M,,2026,7,2,목,5,응답,정사이즈,화면과 비슷,좋음,,,적당함,,,4.0,,3.0,,,0.0,0.0,0.0,0.0,,,일단 가격이 착하고 핏은 무난합니다. 사계절용이긴 한데 여름엔 조금 덥고 겨울엔 조금 추울 것 같아요. 그래도 예쁘고 싼 가격임에도 불구하고 바지 퀄리티는 좋아요.,일단가격이착하고핏은무난합니다사계절용이긴한데여름엔조금덥고겨울엔조금추울것같아요그래도예쁘고싼가격임에도불구하고바지퀄리티는좋아요,0,0,0,0,0,False,91,66,91,True
3791988,85986592,general,분명한멕시코룩,컬러도 적당히 고급지게 멋스럽고 두깨감도 좋은데 저에게 살짝 넉넉한게 아쉽지만 그냥 착용할까합니다. 다음번엔 사이즈를 한치수 다운시키는것도 좋을것 같아서,5.0,False,L,180.0,73.0,남성,2026-07-02 14:36:04,사이즈: 조금 큼 / 화면 대비 색감: 화면과 비슷 / 퀄리티: 좋음 / 신축성: 적당함,True,0,filluminate,하의,L,,2026,7,2,목,5,응답,조금 큼,화면과 비슷,좋음,,,적당함,,,4.0,,3.0,,,1.0,1.0,0.0,0.0,,,컬러도 적당히 고급지게 멋스럽고 두깨감도 좋은데 저에게 살짝 넉넉한게 아쉽지만 그냥 착용할까합니다. 다음번엔 사이즈를 한치수 다운시키는것도 좋을것 같아서,컬러도적당히고급지게멋스럽고두깨감도좋은데저에게살짝넉넉한게아쉽지만그냥착용할까합니다다음번엔사이즈를한치수다운시키는것도좋을것같아서,0,0,0,0,0,False,85,67,85,True
3791988,85980664,general,Haaaaaaai,배송이 빠르고 좋습니다. 사이즈 잘 맞아요 좋습니다,5.0,False,XL,184.0,106.0,남성,2026-07-02 10:08:20,사이즈: 정사이즈 / 화면 대비 색감: 화면과 비슷 / 퀄리티: 보통 / 신축성: 적당함,True,0,filluminate,하의,XL,,2026,7,2,목,5,응답,정사이즈,화면과 비슷,보통,,,적당함,,,3.0,,3.0,,,0.0,0.0,0.0,0.0,,,배송이 빠르고 좋습니다. 사이즈 잘 맞아요 좋습니다,배송이빠르고좋습니다사이즈잘맞아요좋습니다,0,0,0,0,0,False,28,21,28,True
3791988,85979383,general,lswon0306,"밑단이 조금 길긴 한데, 색감도 예쁘고 핏도 좋아요",4.0,False,S,172.0,52.0,남성,2026-07-02 08:54:46,사이즈: 조금 큼 / 화면 대비 색감: 화면과 비슷 / 퀄리티: 보통 / 신축성: 적당함,True,0,filluminate,하의,S,,2026,7,2,목,4,응답,조금 큼,화면과 비슷,보통,,,적당함,,,3.0,,3.0,,,1.0,1.0,0.0,0.0,,,"밑단이 조금 길긴 한데, 색감도 예쁘고 핏도 좋아요",밑단이조금길긴한데색감도예쁘고핏도좋아요,0,0,0,0,0,False,28,20,28,True
3791988,85978302,general,흔한그린플랫,오버핏이여서 어떤옷이든 다 잘어울려요!! 핏이랑 재질도 좋네요,5.0,False,L,175.0,68.0,남성,2026-07-02 07:29:46,사이즈: 조금 큼 / 화면 대비 색감: 화면과 비슷 / 퀄리티: 좋음 / 신축성: 강함,False,0,filluminate,하의,L,,2026,7,2,목,5,응답,조금 큼,화면과 비슷,좋음,,,강함,,,4.0,,4.0,,,1.0,1.0,0.0,0.0,,,오버핏이여서 어떤옷이든 다 잘어울려요!! 핏이랑 재질도 좋네요,오버핏이여서어떤옷이든다잘어울려요핏이랑재질도좋네요,0,0,2,0,0,False,34,26,34,True
3791988,85973361,general,N네임,사이즈 클까 걱정했더니 잘맞네요 여름에 입기 좋은거 같아요,4.0,False,L,167.0,62.0,여성,2026-07-01 23:12:57,사이즈: 정사이즈 / 화면 대비 색감: 화면과 비슷 / 퀄리티: 보통 / 신축성: 적당함,True,0,filluminate,하의,L,,2026,7,1,수,4,응답,정사이즈,화면과 비슷,보통,,,적당함,,,3.0,,3.0,,,0.0,0.0,0.0,0.0,,,사이즈 클까 걱정했더니 잘맞네요 여름에 입기 좋은거 같아요,사이즈클까걱정했더니잘맞네요여름에입기좋은거같아요,0,0,0,0,0,False,32,25,32,True
3791988,85968639,general,갱크래치,색감이 엄청 이뻐요~ 기장이 긴 편이긴합니다. 그래도 이쁘게 입을 것 같아요,5.0,False,XS,167.0,66.0,남성,2026-07-01 20:54:23,사이즈: 조금 작음 / 화면 대비 색감: 화면과 비슷 / 퀄리티: 좋음 / 신축성: 강함,True,0,filluminate,하의,XS,,2026,7,1,수,5,응답,조금 작음,화면과 비슷,좋음,,,강함,,,4.0,,4.0,,,-1.0,1.0,0.0,0.0,,,색감이 엄청 이뻐요~ 기장이 긴 편이긴합니다. 그래도 이쁘게 입을 것 같아요,색감이엄청이뻐요기장이긴편이긴합니다그래도이쁘게입을것같아요,0,0,0,0,0,False,42,30,42,True
3791988,85968321,general,강렬한블루머슬핏,허리 넉넉하고 통도 넉넉함 그냥 다 넉넉함 색이 좀 많이 밝은듯 길이도 길어서 십몇센치정도 수선함 괜찮는 바지임,4.0,False,M,153.0,62.0,여성,2026-07-01 20:43:23,사이즈: 많이 큼 / 화면 대비 색감: 밝음 / 퀄리티: 보통 / 신축성: 적당함,True,0,filluminate,하의,M,,2026,7,1,수,4,응답,많이 큼,밝음,보통,,,적당함,,,3.0,,3.0,,,2.0,2.0,1.0,1.0,,,허리 넉넉하고 통도 넉넉함 그냥 다 넉넉함 색이 좀 많이 밝은듯 길이도 길어서 십몇센치정도 수선함 괜찮는 바지임,허리넉넉하고통도넉넉함그냥다넉넉함색이좀많이밝은듯길이도길어서십몇센치정도수선함괜찮는바지임,0,0,0,0,0,False,62,46,62,True
3791988,85967897,general,Chsjsjzm,기본템으로 대충입고 날갈때 무난하게 입기 좋아요,5.0,False,M,180.0,73.0,남성,2026-07-01 20:28:24,사이즈: 정사이즈 / 화면 대비 색감: 화면과 비슷 / 퀄리티: 보통 / 신축성: 적당함,False,0,filluminate,하의,M,,2026,7,1,수,5,응답,정사이즈,화면과 비슷,보통,,,적당함,,,3.0,,3.0,,,0.0,0.0,0.0,0.0,,,기본템으로 대충입고 날갈때 무난하게 입기 좋아요,기본템으로대충입고날갈때무난하게입기좋아요,0,0,0,0,0,False,26,21,26,True
3791988,85961777,general,쿨한페루슬링백,"가격 대비 핏, 디자인, 품질 만족합니다. 휘뚜루 입기 좋아요",5.0,False,M,171.0,70.0,남성,2026-07-01 16:46:20,사이즈: 정사이즈 / 화면 대비 색감: 화면과 비슷 / 퀄리티: 보통 / 신축성: 적당함,False,0,filluminate,하의,M,,2026,7,1,수,5,응답,정사이즈,화면과 비슷,보통,,,적당함,,,3.0,,3.0,,,0.0,0.0,0.0,0.0,,,"가격 대비 핏, 디자인, 품질 만족합니다. 휘뚜루 입기 좋아요",가격대비핏디자인품질만족합니다휘뚜루입기좋아요,0,0,0,0,0,False,34,23,34,True
3791988,85961012,general,EJman,"요즈음 입기에 너무좋은가볍고 편한원단. 색상과 스타일 다 맘에 들어요. 원래L인데 너무 벌룬한 느낌이 싫어  M선택했고, 부담스럽지않게 잘 맞아요",5.0,False,M,177.0,76.0,남성,2026-07-01 16:20:59,사이즈: 정사이즈 / 화면 대비 색감: 화면과 비슷 / 퀄리티: 좋음 / 신축성: 적당함,False,0,filluminate,하의,M,,2026,7,1,수,5,응답,정사이즈,화면과 비슷,좋음,,,적당함,,,4.0,,3.0,,,0.0,0.0,0.0,0.0,,,"요즈음 입기에 너무좋은가볍고 편한원단. 색상과 스타일 다 맘에 들어요. 원래L인데 너무 벌룬한 느낌이 싫어 M선택했고, 부담스럽지않게 잘 맞아요",요즈음입기에너무좋은가볍고편한원단색상과스타일다맘에들어요원래l인데너무벌룬한느낌이싫어m선택했고부담스럽지않게잘맞아요,0,0,0,0,0,False,81,58,80,True
3791988,85957800,general,냉담한미국힐,옷이 재질이좋고 마감도 좋고 착용감도 뛰어납니다,5.0,False,L,176.0,77.0,남성,2026-07-01 14:21:06,사이즈: 정사이즈 / 화면 대비 색감: 화면과 비슷 / 퀄리티: 보통 / 신축성: 적당함,False,0,filluminate,하의,L,,2026,7,1,수,5,응답,정사이즈,화면과 비슷,보통,,,적당함,,,3.0,,3.0,,,0.0,0.0,0.0,0.0,,,옷이 재질이좋고 마감도 좋고 착용감도 뛰어납니다,옷이재질이좋고마감도좋고착용감도뛰어납니다,0,0,0,0,0,False,26,21,26,True
3791988,85954409,general,칸 나,디자인 예쁘고 좋습니다 디자인 예쁘고 좋습니다,5.0,False,S,177.0,58.0,남성,2026-07-01 12:00:17,사이즈: 정사이즈 / 화면 대비 색감: 화면과 비슷 / 퀄리티: 보통 / 신축성: 적당함,False,0,filluminate,하의,S,,2026,7,1,수,5,응답,정사이즈,화면과 비슷,보통,,,적당함,,,3.0,,3.0,,,0.0,0.0,0.0,0.0,,,디자인 예쁘고 좋습니다 디자인 예쁘고 좋습니다,디자인예쁘고좋습니다디자인예쁘고좋습니다,0,0,0,0,0,False,25,20,25,True
3791988,85950740,general,무정한케냐힐,여름에도 입기 좋고 평소에 무난하게 입을수 있을듯 해요,5.0,False,XL,182.0,100.0,남성,2026-07-01 09:58:54,사이즈: 정사이즈 / 화면 대비 색감: 화면과 비슷 / 퀄리티: 보통 / 신축성: 적당함,False,0,filluminate,하의,XL,,2026,7,1,수,5,응답,정사이즈,화면과 비슷,보통,,,적당함,,,3.0,,3.0,,,0.0,0.0,0.0,0.0,,,여름에도 입기 좋고 평소에 무난하게 입을수 있을듯 해요,여름에도입기좋고평소에무난하게입을수있을듯해요,0,0,0,0,0,False,30,23,30,True
3791988,85944108,general,유리미트,핏이 너무 예쁘고 여름 바지라서 가볍고 시원해요! 휘뚜루마뚜루 자주 입을 듯용 ! ㅎㅎ,5.0,False,S,163.0,57.0,여성,2026-06-30 23:57:01,사이즈: 정사이즈 / 화면 대비 색감: 화면과 비슷 / 퀄리티: 좋음 / 신축성: 적당함,False,0,filluminate,하의,S,,2026,6,30,화,5,응답,정사이즈,화면과 비슷,좋음,,,적당함,,,4.0,,3.0,,,0.0,0.0,0.0,0.0,,,핏이 너무 예쁘고 여름 바지라서 가볍고 시원해요! 휘뚜루마뚜루 자주 입을 듯용 ! ㅎㅎ,핏이너무예쁘고여름바지라서가볍고시원해요휘뚜루마뚜루자주입을듯용,2,0,2,0,0,False,48,32,48,True
3791988,85942122,style,뜨거운돌,핏이쁘고 원단 스무스하게 잘떨어짐 기본템고트,5.0,False,L,180.0,84.0,남성,2026-06-30 22:57:47,사이즈: 정사이즈 / 화면 대비 색감: 화면과 비슷 / 퀄리티: 보통 / 신축성: 적당함,True,0,filluminate,하의,L,,2026,6,30,화,5,응답,정사이즈,화면과 비슷,보통,,,적당함,,,3.0,,3.0,,,0.0,0.0,0.0,0.0,,,핏이쁘고 원단 스무스하게 잘떨어짐 기본템고트,핏이쁘고원단스무스하게잘떨어짐기본템고트,0,0,0,0,0,False,24,20,24,True
3791988,85940690,general,나는사람입니다,여름에 입을 데님 바지를 찾고있었는데 얇은데도 불과하고 핏이 어느정도 잡혀있어서 좋았습니다,5.0,False,L,175.0,80.0,남성,2026-06-30 22:16:14,사이즈: 정사이즈 / 화면 대비 색감: 화면과 비슷 / 퀄리티: 보통 / 신축성: 거의 없음,False,0,filluminate,하의,L,,2026,6,30,화,5,응답,정사이즈,화면과 비슷,보통,,,거의 없음,,,3.0,,2.0,,,0.0,0.0,0.0,0.0,,,여름에 입을 데님 바지를 찾고있었는데 얇은데도 불과하고 핏이 어느정도 잡혀있어서 좋았습니다,여름에입을데님바지를찾고있었는데얇은데도불과하고핏이어느정도잡혀있어서좋았습니다,0,0,0,0,0,False,50,40,50,True
3791988,85939565,general,JY_,생각보다 밑단쪽 통이 크네요 약간 펄럭이는 느낌납니다,5.0,False,XL,182.0,90.0,남성,2026-06-30 21:44:54,사이즈: 조금 큼 / 화면 대비 색감: 화면과 비슷 / 퀄리티: 보통 / 신축성: 적당함,True,0,filluminate,하의,XL,,2026,6,30,화,5,응답,조금 큼,화면과 비슷,보통,,,적당함,,,3.0,,3.0,,,1.0,1.0,0.0,0.0,,,생각보다 밑단쪽 통이 크네요 약간 펄럭이는 느낌납니다,생각보다밑단쪽통이크네요약간펄럭이는느낌납니다,0,0,0,0,0,False,29,23,29,True
3791988,85937769,style,몽지니어스,살빼고 입으려고 완전 딱맞는거 주문했는데 핏이 이쁘네요,5.0,False,M,176.0,78.0,남성,2026-06-30 20:55:46,사이즈: 정사이즈 / 화면 대비 색감: 화면과 비슷 / 퀄리티: 보통 / 신축성: 적당함,True,0,filluminate,하의,M,,2026,6,30,화,5,응답,정사이즈,화면과 비슷,보통,,,적당함,,,3.0,,3.0,,,0.0,0.0,0.0,0.0,,,살빼고 입으려고 완전 딱맞는거 주문했는데 핏이 이쁘네요,살빼고입으려고완전딱맞는거주문했는데핏이이쁘네요,0,0,0,0,0,False,30,24,30,True
3791988,85937741,general,몽지니어스,색감 재질 만족하고 무엇보다 포인트 스티치가 이쁩니다,5.0,False,M,176.0,78.0,남성,2026-06-30 20:55:09,사이즈: 정사이즈 / 화면 대비 색감: 화면과 비슷 / 퀄리티: 보통 / 신축성: 적당함,True,0,filluminate,하의,M,,2026,6,30,화,5,응답,정사이즈,화면과 비슷,보통,,,적당함,,,3.0,,3.0,,,0.0,0.0,0.0,0.0,,,색감 재질 만족하고 무엇보다 포인트 스티치가 이쁩니다,색감재질만족하고무엇보다포인트스티치가이쁩니다,0,0,0,0,0,False,29,23,29,True
3791988,85936724,style,상쾌한종로고글,허리가 동일 사이즈에 비해 조금 작게 느껴지긴했는데 예쁘네요,4.0,False,L,174.0,82.0,남성,2026-06-30 20:24:53,사이즈: 조금 작음 / 화면 대비 색감: 화면과 비슷 / 퀄리티: 좋음 / 신축성: 적당함,True,0,filluminate,하의,L,,2026,6,30,화,4,응답,조금 작음,화면과 비슷,좋음,,,적당함,,,4.0,,3.0,,,-1.0,1.0,0.0,0.0,,,허리가 동일 사이즈에 비해 조금 작게 느껴지긴했는데 예쁘네요,허리가동일사이즈에비해조금작게느껴지긴했는데예쁘네요,0,0,0,0,0,False,33,26,33,True
3791988,85935129,general,시인세상,허리에 비해 통이 참 넓어서 편해요^^ 특히 기장감도 적당해요,5.0,False,S,171.0,61.0,남성,2026-06-30 19:38:40,사이즈: 정사이즈 / 화면 대비 색감: 밝음 / 퀄리티: 보통 / 신축성: 거의 없음,False,0,filluminate,하의,S,,2026,6,30,화,5,응답,정사이즈,밝음,보통,,,거의 없음,,,3.0,,2.0,,,0.0,0.0,1.0,1.0,,,허리에 비해 통이 참 넓어서 편해요^^ 특히 기장감도 적당해요,허리에비해통이참넓어서편해요특히기장감도적당해요,0,0,0,0,0,False,34,24,34,True
3791988,85934805,general,로봇왕이잉칙킹,"색감이랑 워싱, 데미지 핏 다 이쁩니다 가격도 좋구요",5.0,False,L,180.0,72.0,남성,2026-06-30 19:27:50,사이즈: 정사이즈 / 화면 대비 색감: 화면과 비슷 / 퀄리티: 보통 / 신축성: 거의 없음,True,0,filluminate,하의,L,,2026,6,30,화,5,응답,정사이즈,화면과 비슷,보통,,,거의 없음,,,3.0,,2.0,,,0.0,0.0,0.0,0.0,,,"색감이랑 워싱, 데미지 핏 다 이쁩니다 가격도 좋구요",색감이랑워싱데미지핏다이쁩니다가격도좋구요,0,0,0,0,0,False,29,21,29,True
3791988,85933943,style,후지막내99,무신사 세일때 저렴하게 구매합니다.스타일도 좋고 생각보다 커요.허리는 타이트한데 품은 커요.,5.0,False,M,165.0,66.0,남성,2026-06-30 19:01:37,사이즈: 정사이즈 / 화면 대비 색감: 화면과 비슷 / 퀄리티: 보통 / 신축성: 거의 없음,True,0,filluminate,하의,M,,2026,6,30,화,5,응답,정사이즈,화면과 비슷,보통,,,거의 없음,,,3.0,,2.0,,,0.0,0.0,0.0,0.0,,,무신사 세일때 저렴하게 구매합니다.스타일도 좋고 생각보다 커요.허리는 타이트한데 품은 커요.,무신사세일때저렴하게구매합니다스타일도좋고생각보다커요허리는타이트한데품은커요,0,0,0,0,0,False,51,39,51,True
3791988,85933930,general,후지막내99,무신사 세일때 저렴하게 구매합니다.스타일도 좋고 생각보다 커요.허리는 타이트한데 품은 커요.,5.0,False,M,165.0,66.0,남성,2026-06-30 19:01:00,사이즈: 조금 큼 / 화면 대비 색감: 화면과 비슷 / 퀄리티: 보통 / 신축성: 거의 없음,True,0,filluminate,하의,M,,2026,6,30,화,5,응답,조금 큼,화면과 비슷,보통,,,거의 없음,,,3.0,,2.0,,,1.0,1.0,0.0,0.0,,,무신사 세일때 저렴하게 구매합니다.스타일도 좋고 생각보다 커요.허리는 타이트한데 품은 커요.,무신사세일때저렴하게구매합니다스타일도좋고생각보다커요허리는타이트한데품은커요,0,0,0,0,0,False,51,39,51,True
3791988,85925852,general,속상한청색블루종,남자옷이라 그른가 확실히 개커요 허리에 주먹두개 들어감,5.0,False,S,159.0,54.0,여성,2026-06-30 14:13:32,사이즈: 많이 큼 / 화면 대비 색감: 화면과 비슷 / 퀄리티: 보통 / 신축성: 적당함,True,0,filluminate,하의,S,,2026,6,30,화,5,응답,많이 큼,화면과 비슷,보통,,,적당함,,,3.0,,3.0,,,2.0,2.0,0.0,0.0,,,남자옷이라 그른가 확실히 개커요 허리에 주먹두개 들어감,남자옷이라그른가확실히개커요허리에주먹두개들어감,0,0,0,0,0,False,30,24,30,True
3791988,85921023,general,단쮸뀨,디자인이 이쁘고 소재가 얇아서 편하게 입을 수 있어요.,5.0,False,XS,162.0,55.0,남성,2026-06-30 10:29:59,사이즈: 조금 큼 / 화면 대비 색감: 화면과 비슷 / 퀄리티: 보통 / 신축성: 거의 없음,False,0,filluminate,하의,XS,,2026,6,30,화,5,응답,조금 큼,화면과 비슷,보통,,,거의 없음,,,3.0,,2.0,,,1.0,1.0,0.0,0.0,,,디자인이 이쁘고 소재가 얇아서 편하게 입을 수 있어요.,디자인이이쁘고소재가얇아서편하게입을수있어요,0,0,0,0,0,False,30,22,30,True
3791988,85915733,style,오래된용산에스닉,딱 제가 찾고 있던 일자핏이었고 재질이 얇아서 지금 입기 딱 좋아요,5.0,False,S,158.0,56.0,여성,2026-06-30 00:13:01,사이즈: 정사이즈 / 화면 대비 색감: 화면과 비슷 / 퀄리티: 보통 / 신축성: 적당함,True,0,filluminate,하의,S,,2026,6,30,화,5,응답,정사이즈,화면과 비슷,보통,,,적당함,,,3.0,,3.0,,,0.0,0.0,0.0,0.0,,,딱 제가 찾고 있던 일자핏이었고 재질이 얇아서 지금 입기 딱 좋아요,딱제가찾고있던일자핏이었고재질이얇아서지금입기딱좋아요,0,0,0,0,0,False,37,27,37,True
3791988,85913860,general,qsxwdcefv,조금만 더 살찌면 못입을 것 같은 아슬아슬함입니다! 저랑 스펙 비슷하시고 배 나오신 분들은 고려하세요 제품컷보다 밝습니다,4.0,False,XL,178.0,87.0,남성,2026-06-29 23:06:47,사이즈: 정사이즈 / 화면 대비 색감: 밝음 / 퀄리티: 보통 / 신축성: 거의 없음,True,0,filluminate,하의,XL,,2026,6,29,월,4,응답,정사이즈,밝음,보통,,,거의 없음,,,3.0,,2.0,,,0.0,0.0,1.0,1.0,,,조금만 더 살찌면 못입을 것 같은 아슬아슬함입니다! 저랑 스펙 비슷하시고 배 나오신 분들은 고려하세요 제품컷보다 밝습니다,조금만더살찌면못입을것같은아슬아슬함입니다저랑스펙비슷하시고배나오신분들은고려하세요제품컷보다밝습니다,0,0,1,0,0,False,67,51,67,True
3791988,85906602,general,Bu처님,데일리로 입기 좋고 편하고 핏도 괜춘했습니다! 완전 굿굿,5.0,False,L,178.0,80.0,남성,2026-06-29 18:57:08,사이즈: 조금 큼 / 화면 대비 색감: 밝음 / 퀄리티: 좋음 / 신축성: 거의 없음,True,0,filluminate,하의,L,,2026,6,29,월,5,응답,조금 큼,밝음,좋음,,,거의 없음,,,4.0,,2.0,,,1.0,1.0,1.0,1.0,,,데일리로 입기 좋고 편하고 핏도 괜춘했습니다! 완전 굿굿,데일리로입기좋고편하고핏도괜춘했습니다완전굿굿,0,0,1,0,0,False,31,23,31,True
3791988,85905117,general,해빈이팬,기장이 조금 긴거빼고는 다 괜찮습니다 잘입을게요,5.0,False,M,172.0,73.0,남성,2026-06-29 17:54:01,사이즈: 정사이즈 / 화면 대비 색감: 화면과 비슷 / 퀄리티: 보통 / 신축성: 적당함,False,0,filluminate,하의,M,,2026,6,29,월,5,응답,정사이즈,화면과 비슷,보통,,,적당함,,,3.0,,3.0,,,0.0,0.0,0.0,0.0,,,기장이 조금 긴거빼고는 다 괜찮습니다 잘입을게요,기장이조금긴거빼고는다괜찮습니다잘입을게요,0,0,0,0,0,False,26,21,26,True
3791988,85904253,style,또미야,색상이 밝은 편에 속해요 색감이 담기지않아서 아쉽지만 진짜 이뻐요!!! 두께감이 막 두껍지않아서 한겨울 한여름 제외하고 무난하게 입을 수 있는 정도입니다 길이감은 185기준으로 괜찮네요 추천,5.0,False,XL,160.0,50.0,여성,2026-06-29 17:22:35,사이즈: 정사이즈 / 화면 대비 색감: 화면과 비슷 / 퀄리티: 보통 / 신축성: 적당함,True,0,filluminate,하의,XL,,2026,6,29,월,5,응답,정사이즈,화면과 비슷,보통,,,적당함,,,3.0,,3.0,,,0.0,0.0,0.0,0.0,,,색상이 밝은 편에 속해요 색감이 담기지않아서 아쉽지만 진짜 이뻐요!!! 두께감이 막 두껍지않아서 한겨울 한여름 제외하고 무난하게 입을 수 있는 정도입니다 길이감은 185기준으로 괜찮네요 추천,색상이밝은편에속해요색감이담기지않아서아쉽지만진짜이뻐요두께감이막두껍지않아서한겨울한여름제외하고무난하게입을수있는정도입니다길이감은185기준으로괜찮네요추천,0,0,3,0,0,True,106,77,106,True
3791988,85891926,general,청색청바지,"실물이 사진이랑 거의 비슷해서 만족했습니다. 미디엄 블루 색감이 사계절 내내 활용하기 좋고, 데미지 디테일도 과하지 않아 데일리로 입기 좋네요. 착용감도 편하고 핏이 예뻐 자주 손이 갈 것 같습니다.",5.0,False,M,176.0,65.0,남성,2026-06-29 08:33:00,사이즈: 정사이즈 / 화면 대비 색감: 화면과 비슷 / 퀄리티: 보통 / 신축성: 적당함,False,0,filluminate,하의,M,,2026,6,29,월,5,응답,정사이즈,화면과 비슷,보통,,,적당함,,,3.0,,3.0,,,0.0,0.0,0.0,0.0,,,"실물이 사진이랑 거의 비슷해서 만족했습니다. 미디엄 블루 색감이 사계절 내내 활용하기 좋고, 데미지 디테일도 과하지 않아 데일리로 입기 좋네요. 착용감도 편하고 핏이 예뻐 자주 손이 갈 것 같습니다.",실물이사진이랑거의비슷해서만족했습니다미디엄블루색감이사계절내내활용하기좋고데미지디테일도과하지않아데일리로입기좋네요착용감도편하고핏이예뻐자주손이갈것같습니다,0,0,0,0,0,False,111,80,111,True
3791988,85890523,general,손가락을,사진보단 워싱이 약하고 빠빳한 재질 아니고 흐뮬텅 여름바지입니다 가성비로 입기 좋을 것 같습니다,4.0,False,L,174.0,75.0,남성,2026-06-29 06:48:03,사이즈: 정사이즈 / 화면 대비 색감: 화면과 비슷 / 퀄리티: 보통 / 신축성: 적당함,False,0,filluminate,하의,L,,2026,6,29,월,4,응답,정사이즈,화면과 비슷,보통,,,적당함,,,3.0,,3.0,,,0.0,0.0,0.0,0.0,,,사진보단 워싱이 약하고 빠빳한 재질 아니고 흐뮬텅 여름바지입니다 가성비로 입기 좋을 것 같습니다,사진보단워싱이약하고빠빳한재질아니고흐뮬텅여름바지입니다가성비로입기좋을것같습니다,0,0,0,0,0,False,53,41,53,True
3791988,85889968,general,soxlkr,너무너무너무너무너무너무너무너무너무너무예뻐요,5.0,False,M,176.0,71.0,남성,2026-06-29 02:57:45,사이즈: 정사이즈 / 화면 대비 색감: 화면과 비슷 / 퀄리티: 보통 / 신축성: 적당함,False,0,filluminate,하의,M,,2026,6,29,월,5,응답,정사이즈,화면과 비슷,보통,,,적당함,,,3.0,,3.0,,,0.0,0.0,0.0,0.0,,,너무너무너무너무너무너무너무너무너무너무예뻐요,너무너무너무너무너무너무너무너무너무너무예뻐요,0,0,0,0,0,False,23,23,23,True
3791988,85885869,general,나쌉쭐람과뽀꿀롬,여자이지만 잘 입었습니다. 다만 남녀공용이라 바지가 매우 길음. 수선해서입으몀 될듯. 소재가 매우짱짱하고 퀄좋음,5.0,False,M,160.0,70.0,여성,2026-06-28 23:21:16,사이즈: 정사이즈 / 화면 대비 색감: 화면과 비슷 / 퀄리티: 매우 좋음 / 신축성: 적당함,True,0,filluminate,하의,M,,2026,6,28,일,5,응답,정사이즈,화면과 비슷,매우 좋음,,,적당함,,,5.0,,3.0,,,0.0,0.0,0.0,0.0,,,여자이지만 잘 입었습니다. 다만 남녀공용이라 바지가 매우 길음. 수선해서입으몀 될듯. 소재가 매우짱짱하고 퀄좋음,여자이지만잘입었습니다다만남녀공용이라바지가매우길음수선해서입으몀될듯소재가매우짱짱하고퀄좋음,0,0,0,0,0,False,62,47,62,True
3791988,85877649,general,혁우05,데일리로 입기 좋은 바지인거같고 편하고 좋아요,5.0,False,S,171.0,59.0,남성,2026-06-28 19:46:22,사이즈: 정사이즈 / 화면 대비 색감: 화면과 비슷 / 퀄리티: 보통 / 신축성: 적당함,False,0,filluminate,하의,S,,2026,6,28,일,5,응답,정사이즈,화면과 비슷,보통,,,적당함,,,3.0,,3.0,,,0.0,0.0,0.0,0.0,,,데일리로 입기 좋은 바지인거같고 편하고 좋아요,데일리로입기좋은바지인거같고편하고좋아요,0,0,0,0,0,False,25,20,25,True
3791988,85875637,general,KDH05.,가격대비 매우 만족스럽고 사이즈도 너무 좋네요 잘 입을게요,5.0,False,XL,182.0,85.0,남성,2026-06-28 18:43:48,사이즈: 정사이즈 / 화면 대비 색감: 화면과 비슷 / 퀄리티: 보통 / 신축성: 적당함,True,0,filluminate,하의,XL,,2026,6,28,일,5,응답,정사이즈,화면과 비슷,보통,,,적당함,,,3.0,,3.0,,,0.0,0.0,0.0,0.0,,,가격대비 매우 만족스럽고 사이즈도 너무 좋네요 잘 입을게요,가격대비매우만족스럽고사이즈도너무좋네요잘입을게요,0,0,0,0,0,False,32,25,32,True
3791988,85875552,style,KDH05.,가격대비 매우 만족스럽고 좋네요 잘 입을게요 다만 약간 큰 느낌은 있지만 박시하게 입으면 돼서 좋아요,5.0,False,XL,182.0,85.0,남성,2026-06-28 18:41:49,사이즈: 정사이즈 / 화면 대비 색감: 화면과 비슷 / 퀄리티: 보통 / 신축성: 적당함,True,0,filluminate,하의,XL,,2026,6,28,일,5,응답,정사이즈,화면과 비슷,보통,,,적당함,,,3.0,,3.0,,,0.0,0.0,0.0,0.0,,,가격대비 매우 만족스럽고 좋네요 잘 입을게요 다만 약간 큰 느낌은 있지만 박시하게 입으면 돼서 좋아요,가격대비매우만족스럽고좋네요잘입을게요다만약간큰느낌은있지만박시하게입으면돼서좋아요,0,0,0,0,0,False,56,42,56,True
3791988,85874871,style,csb221,핏이 와이드하게 이쁘고 얇아서 여름에 입기 좋을것 같아요,5.0,False,S,168.0,60.0,남성,2026-06-28 18:23:30,사이즈: 정사이즈 / 화면 대비 색감: 화면과 비슷 / 퀄리티: 보통 / 신축성: 전혀 없음,True,0,filluminate,하의,S,,2026,6,28,일,5,응답,정사이즈,화면과 비슷,보통,,,전혀 없음,,,3.0,,1.0,,,0.0,0.0,0.0,0.0,,,핏이 와이드하게 이쁘고 얇아서 여름에 입기 좋을것 같아요,핏이와이드하게이쁘고얇아서여름에입기좋을것같아요,0,0,0,0,0,False,31,24,31,True
3791988,85864315,general,보오노,원래 32 입는데 이건 32가 허리가 좀 작긴해요,5.0,False,L,181.0,85.0,남성,2026-06-28 13:05:59,사이즈: 정사이즈 / 화면 대비 색감: 화면과 비슷 / 퀄리티: 보통 / 신축성: 적당함,False,0,filluminate,하의,L,,2026,6,28,일,5,응답,정사이즈,화면과 비슷,보통,,,적당함,,,3.0,,3.0,,,0.0,0.0,0.0,0.0,,,원래 32 입는데 이건 32가 허리가 좀 작긴해요,원래32입는데이건32가허리가좀작긴해요,0,0,0,0,0,False,27,16,27,True
3791988,85860159,general,단아한조지아쪼리,너무좋아요 너무좋아요 너무좋아요 너무좋아요,5.0,False,S,172.0,65.0,missing,2026-06-28 10:40:49,사이즈: 정사이즈 / 화면 대비 색감: 화면과 비슷 / 퀄리티: 보통 / 신축성: 적당함,False,0,filluminate,하의,S,,2026,6,28,일,5,응답,정사이즈,화면과 비슷,보통,,,적당함,,,3.0,,3.0,,,0.0,0.0,0.0,0.0,,,너무좋아요 너무좋아요 너무좋아요 너무좋아요,너무좋아요너무좋아요너무좋아요너무좋아요,0,0,0,0,0,False,23,20,23,True
3791988,85855800,general,다양한신사클러치,생각했던만큼 색감이랑 핏이 너무 좋았고 사이즈가 딱 맞아요,5.0,False,M,176.0,78.0,남성,2026-06-28 02:34:47,사이즈: 정사이즈 / 화면 대비 색감: 화면과 비슷 / 퀄리티: 보통 / 신축성: 적당함,False,0,filluminate,하의,M,,2026,6,28,일,5,응답,정사이즈,화면과 비슷,보통,,,적당함,,,3.0,,3.0,,,0.0,0.0,0.0,0.0,,,생각했던만큼 색감이랑 핏이 너무 좋았고 사이즈가 딱 맞아요,생각했던만큼색감이랑핏이너무좋았고사이즈가딱맞아요,0,0,0,0,0,False,32,25,32,True
3791988,85854389,general,역동적인대구핀,사이즈부터 색상까지 인기가 많은 데에는 다 이유가 있는거 같습니다 너무 만족해요 🤍,5.0,False,XS,167.0,53.0,남성,2026-06-28 01:10:34,사이즈: 정사이즈 / 화면 대비 색감: 화면과 비슷 / 퀄리티: 좋음 / 신축성: 강함,True,0,filluminate,하의,XS,,2026,6,28,일,5,응답,정사이즈,화면과 비슷,좋음,,,강함,,,4.0,,4.0,,,0.0,0.0,0.0,0.0,,,사이즈부터 색상까지 인기가 많은 데에는 다 이유가 있는거 같습니다 너무 만족해요,사이즈부터색상까지인기가많은데에는다이유가있는거같습니다너무만족해요,0,0,0,0,1,False,46,34,44,True
3791988,85852332,general,미묘한벨기에래플,통은 큰데 허리가 맞는 바지 찾기 정말 힘든데 허리가 막 크지 않아서 너무너무 만족합니다!!ㅎㅎ,5.0,False,S,160.0,55.0,여성,2026-06-27 23:48:12,사이즈: 정사이즈 / 화면 대비 색감: 화면과 비슷 / 퀄리티: 보통 / 신축성: 적당함,False,0,filluminate,하의,S,,2026,6,27,토,5,응답,정사이즈,화면과 비슷,보통,,,적당함,,,3.0,,3.0,,,0.0,0.0,0.0,0.0,,,통은 큰데 허리가 맞는 바지 찾기 정말 힘든데 허리가 막 크지 않아서 너무너무 만족합니다!!ㅎㅎ,통은큰데허리가맞는바지찾기정말힘든데허리가막크지않아서너무너무만족합니다,2,0,2,0,0,False,53,36,53,True
3791988,85847703,general,두리원,청바지 하나도 없다고 하니까 여자친구가 사줬는데 좋네요,5.0,False,M,173.0,71.0,남성,2026-06-27 21:32:50,사이즈: 정사이즈 / 화면 대비 색감: 화면과 비슷 / 퀄리티: 보통 / 신축성: 적당함,False,0,filluminate,하의,M,,2026,6,27,토,5,응답,정사이즈,화면과 비슷,보통,,,적당함,,,3.0,,3.0,,,0.0,0.0,0.0,0.0,,,청바지 하나도 없다고 하니까 여자친구가 사줬는데 좋네요,청바지하나도없다고하니까여자친구가사줬는데좋네요,0,0,0,0,0,False,30,24,30,True
3791988,85846423,general,sb7660,아직은 사용전 입니다 싼가격에 잘 구매해봅니다,3.0,False,XL,177.0,88.0,남성,2026-06-27 20:54:04,사이즈: 정사이즈 / 화면 대비 색감: 화면과 비슷 / 퀄리티: 보통 / 신축성: 적당함,False,0,filluminate,하의,XL,,2026,6,27,토,3,응답,정사이즈,화면과 비슷,보통,,,적당함,,,3.0,,3.0,,,0.0,0.0,0.0,0.0,,,아직은 사용전 입니다 싼가격에 잘 구매해봅니다,아직은사용전입니다싼가격에잘구매해봅니다,0,0,0,0,0,False,25,20,25,True
3791988,85840286,general,솔직한플럼체인,사이즈가 정말 딱 맞아요 조금만 살이 찌면 못입을 바지네요 저의 다이어트 기준의 바지로 정했습니다!!,4.0,False,L,176.0,75.0,남성,2026-06-27 17:50:56,사이즈: 정사이즈 / 화면 대비 색감: 화면과 비슷 / 퀄리티: 보통 / 신축성: 적당함,True,0,filluminate,하의,L,,2026,6,27,토,4,응답,정사이즈,화면과 비슷,보통,,,적당함,,,3.0,,3.0,,,0.0,0.0,0.0,0.0,,,사이즈가 정말 딱 맞아요 조금만 살이 찌면 못입을 바지네요 저의 다이어트 기준의 바지로 정했습니다!!,사이즈가정말딱맞아요조금만살이찌면못입을바지네요저의다이어트기준의바지로정했습니다,0,0,2,0,0,False,56,41,56,True
3791988,85840225,style,솔직한플럼체인,사이즈는 정말 딱 맞아요 살 더 찌면 못입을정도로... 제 다이어트의 기준의 사이즈로 정할 옷입니다!! 옷은 두껍고 좋습니다!!,4.0,False,L,176.0,75.0,남성,2026-06-27 17:49:33,사이즈: 정사이즈 / 화면 대비 색감: 화면과 비슷 / 퀄리티: 보통 / 신축성: 적당함,True,0,filluminate,하의,L,,2026,6,27,토,4,응답,정사이즈,화면과 비슷,보통,,,적당함,,,3.0,,3.0,,,0.0,0.0,0.0,0.0,,,사이즈는 정말 딱 맞아요 살 더 찌면 못입을정도로... 제 다이어트의 기준의 사이즈로 정할 옷입니다!! 옷은 두껍고 좋습니다!!,사이즈는정말딱맞아요살더찌면못입을정도로제다이어트의기준의사이즈로정할옷입니다옷은두껍고좋습니다,0,0,4,0,0,True,71,48,71,True
3791988,85838172,general,주제넘는핑크모델,여름에 입을 조금 얇은 바지가 필요했는데 딱 맞게 원하는거 있어서 좋습니다,5.0,False,M,180.0,58.0,남성,2026-06-27 17:03:35,사이즈: 정사이즈 / 화면 대비 색감: 화면과 비슷 / 퀄리티: 보통 / 신축성: 적당함,True,0,filluminate,하의,M,,2026,6,27,토,5,응답,정사이즈,화면과 비슷,보통,,,적당함,,,3.0,,3.0,,,0.0,0.0,0.0,0.0,,,여름에 입을 조금 얇은 바지가 필요했는데 딱 맞게 원하는거 있어서 좋습니다,여름에입을조금얇은바지가필요했는데딱맞게원하는거있어서좋습니다,0,0,0,0,0,False,41,31,41,True
3791988,85832795,general,클래식한방배실크,진짜 잘산거같아요 너무너무 이쁘고 잘맞아유사이즈도,5.0,False,M,171.0,76.0,남성,2026-06-27 14:42:28,사이즈: 정사이즈 / 화면 대비 색감: 화면과 비슷 / 퀄리티: 매우 좋음 / 신축성: 매우 강함,False,0,filluminate,하의,M,,2026,6,27,토,5,응답,정사이즈,화면과 비슷,매우 좋음,,,매우 강함,,,5.0,,5.0,,,0.0,0.0,0.0,0.0,,,진짜 잘산거같아요 너무너무 이쁘고 잘맞아유사이즈도,진짜잘산거같아요너무너무이쁘고잘맞아유사이즈도,0,0,0,0,0,False,27,23,27,True
3791988,85832697,style,코끼리는뿌우,후기들 보고 XL살지 L살지 고민했는데 저는 L이 딱 좋네요 저랑 키몸무게 비슷한 분들 참고 바라길,5.0,False,L,182.0,84.0,남성,2026-06-27 14:40:06,사이즈: 정사이즈 / 화면 대비 색감: 화면과 비슷 / 퀄리티: 매우 좋음 / 신축성: 적당함,True,0,filluminate,하의,L,,2026,6,27,토,5,응답,정사이즈,화면과 비슷,매우 좋음,,,적당함,,,5.0,,3.0,,,0.0,0.0,0.0,0.0,,,후기들 보고 XL살지 L살지 고민했는데 저는 L이 딱 좋네요 저랑 키몸무게 비슷한 분들 참고 바라길,후기들보고xl살지l살지고민했는데저는l이딱좋네요저랑키몸무게비슷한분들참고바라길,0,0,0,0,0,False,55,37,55,True
3791988,85831464,general,난해한체코코디룩,생각보다 푸른 끼가 더 도는거 같아요 그래도 핏은 정말 이쁘고 가격도 품질에 비해 저렴해서 좋은거 같아요,5.0,False,M,174.0,57.0,남성,2026-06-27 14:04:27,사이즈: 조금 큼 / 화면 대비 색감: 밝음 / 퀄리티: 매우 좋음 / 신축성: 적당함,False,0,filluminate,하의,M,,2026,6,27,토,5,응답,조금 큼,밝음,매우 좋음,,,적당함,,,5.0,,3.0,,,1.0,1.0,1.0,1.0,,,생각보다 푸른 끼가 더 도는거 같아요 그래도 핏은 정말 이쁘고 가격도 품질에 비해 저렴해서 좋은거 같아요,생각보다푸른끼가더도는거같아요그래도핏은정말이쁘고가격도품질에비해저렴해서좋은거같아요,0,0,0,0,0,False,58,43,58,True
3791988,85830771,general,elqtm_윤,생각보다 통이 크고 바지 자체가 컸어요 근데 여름에 입기도 좋은거 같아요 후들후들하고,5.0,False,L,170.0,70.0,여성,2026-06-27 13:43:13,사이즈: 조금 큼 / 화면 대비 색감: 어두움 / 퀄리티: 보통 / 신축성: 거의 없음,True,0,filluminate,하의,L,,2026,6,27,토,5,응답,조금 큼,어두움,보통,,,거의 없음,,,3.0,,2.0,,,1.0,1.0,-1.0,1.0,,,생각보다 통이 크고 바지 자체가 컸어요 근데 여름에 입기도 좋은거 같아요 후들후들하고,생각보다통이크고바지자체가컸어요근데여름에입기도좋은거같아요후들후들하고,0,0,0,0,0,False,47,36,47,True
3791988,85819642,general,배민중의지팡이,색감도 발고 실물이 이뻐서 휘뚜루마뚜루 입고 좋네요,5.0,False,XS,163.0,57.0,남성,2026-06-27 06:02:54,사이즈: 정사이즈 / 화면 대비 색감: 밝음 / 퀄리티: 보통 / 신축성: 거의 없음,False,0,filluminate,하의,XS,,2026,6,27,토,5,응답,정사이즈,밝음,보통,,,거의 없음,,,3.0,,2.0,,,0.0,0.0,1.0,1.0,,,색감도 발고 실물이 이뻐서 휘뚜루마뚜루 입고 좋네요,색감도발고실물이이뻐서휘뚜루마뚜루입고좋네요,0,0,0,0,0,False,28,22,28,True
3791988,85816992,general,ㄷ.,일단 색이 너무 이쁘고 그렇게 두껍지않아서 올 여름에 잘 입을것 같아요,5.0,False,L,181.0,75.0,남성,2026-06-27 01:08:46,사이즈: 정사이즈 / 화면 대비 색감: 화면과 비슷 / 퀄리티: 보통 / 신축성: 적당함,True,0,filluminate,하의,L,,2026,6,27,토,5,응답,정사이즈,화면과 비슷,보통,,,적당함,,,3.0,,3.0,,,0.0,0.0,0.0,0.0,,,일단 색이 너무 이쁘고 그렇게 두껍지않아서 올 여름에 잘 입을것 같아요,일단색이너무이쁘고그렇게두껍지않아서올여름에잘입을것같아요,0,0,0,0,0,False,39,29,39,True
3791988,85815989,general,Kim_TaeI,스크래치 워싱이 매력적이고 허리도 정사이즈로 가면 딱 맞아서 좋아요,5.0,False,M,181.0,64.0,남성,2026-06-27 00:34:21,사이즈: 정사이즈 / 화면 대비 색감: 화면과 비슷 / 퀄리티: 매우 좋음 / 신축성: 거의 없음,False,0,filluminate,하의,M,,2026,6,27,토,5,응답,정사이즈,화면과 비슷,매우 좋음,,,거의 없음,,,5.0,,2.0,,,0.0,0.0,0.0,0.0,,,스크래치 워싱이 매력적이고 허리도 정사이즈로 가면 딱 맞아서 좋아요,스크래치워싱이매력적이고허리도정사이즈로가면딱맞아서좋아요,0,0,0,0,0,False,37,29,37,True
3791988,85813708,general,Winter-03,가볍고 시원해요 좋습니다 여름에도 입을 수 있을거같아요,5.0,False,M,182.0,76.0,남성,2026-06-26 23:29:40,사이즈: 정사이즈 / 화면 대비 색감: 화면과 비슷 / 퀄리티: 보통 / 신축성: 적당함,True,1,filluminate,하의,M,,2026,6,26,금,5,응답,정사이즈,화면과 비슷,보통,,,적당함,,,3.0,,3.0,,,0.0,0.0,0.0,0.0,,,가볍고 시원해요 좋습니다 여름에도 입을 수 있을거같아요,가볍고시원해요좋습니다여름에도입을수있을거같아요,0,0,0,0,0,False,30,24,30,True
3791988,85813463,general,._.안녕,좋아요! 어이든 매치하기 좋아서 잘 입고다닐거같아요!,5.0,False,XL,171.0,75.0,여성,2026-06-26 23:24:29,사이즈: 정사이즈 / 화면 대비 색감: 화면과 비슷 / 퀄리티: 보통 / 신축성: 적당함,False,0,filluminate,하의,XL,,2026,6,26,금,5,응답,정사이즈,화면과 비슷,보통,,,적당함,,,3.0,,3.0,,,0.0,0.0,0.0,0.0,,,좋아요! 어이든 매치하기 좋아서 잘 입고다닐거같아요!,좋아요어이든매치하기좋아서잘입고다닐거같아요,0,0,2,0,0,False,29,22,29,True
3791988,85813210,general,민첩한인디고스냅,색감이 너무 이쁘고 핏도 잘나와서 여러 옷들과 코디하고 좋아요,5.0,False,S,169.0,62.0,남성,2026-06-26 23:18:33,사이즈: 조금 큼 / 화면 대비 색감: 화면과 비슷 / 퀄리티: 보통 / 신축성: 적당함,False,0,filluminate,하의,S,,2026,6,26,금,5,응답,조금 큼,화면과 비슷,보통,,,적당함,,,3.0,,3.0,,,1.0,1.0,0.0,0.0,,,색감이 너무 이쁘고 핏도 잘나와서 여러 옷들과 코디하고 좋아요,색감이너무이쁘고핏도잘나와서여러옷들과코디하고좋아요,0,0,0,0,0,False,34,26,34,True
3791988,85800793,general,원원413,사이즈 미스로 교환했는데 허리는 맞는데 통이 좀 크네요 이쁘긴합니다,5.0,False,XL,176.0,80.0,남성,2026-06-26 18:48:20,사이즈: 조금 큼 / 화면 대비 색감: 화면과 비슷 / 퀄리티: 보통 / 신축성: 적당함,True,0,filluminate,하의,XL,,2026,6,26,금,5,응답,조금 큼,화면과 비슷,보통,,,적당함,,,3.0,,3.0,,,1.0,1.0,0.0,0.0,,,사이즈 미스로 교환했는데 허리는 맞는데 통이 좀 크네요 이쁘긴합니다,사이즈미스로교환했는데허리는맞는데통이좀크네요이쁘긴합니다,0,0,0,0,0,False,37,29,37,True
3791988,85797024,general,김김선빈,두께감 적당하고 이쁩니다 신축성도좋고 휴ㅏ면이랑 슷합니다,5.0,False,L,180.0,90.0,남성,2026-06-26 17:30:39,사이즈: 정사이즈 / 화면 대비 색감: 화면과 비슷 / 퀄리티: 보통 / 신축성: 적당함,False,0,filluminate,하의,L,,2026,6,26,금,5,응답,정사이즈,화면과 비슷,보통,,,적당함,,,3.0,,3.0,,,0.0,0.0,0.0,0.0,,,두께감 적당하고 이쁩니다 신축성도좋고 휴ㅏ면이랑 슷합니다,두께감적당하고이쁩니다신축성도좋고휴면이랑슷합니다,0,0,0,0,0,False,31,25,31,True
3791988,85788403,general,용기있는빨강점퍼,생각보다 괜찮았던 상품이에여. 앞으로 자주 자주 사용할꺼 같습니다,5.0,False,XL,188.0,100.0,남성,2026-06-26 14:43:45,사이즈: 정사이즈 / 화면 대비 색감: 화면과 비슷 / 퀄리티: 보통 / 신축성: 적당함,False,0,filluminate,하의,XL,,2026,6,26,금,5,응답,정사이즈,화면과 비슷,보통,,,적당함,,,3.0,,3.0,,,0.0,0.0,0.0,0.0,,,생각보다 괜찮았던 상품이에여. 앞으로 자주 자주 사용할꺼 같습니다,생각보다괜찮았던상품이에여앞으로자주자주사용할꺼같습니다,0,0,0,0,0,False,36,28,36,True
3791988,85777433,style,남 기준,가격도 싼데 편하고 품질도 나쁘지 않아서 진짜 잘 입을듯,5.0,False,L,177.0,70.0,남성,2026-06-26 09:38:49,사이즈: 정사이즈 / 화면 대비 색감: 화면과 비슷 / 퀄리티: 매우 좋음 / 신축성: 적당함,True,0,filluminate,하의,L,,2026,6,26,금,5,응답,정사이즈,화면과 비슷,매우 좋음,,,적당함,,,5.0,,3.0,,,0.0,0.0,0.0,0.0,,,가격도 싼데 편하고 품질도 나쁘지 않아서 진짜 잘 입을듯,가격도싼데편하고품질도나쁘지않아서진짜잘입을듯,0,0,0,0,0,False,31,23,31,True
3791988,85775228,general,iys3715,무진장으로 싸게 사서 잘입고 다니고있습니다~ 추천합니다,4.0,False,L,179.0,85.0,남성,2026-06-26 08:24:04,사이즈: 정사이즈 / 화면 대비 색감: 화면과 비슷 / 퀄리티: 보통 / 신축성: 적당함,False,0,filluminate,하의,L,,2026,6,26,금,4,응답,정사이즈,화면과 비슷,보통,,,적당함,,,3.0,,3.0,,,0.0,0.0,0.0,0.0,,,무진장으로 싸게 사서 잘입고 다니고있습니다~ 추천합니다,무진장으로싸게사서잘입고다니고있습니다추천합니다,0,0,0,0,0,False,30,24,30,True
3791988,85770112,general,성공적인LA득템,오랜만에 좋은 데님팬츠 찾고 있다가 찾았네요 잘입을게요,5.0,False,M,179.0,64.0,남성,2026-06-26 00:44:54,사이즈: 정사이즈 / 화면 대비 색감: 화면과 비슷 / 퀄리티: 보통 / 신축성: 적당함,False,0,filluminate,하의,M,,2026,6,26,금,5,응답,정사이즈,화면과 비슷,보통,,,적당함,,,3.0,,3.0,,,0.0,0.0,0.0,0.0,,,오랜만에 좋은 데님팬츠 찾고 있다가 찾았네요 잘입을게요,오랜만에좋은데님팬츠찾고있다가찾았네요잘입을게요,0,0,0,0,0,False,30,24,30,True
3791988,85767201,general,shinyj6,옷이 몸에 딱 맞아요 너무 잘 산거 같아요. 길이도 적당해요.,5.0,False,XL,186.0,80.0,남성,2026-06-25 23:29:06,사이즈: 정사이즈 / 화면 대비 색감: 화면과 비슷 / 퀄리티: 보통 / 신축성: 적당함,False,0,filluminate,하의,XL,,2026,6,25,목,5,응답,정사이즈,화면과 비슷,보통,,,적당함,,,3.0,,3.0,,,0.0,0.0,0.0,0.0,,,옷이 몸에 딱 맞아요 너무 잘 산거 같아요. 길이도 적당해요.,옷이몸에딱맞아요너무잘산거같아요길이도적당해요,0,0,0,0,0,False,34,23,34,True
3791988,85764973,style,힘있는청색세트,허리가 얇아서 xs샀는데 너무 딱맞아버리는... 쿠팡에서 허리사이즈 늘리는 단추까지 삼ㅠㅠ 그래도 너무너무이쁨 진짜 색감 미쳤,5.0,False,XS,173.0,56.0,남성,2026-06-25 22:47:35,사이즈: 정사이즈 / 화면 대비 색감: 화면과 비슷 / 퀄리티: 보통 / 신축성: 적당함,True,0,filluminate,하의,XS,,2026,6,25,목,5,응답,정사이즈,화면과 비슷,보통,,,적당함,,,3.0,,3.0,,,0.0,0.0,0.0,0.0,,,허리가 얇아서 xs샀는데 너무 딱맞아버리는... 쿠팡에서 허리사이즈 늘리는 단추까지 삼ㅠㅠ 그래도 너무너무이쁨 진짜 색감 미쳤,허리가얇아서xs샀는데너무딱맞아버리는쿠팡에서허리사이즈늘리는단추까지삼그래도너무너무이쁨진짜색감미쳤,0,2,0,0,0,True,70,49,70,True
3791988,85758582,general,아련한한강벨라인,생각보다 얇아서 봄여름에 입어야 할거같아요 굿,3.0,False,M,173.0,73.0,남성,2026-06-25 21:07:58,사이즈: 정사이즈 / 화면 대비 색감: 화면과 비슷 / 퀄리티: 보통 / 신축성: 적당함,True,0,filluminate,하의,M,,2026,6,25,목,3,응답,정사이즈,화면과 비슷,보통,,,적당함,,,3.0,,3.0,,,0.0,0.0,0.0,0.0,,,생각보다 얇아서 봄여름에 입어야 할거같아요 굿,생각보다얇아서봄여름에입어야할거같아요굿,0,0,0,0,0,False,25,20,25,True
3791988,85752729,general,러블리,같은 라인 바지 입어보고 괜찮아서 다름 색으로 또  구매했습니다. 가격대비 막 입기 좋아요~,3.0,False,XS,158.0,50.0,여성,2026-06-25 19:32:06,사이즈: 조금 큼 / 화면 대비 색감: 화면과 비슷 / 퀄리티: 보통 / 신축성: 전혀 없음,False,0,filluminate,하의,XS,,2026,6,25,목,3,응답,조금 큼,화면과 비슷,보통,,,전혀 없음,,,3.0,,1.0,,,1.0,1.0,0.0,0.0,,,같은 라인 바지 입어보고 괜찮아서 다름 색으로 또 구매했습니다. 가격대비 막 입기 좋아요~,같은라인바지입어보고괜찮아서다름색으로또구매했습니다가격대비막입기좋아요,0,0,0,0,0,False,51,36,50,True
3791988,85750550,general,아무이유없음,색상도 맘에 들고 사이즈도 딱 맞아서 다음에 다른 색상도 구매해야겠어요,5.0,False,M,176.0,60.0,남성,2026-06-25 18:55:36,사이즈: 정사이즈 / 화면 대비 색감: 화면과 비슷 / 퀄리티: 보통 / 신축성: 거의 없음,True,0,filluminate,하의,M,,2026,6,25,목,5,응답,정사이즈,화면과 비슷,보통,,,거의 없음,,,3.0,,2.0,,,0.0,0.0,0.0,0.0,,,색상도 맘에 들고 사이즈도 딱 맞아서 다음에 다른 색상도 구매해야겠어요,색상도맘에들고사이즈도딱맞아서다음에다른색상도구매해야겠어요,0,0,0,0,0,False,39,30,39,True
3791988,85748432,general,다둥이어빠,얇아서 여름에 딱 알맞네요~~~ 그리고 핏도 맘에 들어요,5.0,False,L,172.0,85.0,남성,2026-06-25 18:16:12,사이즈: 조금 큼 / 화면 대비 색감: 화면과 비슷 / 퀄리티: 매우 좋음 / 신축성: 적당함,False,0,filluminate,하의,L,,2026,6,25,목,5,응답,조금 큼,화면과 비슷,매우 좋음,,,적당함,,,5.0,,3.0,,,1.0,1.0,0.0,0.0,,,얇아서 여름에 딱 알맞네요~~~ 그리고 핏도 맘에 들어요,얇아서여름에딱알맞네요그리고핏도맘에들어요,0,0,0,0,0,True,31,21,31,True
3791988,85748036,general,달콤한밀라노리본,색감도 예쁘고 디테일이 마음에 듭니다. 사이즈도 맞아서 잘 입을 것 같습니다.,5.0,False,M,168.0,69.0,남성,2026-06-25 18:04:53,사이즈: 정사이즈 / 화면 대비 색감: 화면과 비슷 / 퀄리티: 좋음 / 신축성: 적당함,False,0,filluminate,하의,M,,2026,6,25,목,5,응답,정사이즈,화면과 비슷,좋음,,,적당함,,,4.0,,3.0,,,0.0,0.0,0.0,0.0,,,색감도 예쁘고 디테일이 마음에 듭니다. 사이즈도 맞아서 잘 입을 것 같습니다.,색감도예쁘고디테일이마음에듭니다사이즈도맞아서잘입을것같습니다,0,0,0,0,0,False,43,31,43,True
3791988,85733958,general,병어빵,핏이 생각보다 이쁘게 떨어져요. 원단도 짱짱하고 이뻐요,5.0,False,XL,170.0,85.0,남성,2026-06-25 12:37:29,사이즈: 정사이즈 / 화면 대비 색감: 화면과 비슷 / 퀄리티: 좋음 / 신축성: 강함,False,0,filluminate,하의,XL,,2026,6,25,목,5,응답,정사이즈,화면과 비슷,좋음,,,강함,,,4.0,,4.0,,,0.0,0.0,0.0,0.0,,,핏이 생각보다 이쁘게 떨어져요. 원단도 짱짱하고 이뻐요,핏이생각보다이쁘게떨어져요원단도짱짱하고이뻐요,0,0,0,0,0,False,30,23,30,True
3791988,85729065,general,청량한니스스웨터,고딩 딸이 주문!핏 예쁘고 기장도 적당해요.배송빨라요.,5.0,False,XS,159.0,50.0,여성,2026-06-25 10:26:36,사이즈: 정사이즈 / 화면 대비 색감: 화면과 비슷 / 퀄리티: 매우 좋음 / 신축성: 전혀 없음,True,0,filluminate,하의,XS,,2026,6,25,목,5,응답,정사이즈,화면과 비슷,매우 좋음,,,전혀 없음,,,5.0,,1.0,,,0.0,0.0,0.0,0.0,,,고딩 딸이 주문!핏 예쁘고 기장도 적당해요.배송빨라요.,고딩딸이주문핏예쁘고기장도적당해요배송빨라요,0,0,1,0,0,False,30,22,30,True
3791988,85720294,general,정상적인전주캡슐,생각보다 조금 크긴 했지만 색감이 굉장히 예뻐서 추천할만해요,4.0,False,L,178.0,70.0,남성,2026-06-25 00:43:52,사이즈: 조금 큼 / 화면 대비 색감: 화면과 비슷 / 퀄리티: 보통 / 신축성: 적당함,False,0,filluminate,하의,L,,2026,6,25,목,4,응답,조금 큼,화면과 비슷,보통,,,적당함,,,3.0,,3.0,,,1.0,1.0,0.0,0.0,,,생각보다 조금 크긴 했지만 색감이 굉장히 예뻐서 추천할만해요,생각보다조금크긴했지만색감이굉장히예뻐서추천할만해요,0,0,0,0,0,False,33,26,33,True
3791988,85719309,general,원재설아,여름에 할랑할랑하게 입을 수 있어서 만족스러워요ㅋㅋ,5.0,False,L,177.0,83.0,남성,2026-06-25 00:18:53,사이즈: 조금 큼 / 화면 대비 색감: 밝음 / 퀄리티: 보통 / 신축성: 적당함,False,0,filluminate,하의,L,,2026,6,25,목,5,응답,조금 큼,밝음,보통,,,적당함,,,3.0,,3.0,,,1.0,1.0,1.0,1.0,,,여름에 할랑할랑하게 입을 수 있어서 만족스러워요ㅋㅋ,여름에할랑할랑하게입을수있어서만족스러워요,2,0,0,0,0,False,28,21,28,True
3791988,85710239,general,명확한제노바컷팅,기대했는데 허리는 좀 타이트하게 나오는 제품 같고 나머지 핏은 전체적으로 여유 있는거 같습니다!,5.0,False,M,173.0,90.0,남성,2026-06-24 22:19:02,사이즈: 정사이즈 / 화면 대비 색감: 화면과 비슷 / 퀄리티: 보통 / 신축성: 적당함,False,0,filluminate,하의,M,,2026,6,24,수,5,응답,정사이즈,화면과 비슷,보통,,,적당함,,,3.0,,3.0,,,0.0,0.0,0.0,0.0,,,기대했는데 허리는 좀 타이트하게 나오는 제품 같고 나머지 핏은 전체적으로 여유 있는거 같습니다!,기대했는데허리는좀타이트하게나오는제품같고나머지핏은전체적으로여유있는거같습니다,0,0,1,0,0,False,53,40,53,True
3791988,85698388,general,Sunghyeonni,약간 바지만 색감 괜찮고 전투용으로 입기 좋습니다.,4.0,False,M,174.0,68.0,남성,2026-06-24 19:42:22,사이즈: 조금 큼 / 화면 대비 색감: 밝음 / 퀄리티: 보통 / 신축성: 적당함,True,0,filluminate,하의,M,,2026,6,24,수,4,응답,조금 큼,밝음,보통,,,적당함,,,3.0,,3.0,,,1.0,1.0,1.0,1.0,,,약간 바지만 색감 괜찮고 전투용으로 입기 좋습니다.,약간바지만색감괜찮고전투용으로입기좋습니다,0,0,0,0,0,False,28,21,28,True
3791988,85698346,style,Sunghyeonni,생각보다 바지가 큽니다. 약간 펄럭펄럭거려요. 그래도 가격에 비하면 전투용으로 입기 괜찮습니다.,4.0,False,M,174.0,68.0,남성,2026-06-24 19:41:45,사이즈: 조금 큼 / 화면 대비 색감: 밝음 / 퀄리티: 보통 / 신축성: 적당함,True,1,filluminate,하의,M,,2026,6,24,수,4,응답,조금 큼,밝음,보통,,,적당함,,,3.0,,3.0,,,1.0,1.0,1.0,1.0,,,생각보다 바지가 큽니다. 약간 펄럭펄럭거려요. 그래도 가격에 비하면 전투용으로 입기 괜찮습니다.,생각보다바지가큽니다약간펄럭펄럭거려요그래도가격에비하면전투용으로입기괜찮습니다,0,0,0,0,0,False,53,40,53,True
3791988,85696995,style,whatever_hada,블프기간이라 저렴하게 구매해서 좋았어요 색감은 적당한데 통은 넓어요,5.0,False,L,178.0,78.0,남성,2026-06-24 19:26:49,사이즈: 조금 큼 / 화면 대비 색감: 화면과 비슷 / 퀄리티: 보통 / 신축성: 적당함,True,0,filluminate,하의,L,,2026,6,24,수,5,응답,조금 큼,화면과 비슷,보통,,,적당함,,,3.0,,3.0,,,1.0,1.0,0.0,0.0,,,블프기간이라 저렴하게 구매해서 좋았어요 색감은 적당한데 통은 넓어요,블프기간이라저렴하게구매해서좋았어요색감은적당한데통은넓어요,0,0,0,0,0,False,37,30,37,True
3791988,85694241,general,유머있는울산쿨톤,색감 디자인 이뻐서 좋아요 다만 허리가 생각보다 껴서요 ㅠ 다이어트 해야할거같아요 ㅠㅠ,5.0,False,L,181.0,80.0,남성,2026-06-24 18:35:11,사이즈: 정사이즈 / 화면 대비 색감: 화면과 비슷 / 퀄리티: 좋음 / 신축성: 거의 없음,True,0,filluminate,하의,L,,2026,6,24,수,5,응답,정사이즈,화면과 비슷,좋음,,,거의 없음,,,4.0,,2.0,,,0.0,0.0,0.0,0.0,,,색감 디자인 이뻐서 좋아요 다만 허리가 생각보다 껴서요 ㅠ 다이어트 해야할거같아요 ㅠㅠ,색감디자인이뻐서좋아요다만허리가생각보다껴서요다이어트해야할거같아요,0,2,0,0,0,False,48,34,48,True
3791988,85685264,general,흐뭇한베니스새틴,행사기간에 저렴하게 좋은물건 구매했습니다. 사진보다 약간 더 밝은것 같은데 좋습니다:),5.0,False,L,175.0,75.0,남성,2026-06-24 16:07:12,사이즈: 정사이즈 / 화면 대비 색감: 밝음 / 퀄리티: 보통 / 신축성: 적당함,True,0,filluminate,하의,L,,2026,6,24,수,5,응답,정사이즈,밝음,보통,,,적당함,,,3.0,,3.0,,,0.0,0.0,1.0,1.0,,,행사기간에 저렴하게 좋은물건 구매했습니다. 사진보다 약간 더 밝은것 같은데 좋습니다:),행사기간에저렴하게좋은물건구매했습니다사진보다약간더밝은것같은데좋습니다,0,0,0,0,0,False,48,36,48,True
3791988,85685114,general,효율적인세종캡슐,디자인 너무 이쁘고핏도 좋아서 입기 정말 좋아요,5.0,False,XL,185.0,85.0,남성,2026-06-24 16:04:35,사이즈: 정사이즈 / 화면 대비 색감: 화면과 비슷 / 퀄리티: 보통 / 신축성: 적당함,False,0,filluminate,하의,XL,,2026,6,24,수,5,응답,정사이즈,화면과 비슷,보통,,,적당함,,,3.0,,3.0,,,0.0,0.0,0.0,0.0,,,디자인 너무 이쁘고핏도 좋아서 입기 정말 좋아요,디자인너무이쁘고핏도좋아서입기정말좋아요,0,0,0,0,0,False,26,20,26,True
3791988,85682798,general,착한베니스잠옷,색감 이쁘고 사이즈도 생각한만큼 딱맞아서 좋아요,5.0,False,XL,182.0,86.0,남성,2026-06-24 15:20:43,사이즈: 정사이즈 / 화면 대비 색감: 화면과 비슷 / 퀄리티: 보통 / 신축성: 적당함,False,0,filluminate,하의,XL,,2026,6,24,수,5,응답,정사이즈,화면과 비슷,보통,,,적당함,,,3.0,,3.0,,,0.0,0.0,0.0,0.0,,,색감 이쁘고 사이즈도 생각한만큼 딱맞아서 좋아요,색감이쁘고사이즈도생각한만큼딱맞아서좋아요,0,0,0,0,0,False,26,21,26,True
3791988,85680539,general,ochu,색상 이쁘게 잘나왔고 엄청 와이드 하게 나왔습니다,5.0,False,L,180.0,75.0,남성,2026-06-24 14:40:12,사이즈: 정사이즈 / 화면 대비 색감: 화면과 비슷 / 퀄리티: 보통 / 신축성: 적당함,False,0,filluminate,하의,L,,2026,6,24,수,5,응답,정사이즈,화면과 비슷,보통,,,적당함,,,3.0,,3.0,,,0.0,0.0,0.0,0.0,,,색상 이쁘게 잘나왔고 엄청 와이드 하게 나왔습니다,색상이쁘게잘나왔고엄청와이드하게나왔습니다,0,0,0,0,0,False,27,21,27,True
3791988,85674127,general,류엥이,색감 좋고 두께얇은게 적당해요! 휴가용으로 구매했어요,5.0,False,M,185.0,73.0,남성,2026-06-24 12:37:58,사이즈: 정사이즈 / 화면 대비 색감: 화면과 비슷 / 퀄리티: 보통 / 신축성: 적당함,True,0,filluminate,하의,M,,2026,6,24,수,5,응답,정사이즈,화면과 비슷,보통,,,적당함,,,3.0,,3.0,,,0.0,0.0,0.0,0.0,,,색감 좋고 두께얇은게 적당해요! 휴가용으로 구매했어요,색감좋고두께얇은게적당해요휴가용으로구매했어요,0,0,1,0,0,False,29,23,29,True
3791988,85673508,general,희희1004,신축성도 좋고 무엇보다 핏이 너무너무 이쁘네요!,5.0,False,M,170.0,76.0,missing,2026-06-24 12:26:30,사이즈: 정사이즈 / 화면 대비 색감: 화면과 비슷 / 퀄리티: 매우 좋음 / 신축성: 강함,False,0,filluminate,하의,M,,2026,6,24,수,5,응답,정사이즈,화면과 비슷,매우 좋음,,,강함,,,5.0,,4.0,,,0.0,0.0,0.0,0.0,,,신축성도 좋고 무엇보다 핏이 너무너무 이쁘네요!,신축성도좋고무엇보다핏이너무너무이쁘네요,0,0,1,0,0,False,26,20,26,True
3791988,85669384,general,청량한부산반폴라,너무좋아요 정말좋아요 진짜좋아요 참말좋아요,5.0,False,L,173.0,70.0,남성,2026-06-24 11:06:08,사이즈: 정사이즈 / 화면 대비 색감: 화면과 비슷 / 퀄리티: 보통 / 신축성: 적당함,False,0,filluminate,하의,L,,2026,6,24,수,5,응답,정사이즈,화면과 비슷,보통,,,적당함,,,3.0,,3.0,,,0.0,0.0,0.0,0.0,,,너무좋아요 정말좋아요 진짜좋아요 참말좋아요,너무좋아요정말좋아요진짜좋아요참말좋아요,0,0,0,0,0,False,23,20,23,True
3791988,85662448,general,몽환적인부산데님,L사이즈는 제몸에 약간 조이기는 하는데 너무 오버핏은 안좋아해서 적당한거 같아요,5.0,False,L,182.0,85.0,남성,2026-06-24 08:37:14,사이즈: 조금 작음 / 화면 대비 색감: 화면과 비슷 / 퀄리티: 보통 / 신축성: 적당함,True,0,filluminate,하의,L,,2026,6,24,수,5,응답,조금 작음,화면과 비슷,보통,,,적당함,,,3.0,,3.0,,,-1.0,1.0,0.0,0.0,,,L사이즈는 제몸에 약간 조이기는 하는데 너무 오버핏은 안좋아해서 적당한거 같아요,l사이즈는제몸에약간조이기는하는데너무오버핏은안좋아해서적당한거같아요,0,0,0,0,0,False,44,34,44,True
3791988,85662373,style,몽환적인부산데님,라지를 사서 약간 허리가 조이는데 그냥 입을려고요 Xl를 사면 너무 클거 같아서 허리만 약간 더 컸으면 좋겠음,4.0,False,L,182.0,85.0,남성,2026-06-24 08:35:21,사이즈: 조금 작음 / 화면 대비 색감: 밝음 / 퀄리티: 매우 좋음 / 신축성: 적당함,True,0,filluminate,하의,L,,2026,6,24,수,4,응답,조금 작음,밝음,매우 좋음,,,적당함,,,5.0,,3.0,,,-1.0,1.0,1.0,1.0,,,라지를 사서 약간 허리가 조이는데 그냥 입을려고요 Xl를 사면 너무 클거 같아서 허리만 약간 더 컸으면 좋겠음,라지를사서약간허리가조이는데그냥입을려고요xl를사면너무클거같아서허리만약간더컸으면좋겠음,0,0,0,0,0,False,61,43,61,True
3791988,85659187,general,즐거운쵸파,아직 입고 나가보진 못했는데 바지 핏도 잘 나오고 예쁩니다,5.0,False,S,164.0,60.0,여성,2026-06-24 06:12:55,사이즈: 정사이즈 / 화면 대비 색감: 화면과 비슷 / 퀄리티: 보통 / 신축성: 적당함,True,0,filluminate,하의,S,,2026,6,24,수,5,응답,정사이즈,화면과 비슷,보통,,,적당함,,,3.0,,3.0,,,0.0,0.0,0.0,0.0,,,아직 입고 나가보진 못했는데 바지 핏도 잘 나오고 예쁩니다,아직입고나가보진못했는데바지핏도잘나오고예쁩니다,0,0,0,0,0,False,32,24,32,True
3791988,85656647,general,junhwan1013,살짝 핏감이 아쉽긴한데 그래도 싸게사서 이쁘게 입을듯,5.0,False,L,175.0,82.0,남성,2026-06-24 02:04:04,사이즈: 정사이즈 / 화면 대비 색감: 화면과 비슷 / 퀄리티: 보통 / 신축성: 적당함,False,0,filluminate,하의,L,,2026,6,24,수,5,응답,정사이즈,화면과 비슷,보통,,,적당함,,,3.0,,3.0,,,0.0,0.0,0.0,0.0,,,살짝 핏감이 아쉽긴한데 그래도 싸게사서 이쁘게 입을듯,살짝핏감이아쉽긴한데그래도싸게사서이쁘게입을듯,0,0,0,0,0,False,29,23,29,True
3791988,85652058,general,솔직한청계천티켓,처음에 워싱이 안들어간 바지를 받았지만 핏이 너무 예술이라 교환 해주샸는데 이번엔 워싱이 잘 들어가 너무 예쁜 바지를 얻게 되서 너무 기쁩니다,5.0,False,L,179.0,73.0,남성,2026-06-24 00:10:11,사이즈: 조금 큼 / 화면 대비 색감: 어두움 / 퀄리티: 좋음 / 신축성: 강함,False,0,filluminate,하의,L,,2026,6,24,수,5,응답,조금 큼,어두움,좋음,,,강함,,,4.0,,4.0,,,1.0,1.0,-1.0,1.0,,,처음에 워싱이 안들어간 바지를 받았지만 핏이 너무 예술이라 교환 해주샸는데 이번엔 워싱이 잘 들어가 너무 예쁜 바지를 얻게 되서 너무 기쁩니다,처음에워싱이안들어간바지를받았지만핏이너무예술이라교환해주샸는데이번엔워싱이잘들어가너무예쁜바지를얻게되서너무기쁩니다,0,0,0,0,0,False,79,59,79,True
3791988,85651920,general,ㅇ챙,핏이 이쁘게 널널하고 얇아서 여름에 입기 딱입니다,5.0,False,XS,159.0,50.0,여성,2026-06-24 00:08:10,사이즈: 정사이즈 / 화면 대비 색감: 화면과 비슷 / 퀄리티: 좋음 / 신축성: 적당함,True,0,filluminate,하의,XS,,2026,6,24,수,5,응답,정사이즈,화면과 비슷,좋음,,,적당함,,,4.0,,3.0,,,0.0,0.0,0.0,0.0,,,핏이 이쁘게 널널하고 얇아서 여름에 입기 딱입니다,핏이이쁘게널널하고얇아서여름에입기딱입니다,0,0,0,0,0,False,27,21,27,True
3791988,85651437,general,완주기린,색이 화면보단 밝긴 한데 핏이 괜찮아서 자주 입을 것 같아요,5.0,False,XS,165.0,52.0,남성,2026-06-24 00:01:31,사이즈: 정사이즈 / 화면 대비 색감: 화면과 비슷 / 퀄리티: 보통 / 신축성: 적당함,True,0,filluminate,하의,XS,,2026,6,24,수,5,응답,정사이즈,화면과 비슷,보통,,,적당함,,,3.0,,3.0,,,0.0,0.0,0.0,0.0,,,색이 화면보단 밝긴 한데 핏이 괜찮아서 자주 입을 것 같아요,색이화면보단밝긴한데핏이괜찮아서자주입을것같아요,0,0,0,0,0,False,33,24,33,True
3791988,85637102,general,필요한런던취향,"바지 색은 사진과 비슷하고, 질감은 여름에 딱인거 같아요 기강은 줄여야됩니다.",4.0,False,M,165.0,60.0,남성,2026-06-23 21:07:41,사이즈: 정사이즈 / 화면 대비 색감: 화면과 비슷 / 퀄리티: 보통 / 신축성: 적당함,False,0,filluminate,하의,M,,2026,6,23,화,4,응답,정사이즈,화면과 비슷,보통,,,적당함,,,3.0,,3.0,,,0.0,0.0,0.0,0.0,,,"바지 색은 사진과 비슷하고, 질감은 여름에 딱인거 같아요 기강은 줄여야됩니다.",바지색은사진과비슷하고질감은여름에딱인거같아요기강은줄여야됩니다,0,0,0,0,0,False,43,32,43,True
3791988,85630295,general,Dohyeon1234,사이즈나 마감 색감 모두 만족합니다 두께도 상당히 얇아서 좋아요,5.0,False,M,170.0,60.0,남성,2026-06-23 19:38:29,사이즈: 정사이즈 / 화면 대비 색감: 화면과 비슷 / 퀄리티: 매우 좋음 / 신축성: 매우 강함,False,0,filluminate,하의,M,,2026,6,23,화,5,응답,정사이즈,화면과 비슷,매우 좋음,,,매우 강함,,,5.0,,5.0,,,0.0,0.0,0.0,0.0,,,사이즈나 마감 색감 모두 만족합니다 두께도 상당히 얇아서 좋아요,사이즈나마감색감모두만족합니다두께도상당히얇아서좋아요,0,0,0,0,0,False,35,27,35,True
3791988,85620032,general,흐르는청록라펠,바지가 되게 가벼워요!! 허리나 통이 꽤 크긴 한데 벨트나 허리 조절 단추 쓰면 되니까 괜찮아요 그리고 길이가 길어서 맘에 듭니다,5.0,False,L,172.0,67.0,여성,2026-06-23 16:47:59,사이즈: 조금 큼 / 화면 대비 색감: 화면과 비슷 / 퀄리티: 좋음 / 신축성: 적당함,False,0,filluminate,하의,L,,2026,6,23,화,5,응답,조금 큼,화면과 비슷,좋음,,,적당함,,,4.0,,3.0,,,1.0,1.0,0.0,0.0,,,바지가 되게 가벼워요!! 허리나 통이 꽤 크긴 한데 벨트나 허리 조절 단추 쓰면 되니까 괜찮아요 그리고 길이가 길어서 맘에 듭니다,바지가되게가벼워요허리나통이꽤크긴한데벨트나허리조절단추쓰면되니까괜찮아요그리고길이가길어서맘에듭니다,0,0,2,0,0,False,72,51,72,True
3791988,85619970,style,스위트코코아,기장도 저한테도 잘 맞았고 바지 워싱이 예쁘게 잘 빠져서 정말 마음에 듭니다! 포인트 주기 정말 좋은 바지 같아요~! 바지 두께도 사계절 입기에 좋은 두께감 인것 같습니다! (한여름은 조금 힘들수도 있을것 같아요 ㅎㅎ),5.0,False,XS,170.0,53.0,남성,2026-06-23 16:46:54,사이즈: 정사이즈 / 화면 대비 색감: 화면과 비슷 / 퀄리티: 보통 / 신축성: 적당함,True,1,filluminate,하의,XS,,2026,6,23,화,5,응답,정사이즈,화면과 비슷,보통,,,적당함,,,3.0,,3.0,,,0.0,0.0,0.0,0.0,,,기장도 저한테도 잘 맞았고 바지 워싱이 예쁘게 잘 빠져서 정말 마음에 듭니다! 포인트 주기 정말 좋은 바지 같아요~! 바지 두께도 사계절 입기에 좋은 두께감 인것 같습니다! (한여름은 조금 힘들수도 있을것 같아요 ㅎㅎ),기장도저한테도잘맞았고바지워싱이예쁘게잘빠져서정말마음에듭니다포인트주기정말좋은바지같아요바지두께도사계절입기에좋은두께감인것같습니다한여름은조금힘들수도있을것같아요,2,0,3,0,0,False,122,83,122,True
3791988,85619810,general,스위트코코아,색감도 화면이랑 거의 비슷하고 두께도 사계절 입기에 좋습니다!,5.0,False,XS,170.0,53.0,남성,2026-06-23 16:44:10,사이즈: 정사이즈 / 화면 대비 색감: 어두움 / 퀄리티: 보통 / 신축성: 적당함,True,1,filluminate,하의,XS,,2026,6,23,화,5,응답,정사이즈,어두움,보통,,,적당함,,,3.0,,3.0,,,0.0,0.0,-1.0,1.0,,,색감도 화면이랑 거의 비슷하고 두께도 사계절 입기에 좋습니다!,색감도화면이랑거의비슷하고두께도사계절입기에좋습니다,0,0,1,0,0,False,34,26,34,True
3791988,85610249,general,웅애으,가성비좋고 가격대비 품질도 쓸만해요 굿굿 이번 무진장 이벤트때 싸게샀어욜~~~,4.0,False,M,178.0,74.0,남성,2026-06-23 13:16:50,사이즈: 정사이즈 / 화면 대비 색감: 화면과 비슷 / 퀄리티: 보통 / 신축성: 적당함,False,0,filluminate,하의,M,,2026,6,23,화,4,응답,정사이즈,화면과 비슷,보통,,,적당함,,,3.0,,3.0,,,0.0,0.0,0.0,0.0,,,가성비좋고 가격대비 품질도 쓸만해요 굿굿 이번 무진장 이벤트때 싸게샀어욜~~~,가성비좋고가격대비품질도쓸만해요굿굿이번무진장이벤트때싸게샀어욜,0,0,0,0,0,True,43,32,43,True
3791988,85602569,style,냥굴냥냥굴,색은 좀 더 파랗습니다. 여름에 입기 좋고 후들과 도톰 사이로 느껴져요. 허리도 너무 조이지 않고 좋아요.,5.0,False,M,163.0,60.0,여성,2026-06-23 10:17:33,사이즈: 정사이즈 / 화면 대비 색감: 화면과 비슷 / 퀄리티: 보통 / 신축성: 적당함,True,0,filluminate,하의,M,,2026,6,23,화,5,응답,정사이즈,화면과 비슷,보통,,,적당함,,,3.0,,3.0,,,0.0,0.0,0.0,0.0,,,색은 좀 더 파랗습니다. 여름에 입기 좋고 후들과 도톰 사이로 느껴져요. 허리도 너무 조이지 않고 좋아요.,색은좀더파랗습니다여름에입기좋고후들과도톰사이로느껴져요허리도너무조이지않고좋아요,0,0,0,0,0,False,59,41,59,True
3791988,85602554,general,냥굴냥냥굴,색은 좀 더 파랗습니다. 여름에 입기 좋고 후들과 도톰 사이로 느껴져요. 허리도 너무 조이지 않고 좋아요.,5.0,False,M,163.0,60.0,여성,2026-06-23 10:17:04,사이즈: 정사이즈 / 화면 대비 색감: 화면과 비슷 / 퀄리티: 보통 / 신축성: 적당함,True,0,filluminate,하의,M,,2026,6,23,화,5,응답,정사이즈,화면과 비슷,보통,,,적당함,,,3.0,,3.0,,,0.0,0.0,0.0,0.0,,,색은 좀 더 파랗습니다. 여름에 입기 좋고 후들과 도톰 사이로 느껴져요. 허리도 너무 조이지 않고 좋아요.,색은좀더파랗습니다여름에입기좋고후들과도톰사이로느껴져요허리도너무조이지않고좋아요,0,0,0,0,0,False,59,41,59,True
3791988,85600545,general,우 앟,허리가 넉넉해서 좋아요  길이는 너무 길어서 수선해야할 것 같아요 허리랑 길이 생각했을 때 xs도 괜찮았을 것 같아요,5.0,False,S,155.0,55.0,여성,2026-06-23 09:17:35,사이즈: 많이 큼 / 화면 대비 색감: 화면과 비슷 / 퀄리티: 보통 / 신축성: 적당함,True,0,filluminate,하의,S,,2026,6,23,화,5,응답,많이 큼,화면과 비슷,보통,,,적당함,,,3.0,,3.0,,,2.0,2.0,0.0,0.0,,,허리가 넉넉해서 좋아요 길이는 너무 길어서 수선해야할 것 같아요 허리랑 길이 생각했을 때 xs도 괜찮았을 것 같아요,허리가넉넉해서좋아요길이는너무길어서수선해야할것같아요허리랑길이생각했을때xs도괜찮았을것같아요,0,0,0,0,0,False,65,46,64,True
3791988,85597463,general,영호유,라인이 딱 떨어져서 좋았어요 많이들 이용하세여 다덜,5.0,False,XS,168.0,48.0,남성,2026-06-23 06:34:33,사이즈: 정사이즈 / 화면 대비 색감: 화면과 비슷 / 퀄리티: 좋음 / 신축성: 적당함,False,0,filluminate,하의,XS,,2026,6,23,화,5,응답,정사이즈,화면과 비슷,좋음,,,적당함,,,4.0,,3.0,,,0.0,0.0,0.0,0.0,,,라인이 딱 떨어져서 좋았어요 많이들 이용하세여 다덜,라인이딱떨어져서좋았어요많이들이용하세여다덜,0,0,0,0,0,False,28,22,28,True
3791988,85593567,general,우왓,와이드한 바지 그대로입니다 좋아요. 골반이 좀 튀어나오는 바지를 개인적으로 싫어하는데 실루엣도 잡아줘서 좋네요,4.0,False,S,165.0,53.0,여성,2026-06-23 00:39:43,사이즈: 조금 큼 / 화면 대비 색감: 화면과 비슷 / 퀄리티: 좋음 / 신축성: 거의 없음,False,0,filluminate,하의,S,,2026,6,23,화,4,응답,조금 큼,화면과 비슷,좋음,,,거의 없음,,,4.0,,2.0,,,1.0,1.0,0.0,0.0,,,와이드한 바지 그대로입니다 좋아요. 골반이 좀 튀어나오는 바지를 개인적으로 싫어하는데 실루엣도 잡아줘서 좋네요,와이드한바지그대로입니다좋아요골반이좀튀어나오는바지를개인적으로싫어하는데실루엣도잡아줘서좋네요,0,0,0,0,0,False,61,48,61,True
3791988,85592981,general,cleanwoong,허리가 작아요..... 제발 늘어나야할텐데... 아니면 살을 엄청 빼야할것 같습니다,5.0,False,S,166.0,73.0,남성,2026-06-23 00:24:10,사이즈: 정사이즈 / 화면 대비 색감: 화면과 비슷 / 퀄리티: 보통 / 신축성: 적당함,False,0,filluminate,하의,S,,2026,6,23,화,5,응답,정사이즈,화면과 비슷,보통,,,적당함,,,3.0,,3.0,,,0.0,0.0,0.0,0.0,,,허리가 작아요... 제발 늘어나야할텐데... 아니면 살을 엄청 빼야할것 같습니다,허리가작아요제발늘어나야할텐데아니면살을엄청빼야할것같습니다,0,0,0,0,0,True,46,30,44,True
3791988,85590700,general,퇴짜맞은서초더비,적당한 두께의 원단이라 여름에도 입을 수 있어 좋아요.,4.0,False,M,175.0,64.0,여성,2026-06-22 23:38:00,사이즈: 정사이즈 / 화면 대비 색감: 화면과 비슷 / 퀄리티: 좋음 / 신축성: 적당함,True,0,filluminate,하의,M,,2026,6,22,월,4,응답,정사이즈,화면과 비슷,좋음,,,적당함,,,4.0,,3.0,,,0.0,0.0,0.0,0.0,,,적당한 두께의 원단이라 여름에도 입을 수 있어 좋아요.,적당한두께의원단이라여름에도입을수있어좋아요,0,0,0,0,0,False,30,22,30,True
3791988,85585479,general,존중하는명동치크,핏도 좋고 색감도 예뻐서 자주입을거 같아요! 사이즈가 안맞아서 교환했지만 만족합니다,5.0,False,S,165.0,50.0,남성,2026-06-22 22:14:19,사이즈: 정사이즈 / 화면 대비 색감: 화면과 비슷 / 퀄리티: 보통 / 신축성: 적당함,True,0,filluminate,하의,S,,2026,6,22,월,5,응답,정사이즈,화면과 비슷,보통,,,적당함,,,3.0,,3.0,,,0.0,0.0,0.0,0.0,,,핏도 좋고 색감도 예뻐서 자주입을거 같아요! 사이즈가 안맞아서 교환했지만 만족합니다,핏도좋고색감도예뻐서자주입을거같아요사이즈가안맞아서교환했지만만족합니다,0,0,1,0,0,False,46,36,46,True
3791988,85579846,general,올바른블랙고글,색감이 좋았습니다 사진과 같고 아쉬운점은 워싱이 조금 인위적이에요ㅠ,5.0,False,S,172.0,60.0,남성,2026-06-22 20:32:50,사이즈: 정사이즈 / 화면 대비 색감: 화면과 비슷 / 퀄리티: 보통 / 신축성: 적당함,False,0,filluminate,하의,S,,2026,6,22,월,5,응답,정사이즈,화면과 비슷,보통,,,적당함,,,3.0,,3.0,,,0.0,0.0,0.0,0.0,,,색감이 좋았습니다 사진과 같고 아쉬운점은 워싱이 조금 인위적이에요ㅠ,색감이좋았습니다사진과같고아쉬운점은워싱이조금인위적이에요,0,1,0,0,0,False,37,29,37,True
3791988,85574665,general,예쁜몰디브리본,봄부터 가을까지 입기에 딱 좋은 두께네요 편하게 입기 정말 좋습니다,5.0,False,L,181.0,76.0,남성,2026-06-22 18:48:18,사이즈: 정사이즈 / 화면 대비 색감: 화면과 비슷 / 퀄리티: 보통 / 신축성: 적당함,True,0,filluminate,하의,L,,2026,6,22,월,5,응답,정사이즈,화면과 비슷,보통,,,적당함,,,3.0,,3.0,,,0.0,0.0,0.0,0.0,,,봄부터 가을까지 입기에 딱 좋은 두께네요 편하게 입기 정말 좋습니다,봄부터가을까지입기에딱좋은두께네요편하게입기정말좋습니다,0,0,0,0,0,False,37,28,37,True
3791988,85553794,style,풍부한신사의상,여름용으로 아주 가볍고 편하게 입기 좋아요  다른컬로 추가 구매예정입니다,5.0,False,L,177.0,85.0,남성,2026-06-22 11:10:38,사이즈: 정사이즈 / 화면 대비 색감: 화면과 비슷 / 퀄리티: 보통 / 신축성: 적당함,True,0,filluminate,하의,L,,2026,6,22,월,5,응답,정사이즈,화면과 비슷,보통,,,적당함,,,3.0,,3.0,,,0.0,0.0,0.0,0.0,,,여름용으로 아주 가볍고 편하게 입기 좋아요 다른컬로 추가 구매예정입니다,여름용으로아주가볍고편하게입기좋아요다른컬로추가구매예정입니다,0,0,0,0,0,False,40,31,39,True
3791988,85551711,general,친근한케냐웜톤,널널하고 힙한 바지에요 통이 크니까 답답하지도 않아서 여름에 입기 좋은 거 같아요,4.0,False,S,161.0,56.0,missing,2026-06-22 10:18:32,사이즈: 조금 큼 / 화면 대비 색감: 화면과 비슷 / 퀄리티: 보통 / 신축성: 적당함,True,0,filluminate,하의,S,,2026,6,22,월,4,응답,조금 큼,화면과 비슷,보통,,,적당함,,,3.0,,3.0,,,1.0,1.0,0.0,0.0,,,널널하고 힙한 바지에요 통이 크니까 답답하지도 않아서 여름에 입기 좋은 거 같아요,널널하고힙한바지에요통이크니까답답하지도않아서여름에입기좋은거같아요,0,0,0,0,0,False,45,34,45,True
3791988,85550381,general,깨끗한두더지,생각했던 핏 그대로 나오고 색깔도 이쁘네요 자주 입을 듯 해요,5.0,False,M,170.0,70.0,남성,2026-06-22 09:34:57,사이즈: 정사이즈 / 화면 대비 색감: 화면과 비슷 / 퀄리티: 보통 / 신축성: 적당함,False,0,filluminate,하의,M,,2026,6,22,월,5,응답,정사이즈,화면과 비슷,보통,,,적당함,,,3.0,,3.0,,,0.0,0.0,0.0,0.0,,,생각했던 핏 그대로 나오고 색깔도 이쁘네요 자주 입을 듯 해요,생각했던핏그대로나오고색깔도이쁘네요자주입을듯해요,0,0,0,0,0,False,34,25,34,True
3791988,85549861,general,준두부,사진과 거의 비슷하고 가성비 좋네요 편하게 입기 좋은거같아요!,4.0,False,XL,185.0,87.0,남성,2026-06-22 09:18:30,사이즈: 정사이즈 / 화면 대비 색감: 화면과 비슷 / 퀄리티: 보통 / 신축성: 적당함,False,0,filluminate,하의,XL,,2026,6,22,월,4,응답,정사이즈,화면과 비슷,보통,,,적당함,,,3.0,,3.0,,,0.0,0.0,0.0,0.0,,,사진과 거의 비슷하고 가성비 좋네요 편하게 입기 좋은거같아요!,사진과거의비슷하고가성비좋네요편하게입기좋은거같아요,0,0,1,0,0,False,34,26,34,True
3791988,85548944,general,오늘은방배플라워,빈티지 느낌 강해서 상의에 아무거나 대충 걸쳐도 분위기 있어보여요,5.0,False,M,177.0,75.0,남성,2026-06-22 08:46:17,사이즈: 정사이즈 / 화면 대비 색감: 화면과 비슷 / 퀄리티: 매우 좋음 / 신축성: 강함,False,0,filluminate,하의,M,,2026,6,22,월,5,응답,정사이즈,화면과 비슷,매우 좋음,,,강함,,,5.0,,4.0,,,0.0,0.0,0.0,0.0,,,빈티지 느낌 강해서 상의에 아무거나 대충 걸쳐도 분위기 있어보여요,빈티지느낌강해서상의에아무거나대충걸쳐도분위기있어보여요,0,0,0,0,0,False,36,28,36,True
3791988,85541648,style,희소한홍대호보백,색상이 예쁘고 좋고 바지도 길이가 맞아서 편하고 가벼움,5.0,False,L,176.0,75.0,남성,2026-06-22 00:32:04,사이즈: 정사이즈 / 화면 대비 색감: 화면과 비슷 / 퀄리티: 보통 / 신축성: 적당함,True,0,filluminate,하의,L,,2026,6,22,월,5,응답,정사이즈,화면과 비슷,보통,,,적당함,,,3.0,,3.0,,,0.0,0.0,0.0,0.0,,,색상이 예쁘고 좋고 바지도 길이가 맞아서 편하고 가벼움,색상이예쁘고좋고바지도길이가맞아서편하고가벼움,0,0,0,0,0,False,30,23,30,True
﻿3792018,86055380,general,_Bin_A_,원하던 핏이고 타임세일로 좋은 가격에 구매했습니다 ㅎㅎ 잘 입을게요!!,5.0,False,S,175.0,74.0,남성,2026-07-05 10:17:23,사이즈: 정사이즈 / 화면 대비 색감: 화면과 비슷 / 퀄리티: 매우 좋음 / 신축성: 강함,True,0,filluminate,하의,S,,2026,7,5,일,5,응답,정사이즈,화면과 비슷,매우 좋음,,,강함,,,5.0,,4.0,,,0.0,0.0,0.0,0.0,,,원하던 핏이고 타임세일로 좋은 가격에 구매했습니다 ㅎㅎ 잘 입을게요!!,원하던핏이고타임세일로좋은가격에구매했습니다잘입을게요,2,0,2,0,0,False,39,27,39,True
3792018,86044910,style,노랑카오,가벼워서 여름에 땀 안 흘리고 너무 좋습니다! 통풍도 잘 되고 디자인도 이뻐서 최고 가볍게 동네 나갈 때도 좋을거 같고 다양하게 입을 수 있을 것 같아 추천드립니다. 저랑 비슷한 체형인분들은 저랑 같은 사이즈 사세요.,5.0,False,XS,174.0,64.0,남성,2026-07-04 20:12:54,사이즈: 정사이즈 / 화면 대비 색감: 화면과 비슷 / 퀄리티: 매우 좋음 / 신축성: 매우 강함,True,0,filluminate,하의,XS,,2026,7,4,토,5,응답,정사이즈,화면과 비슷,매우 좋음,,,매우 강함,,,5.0,,5.0,,,0.0,0.0,0.0,0.0,,,가벼워서 여름에 땀 안 흘리고 너무 좋습니다! 통풍도 잘 되고 디자인도 이뻐서 최고 가볍게 동네 나갈 때도 좋을거 같고 다양하게 입을 수 있을 것 같아 추천드립니다. 저랑 비슷한 체형인분들은 저랑 같은 사이즈 사세요.,가벼워서여름에땀안흘리고너무좋습니다통풍도잘되고디자인도이뻐서최고가볍게동네나갈때도좋을거같고다양하게입을수있을것같아추천드립니다저랑비슷한체형인분들은저랑같은사이즈사세요,0,0,1,0,0,False,121,86,121,True
3792018,86044129,general,온화한버건디양말,허리도 크고 길이도 깁니다 스트링으로 쪼아서 입으면 입을만해요,5.0,False,XS,153.0,49.0,여성,2026-07-04 19:35:30,사이즈: 많이 큼 / 화면 대비 색감: 화면과 비슷 / 퀄리티: 보통 / 신축성: 적당함,True,0,filluminate,하의,XS,,2026,7,4,토,5,응답,많이 큼,화면과 비슷,보통,,,적당함,,,3.0,,3.0,,,2.0,2.0,0.0,0.0,,,허리도 크고 길이도 깁니다 스트링으로 쪼아서 입으면 입을만해요,허리도크고길이도깁니다스트링으로쪼아서입으면입을만해요,0,0,0,0,0,False,34,27,34,True
3792018,86035281,general,개성있는성수바지,마감상태도 좋고 신축성도 적당하고 엄청 편해요,5.0,False,XS,156.0,63.0,여성,2026-07-04 13:17:28,사이즈: 정사이즈 / 화면 대비 색감: 화면과 비슷 / 퀄리티: 보통 / 신축성: 적당함,False,0,filluminate,하의,XS,,2026,7,4,토,5,응답,정사이즈,화면과 비슷,보통,,,적당함,,,3.0,,3.0,,,0.0,0.0,0.0,0.0,,,마감상태도 좋고 신축성도 적당하고 엄청 편해요,마감상태도좋고신축성도적당하고엄청편해요,0,0,0,0,0,False,25,20,25,True
3792018,86018387,general,두부상인피사타월,바지가 누무 커서 교체해도 크지만 이쁩니다 잘 입겟습니다,5.0,False,S,182.0,85.0,남성,2026-07-03 17:59:39,사이즈: 많이 큼 / 화면 대비 색감: 화면과 비슷 / 퀄리티: 매우 좋음 / 신축성: 매우 강함,False,0,filluminate,하의,S,,2026,7,3,금,5,응답,많이 큼,화면과 비슷,매우 좋음,,,매우 강함,,,5.0,,5.0,,,2.0,2.0,0.0,0.0,,,바지가 누무 커서 교체해도 크지만 이쁩니다 잘 입겟습니다,바지가누무커서교체해도크지만이쁩니다잘입겟습니다,0,0,0,0,0,False,31,24,31,True
3792018,86017429,style,kin2303,제가 생각했던 색상이나 사이즈가 맞아서 좋아요,5.0,False,M,182.0,90.0,남성,2026-07-03 17:20:18,사이즈: 정사이즈 / 화면 대비 색감: 화면과 비슷 / 퀄리티: 보통 / 신축성: 적당함,True,0,filluminate,하의,M,,2026,7,3,금,5,응답,정사이즈,화면과 비슷,보통,,,적당함,,,3.0,,3.0,,,0.0,0.0,0.0,0.0,,,제가 생각했던 색상이나 사이즈가 맞아서 좋아요,제가생각했던색상이나사이즈가맞아서좋아요,0,0,0,0,0,False,25,20,25,True
3792018,85999654,general,"77,",탄탄해보이고 입었을때 핏이 이뻐용 ㅇ이런 바지 사고싶었는데 완전 만족,5.0,False,XS,160.0,52.0,여성,2026-07-02 22:42:47,사이즈: 조금 큼 / 화면 대비 색감: 화면과 비슷 / 퀄리티: 보통 / 신축성: 적당함,True,0,filluminate,하의,XS,,2026,7,2,목,5,응답,조금 큼,화면과 비슷,보통,,,적당함,,,3.0,,3.0,,,1.0,1.0,0.0,0.0,,,탄탄해보이고 입었을때 핏이 이뻐용 ㅇ이런 바지 사고싶었는데 완전 만족,탄탄해보이고입었을때핏이이뻐용이런바지사고싶었는데완전만족,0,0,0,0,0,False,38,29,38,True
3792018,85985028,general,limtaeseop,야르야르야으랴우랴우랴우랴야르야르야르야르,4.0,False,M,170.0,60.0,남성,2026-07-02 13:30:05,사이즈: 매우 작음 / 화면 대비 색감: 매우 밝음 / 퀄리티: 매우 나쁨 / 신축성: 전혀 없음,False,0,filluminate,하의,M,,2026,7,2,목,4,응답,매우 작음,매우 밝음,매우 나쁨,,,전혀 없음,,,1.0,,1.0,,,-2.0,2.0,2.0,2.0,,,야르야르야으랴우랴우랴우랴야르야르야르야르,야르야르야으랴우랴우랴우랴야르야르야르야르,0,0,0,0,0,False,21,21,21,True
3792018,85985019,style,limtaeseop,야르야르야르야라야르야르야르야르야르야흐랴흐,5.0,False,M,170.0,60.0,남성,2026-07-02 13:29:44,사이즈: 조금 작음 / 화면 대비 색감: 밝음 / 퀄리티: 나쁨 / 신축성: 거의 없음,True,0,filluminate,하의,M,,2026,7,2,목,5,응답,조금 작음,밝음,나쁨,,,거의 없음,,,2.0,,2.0,,,-1.0,1.0,1.0,1.0,,,야르야르야르야라야르야르야르야르야르야흐랴흐,야르야르야르야라야르야르야르야르야르야흐랴흐,0,0,0,0,0,False,22,22,22,True
3792018,85982427,general,스트릿로드,엄청 힙한 트랙팬츠에요. 위에 스포티한 반팔이랑 입어주면 너무 이쁩니다 !,5.0,False,L,184.0,74.0,남성,2026-07-02 11:32:33,사이즈: 많이 큼 / 화면 대비 색감: 화면과 비슷 / 퀄리티: 좋음 / 신축성: 강함,True,0,filluminate,하의,L,,2026,7,2,목,5,응답,많이 큼,화면과 비슷,좋음,,,강함,,,4.0,,4.0,,,2.0,2.0,0.0,0.0,,,엄청 힙한 트랙팬츠에요. 위에 스포티한 반팔이랑 입어주면 너무 이쁩니다 !,엄청힙한트랙팬츠에요위에스포티한반팔이랑입어주면너무이쁩니다,0,0,1,0,0,False,41,30,41,True
3792018,85982400,style,스트릿로드,업청 힙한 트랙팬츠에요. 통 진짜 넓고 기장도 길어서 좀 그여요. 위에 스트릿한 반팔이랑 입어주면 너무 이쁩니다 !,5.0,False,L,184.0,74.0,남성,2026-07-02 11:31:15,사이즈: 많이 큼 / 화면 대비 색감: 화면과 비슷 / 퀄리티: 좋음 / 신축성: 강함,True,0,filluminate,하의,L,,2026,7,2,목,5,응답,많이 큼,화면과 비슷,좋음,,,강함,,,4.0,,4.0,,,2.0,2.0,0.0,0.0,,,업청 힙한 트랙팬츠에요. 통 진짜 넓고 기장도 길어서 좀 그여요. 위에 스트릿한 반팔이랑 입어주면 너무 이쁩니다 !,업청힙한트랙팬츠에요통진짜넓고기장도길어서좀그여요위에스트릿한반팔이랑입어주면너무이쁩니다,0,0,1,0,0,False,64,45,64,True
3792018,85977636,general,도리우,핏이 적당하고 마음에 드는 기장감입니다 좋아요,3.0,False,S,174.0,80.0,남성,2026-07-02 04:50:44,사이즈: 많이 큼 / 화면 대비 색감: 화면과 비슷 / 퀄리티: 보통 / 신축성: 적당함,False,0,filluminate,하의,S,,2026,7,2,목,3,응답,많이 큼,화면과 비슷,보통,,,적당함,,,3.0,,3.0,,,2.0,2.0,0.0,0.0,,,핏이 적당하고 마음에 드는 기장감입니다 좋아요,핏이적당하고마음에드는기장감입니다좋아요,0,0,0,0,0,False,25,20,25,True
3792018,85974055,general,정제된초록스트릿,핏이 널널해서 입기 편하고 얇아서 여름 날씨에 입기 좋은거 같아요,5.0,False,XS,178.0,65.0,남성,2026-07-01 23:34:58,사이즈: 조금 큼 / 화면 대비 색감: 화면과 비슷 / 퀄리티: 보통 / 신축성: 적당함,True,0,filluminate,하의,XS,,2026,7,1,수,5,응답,조금 큼,화면과 비슷,보통,,,적당함,,,3.0,,3.0,,,1.0,1.0,0.0,0.0,,,핏이 널널해서 입기 편하고 얇아서 여름 날씨에 입기 좋은거 같아요,핏이널널해서입기편하고얇아서여름날씨에입기좋은거같아요,0,0,0,0,0,False,36,27,36,True
3792018,85963680,general,흐뭇한플럼크롭탑,여름 인생 바지를 찾은것 같아요..... 일단 허리 부분이 정말 말도안되게 편해요...ㅠㅠ 비만인 인 저한테 정말 구원같은 옷이에요..... 첨에는 디자인이 괜찮아서 샀는데.. 오늘 입어보니 다리 쪽 통도 적당하고 배까지 올려입어도 조이는게 하나도 없이 편하고 재질 자체도 시원해요.... 밥 배불리 먹고 입어도 편할것 같은 느낌이에요.. 재구매의사 100% 있습니다...🥹,5.0,False,S,160.0,70.0,missing,2026-07-01 17:55:06,사이즈: 조금 큼 / 화면 대비 색감: 화면과 비슷 / 퀄리티: 매우 좋음 / 신축성: 매우 강함,False,0,filluminate,하의,S,,2026,7,1,수,5,응답,조금 큼,화면과 비슷,매우 좋음,,,매우 강함,,,5.0,,5.0,,,1.0,1.0,0.0,0.0,,,여름 인생 바지를 찾은것 같아요... 일단 허리 부분이 정말 말도안되게 편해요...ㅠㅠ 비만인 인 저한테 정말 구원같은 옷이에요... 첨에는 디자인이 괜찮아서 샀는데.. 오늘 입어보니 다리 쪽 통도 적당하고 배까지 올려입어도 조이는게 하나도 없이 편하고 재질 자체도 시원해요... 밥 배불리 먹고 입어도 편할것 같은 느낌이에요.. 재구매의사 100% 있습니다...,여름인생바지를찾은것같아요일단허리부분이정말말도안되게편해요비만인인저한테정말구원같은옷이에요첨에는디자인이괜찮아서샀는데오늘입어보니다리쪽통도적당하고배까지올려입어도조이는게하나도없이편하고재질자체도시원해요밥배불리먹고입어도편할것같은느낌이에요재구매의사100있습니다,0,2,0,0,1,True,209,133,203,True
3792018,85962740,general,새로운압구정망토,가격대비 품질이나 디자인 나쁘지않고 좋은 편입니다,5.0,False,XS,174.0,74.0,missing,2026-07-01 17:22:42,사이즈: 정사이즈 / 화면 대비 색감: 어두움 / 퀄리티: 보통 / 신축성: 적당함,False,0,filluminate,하의,XS,,2026,7,1,수,5,응답,정사이즈,어두움,보통,,,적당함,,,3.0,,3.0,,,0.0,0.0,-1.0,1.0,,,가격대비 품질이나 디자인 나쁘지않고 좋은 편입니다,가격대비품질이나디자인나쁘지않고좋은편입니다,0,0,0,0,0,False,27,22,27,True
3792018,85962128,general,주말엔하얀반지,한 치수 작은걸로 샀는데 사이즈가 딱맞아서 좋아요,5.0,False,XS,170.0,70.0,남성,2026-07-01 16:59:43,사이즈: 조금 큼 / 화면 대비 색감: 화면과 비슷 / 퀄리티: 매우 좋음 / 신축성: 매우 강함,False,0,filluminate,하의,XS,,2026,7,1,수,5,응답,조금 큼,화면과 비슷,매우 좋음,,,매우 강함,,,5.0,,5.0,,,1.0,1.0,0.0,0.0,,,한 치수 작은걸로 샀는데 사이즈가 딱맞아서 좋아요,한치수작은걸로샀는데사이즈가딱맞아서좋아요,0,0,0,0,0,False,27,21,27,True
3792018,85949358,general,지스9933,162 기준 xs 기장 잘 맞습니다 s는 클거같아요,5.0,False,XS,162.0,55.0,여성,2026-07-01 08:51:55,사이즈: 조금 큼 / 화면 대비 색감: 화면과 비슷 / 퀄리티: 보통 / 신축성: 적당함,False,0,filluminate,하의,XS,,2026,7,1,수,5,응답,조금 큼,화면과 비슷,보통,,,적당함,,,3.0,,3.0,,,1.0,1.0,0.0,0.0,,,162 기준 xs 기장 잘 맞습니다 s는 클거같아요,162기준xs기장잘맞습니다s는클거같아요,0,0,0,0,0,False,28,15,28,True
3792018,85942187,general,흐르는그린펫웨어,사이즈가 좀 커요. 그거말곤 단점없는 바지입니다,4.0,False,L,180.0,82.0,남성,2026-06-30 22:59:54,사이즈: 조금 큼 / 화면 대비 색감: 화면과 비슷 / 퀄리티: 보통 / 신축성: 강함,False,0,filluminate,하의,L,,2026,6,30,화,4,응답,조금 큼,화면과 비슷,보통,,,강함,,,3.0,,4.0,,,1.0,1.0,0.0,0.0,,,사이즈가 좀 커요. 그거말곤 단점없는 바지입니다,사이즈가좀커요그거말곤단점없는바지입니다,0,0,0,0,0,False,26,20,26,True
3792018,85883441,style,엽삼,후기보고 M으로갈지 L로갈지 고민했는데 M이 정답 여름에 입기 좋을것 같습니다,4.0,False,M,177.0,90.0,남성,2026-06-30 17:49:12,사이즈: 조금 큼 / 화면 대비 색감: 화면과 비슷 / 퀄리티: 보통 / 신축성: 적당함,True,0,filluminate,하의,M,,2026,6,30,화,4,응답,조금 큼,화면과 비슷,보통,,,적당함,,,3.0,,3.0,,,1.0,1.0,0.0,0.0,,,후기보고 M으로갈지 L로갈지 고민했는데 M이 정답 여름에 입기 좋을것 같습니다,후기보고m으로갈지l로갈지고민했는데m이정답여름에입기좋을것같습니다,0,0,0,0,0,False,43,31,43,True
3792018,85927283,general,김깽2,에이 그래도 설마 에스가 맞겠어? 했는데 진짜 맞다 못해 큽니다 그냥 에스 사세요^^,5.0,False,S,170.0,70.0,여성,2026-06-30 15:13:45,사이즈: 많이 큼 / 화면 대비 색감: 화면과 비슷 / 퀄리티: 보통 / 신축성: 적당함,False,0,filluminate,하의,S,,2026,6,30,화,5,응답,많이 큼,화면과 비슷,보통,,,적당함,,,3.0,,3.0,,,2.0,2.0,0.0,0.0,,,에이 그래도 설마 에스가 맞겠어? 했는데 진짜 맞다 못해 큽니다 그냥 에스 사세요^^,에이그래도설마에스가맞겠어했는데진짜맞다못해큽니다그냥에스사세요,0,0,0,1,0,False,47,32,47,True
3792018,85922615,general,멋스러운뉴욕힐,예뻐서 칭찬 많이 들었어요  자주 코디해서 입을 듯 합니다^^,5.0,False,S,175.0,85.0,남성,2026-06-30 11:53:50,사이즈: 정사이즈 / 화면 대비 색감: 화면과 비슷 / 퀄리티: 보통 / 신축성: 적당함,False,0,filluminate,하의,S,,2026,6,30,화,5,응답,정사이즈,화면과 비슷,보통,,,적당함,,,3.0,,3.0,,,0.0,0.0,0.0,0.0,,,예뻐서 칭찬 많이 들었어요 자주 코디해서 입을 듯 합니다^^,예뻐서칭찬많이들었어요자주코디해서입을듯합니다,0,0,0,0,0,False,34,23,33,True
3792018,85849238,general,깨끗한오치드쪼리,개좋아요진짜 리뷰대로 기장 엄청긴데 스트링 쪼이고 안쪽으로 좀 집어넣으면 입을만해요 편하고 입고가자마자 예쁘단 소리 많이 들었어요 여름에 긴바지 안입는데 이건 얇고 시원해서 하나두 안더웠어요!! 무진장 때 싸게 사서 너무 좋슴둥 ㅠㅠ 하체커버 개잘돼서 핏 좋아요,5.0,False,XS,198.0,99.0,여성,2026-06-29 20:00:20,사이즈: 많이 큼 / 화면 대비 색감: 어두움 / 퀄리티: 좋음 / 신축성: 강함,False,0,filluminate,하의,XS,,2026,6,29,월,5,응답,많이 큼,어두움,좋음,,,강함,,,4.0,,4.0,,,2.0,2.0,-1.0,1.0,,,개좋아요진짜 리뷰대로 기장 엄청긴데 스트링 쪼이고 안쪽으로 좀 집어넣으면 입을만해요 편하고 입고가자마자 예쁘단 소리 많이 들었어요 여름에 긴바지 안입는데 이건 얇고 시원해서 하나두 안더웠어요!! 무진장 때 싸게 사서 너무 좋슴둥 ㅠㅠ 하체커버 개잘돼서 핏 좋아요,개좋아요진짜리뷰대로기장엄청긴데스트링쪼이고안쪽으로좀집어넣으면입을만해요편하고입고가자마자예쁘단소리많이들었어요여름에긴바지안입는데이건얇고시원해서하나두안더웠어요무진장때싸게사서너무좋슴둥하체커버개잘돼서핏좋아요,0,2,2,0,0,False,146,108,146,True
3792018,85898039,general,nong422,생각보다 큽니다..! 저는 워낙 크게 입는 걸 좋아하긴 하는데 한치수 작게 가는 게 좋아보입니다 발목 밴딩이 있어서 벙벙하게 입는 것도 예쁩니다 여름에 데일리로 입기 좋아요,4.0,False,L,175.0,73.0,남성,2026-06-29 13:22:29,사이즈: 많이 큼 / 화면 대비 색감: 어두움 / 퀄리티: 매우 좋음 / 신축성: 적당함,True,0,filluminate,하의,L,,2026,6,29,월,4,응답,많이 큼,어두움,매우 좋음,,,적당함,,,5.0,,3.0,,,2.0,2.0,-1.0,1.0,,,생각보다 큽니다..! 저는 워낙 크게 입는 걸 좋아하긴 하는데 한치수 작게 가는 게 좋아보입니다 발목 밴딩이 있어서 벙벙하게 입는 것도 예쁩니다 여름에 데일리로 입기 좋아요,생각보다큽니다저는워낙크게입는걸좋아하긴하는데한치수작게가는게좋아보입니다발목밴딩이있어서벙벙하게입는것도예쁩니다여름에데일리로입기좋아요,0,0,1,0,0,False,96,69,96,True
3792018,85898030,style,nong422,생각보다 큽니다..! 저는 워낙 크게 입는 걸 좋아하긴 하는데 한치수 작게 가는 게 좋아보입니다 발목 밴딩이 있어서 벙벙하게 입는 것도 예쁩니다 여름에 데일리로 입기 좋아요,4.0,False,L,175.0,73.0,남성,2026-06-29 13:22:09,사이즈: 많이 큼 / 화면 대비 색감: 어두움 / 퀄리티: 매우 좋음 / 신축성: 적당함,True,0,filluminate,하의,L,,2026,6,29,월,4,응답,많이 큼,어두움,매우 좋음,,,적당함,,,5.0,,3.0,,,2.0,2.0,-1.0,1.0,,,생각보다 큽니다..! 저는 워낙 크게 입는 걸 좋아하긴 하는데 한치수 작게 가는 게 좋아보입니다 발목 밴딩이 있어서 벙벙하게 입는 것도 예쁩니다 여름에 데일리로 입기 좋아요,생각보다큽니다저는워낙크게입는걸좋아하긴하는데한치수작게가는게좋아보입니다발목밴딩이있어서벙벙하게입는것도예쁩니다여름에데일리로입기좋아요,0,0,1,0,0,False,96,69,96,True
3792018,85884240,general,수ㅋ진,옷 엄청 편하고 예뻐요 이곳저곳 매치해서 입기도 넘 좋습니다,5.0,False,S,179.0,81.0,남성,2026-06-28 22:41:02,사이즈: 조금 큼 / 화면 대비 색감: 화면과 비슷 / 퀄리티: 매우 좋음 / 신축성: 매우 강함,False,0,filluminate,하의,S,,2026,6,28,일,5,응답,조금 큼,화면과 비슷,매우 좋음,,,매우 강함,,,5.0,,5.0,,,1.0,1.0,0.0,0.0,,,옷 엄청 편하고 예뻐요 이곳저곳 매치해서 입기도 넘 좋습니다,옷엄청편하고예뻐요이곳저곳매치해서입기도넘좋습니다,0,0,0,0,0,False,33,25,33,True
3792018,85883408,general,엽삼,후기보고 M으로갈지 L로갈지 고민했는데 M이 정답 여름에 입기 좋을것 같습니다,4.0,False,M,177.0,90.0,남성,2026-06-28 22:21:10,사이즈: 조금 큼 / 화면 대비 색감: 화면과 비슷 / 퀄리티: 보통 / 신축성: 적당함,True,0,filluminate,하의,M,,2026,6,28,일,4,응답,조금 큼,화면과 비슷,보통,,,적당함,,,3.0,,3.0,,,1.0,1.0,0.0,0.0,,,후기보고 M으로갈지 L로갈지 고민했는데 M이 정답 여름에 입기 좋을것 같습니다,후기보고m으로갈지l로갈지고민했는데m이정답여름에입기좋을것같습니다,0,0,0,0,0,False,43,31,43,True
3792018,85881746,style,까리한수원,블프때 샀는데 가격싸기 잘샀습니다 추천드려요,5.0,False,XS,168.0,68.0,남성,2026-06-28 21:41:51,사이즈: 조금 큼 / 화면 대비 색감: 어두움 / 퀄리티: 좋음 / 신축성: 강함,True,0,filluminate,하의,XS,,2026,6,28,일,5,응답,조금 큼,어두움,좋음,,,강함,,,4.0,,4.0,,,1.0,1.0,-1.0,1.0,,,블프때 샀는데 가격싸기 잘샀습니다 추천드려요,블프때샀는데가격싸기잘샀습니다추천드려요,0,0,0,0,0,False,24,20,24,True
3792018,85881702,general,까리한수원,블프때 샀는데 가격싸기 잘샀습니다 추천드려요,5.0,False,XS,168.0,68.0,남성,2026-06-28 21:40:47,사이즈: 많이 큼 / 화면 대비 색감: 화면과 비슷 / 퀄리티: 매우 좋음 / 신축성: 강함,True,0,filluminate,하의,XS,,2026,6,28,일,5,응답,많이 큼,화면과 비슷,매우 좋음,,,강함,,,5.0,,4.0,,,2.0,2.0,0.0,0.0,,,블프때 샀는데 가격싸기 잘샀습니다 추천드려요,블프때샀는데가격싸기잘샀습니다추천드려요,0,0,0,0,0,False,24,20,24,True
3792018,85866501,general,Cycy,얇아서 편하로 시원합니다 여름에 입기 좋아요 사이즈는 크게나왔습니다,5.0,False,S,173.0,90.0,남성,2026-06-28 14:16:12,사이즈: 조금 큼 / 화면 대비 색감: 화면과 비슷 / 퀄리티: 좋음 / 신축성: 강함,False,0,filluminate,하의,S,,2026,6,28,일,5,응답,조금 큼,화면과 비슷,좋음,,,강함,,,4.0,,4.0,,,1.0,1.0,0.0,0.0,,,얇아서 편하로 시원합니다 여름에 입기 좋아요 사이즈는 크게나왔습니다,얇아서편하로시원합니다여름에입기좋아요사이즈는크게나왔습니다,0,0,0,0,0,False,37,30,37,True
3792018,85862325,general,소중한명동카고,일할때 입을려고 샀여요 편하고좋습니다 잘산거같아ㅏ기분조음,3.0,False,S,169.0,73.0,남성,2026-06-28 12:01:41,사이즈: 정사이즈 / 화면 대비 색감: 화면과 비슷 / 퀄리티: 보통 / 신축성: 적당함,False,0,filluminate,하의,S,,2026,6,28,일,3,응답,정사이즈,화면과 비슷,보통,,,적당함,,,3.0,,3.0,,,0.0,0.0,0.0,0.0,,,일할때 입을려고 샀여요 편하고좋습니다 잘산거같아ㅏ기분조음,일할때입을려고샀여요편하고좋습니다잘산거같아기분조음,0,0,0,0,0,False,31,26,31,True
3792018,85832332,general,주문하는사람,무진장 세일로 싸게 샀는데 너무 만족스럽습니다!,5.0,False,S,175.0,75.0,missing,2026-06-27 14:28:45,사이즈: 정사이즈 / 화면 대비 색감: 화면과 비슷 / 퀄리티: 보통 / 신축성: 적당함,False,0,filluminate,하의,S,,2026,6,27,토,5,응답,정사이즈,화면과 비슷,보통,,,적당함,,,3.0,,3.0,,,0.0,0.0,0.0,0.0,,,무진장 세일로 싸게 샀는데 너무 만족스럽습니다!,무진장세일로싸게샀는데너무만족스럽습니다,0,0,1,0,0,False,26,20,26,True
3792018,85806692,general,적극적인독일체크,애매하네요…… 그냥 애매해요 길이도 좀 길고 당황스러움 재질이랑 디자인은 맘에 들긴해요,3.0,False,XS,172.0,52.0,남성,2026-06-26 21:03:21,사이즈: 많이 큼 / 화면 대비 색감: 화면과 비슷 / 퀄리티: 보통 / 신축성: 적당함,False,0,filluminate,하의,XS,,2026,6,26,금,3,응답,많이 큼,화면과 비슷,보통,,,적당함,,,3.0,,3.0,,,2.0,2.0,0.0,0.0,,,애매하네요…… 그냥 애매해요 길이도 좀 길고 당황스러움 재질이랑 디자인은 맘에 들긴해요,애매하네요그냥애매해요길이도좀길고당황스러움재질이랑디자인은맘에들긴해요,0,0,0,0,0,False,48,36,48,True
3792018,85256318,general,메롱낭,운동갈때 입으려고 샀는데 핏 너무예뻐서 잘 입고 다녀용,5.0,False,XS,160.0,49.0,여성,2026-06-26 20:51:18,사이즈: 정사이즈 / 화면 대비 색감: 화면과 비슷 / 퀄리티: 보통 / 신축성: 적당함,True,0,filluminate,하의,XS,,2026,6,26,금,5,응답,정사이즈,화면과 비슷,보통,,,적당함,,,3.0,,3.0,,,0.0,0.0,0.0,0.0,,,운동갈때 입으려고 샀는데 핏 너무예뻐서 잘 입고 다녀용,운동갈때입으려고샀는데핏너무예뻐서잘입고다녀용,0,0,0,0,0,False,30,23,30,True
3792018,85796412,general,돼지이름없음,살짝큰느낌이나 디자인 재질 다 마음에듭니다. 딸아이가 좋다고하네요,5.0,False,M,162.0,63.0,여성,2026-06-26 17:19:33,사이즈: 조금 큼 / 화면 대비 색감: 화면과 비슷 / 퀄리티: 좋음 / 신축성: 적당함,False,0,filluminate,하의,M,,2026,6,26,금,5,응답,조금 큼,화면과 비슷,좋음,,,적당함,,,4.0,,3.0,,,1.0,1.0,0.0,0.0,,,살짝큰느낌이나 디자인 재질 다 마음에듭니다. 딸아이가 좋다고하네요,살짝큰느낌이나디자인재질다마음에듭니다딸아이가좋다고하네요,0,0,0,0,0,False,36,29,36,True
3792018,85789252,general,sejeans,기장이 만족스럽습니다. 항상 애매해서 별로였는데 이건 키 큰 사람을 위한 바지입니다.,5.0,False,L,185.0,77.0,남성,2026-06-26 15:03:07,사이즈: 정사이즈 / 화면 대비 색감: 화면과 비슷 / 퀄리티: 좋음 / 신축성: 강함,False,0,filluminate,하의,L,,2026,6,26,금,5,응답,정사이즈,화면과 비슷,좋음,,,강함,,,4.0,,4.0,,,0.0,0.0,0.0,0.0,,,기장이 만족스럽습니다. 항상 애매해서 별로였는데 이건 키 큰 사람을 위한 바지입니다.,기장이만족스럽습니다항상애매해서별로였는데이건키큰사람을위한바지입니다,0,0,0,0,0,False,47,35,47,True
3792018,85788574,general,클론룩 멈춰,핏이 넉넉해서 편하고 옆 라인 포인트 덕에 트렌디해요.,5.0,False,XS,170.0,65.0,남성,2026-06-26 14:48:09,사이즈: 정사이즈 / 화면 대비 색감: 화면과 비슷 / 퀄리티: 보통 / 신축성: 적당함,False,0,filluminate,하의,XS,,2026,6,26,금,5,응답,정사이즈,화면과 비슷,보통,,,적당함,,,3.0,,3.0,,,0.0,0.0,0.0,0.0,,,핏이 넉넉해서 편하고 옆 라인 포인트 덕에 트렌디해요.,핏이넉넉해서편하고옆라인포인트덕에트렌디해요,0,0,0,0,0,False,30,22,30,True
3792018,85775132,general,musin:,제가 원하는 느낌에 바지네요 아주 좋습니다 잘입겠습니다,5.0,False,S,187.0,83.0,남성,2026-06-26 08:20:06,사이즈: 정사이즈 / 화면 대비 색감: 화면과 비슷 / 퀄리티: 보통 / 신축성: 적당함,False,0,filluminate,하의,S,,2026,6,26,금,5,응답,정사이즈,화면과 비슷,보통,,,적당함,,,3.0,,3.0,,,0.0,0.0,0.0,0.0,,,제가 원하는 느낌에 바지네요 아주 좋습니다 잘입겠습니다,제가원하는느낌에바지네요아주좋습니다잘입겠습니다,0,0,0,0,0,False,30,24,30,True
3792018,85773033,general,민붕민붕,정사이즈보다는 큽니다. 비 올 때 막 입을 수 있어서 좋아요,4.0,False,M,182.0,76.0,남성,2026-06-26 04:14:28,사이즈: 많이 큼 / 화면 대비 색감: 화면과 비슷 / 퀄리티: 좋음 / 신축성: 적당함,False,0,filluminate,하의,M,,2026,6,26,금,4,응답,많이 큼,화면과 비슷,좋음,,,적당함,,,4.0,,3.0,,,2.0,2.0,0.0,0.0,,,정사이즈보다는 큽니다. 비 올 때 막 입을 수 있어서 좋아요,정사이즈보다는큽니다비올때막입을수있어서좋아요,0,0,0,0,0,False,33,23,33,True
3792018,85769895,general,S0Z0,땀이 많은 사람이라  이런옷 살때 고민하고 걱정하는데 고민을 왜했는지 바지가 무지 얇고 신축성도 좋고 그냥 다 너무 맘에 들어요 그리고 키가큰 여성분 아니면  조금 많이 통통해도 xs입어도 예쁘게 입을수 있어요~,5.0,False,XS,160.0,90.0,여성,2026-06-26 00:37:46,사이즈: 조금 큼 / 화면 대비 색감: 화면과 비슷 / 퀄리티: 좋음 / 신축성: 강함,True,0,filluminate,하의,XS,,2026,6,26,금,5,응답,조금 큼,화면과 비슷,좋음,,,강함,,,4.0,,4.0,,,1.0,1.0,0.0,0.0,,,땀이 많은 사람이라 이런옷 살때 고민하고 걱정하는데 고민을 왜했는지 바지가 무지 얇고 신축성도 좋고 그냥 다 너무 맘에 들어요 그리고 키가큰 여성분 아니면 조금 많이 통통해도 xs입어도 예쁘게 입을수 있어요~,땀이많은사람이라이런옷살때고민하고걱정하는데고민을왜했는지바지가무지얇고신축성도좋고그냥다너무맘에들어요그리고키가큰여성분아니면조금많이통통해도xs입어도예쁘게입을수있어요,0,0,0,0,0,False,118,84,116,True
3792018,85769524,style,S0Z0,바지 얇아요! 운동할때도 입는데 그렇게 덥지도 않고  바스락 소리도 크지않고 약간신축성도잇고 전부 장점만 있는 바지네요! 그리고 생각보다 바지 안길어요 사진은 스트링 조였는데  안조여도 운동화신고 하면 끌리지는 않아요~ 163정도 되는 분들 딱이쁘게 입을수 있어요~,5.0,False,XS,160.0,90.0,여성,2026-06-26 00:27:08,사이즈: 조금 큼 / 화면 대비 색감: 화면과 비슷 / 퀄리티: 좋음 / 신축성: 강함,True,0,filluminate,하의,XS,,2026,6,26,금,5,응답,조금 큼,화면과 비슷,좋음,,,강함,,,4.0,,4.0,,,1.0,1.0,0.0,0.0,,,바지 얇아요! 운동할때도 입는데 그렇게 덥지도 않고 바스락 소리도 크지않고 약간신축성도잇고 전부 장점만 있는 바지네요! 그리고 생각보다 바지 안길어요 사진은 스트링 조였는데 안조여도 운동화신고 하면 끌리지는 않아요~ 163정도 되는 분들 딱이쁘게 입을수 있어요~,바지얇아요운동할때도입는데그렇게덥지도않고바스락소리도크지않고약간신축성도잇고전부장점만있는바지네요그리고생각보다바지안길어요사진은스트링조였는데안조여도운동화신고하면끌리지는않아요163정도되는분들딱이쁘게입을수있어요,0,0,2,0,0,False,148,107,146,True
3792018,85758928,general,이니73,"힙하고   휘뚜루 마뚜루   편하게  입기 좋은  옷인것 같아요. 아주 더운날  제외하곤  봄,여름,가을  다  가능 하지   않을까 싶은데~~갠적  생각이고 .신축성 좋고 아무거나  받쳐입기도  좋네요.잘산듯",5.0,False,XS,160.0,51.0,여성,2026-06-25 21:12:59,사이즈: 정사이즈 / 화면 대비 색감: 화면과 비슷 / 퀄리티: 보통 / 신축성: 적당함,False,0,filluminate,하의,XS,,2026,6,25,목,5,응답,정사이즈,화면과 비슷,보통,,,적당함,,,3.0,,3.0,,,0.0,0.0,0.0,0.0,,,"힙하고 휘뚜루 마뚜루 편하게 입기 좋은 옷인것 같아요. 아주 더운날 제외하곤 봄,여름,가을 다 가능 하지 않을까 싶은데~~갠적 생각이고 .신축성 좋고 아무거나 받쳐입기도 좋네요.잘산듯",힙하고휘뚜루마뚜루편하게입기좋은옷인것같아요아주더운날제외하곤봄여름가을다가능하지않을까싶은데갠적생각이고신축성좋고아무거나받쳐입기도좋네요잘산듯,0,0,0,0,0,True,117,73,102,True
3792018,85754926,general,상큼한미국런웨이,너무 마음에 들어요 사이즈가 엄청 크게나온거 같아요 잘보고 시켜야될거 같아요!,5.0,False,XS,170.0,70.0,missing,2026-06-25 20:06:11,사이즈: 많이 큼 / 화면 대비 색감: 화면과 비슷 / 퀄리티: 매우 좋음 / 신축성: 적당함,True,0,filluminate,하의,XS,,2026,6,25,목,5,응답,많이 큼,화면과 비슷,매우 좋음,,,적당함,,,5.0,,3.0,,,2.0,2.0,0.0,0.0,,,너무 마음에 들어요 사이즈가 엄청 크게나온거 같아요 잘보고 시켜야될거 같아요!,너무마음에들어요사이즈가엄청크게나온거같아요잘보고시켜야될거같아요,0,0,1,0,0,False,43,33,43,True
3792018,85695568,general,마타롱,생각보다 많이커서 한차례 교환했고 허벅지 조금 작긴한데 만족합니다,5.0,False,XS,177.0,75.0,남성,2026-06-24 18:57:29,사이즈: 정사이즈 / 화면 대비 색감: 화면과 비슷 / 퀄리티: 보통 / 신축성: 적당함,True,0,filluminate,하의,XS,,2026,6,24,수,5,응답,정사이즈,화면과 비슷,보통,,,적당함,,,3.0,,3.0,,,0.0,0.0,0.0,0.0,,,생각보다 많이커서 한차례 교환했고 허벅지 조금 작긴한데 만족합니다,생각보다많이커서한차례교환했고허벅지조금작긴한데만족합니다,0,0,0,0,0,False,36,29,36,True
3792018,85695542,style,마타롱,생각보다 많이커서 한차례 교환했고 허벅지 조금 작긴한데 만족합니다,5.0,False,XS,177.0,75.0,남성,2026-06-24 18:57:07,사이즈: 정사이즈 / 화면 대비 색감: 화면과 비슷 / 퀄리티: 보통 / 신축성: 적당함,True,0,filluminate,하의,XS,,2026,6,24,수,5,응답,정사이즈,화면과 비슷,보통,,,적당함,,,3.0,,3.0,,,0.0,0.0,0.0,0.0,,,생각보다 많이커서 한차례 교환했고 허벅지 조금 작긴한데 만족합니다,생각보다많이커서한차례교환했고허벅지조금작긴한데만족합니다,0,0,0,0,0,False,36,29,36,True
3792018,85687360,general,흐르는미국피케티,핏이 이뻐요 .. 잘산거 같아요. 버건디도 사고 싶은데 품절이라 없네요.. ㅠㅠ 버건디도 만들어주세요,4.0,False,S,165.0,52.0,여성,2026-06-24 16:44:10,사이즈: 정사이즈 / 화면 대비 색감: 화면과 비슷 / 퀄리티: 좋음 / 신축성: 적당함,False,0,filluminate,하의,S,,2026,6,24,수,4,응답,정사이즈,화면과 비슷,좋음,,,적당함,,,4.0,,3.0,,,0.0,0.0,0.0,0.0,,,핏이 이뻐요 .. 잘산거 같아요. 버건디도 사고 싶은데 품절이라 없네요.. ㅠㅠ 버건디도 만들어주세요,핏이이뻐요잘산거같아요버건디도사고싶은데품절이라없네요버건디도만들어주세요,0,2,0,0,0,False,56,37,56,True
3792018,85659777,style,옷이날개다v,어느옷에든 코디하기 편하고 저랑 비슷한 스펙이면 xs가세요!,5.0,False,XS,168.0,63.0,남성,2026-06-24 07:00:05,사이즈: 정사이즈 / 화면 대비 색감: 화면과 비슷 / 퀄리티: 보통 / 신축성: 적당함,True,0,filluminate,하의,XS,,2026,6,24,수,5,응답,정사이즈,화면과 비슷,보통,,,적당함,,,3.0,,3.0,,,0.0,0.0,0.0,0.0,,,어느옷에든 코디하기 편하고 저랑 비슷한 스펙이면 xs가세요!,어느옷에든코디하기편하고저랑비슷한스펙이면xs가세요,0,0,1,0,0,False,33,24,33,True
3792018,85659722,general,옷이날개다v,휘뚜루마뚜루 입기 편한옷 저랑 비슷한 체형이면 xs추천합니다!,5.0,False,XS,168.0,63.0,남성,2026-06-24 06:56:51,사이즈: 정사이즈 / 화면 대비 색감: 화면과 비슷 / 퀄리티: 보통 / 신축성: 적당함,True,0,filluminate,하의,XS,,2026,6,24,수,5,응답,정사이즈,화면과 비슷,보통,,,적당함,,,3.0,,3.0,,,0.0,0.0,0.0,0.0,,,휘뚜루마뚜루 입기 편한옷 저랑 비슷한 체형이면 xs추천합니다!,휘뚜루마뚜루입기편한옷저랑비슷한체형이면xs추천합니다,0,0,1,0,0,False,34,25,34,True
3792018,85646763,style,졉니다,시원한 소재이고 사이즈는 무조건 두사이즈 다운 추천합니다,5.0,False,S,178.0,70.0,남성,2026-06-23 23:01:34,사이즈: 많이 큼 / 화면 대비 색감: 화면과 비슷 / 퀄리티: 나쁨 / 신축성: 적당함,True,0,filluminate,하의,S,,2026,6,23,화,5,응답,많이 큼,화면과 비슷,나쁨,,,적당함,,,2.0,,3.0,,,2.0,2.0,0.0,0.0,,,시원한 소재이고 사이즈는 무조건 두사이즈 다운 추천합니다,시원한소재이고사이즈는무조건두사이즈다운추천합니다,0,0,0,0,0,False,31,25,31,True
3792018,85646641,general,졉니다,시원한 소재이고 사이즈는 무조건 두사이즈 다운 추천합니다,5.0,False,S,178.0,70.0,남성,2026-06-23 23:00:13,사이즈: 많이 큼 / 화면 대비 색감: 어두움 / 퀄리티: 나쁨 / 신축성: 적당함,True,0,filluminate,하의,S,,2026,6,23,화,5,응답,많이 큼,어두움,나쁨,,,적당함,,,2.0,,3.0,,,2.0,2.0,-1.0,1.0,,,시원한 소재이고 사이즈는 무조건 두사이즈 다운 추천합니다,시원한소재이고사이즈는무조건두사이즈다운추천합니다,0,0,0,0,0,False,31,25,31,True
3792018,85645095,general,이내히,사이즈 넉넉헤서 좋네요 줄은 하얀색이 아니고 살짝 브라운끼 돌아요 참고하세요,3.0,False,XS,160.0,54.0,여성,2026-06-23 22:42:28,사이즈: 조금 큼 / 화면 대비 색감: 화면과 비슷 / 퀄리티: 보통 / 신축성: 적당함,True,0,filluminate,하의,XS,,2026,6,23,화,3,응답,조금 큼,화면과 비슷,보통,,,적당함,,,3.0,,3.0,,,1.0,1.0,0.0,0.0,,,사이즈 넉넉헤서 좋네요 줄은 하얀색이 아니고 살짝 브라운끼 돌아요 참고하세요,사이즈넉넉헤서좋네요줄은하얀색이아니고살짝브라운끼돌아요참고하세요,0,0,0,0,0,False,42,33,42,True
3792018,85634528,general,쁴융,여름에 완전 잘입을거같아요! 완전편함! 길이 조절되서 편하게 입을듯,5.0,False,XS,161.0,53.0,여성,2026-06-23 20:35:35,사이즈: 정사이즈 / 화면 대비 색감: 화면과 비슷 / 퀄리티: 보통 / 신축성: 적당함,False,0,filluminate,하의,XS,,2026,6,23,화,5,응답,정사이즈,화면과 비슷,보통,,,적당함,,,3.0,,3.0,,,0.0,0.0,0.0,0.0,,,여름에 완전 잘입을거같아요! 완전편함! 길이 조절되서 편하게 입을듯,여름에완전잘입을거같아요완전편함길이조절되서편하게입을듯,0,0,2,0,0,False,37,28,37,True
3792018,85631374,general,ㅇㅂㅁㄷ,나일론팬츠 하나 사고싶었는데 무진장세일로 싸게사닌까 더 좋은거 같어요👍👍,4.0,False,M,176.0,80.0,남성,2026-06-23 19:52:56,사이즈: 조금 큼 / 화면 대비 색감: 화면과 비슷 / 퀄리티: 좋음 / 신축성: 적당함,False,0,filluminate,하의,M,,2026,6,23,화,4,응답,조금 큼,화면과 비슷,좋음,,,적당함,,,4.0,,3.0,,,1.0,1.0,0.0,0.0,,,나일론팬츠 하나 사고싶었는데 무진장세일로 싸게사닌까 더 좋은거 같어요,나일론팬츠하나사고싶었는데무진장세일로싸게사닌까더좋은거같어요,0,0,0,0,2,False,40,31,38,True
3792018,85622974,general,넌너굴이,원하는 디자인과 컬로로 다양한 연출이 가능하여 강추 합네다 ㅎㅎ,5.0,False,S,173.0,70.0,남성,2026-06-23 17:41:45,사이즈: 정사이즈 / 화면 대비 색감: 화면과 비슷 / 퀄리티: 보통 / 신축성: 적당함,True,0,filluminate,하의,S,,2026,6,23,화,5,응답,정사이즈,화면과 비슷,보통,,,적당함,,,3.0,,3.0,,,0.0,0.0,0.0,0.0,,,원하는 디자인과 컬로로 다양한 연출이 가능하여 강추 합네다 ㅎㅎ,원하는디자인과컬로로다양한연출이가능하여강추합네다,2,0,0,0,0,False,35,25,35,True
3792018,85604922,general,앙앙기모링딩동,작년에도 구매하고 올해도 구매했어요 디자인이 살짝 바뀌었는데 이번 디자인이 더 예쁘네요,5.0,False,M,166.0,65.0,여성,2026-06-23 11:25:13,사이즈: 조금 큼 / 화면 대비 색감: 화면과 비슷 / 퀄리티: 매우 좋음 / 신축성: 매우 강함,False,1,filluminate,하의,M,,2026,6,23,화,5,응답,조금 큼,화면과 비슷,매우 좋음,,,매우 강함,,,5.0,,5.0,,,1.0,1.0,0.0,0.0,,,작년에도 구매하고 올해도 구매했어요 디자인이 살짝 바뀌었는데 이번 디자인이 더 예쁘네요,작년에도구매하고올해도구매했어요디자인이살짝바뀌었는데이번디자인이더예쁘네요,0,0,0,0,0,False,48,38,48,True
3792018,85589551,general,구칠7,가성비 좋은 비니루바지 겟했습니다 ㅎㅎ 편하게 입기 좋아요 ! 제 키 기준 스트링 살짝 조이면! 끌리지 않고 좋습니다! 사이즈가 커진다고 박스해지는 핏은 아닌듯해용,5.0,False,S,173.0,61.0,여성,2026-06-22 23:20:20,사이즈: 조금 큼 / 화면 대비 색감: 화면과 비슷 / 퀄리티: 보통 / 신축성: 거의 없음,False,0,filluminate,하의,S,,2026,6,22,월,5,응답,조금 큼,화면과 비슷,보통,,,거의 없음,,,3.0,,2.0,,,1.0,1.0,0.0,0.0,,,가성비 좋은 비니루바지 겟했습니다 ㅎㅎ 편하게 입기 좋아요 ! 제 키 기준 스트링 살짝 조이면! 끌리지 않고 좋습니다! 사이즈가 커진다고 박스해지는 핏은 아닌듯해용,가성비좋은비니루바지겟했습니다편하게입기좋아요제키기준스트링살짝조이면끌리지않고좋습니다사이즈가커진다고박스해지는핏은아닌듯해용,2,0,3,0,0,False,91,64,91,True
3792018,85578839,general,맘마미이아,재질도 좋은 것 같고 생각보다 시원한 것 같아서 이맘때 입기 좋습니다.,5.0,False,XS,170.0,74.0,남성,2026-06-22 20:13:35,사이즈: 정사이즈 / 화면 대비 색감: 화면과 비슷 / 퀄리티: 보통 / 신축성: 적당함,False,0,filluminate,하의,XS,,2026,6,22,월,5,응답,정사이즈,화면과 비슷,보통,,,적당함,,,3.0,,3.0,,,0.0,0.0,0.0,0.0,,,재질도 좋은 것 같고 생각보다 시원한 것 같아서 이맘때 입기 좋습니다.,재질도좋은것같고생각보다시원한것같아서이맘때입기좋습니다,0,0,0,0,0,False,39,28,39,True
﻿3791990,86074284,general,MalangPanda,그동안 산 흑청바지중에 제일 이쁘고 편합니다 너무 맘에 들어요,5.0,False,L,175.0,90.0,남성,2026-07-05 23:31:27,사이즈: 정사이즈 / 화면 대비 색감: 화면과 비슷 / 퀄리티: 보통 / 신축성: 전혀 없음,False,0,filluminate,하의,L,,2026,7,5,일,5,응답,정사이즈,화면과 비슷,보통,,,전혀 없음,,,3.0,,1.0,,,0.0,0.0,0.0,0.0,,,그동안 산 흑청바지중에 제일 이쁘고 편합니다 너무 맘에 들어요,그동안산흑청바지중에제일이쁘고편합니다너무맘에들어요,0,0,0,0,0,False,34,26,34,True
3791990,86059215,general,진지한쿠바카고,통도크고 라인이 이쁩니다~ 허리는 생각보다 작아요,5.0,False,XS,172.0,55.0,남성,2026-07-05 13:28:04,사이즈: 조금 큼 / 화면 대비 색감: 화면과 비슷 / 퀄리티: 보통 / 신축성: 적당함,True,0,filluminate,하의,XS,,2026,7,5,일,5,응답,조금 큼,화면과 비슷,보통,,,적당함,,,3.0,,3.0,,,1.0,1.0,0.0,0.0,,,통도크고 라인이 이쁩니다~ 허리는 생각보다 작아요,통도크고라인이이쁩니다허리는생각보다작아요,0,0,0,0,0,False,27,21,27,True
3791990,85966534,general,오구강아지,너무 이뻐용!! 이뻐서 하나 더 구매했습니다 꼭 구매하세요,5.0,False,L,179.0,78.0,남성,2026-07-01 19:37:50,사이즈: 매우 작음 / 화면 대비 색감: 매우 밝음 / 퀄리티: 매우 나쁨 / 신축성: 전혀 없음,False,0,filluminate,하의,L,,2026,7,1,수,5,응답,매우 작음,매우 밝음,매우 나쁨,,,전혀 없음,,,1.0,,1.0,,,-2.0,2.0,2.0,2.0,,,너무 이뻐용!! 이뻐서 하나 더 구매했습니다 꼭 구매하세요,너무이뻐용이뻐서하나더구매했습니다꼭구매하세요,0,0,2,0,0,False,32,23,32,True
3791990,85903919,general,성현맨맨,스타일이너무좋고잘입을께요!!재구매의사또있어요,5.0,False,S,172.0,71.0,남성,2026-06-29 17:09:50,사이즈: 정사이즈 / 화면 대비 색감: 화면과 비슷 / 퀄리티: 보통 / 신축성: 적당함,False,0,filluminate,하의,S,,2026,6,29,월,5,응답,정사이즈,화면과 비슷,보통,,,적당함,,,3.0,,3.0,,,0.0,0.0,0.0,0.0,,,스타일이너무좋고잘입을께요!!재구매의사또있어요,스타일이너무좋고잘입을께요재구매의사또있어요,0,0,2,0,0,False,24,22,24,True
3791990,85866571,general,HOT_CHO,"품이 커서 걱정했는데, 사이즈도 넉넉하고 핏도 이뻐요. 마음에 들어요!",5.0,False,L,178.0,78.0,남성,2026-06-28 14:17:52,사이즈: 조금 작음 / 화면 대비 색감: 밝음 / 퀄리티: 나쁨 / 신축성: 거의 없음,True,0,filluminate,하의,L,,2026,6,28,일,5,응답,조금 작음,밝음,나쁨,,,거의 없음,,,2.0,,2.0,,,-1.0,1.0,1.0,1.0,,,"품이 커서 걱정했는데, 사이즈도 넉넉하고 핏도 이뻐요. 마음에 들어요!",품이커서걱정했는데사이즈도넉넉하고핏도이뻐요마음에들어요,0,0,1,0,0,False,39,28,39,True
3791990,85866218,general,코큰당황이,허리가 좀 작습니다 한치수 더크게 입어도 될가같아요,5.0,False,S,172.0,65.0,남성,2026-06-28 14:08:18,사이즈: 정사이즈 / 화면 대비 색감: 화면과 비슷 / 퀄리티: 보통 / 신축성: 적당함,False,0,filluminate,하의,S,,2026,6,28,일,5,응답,정사이즈,화면과 비슷,보통,,,적당함,,,3.0,,3.0,,,0.0,0.0,0.0,0.0,,,허리가 좀 작습니다 한치수 더크게 입어도 될가같아요,허리가좀작습니다한치수더크게입어도될가같아요,0,0,0,0,0,False,28,22,28,True
3791990,85755530,general,99.k,바지 기장감이며  핏이너무 이쁘네요 잘입겠습니다,4.0,False,S,163.0,61.0,남성,2026-06-25 20:16:09,사이즈: 정사이즈 / 화면 대비 색감: 화면과 비슷 / 퀄리티: 보통 / 신축성: 적당함,False,0,filluminate,하의,S,,2026,6,25,목,4,응답,정사이즈,화면과 비슷,보통,,,적당함,,,3.0,,3.0,,,0.0,0.0,0.0,0.0,,,바지 기장감이며 핏이너무 이쁘네요 잘입겠습니다,바지기장감이며핏이너무이쁘네요잘입겠습니다,0,0,0,0,0,False,26,21,25,True
3791990,85681459,style,구매왕,옷이 예뻐요 수선을 안 해도 될 마지노선이었어요,5.0,False,M,177.0,72.0,남성,2026-06-24 14:56:56,사이즈: 정사이즈 / 화면 대비 색감: 화면과 비슷 / 퀄리티: 보통 / 신축성: 적당함,True,0,filluminate,하의,M,,2026,6,24,수,5,응답,정사이즈,화면과 비슷,보통,,,적당함,,,3.0,,3.0,,,0.0,0.0,0.0,0.0,,,옷이 예뻐요 수선을 안 해도 될 마지노선이었어요,옷이예뻐요수선을안해도될마지노선이었어요,0,0,0,0,0,False,26,20,26,True
3791990,85668258,style,모카엄마가스미,키 180넘고 몸무게 60키로입니다. 허리가 좀 크지만 길이는 좋네요. 벨트차고 입으니 괜찮습니다. 색도 예쁘고 부드러워요.,5.0,False,L,183.0,62.0,남성,2026-06-24 10:42:59,사이즈: 정사이즈 / 화면 대비 색감: 화면과 비슷 / 퀄리티: 보통 / 신축성: 적당함,True,0,filluminate,하의,L,,2026,6,24,수,5,응답,정사이즈,화면과 비슷,보통,,,적당함,,,3.0,,3.0,,,0.0,0.0,0.0,0.0,,,키 180넘고 몸무게 60키로입니다. 허리가 좀 크지만 길이는 좋네요. 벨트차고 입으니 괜찮습니다. 색도 예쁘고 부드러워요.,키180넘고몸무게60키로입니다허리가좀크지만길이는좋네요벨트차고입으니괜찮습니다색도예쁘고부드러워요,0,0,0,0,0,False,69,46,69,True
3791990,85668229,general,모카엄마가스미,키 180넘고 몸무게 60키로입니다. 허리가 좀 크지만 길이는 좋네요. 벨트차고 입으니 괜찮습니다. 색도 예쁘고 부드러워요.,5.0,False,L,183.0,62.0,남성,2026-06-24 10:42:24,사이즈: 정사이즈 / 화면 대비 색감: 화면과 비슷 / 퀄리티: 보통 / 신축성: 적당함,True,0,filluminate,하의,L,,2026,6,24,수,5,응답,정사이즈,화면과 비슷,보통,,,적당함,,,3.0,,3.0,,,0.0,0.0,0.0,0.0,,,키 180넘고 몸무게 60키로입니다. 허리가 좀 크지만 길이는 좋네요. 벨트차고 입으니 괜찮습니다. 색도 예쁘고 부드러워요.,키180넘고몸무게60키로입니다허리가좀크지만길이는좋네요벨트차고입으니괜찮습니다색도예쁘고부드러워요,0,0,0,0,0,False,69,46,69,True
3791990,85635740,style,북극곰곰2,흑청 색감도 아주 좋고 데미지 워싱도 적당히 있어서 좋았습니다 잘입을거같습니다,5.0,False,L,182.0,80.0,남성,2026-06-23 20:51:08,사이즈: 정사이즈 / 화면 대비 색감: 화면과 비슷 / 퀄리티: 보통 / 신축성: 적당함,True,0,filluminate,하의,L,,2026,6,23,화,5,응답,정사이즈,화면과 비슷,보통,,,적당함,,,3.0,,3.0,,,0.0,0.0,0.0,0.0,,,흑청 색감도 아주 좋고 데미지 워싱도 적당히 있어서 좋았습니다 잘입을거같습니다,흑청색감도아주좋고데미지워싱도적당히있어서좋았습니다잘입을거같습니다,0,0,0,0,0,False,43,34,43,True
3791990,85635700,general,북극곰곰2,흑청 색감도 아주 좋고 데미지 워싱도 적당히 있어서 좋았습니다 잘입을거같습니다,5.0,False,L,182.0,80.0,남성,2026-06-23 20:50:34,사이즈: 정사이즈 / 화면 대비 색감: 화면과 비슷 / 퀄리티: 보통 / 신축성: 적당함,True,0,filluminate,하의,L,,2026,6,23,화,5,응답,정사이즈,화면과 비슷,보통,,,적당함,,,3.0,,3.0,,,0.0,0.0,0.0,0.0,,,흑청 색감도 아주 좋고 데미지 워싱도 적당히 있어서 좋았습니다 잘입을거같습니다,흑청색감도아주좋고데미지워싱도적당히있어서좋았습니다잘입을거같습니다,0,0,0,0,0,False,43,34,43,True
﻿4969807,86074312,general,glffj,일 할 때 입을라고 샀는데 매우 편하고 좋아요 핏도 괜찮아요,5.0,False,BLACK · M,177.0,57.0,남성,2026-07-05 23:32:46,사이즈: 정사이즈 / 화면 대비 색감: 화면과 비슷 / 퀄리티: 보통 / 신축성: 적당함,True,0,filluminate,하의,M,BLACK,2026,7,5,일,5,응답,정사이즈,화면과 비슷,보통,,,적당함,,,3.0,,3.0,,,0.0,0.0,0.0,0.0,,,일 할 때 입을라고 샀는데 매우 편하고 좋아요 핏도 괜찮아요,일할때입을라고샀는데매우편하고좋아요핏도괜찮아요,0,0,0,0,0,False,33,24,33,True
4969807,86073335,general,이것도입고,올 해 여름 크림 화이트 바지는 이걸로 종결합니다. 실착 시 핏이 말도 안됩니다(p),5.0,False,BEIGE · M,170.0,60.0,남성,2026-07-05 23:00:39,사이즈: 조금 큼 / 화면 대비 색감: 화면과 비슷 / 퀄리티: 보통 / 신축성: 적당함,True,0,filluminate,하의,M,BEIGE,2026,7,5,일,5,응답,조금 큼,화면과 비슷,보통,,,적당함,,,3.0,,3.0,,,1.0,1.0,0.0,0.0,,,올 해 여름 크림 화이트 바지는 이걸로 종결합니다. 실착 시 핏이 말도 안됩니다(p),올해여름크림화이트바지는이걸로종결합니다실착시핏이말도안됩니다p,0,0,0,0,0,False,47,31,47,True
4969807,86071376,general,매끈한제주패드,상품으로 봤던 신발 위에 자연스럽게 쌓이는 핏은 나오지 않았고 사진으로 본건 아래로 갈수록 약간 볼록한건데 실제 상품은 그냥 일자 와이드 핏이에요.,4.0,False,BEIGE · M,173.0,54.0,남성,2026-07-05 21:53:38,사이즈: 정사이즈 / 화면 대비 색감: 어두움 / 퀄리티: 나쁨 / 신축성: 적당함,False,0,filluminate,하의,M,BEIGE,2026,7,5,일,4,응답,정사이즈,어두움,나쁨,,,적당함,,,2.0,,3.0,,,0.0,0.0,-1.0,1.0,,,상품으로 봤던 신발 위에 자연스럽게 쌓이는 핏은 나오지 않았고 사진으로 본건 아래로 갈수록 약간 볼록한건데 실제 상품은 그냥 일자 와이드 핏이에요.,상품으로봤던신발위에자연스럽게쌓이는핏은나오지않았고사진으로본건아래로갈수록약간볼록한건데실제상품은그냥일자와이드핏이에요,0,0,0,0,0,False,82,61,82,True
4969807,86069005,style,냄비우동팡팡,린넨소재라 여름에 입기 좋네요 휘뚜루마뚜루 입기 편할듯!,5.0,False,BEIGE · M,171.0,60.0,남성,2026-07-05 20:24:44,사이즈: 정사이즈 / 화면 대비 색감: 화면과 비슷 / 퀄리티: 보통 / 신축성: 적당함,True,0,filluminate,하의,M,BEIGE,2026,7,5,일,5,응답,정사이즈,화면과 비슷,보통,,,적당함,,,3.0,,3.0,,,0.0,0.0,0.0,0.0,,,린넨소재라 여름에 입기 좋네요 휘뚜루마뚜루 입기 편할듯!,린넨소재라여름에입기좋네요휘뚜루마뚜루입기편할듯,0,0,1,0,0,False,31,24,31,True
4969807,86068973,general,냄비우동팡팡,린넨소재라 여름에 입기 좋네요 휘뚜루마뚜루 입기 편할듯!,5.0,False,BEIGE · M,171.0,60.0,남성,2026-07-05 20:23:29,사이즈: 정사이즈 / 화면 대비 색감: 화면과 비슷 / 퀄리티: 보통 / 신축성: 적당함,True,0,filluminate,하의,M,BEIGE,2026,7,5,일,5,응답,정사이즈,화면과 비슷,보통,,,적당함,,,3.0,,3.0,,,0.0,0.0,0.0,0.0,,,린넨소재라 여름에 입기 좋네요 휘뚜루마뚜루 입기 편할듯!,린넨소재라여름에입기좋네요휘뚜루마뚜루입기편할듯,0,0,1,0,0,False,31,24,31,True
4969807,86065987,general,아카이럼,그렇게 쨍한 흰색이 아니고 이쁜 베이지라 좋아요,5.0,False,BEIGE · XL,182.0,90.0,남성,2026-07-05 18:20:49,사이즈: 정사이즈 / 화면 대비 색감: 화면과 비슷 / 퀄리티: 보통 / 신축성: 적당함,True,0,filluminate,하의,XL,BEIGE,2026,7,5,일,5,응답,정사이즈,화면과 비슷,보통,,,적당함,,,3.0,,3.0,,,0.0,0.0,0.0,0.0,,,그렇게 쨍한 흰색이 아니고 이쁜 베이지라 좋아요,그렇게쨍한흰색이아니고이쁜베이지라좋아요,0,0,0,0,0,False,26,20,26,True
4969807,86065967,style,아카이럼,그렇게 쨍한 흰색이 아니고 베이지 섞인 흰색이라 좋습니다,5.0,False,BEIGE · XL,182.0,90.0,남성,2026-07-05 18:20:08,사이즈: 정사이즈 / 화면 대비 색감: 화면과 비슷 / 퀄리티: 보통 / 신축성: 적당함,True,0,filluminate,하의,XL,BEIGE,2026,7,5,일,5,응답,정사이즈,화면과 비슷,보통,,,적당함,,,3.0,,3.0,,,0.0,0.0,0.0,0.0,,,그렇게 쨍한 흰색이 아니고 베이지 섞인 흰색이라 좋습니다,그렇게쨍한흰색이아니고베이지섞인흰색이라좋습니다,0,0,0,0,0,False,31,24,31,True
4969807,86065493,general,규혀니니니니니,원했던 핏감이네요. 린넨이라 시원하고 좋아요. 아주 약간 비치는건 있는거같습니다. 그래도 너무 만족,5.0,False,BEIGE · M,170.0,57.0,남성,2026-07-05 17:59:40,사이즈: 정사이즈 / 화면 대비 색감: 화면과 비슷 / 퀄리티: 매우 좋음 / 신축성: 적당함,True,0,filluminate,하의,M,BEIGE,2026,7,5,일,5,응답,정사이즈,화면과 비슷,매우 좋음,,,적당함,,,5.0,,3.0,,,0.0,0.0,0.0,0.0,,,원했던 핏감이네요. 린넨이라 시원하고 좋아요. 아주 약간 비치는건 있는거같습니다. 그래도 너무 만족,원했던핏감이네요린넨이라시원하고좋아요아주약간비치는건있는거같습니다그래도너무만족,0,0,0,0,0,False,55,41,55,True
4969807,86065290,general,크와아아아아아ㅏㅇ,181/96 길이는 살짝 길긴한데 에어포스 신으면 끌리지 않고 좋아요.,4.0,False,BLACK · XL,165.0,56.0,여성,2026-07-05 17:49:47,사이즈: 정사이즈 / 화면 대비 색감: 화면과 비슷 / 퀄리티: 보통 / 신축성: 적당함,True,0,filluminate,하의,XL,BLACK,2026,7,5,일,4,응답,정사이즈,화면과 비슷,보통,,,적당함,,,3.0,,3.0,,,0.0,0.0,0.0,0.0,,,181/96 길이는 살짝 길긴한데 에어포스 신으면 끌리지 않고 좋아요.,18196길이는살짝길긴한데에어포스신으면끌리지않고좋아요,0,0,0,0,0,False,39,24,39,True
4969807,86063981,general,beomchang,"린넨소제 특성상 살짝 비칠수도 있는데, 아이보리라서 티가 잘 안나는게 좋아요. 기장감도 마음에 듭니다",5.0,False,BEIGE · L,174.0,75.0,남성,2026-07-05 16:55:58,사이즈: 정사이즈 / 화면 대비 색감: 화면과 비슷 / 퀄리티: 보통 / 신축성: 적당함,False,0,filluminate,하의,L,BEIGE,2026,7,5,일,5,응답,정사이즈,화면과 비슷,보통,,,적당함,,,3.0,,3.0,,,0.0,0.0,0.0,0.0,,,"린넨소제 특성상 살짝 비칠수도 있는데, 아이보리라서 티가 잘 안나는게 좋아요. 기장감도 마음에 듭니다",린넨소제특성상살짝비칠수도있는데아이보리라서티가잘안나는게좋아요기장감도마음에듭니다,0,0,0,0,0,False,56,42,56,True
4969807,86062546,general,싸수반납,믿고 사는 필루미네이트 린넨 바지입니다. 색감이 좋아요,5.0,False,INDIGO · XL,181.0,78.0,남성,2026-07-05 15:56:56,사이즈: 정사이즈 / 화면 대비 색감: 화면과 비슷 / 퀄리티: 보통 / 신축성: 적당함,True,0,filluminate,하의,XL,INDIGO,2026,7,5,일,5,응답,정사이즈,화면과 비슷,보통,,,적당함,,,3.0,,3.0,,,0.0,0.0,0.0,0.0,,,믿고 사는 필루미네이트 린넨 바지입니다. 색감이 좋아요,믿고사는필루미네이트린넨바지입니다색감이좋아요,0,0,0,0,0,False,30,23,30,True
4969807,86060085,general,정확한터키자켓,너무 얇아서 핏이 이상해지지도 너무 두꺼워서 덥지도 않게 딱 적당한 두께라서 좋았어여,5.0,False,BLACK · M,172.0,62.0,남성,2026-07-05 14:04:57,사이즈: 정사이즈 / 화면 대비 색감: 밝음 / 퀄리티: 매우 좋음 / 신축성: 적당함,False,0,filluminate,하의,M,BLACK,2026,7,5,일,5,응답,정사이즈,밝음,매우 좋음,,,적당함,,,5.0,,3.0,,,0.0,0.0,1.0,1.0,,,너무 얇아서 핏이 이상해지지도 너무 두꺼워서 덥지도 않게 딱 적당한 두께라서 좋았어여,너무얇아서핏이이상해지지도너무두꺼워서덥지도않게딱적당한두께라서좋았어여,0,0,0,0,0,False,47,36,47,True
4969807,86058448,general,케케묵은검정프릴,여름에 시원하게 입고 다니기 좋은 린넨 바지 가성비 좋게 샀습니다. 확실히 여름에는 베이지 색상이 시원한 느낌인 것 같아요,5.0,False,BEIGE · M,173.0,73.0,남성,2026-07-05 12:50:02,사이즈: 정사이즈 / 화면 대비 색감: 화면과 비슷 / 퀄리티: 좋음 / 신축성: 적당함,True,0,filluminate,하의,M,BEIGE,2026,7,5,일,5,응답,정사이즈,화면과 비슷,좋음,,,적당함,,,4.0,,3.0,,,0.0,0.0,0.0,0.0,,,여름에 시원하게 입고 다니기 좋은 린넨 바지 가성비 좋게 샀습니다. 확실히 여름에는 베이지 색상이 시원한 느낌인 것 같아요,여름에시원하게입고다니기좋은린넨바지가성비좋게샀습니다확실히여름에는베이지색상이시원한느낌인것같아요,0,0,0,0,0,False,68,50,68,True
4969807,86052503,general,옴마니반메훔,바지 재질 시원하고 색상이나 재질도 시원해 보여서 좋네요 밴딩이라 편하고  허리 잘 맞아서 좋습니다,5.0,False,BEIGE · M,171.0,65.0,남성,2026-07-05 02:37:37,사이즈: 정사이즈 / 화면 대비 색감: 화면과 비슷 / 퀄리티: 보통 / 신축성: 적당함,False,0,filluminate,하의,M,BEIGE,2026,7,5,일,5,응답,정사이즈,화면과 비슷,보통,,,적당함,,,3.0,,3.0,,,0.0,0.0,0.0,0.0,,,바지 재질 시원하고 색상이나 재질도 시원해 보여서 좋네요 밴딩이라 편하고 허리 잘 맞아서 좋습니다,바지재질시원하고색상이나재질도시원해보여서좋네요밴딩이라편하고허리잘맞아서좋습니다,0,0,0,0,0,False,55,41,54,True
4969807,86043656,general,병께이,길이도 적당하고 소재도 시원해서 여름에 입기 좋은 것 같습니다,5.0,False,BLACK · M,169.0,63.0,남성,2026-07-04 19:07:29,사이즈: 정사이즈 / 화면 대비 색감: 화면과 비슷 / 퀄리티: 보통 / 신축성: 적당함,True,0,filluminate,하의,M,BLACK,2026,7,4,토,5,응답,정사이즈,화면과 비슷,보통,,,적당함,,,3.0,,3.0,,,0.0,0.0,0.0,0.0,,,길이도 적당하고 소재도 시원해서 여름에 입기 좋은 것 같습니다,길이도적당하고소재도시원해서여름에입기좋은것같습니다,0,0,0,0,0,False,34,26,34,True
4969807,86043428,general,개운한마포에코퍼,생각보다 편하고 힙해서 좋네요 재질때문애 약간 보풀 있어요,5.0,False,BEIGE · L,178.0,72.0,남성,2026-07-04 18:55:24,사이즈: 정사이즈 / 화면 대비 색감: 화면과 비슷 / 퀄리티: 보통 / 신축성: 적당함,True,0,filluminate,하의,L,BEIGE,2026,7,4,토,5,응답,정사이즈,화면과 비슷,보통,,,적당함,,,3.0,,3.0,,,0.0,0.0,0.0,0.0,,,생각보다 편하고 힙해서 좋네요 재질때문애 약간 보풀 있어요,생각보다편하고힙해서좋네요재질때문애약간보풀있어요,0,0,0,0,0,False,32,25,32,True
4969807,86040180,general,부드러운멜란지,너무 시원하고 좋습니더 보통 린넨 잘못사면 핏 완전 망하고 너무 찰랑거려서 불편한데 이건 두께감이 너무 좋아서 핏도 이쁘게 잡아주고 시원하기까지햐서 너무 좋습니다,4.0,False,INDIGO · M,170.0,72.0,남성,2026-07-04 16:37:54,사이즈: 정사이즈 / 화면 대비 색감: 화면과 비슷 / 퀄리티: 보통 / 신축성: 적당함,False,0,filluminate,하의,M,INDIGO,2026,7,4,토,4,응답,정사이즈,화면과 비슷,보통,,,적당함,,,3.0,,3.0,,,0.0,0.0,0.0,0.0,,,너무 시원하고 좋습니더 보통 린넨 잘못사면 핏 완전 망하고 너무 찰랑거려서 불편한데 이건 두께감이 너무 좋아서 핏도 이쁘게 잡아주고 시원하기까지햐서 너무 좋습니다,너무시원하고좋습니더보통린넨잘못사면핏완전망하고너무찰랑거려서불편한데이건두께감이너무좋아서핏도이쁘게잡아주고시원하기까지햐서너무좋습니다,0,0,0,0,0,False,90,69,90,True
4969807,86038271,general,Systeme,핏 예쁘고 좋아요. 살짝 까슬거리는 느낌 있고 보풀 좀 있는데 신경쓰일 정도는 아니에요.,5.0,False,BEIGE · M,173.0,70.0,남성,2026-07-04 15:19:06,사이즈: 정사이즈 / 화면 대비 색감: 어두움 / 퀄리티: 나쁨 / 신축성: 적당함,True,0,filluminate,하의,M,BEIGE,2026,7,4,토,5,응답,정사이즈,어두움,나쁨,,,적당함,,,2.0,,3.0,,,0.0,0.0,-1.0,1.0,,,핏 예쁘고 좋아요. 살짝 까슬거리는 느낌 있고 보풀 좀 있는데 신경쓰일 정도는 아니에요.,핏예쁘고좋아요살짝까슬거리는느낌있고보풀좀있는데신경쓰일정도는아니에요,0,0,0,0,0,False,49,35,49,True
4969807,86034246,style,BringS,"시원하고 편한데, 색감 이쁜 여름 바지 저렴하게 구매했습니다!",5.0,False,BEIGE · L,180.0,80.0,남성,2026-07-04 12:21:11,사이즈: 조금 큼 / 화면 대비 색감: 어두움 / 퀄리티: 보통 / 신축성: 강함,True,0,filluminate,하의,L,BEIGE,2026,7,4,토,5,응답,조금 큼,어두움,보통,,,강함,,,3.0,,4.0,,,1.0,1.0,-1.0,1.0,,,"시원하고 편한데, 색감 이쁜 여름 바지 저렴하게 구매했습니다!",시원하고편한데색감이쁜여름바지저렴하게구매했습니다,0,0,1,0,0,False,34,25,34,True
4969807,86034240,general,BringS,"시원하고 편한데, 색감 이쁜 여름 바지 저렴하게 구매했습니다!",5.0,False,BEIGE · L,180.0,80.0,남성,2026-07-04 12:20:42,사이즈: 조금 큼 / 화면 대비 색감: 어두움 / 퀄리티: 보통 / 신축성: 강함,True,0,filluminate,하의,L,BEIGE,2026,7,4,토,5,응답,조금 큼,어두움,보통,,,강함,,,3.0,,4.0,,,1.0,1.0,-1.0,1.0,,,"시원하고 편한데, 색감 이쁜 여름 바지 저렴하게 구매했습니다!",시원하고편한데색감이쁜여름바지저렴하게구매했습니다,0,0,1,0,0,False,34,25,34,True
4969807,86031184,style,뛰어난강남팬츠,적당한 핏에 디자인도 깔끔해서 데일리로 자주 입기 좋을 것 같아요.,5.0,False,BEIGE · M,175.0,54.0,남성,2026-07-04 09:15:58,사이즈: 정사이즈 / 화면 대비 색감: 화면과 비슷 / 퀄리티: 좋음 / 신축성: 적당함,True,0,filluminate,하의,M,BEIGE,2026,7,4,토,5,응답,정사이즈,화면과 비슷,좋음,,,적당함,,,4.0,,3.0,,,0.0,0.0,0.0,0.0,,,적당한 핏에 디자인도 깔끔해서 데일리로 자주 입기 좋을 것 같아요.,적당한핏에디자인도깔끔해서데일리로자주입기좋을것같아요,0,0,0,0,0,False,37,27,37,True
4969807,86031178,general,뛰어난강남팬츠,적당한 핏에 디자인도 깔끔해서 데일리로 자주 입기 좋을 것 같아요.,5.0,False,BEIGE · M,175.0,54.0,남성,2026-07-04 09:15:28,사이즈: 조금 큼 / 화면 대비 색감: 화면과 비슷 / 퀄리티: 좋음 / 신축성: 적당함,True,0,filluminate,하의,M,BEIGE,2026,7,4,토,5,응답,조금 큼,화면과 비슷,좋음,,,적당함,,,4.0,,3.0,,,1.0,1.0,0.0,0.0,,,적당한 핏에 디자인도 깔끔해서 데일리로 자주 입기 좋을 것 같아요.,적당한핏에디자인도깔끔해서데일리로자주입기좋을것같아요,0,0,0,0,0,False,37,27,37,True
4969807,86029633,general,iolliol,색상도 너무 마음에 들고 기장도 엄청 좋아서 입기 편했습니다,5.0,False,BEIGE · L,177.0,70.0,남성,2026-07-04 04:11:50,사이즈: 많이 큼 / 화면 대비 색감: 매우 어두움 / 퀄리티: 매우 좋음 / 신축성: 매우 강함,True,0,filluminate,하의,L,BEIGE,2026,7,4,토,5,응답,많이 큼,매우 어두움,매우 좋음,,,매우 강함,,,5.0,,5.0,,,2.0,2.0,-2.0,2.0,,,색상도 너무 마음에 들고 기장도 엄청 좋아서 입기 편했습니다,색상도너무마음에들고기장도엄청좋아서입기편했습니다,0,0,0,0,0,False,33,25,33,True
4969807,86029096,general,유혹적인초록셔츠,깔끔하게 여름에 입고 다니기 좋을거 같아요 감사합니다,5.0,False,INDIGO · L,177.0,68.0,남성,2026-07-04 02:28:55,사이즈: 정사이즈 / 화면 대비 색감: 화면과 비슷 / 퀄리티: 보통 / 신축성: 적당함,False,0,filluminate,하의,L,INDIGO,2026,7,4,토,5,응답,정사이즈,화면과 비슷,보통,,,적당함,,,3.0,,3.0,,,0.0,0.0,0.0,0.0,,,깔끔하게 여름에 입고 다니기 좋을거 같아요 감사합니다,깔끔하게여름에입고다니기좋을거같아요감사합니다,0,0,0,0,0,False,29,23,29,True
4969807,86029023,general,짱예뻐요,세일기간에 가성비 있게 잘 구매 했습니다 어디든 잘 어울리고 좋네요,5.0,False,BLACK · M,172.0,74.0,남성,2026-07-04 02:15:10,사이즈: 정사이즈 / 화면 대비 색감: 화면과 비슷 / 퀄리티: 보통 / 신축성: 적당함,True,1,filluminate,하의,M,BLACK,2026,7,4,토,5,응답,정사이즈,화면과 비슷,보통,,,적당함,,,3.0,,3.0,,,0.0,0.0,0.0,0.0,,,세일기간에 가성비 있게 잘 구매 했습니다 어디든 잘 어울리고 좋네요,세일기간에가성비있게잘구매했습니다어디든잘어울리고좋네요,0,0,0,0,0,False,37,28,37,True
4969807,86029016,style,짱예뻐요,세일기간에 가성비 있게 잘 구매 했습니다 어디든 잘 어울리고 좋네요,5.0,False,BLACK · M,172.0,74.0,남성,2026-07-04 02:14:52,사이즈: 정사이즈 / 화면 대비 색감: 화면과 비슷 / 퀄리티: 보통 / 신축성: 적당함,True,1,filluminate,하의,M,BLACK,2026,7,4,토,5,응답,정사이즈,화면과 비슷,보통,,,적당함,,,3.0,,3.0,,,0.0,0.0,0.0,0.0,,,세일기간에 가성비 있게 잘 구매 했습니다 어디든 잘 어울리고 좋네요,세일기간에가성비있게잘구매했습니다어디든잘어울리고좋네요,0,0,0,0,0,False,37,28,37,True
4969807,86029002,general,대충아무거나걸쳥,원단 색감이 좋았고 구김도 없어서 많이 입고 다닐 것 같아요.,5.0,False,INDIGO · L,176.0,63.0,남성,2026-07-04 02:13:40,사이즈: 정사이즈 / 화면 대비 색감: 어두움 / 퀄리티: 보통 / 신축성: 적당함,False,0,filluminate,하의,L,INDIGO,2026,7,4,토,5,응답,정사이즈,어두움,보통,,,적당함,,,3.0,,3.0,,,0.0,0.0,-1.0,1.0,,,원단 색감이 좋았고 구김도 없어서 많이 입고 다닐 것 같아요.,원단색감이좋았고구김도없어서많이입고다닐것같아요,0,0,0,0,0,False,34,24,34,True
4969807,86028923,general,기야운낭나뤼,"매우 시원하고 좋네요. 여름에 입기 딱입니다. 어찌나 인기가 많은지 배송이 오래 걸리긴 했지만, 올여름 잘 입을 거 같아용 ㅎㅎ",5.0,False,BEIGE · L,170.0,85.0,남성,2026-07-04 02:05:17,사이즈: 조금 큼 / 화면 대비 색감: 화면과 비슷 / 퀄리티: 보통 / 신축성: 매우 강함,False,0,filluminate,하의,L,BEIGE,2026,7,4,토,5,응답,조금 큼,화면과 비슷,보통,,,매우 강함,,,3.0,,5.0,,,1.0,1.0,0.0,0.0,,,"매우 시원하고 좋네요. 여름에 입기 딱입니다. 어찌나 인기가 많은지 배송이 오래 걸리긴 했지만, 올여름 잘 입을 거 같아용 ㅎㅎ",매우시원하고좋네요여름에입기딱입니다어찌나인기가많은지배송이오래걸리긴했지만올여름잘입을거같아용,2,0,0,0,0,False,71,48,71,True
4969807,86023757,style,정확한홍콩힐,색깔이랑 재질은 마음에 드는데 길이가 약간 길어요.,5.0,False,INDIGO · M,165.0,55.0,남성,2026-07-03 21:40:30,사이즈: 조금 큼 / 화면 대비 색감: 화면과 비슷 / 퀄리티: 보통 / 신축성: 적당함,True,0,filluminate,하의,M,INDIGO,2026,7,3,금,5,응답,조금 큼,화면과 비슷,보통,,,적당함,,,3.0,,3.0,,,1.0,1.0,0.0,0.0,,,색깔이랑 재질은 마음에 드는데 길이가 약간 길어요.,색깔이랑재질은마음에드는데길이가약간길어요,0,0,0,0,0,False,28,21,28,True
4969807,86023668,general,정확한홍콩힐,색감이나 재질은 좋은데 길이가 조금 길어서 수선해야 할것 같네요.,5.0,False,INDIGO · M,165.0,55.0,남성,2026-07-03 21:36:29,사이즈: 조금 큼 / 화면 대비 색감: 화면과 비슷 / 퀄리티: 보통 / 신축성: 적당함,True,0,filluminate,하의,M,INDIGO,2026,7,3,금,5,응답,조금 큼,화면과 비슷,보통,,,적당함,,,3.0,,3.0,,,1.0,1.0,0.0,0.0,,,색감이나 재질은 좋은데 길이가 조금 길어서 수선해야 할것 같네요.,색감이나재질은좋은데길이가조금길어서수선해야할것같네요,0,0,0,0,0,False,36,27,36,True
4969807,86017375,general,loopnigga,옷 재질도 좋고 편합니다 잘 입겠급니다 감사핮니다,5.0,False,BEIGE · M,174.0,67.0,남성,2026-07-03 17:18:09,사이즈: 정사이즈 / 화면 대비 색감: 화면과 비슷 / 퀄리티: 보통 / 신축성: 적당함,False,0,filluminate,하의,M,BEIGE,2026,7,3,금,5,응답,정사이즈,화면과 비슷,보통,,,적당함,,,3.0,,3.0,,,0.0,0.0,0.0,0.0,,,옷 재질도 좋고 편합니다 잘 입겠급니다 감사핮니다,옷재질도좋고편합니다잘입겠급니다감사핮니다,0,0,0,0,0,False,27,21,27,True
4969807,86015589,general,__soo__,원단도 시원해서 여름에 입기 좋아요 사이즈도 좋습니다,5.0,False,BEIGE · L,178.0,72.0,남성,2026-07-03 16:10:05,사이즈: 정사이즈 / 화면 대비 색감: 어두움 / 퀄리티: 좋음 / 신축성: 강함,False,0,filluminate,하의,L,BEIGE,2026,7,3,금,5,응답,정사이즈,어두움,좋음,,,강함,,,4.0,,4.0,,,0.0,0.0,-1.0,1.0,,,원단도 시원해서 여름에 입기 좋아요 사이즈도 좋습니다,원단도시원해서여름에입기좋아요사이즈도좋습니다,0,0,0,0,0,False,29,23,29,True
4969807,86015581,general,__soo__,원단도 시원해서 여름에 입기 좋아요 사이즈도 좋습니다,5.0,False,INDIGO · L,178.0,72.0,남성,2026-07-03 16:09:42,사이즈: 조금 큼 / 화면 대비 색감: 매우 밝음 / 퀄리티: 매우 좋음 / 신축성: 매우 강함,False,0,filluminate,하의,L,INDIGO,2026,7,3,금,5,응답,조금 큼,매우 밝음,매우 좋음,,,매우 강함,,,5.0,,5.0,,,1.0,1.0,2.0,2.0,,,원단도 시원해서 여름에 입기 좋아요 사이즈도 좋습니다,원단도시원해서여름에입기좋아요사이즈도좋습니다,0,0,0,0,0,False,29,23,29,True
4969807,86013056,general,심플한인디고무드,색상도 이쁘고 사이즈도 잘 맞습니다.   핏도 좋고 앞으로 많이 이용할께요.,3.0,False,BEIGE · M,170.0,67.0,남성,2026-07-03 14:31:43,사이즈: 정사이즈 / 화면 대비 색감: 화면과 비슷 / 퀄리티: 보통 / 신축성: 적당함,False,0,filluminate,하의,M,BEIGE,2026,7,3,금,3,응답,정사이즈,화면과 비슷,보통,,,적당함,,,3.0,,3.0,,,0.0,0.0,0.0,0.0,,,색상도 이쁘고 사이즈도 잘 맞습니다. 핏도 좋고 앞으로 많이 이용할께요.,색상도이쁘고사이즈도잘맞습니다핏도좋고앞으로많이이용할께요,0,0,0,0,0,True,42,29,40,True
4969807,86012745,style,혁뜨으,색감 이쁘고 어디서든 잘 어울리는 바지 같아요 이쁘여,5.0,False,BEIGE · L,180.0,82.0,남성,2026-07-03 14:19:25,사이즈: 정사이즈 / 화면 대비 색감: 화면과 비슷 / 퀄리티: 보통 / 신축성: 적당함,True,0,filluminate,하의,L,BEIGE,2026,7,3,금,5,응답,정사이즈,화면과 비슷,보통,,,적당함,,,3.0,,3.0,,,0.0,0.0,0.0,0.0,,,색감 이쁘고 어디서든 잘 어울리는 바지 같아요 이쁘여,색감이쁘고어디서든잘어울리는바지같아요이쁘여,0,0,0,0,0,False,29,22,29,True
4969807,86012728,general,혁뜨으,색감 이쁘고 어디서든 잘 어울리는 바지 같아요 이쁘여,5.0,False,BEIGE · L,180.0,82.0,남성,2026-07-03 14:18:56,사이즈: 정사이즈 / 화면 대비 색감: 화면과 비슷 / 퀄리티: 보통 / 신축성: 적당함,True,0,filluminate,하의,L,BEIGE,2026,7,3,금,5,응답,정사이즈,화면과 비슷,보통,,,적당함,,,3.0,,3.0,,,0.0,0.0,0.0,0.0,,,색감 이쁘고 어디서든 잘 어울리는 바지 같아요 이쁘여,색감이쁘고어디서든잘어울리는바지같아요이쁘여,0,0,0,0,0,False,29,22,29,True
4969807,86012539,general,ben914,린넨이라 재질감 시원하고 좋아요. 여름에 입기 너무 좋고 화이트라 깔끔합니다.,5.0,False,BEIGE · XL,183.0,82.0,남성,2026-07-03 14:10:59,사이즈: 정사이즈 / 화면 대비 색감: 화면과 비슷 / 퀄리티: 보통 / 신축성: 적당함,True,0,filluminate,하의,XL,BEIGE,2026,7,3,금,5,응답,정사이즈,화면과 비슷,보통,,,적당함,,,3.0,,3.0,,,0.0,0.0,0.0,0.0,,,린넨이라 재질감 시원하고 좋아요. 여름에 입기 너무 좋고 화이트라 깔끔합니다.,린넨이라재질감시원하고좋아요여름에입기너무좋고화이트라깔끔합니다,0,0,0,0,0,False,43,32,43,True
4969807,86010415,style,.ㅇ..ㅇ.,린넨이라서 시원하고 핏도 이뻐요! 자주 입을것 같아요!,5.0,False,BEIGE · XL,175.0,100.0,남성,2026-07-03 12:17:36,사이즈: 조금 큼 / 화면 대비 색감: 화면과 비슷 / 퀄리티: 좋음 / 신축성: 강함,True,0,filluminate,하의,XL,BEIGE,2026,7,3,금,5,응답,조금 큼,화면과 비슷,좋음,,,강함,,,4.0,,4.0,,,1.0,1.0,0.0,0.0,,,린넨이라서 시원하고 핏도 이뻐요! 자주 입을것 같아요!,린넨이라서시원하고핏도이뻐요자주입을것같아요,0,0,2,0,0,False,30,22,30,True
4969807,86010402,general,.ㅇ..ㅇ.,린넨이라서 시원하고 핏도 이뻐요! 자주 입을것 같아요!,5.0,False,BEIGE · XL,175.0,100.0,남성,2026-07-03 12:17:10,사이즈: 정사이즈 / 화면 대비 색감: 화면과 비슷 / 퀄리티: 좋음 / 신축성: 적당함,True,0,filluminate,하의,XL,BEIGE,2026,7,3,금,5,응답,정사이즈,화면과 비슷,좋음,,,적당함,,,4.0,,3.0,,,0.0,0.0,0.0,0.0,,,린넨이라서 시원하고 핏도 이뻐요! 자주 입을것 같아요!,린넨이라서시원하고핏도이뻐요자주입을것같아요,0,0,2,0,0,False,30,22,30,True
4969807,86003203,general,넌늘그,재입고가 시간이 조금 걸렸지만 이쁘고 가성비 최고입니다.,5.0,False,INDIGO · M,170.0,74.0,남성,2026-07-03 01:05:03,사이즈: 정사이즈 / 화면 대비 색감: 화면과 비슷 / 퀄리티: 보통 / 신축성: 적당함,False,0,filluminate,하의,M,INDIGO,2026,7,3,금,5,응답,정사이즈,화면과 비슷,보통,,,적당함,,,3.0,,3.0,,,0.0,0.0,0.0,0.0,,,재입고가 시간이 조금 걸렸지만 이쁘고 가성비 최고입니다.,재입고가시간이조금걸렸지만이쁘고가성비최고입니다,0,0,0,0,0,False,31,24,31,True
4969807,85999310,style,서리원!,여름바지인줄 알았으나 생각보다 좀 두꺼워요.. 4계절용??,3.0,False,BEIGE · M,167.0,65.0,남성,2026-07-02 22:32:23,사이즈: 정사이즈 / 화면 대비 색감: 화면과 비슷 / 퀄리티: 보통 / 신축성: 적당함,True,0,filluminate,하의,M,BEIGE,2026,7,2,목,3,응답,정사이즈,화면과 비슷,보통,,,적당함,,,3.0,,3.0,,,0.0,0.0,0.0,0.0,,,여름바지인줄 알았으나 생각보다 좀 두꺼워요.. 4계절용??,여름바지인줄알았으나생각보다좀두꺼워요4계절용,0,0,0,2,0,False,32,22,32,True
4969807,85997540,general,갬성똥,얇아서 좋은데 아무래도 신축성은 조금 떨어져요 그래도 핏도이쁘고 길이도 딱이어서좋네요,5.0,False,BLACK · XL,169.0,80.0,여성,2026-07-02 21:39:44,사이즈: 정사이즈 / 화면 대비 색감: 화면과 비슷 / 퀄리티: 좋음 / 신축성: 거의 없음,False,0,filluminate,하의,XL,BLACK,2026,7,2,목,5,응답,정사이즈,화면과 비슷,좋음,,,거의 없음,,,4.0,,2.0,,,0.0,0.0,0.0,0.0,,,얇아서 좋은데 아무래도 신축성은 조금 떨어져요 그래도 핏도이쁘고 길이도 딱이어서좋네요,얇아서좋은데아무래도신축성은조금떨어져요그래도핏도이쁘고길이도딱이어서좋네요,0,0,0,0,0,False,47,38,47,True
4969807,85997192,style,프롬미72,생각보다 허리가 조이는 느낌에 길이도 아주 길지 않아서 비슷함 체형이 다리가 긴편이라면 L가도 좋을 것 같아요. 밝은 아이보리 생각했는데 좀 더 노란기 많은 베이지입니다. 그래도 전체적인 핏이 좋네요.,4.0,False,BEIGE · M,175.0,65.0,남성,2026-07-02 21:27:11,사이즈: 조금 큼 / 화면 대비 색감: 어두움 / 퀄리티: 좋음 / 신축성: 전혀 없음,True,0,filluminate,하의,M,BEIGE,2026,7,2,목,4,응답,조금 큼,어두움,좋음,,,전혀 없음,,,4.0,,1.0,,,1.0,1.0,-1.0,1.0,,,생각보다 허리가 조이는 느낌에 길이도 아주 길지 않아서 비슷함 체형이 다리가 긴편이라면 L가도 좋을 것 같아요. 밝은 아이보리 생각했는데 좀 더 노란기 많은 베이지입니다. 그래도 전체적인 핏이 좋네요.,생각보다허리가조이는느낌에길이도아주길지않아서비슷함체형이다리가긴편이라면l가도좋을것같아요밝은아이보리생각했는데좀더노란기많은베이지입니다그래도전체적인핏이좋네요,0,0,0,0,0,False,112,81,112,True
4969807,85997113,general,프롬미72,까슬한 린넨바지입니다. 색상은 크림색이며 아이보리 느낌입니다. 천이 탄탄해서 핏이 잘 살아날 것 같습키다.,4.0,False,BEIGE · M,175.0,65.0,남성,2026-07-02 21:24:46,사이즈: 조금 큼 / 화면 대비 색감: 어두움 / 퀄리티: 좋음 / 신축성: 전혀 없음,True,0,filluminate,하의,M,BEIGE,2026,7,2,목,4,응답,조금 큼,어두움,좋음,,,전혀 없음,,,4.0,,1.0,,,1.0,1.0,-1.0,1.0,,,까슬한 린넨바지입니다. 색상은 크림색이며 아이보리 느낌입니다. 천이 탄탄해서 핏이 잘 살아날 것 같습키다.,까슬한린넨바지입니다색상은크림색이며아이보리느낌입니다천이탄탄해서핏이잘살아날것같습키다,0,0,0,0,0,False,59,44,59,True
4969807,85995850,general,빨강하늘,생각보다 편하고 옷이 이쁘네요 밑단이 좀 큰거 같기도 하지만 거슬릴 정도는 아니고 편하게 입으려고 구매했는데 잘 구매한거 같습니다.,5.0,False,BEIGE · L,175.0,100.0,남성,2026-07-02 20:38:29,사이즈: 정사이즈 / 화면 대비 색감: 화면과 비슷 / 퀄리티: 좋음 / 신축성: 적당함,True,0,filluminate,하의,L,BEIGE,2026,7,2,목,5,응답,정사이즈,화면과 비슷,좋음,,,적당함,,,4.0,,3.0,,,0.0,0.0,0.0,0.0,,,생각보다 편하고 옷이 이쁘네요 밑단이 좀 큰거 같기도 하지만 거슬릴 정도는 아니고 편하게 입으려고 구매했는데 잘 구매한거 같습니다.,생각보다편하고옷이이쁘네요밑단이좀큰거같기도하지만거슬릴정도는아니고편하게입으려고구매했는데잘구매한거같습니다,0,0,0,0,0,False,73,55,73,True
4969807,85993421,general,꾸꾸까까뀨꺄,어느 코디에나 잘 어울리는 기본 바지네요. 퀄리티도 좋고 예쁩니다,5.0,False,INDIGO · M,175.0,68.0,남성,2026-07-02 19:01:53,사이즈: 정사이즈 / 화면 대비 색감: 화면과 비슷 / 퀄리티: 보통 / 신축성: 적당함,True,0,filluminate,하의,M,INDIGO,2026,7,2,목,5,응답,정사이즈,화면과 비슷,보통,,,적당함,,,3.0,,3.0,,,0.0,0.0,0.0,0.0,,,어느 코디에나 잘 어울리는 기본 바지네요. 퀄리티도 좋고 예쁩니다,어느코디에나잘어울리는기본바지네요퀄리티도좋고예쁩니다,0,0,0,0,0,False,36,27,36,True
4969807,85993336,general,재미용,색감이 이쁘고 편하네요 즐겨 입고 다닐 것 같아요,5.0,False,BEIGE · M,170.0,75.0,남성,2026-07-02 18:57:29,사이즈: 정사이즈 / 화면 대비 색감: 화면과 비슷 / 퀄리티: 보통 / 신축성: 적당함,False,0,filluminate,하의,M,BEIGE,2026,7,2,목,5,응답,정사이즈,화면과 비슷,보통,,,적당함,,,3.0,,3.0,,,0.0,0.0,0.0,0.0,,,색감이 이쁘고 편하네요 즐겨 입고 다닐 것 같아요,색감이이쁘고편하네요즐겨입고다닐것같아요,0,0,0,0,0,False,27,20,27,True
4969807,85992950,general,릴라아저씨,예정배송보다 빨리 받긴했지만 빠른만큼 마감이 살짝 아쉬운부분이 있으나 가격생각하면 좋습니다,5.0,False,BEIGE · XL,177.0,90.0,남성,2026-07-02 18:44:55,사이즈: 정사이즈 / 화면 대비 색감: 화면과 비슷 / 퀄리티: 나쁨 / 신축성: 적당함,True,0,filluminate,하의,XL,BEIGE,2026,7,2,목,5,응답,정사이즈,화면과 비슷,나쁨,,,적당함,,,2.0,,3.0,,,0.0,0.0,0.0,0.0,,,예정배송보다 빨리 받긴했지만 빠른만큼 마감이 살짝 아쉬운부분이 있으나 가격생각하면 좋습니다,예정배송보다빨리받긴했지만빠른만큼마감이살짝아쉬운부분이있으나가격생각하면좋습니다,0,0,0,0,0,False,50,41,50,True
4969807,85990141,general,냉담한피치색뷰티,허벅지가 조금 작긴한데 바지는 예쁘네요~ 사이즈 맞게 잘 구매하세요,5.0,False,BLACK · L,178.0,83.0,남성,2026-07-02 17:01:41,사이즈: 조금 작음 / 화면 대비 색감: 화면과 비슷 / 퀄리티: 보통 / 신축성: 적당함,False,0,filluminate,하의,L,BLACK,2026,7,2,목,5,응답,조금 작음,화면과 비슷,보통,,,적당함,,,3.0,,3.0,,,-1.0,1.0,0.0,0.0,,,허벅지가 조금 작긴한데 바지는 예쁘네요~ 사이즈 맞게 잘 구매하세요,허벅지가조금작긴한데바지는예쁘네요사이즈맞게잘구매하세요,0,0,0,0,0,False,37,28,37,True
4969807,85984999,general,Flaze,옷 색감도 괜찮고 전반적으로 가격대비 나쁘지 않은거 같아요,5.0,False,BEIGE · M,172.0,68.0,남성,2026-07-02 13:28:58,사이즈: 정사이즈 / 화면 대비 색감: 화면과 비슷 / 퀄리티: 보통 / 신축성: 적당함,True,0,filluminate,하의,M,BEIGE,2026,7,2,목,5,응답,정사이즈,화면과 비슷,보통,,,적당함,,,3.0,,3.0,,,0.0,0.0,0.0,0.0,,,옷 색감도 괜찮고 전반적으로 가격대비 나쁘지 않은거 같아요,옷색감도괜찮고전반적으로가격대비나쁘지않은거같아요,0,0,0,0,0,False,32,25,32,True
4969807,85982296,general,MSG97,사진보단 색감이나 질감이 좀 더 누렇고 마? 같은 느낌이 있습니다 팬티가 비치진 않아서 좋습니다,4.0,False,BEIGE · M,170.0,65.0,missing,2026-07-02 11:25:53,사이즈: 정사이즈 / 화면 대비 색감: 어두움 / 퀄리티: 보통 / 신축성: 적당함,True,0,filluminate,하의,M,BEIGE,2026,7,2,목,4,응답,정사이즈,어두움,보통,,,적당함,,,3.0,,3.0,,,0.0,0.0,-1.0,1.0,,,사진보단 색감이나 질감이 좀 더 누렇고 마? 같은 느낌이 있습니다 팬티가 비치진 않아서 좋습니다,사진보단색감이나질감이좀더누렇고마같은느낌이있습니다팬티가비치진않아서좋습니다,0,0,0,1,0,False,53,39,53,True
4969807,85980637,general,최개비,허리가 얇은데도 살짝 좀 타이트해요 허리 좀 잇으신분들은 라지가세요. 찡기는 느낌 좋아하는거 아니라면 그 외에는 마음에 듭니다.,4.0,False,BROWN · M,175.0,64.0,남성,2026-07-02 10:06:56,사이즈: 조금 작음 / 화면 대비 색감: 화면과 비슷 / 퀄리티: 보통 / 신축성: 적당함,False,0,filluminate,하의,M,BROWN,2026,7,2,목,4,응답,조금 작음,화면과 비슷,보통,,,적당함,,,3.0,,3.0,,,-1.0,1.0,0.0,0.0,,,허리가 얇은데도 살짝 좀 타이트해요 허리 좀 잇으신분들은 라지가세요. 찡기는 느낌 좋아하는거 아니라면 그 외에는 마음에 듭니다.,허리가얇은데도살짝좀타이트해요허리좀잇으신분들은라지가세요찡기는느낌좋아하는거아니라면그외에는마음에듭니다,0,0,0,0,0,False,71,53,71,True
4969807,85972473,general,솜씨좋은카키가방,몸에잘맞고 좋습니다 사진대비 더 맘에들어요 다른색상의옷도구매예정입니다,5.0,False,BLACK · XL,178.0,85.0,남성,2026-07-01 22:47:14,사이즈: 정사이즈 / 화면 대비 색감: 어두움 / 퀄리티: 보통 / 신축성: 적당함,False,0,filluminate,하의,XL,BLACK,2026,7,1,수,5,응답,정사이즈,어두움,보통,,,적당함,,,3.0,,3.0,,,0.0,0.0,-1.0,1.0,,,몸에잘맞고 좋습니다 사진대비 더 맘에들어요 다른색상의옷도구매예정입니다,몸에잘맞고좋습니다사진대비더맘에들어요다른색상의옷도구매예정입니다,0,0,0,0,0,False,38,33,38,True
4969807,84491388,style,candoit7,"생각보다 엄청 얇지는 않지만, 오래 앉아있어도 땀이 차지 않아요. 까슬거리는 느낌도 약해서 괜찮아요. 다른 색상도 구매하고자 합니다9",5.0,False,BEIGE · XL,183.0,77.0,남성,2026-07-01 19:42:21,사이즈: 조금 큼 / 화면 대비 색감: 화면과 비슷 / 퀄리티: 보통 / 신축성: 적당함,True,0,filluminate,하의,XL,BEIGE,2026,7,1,수,5,응답,조금 큼,화면과 비슷,보통,,,적당함,,,3.0,,3.0,,,1.0,1.0,0.0,0.0,,,"생각보다 엄청 얇지는 않지만, 오래 앉아있어도 땀이 차지 않아요. 까슬거리는 느낌도 약해서 괜찮아요. 다른 색상도 구매하고자 합니다9",생각보다엄청얇지는않지만오래앉아있어도땀이차지않아요까슬거리는느낌도약해서괜찮아요다른색상도구매하고자합니다9,0,0,0,0,0,False,74,54,74,True
4969807,85963713,general,불금엔헬싱키니트,일단 여름에도 입기 괜찮은 원단이라 막 입기 좋습니다. 길이는 살짝 긴편인데 허리 고무줄은 좀 작은편입니다.,5.0,False,INDIGO · M,178.0,67.0,남성,2026-07-01 17:56:16,사이즈: 조금 큼 / 화면 대비 색감: 화면과 비슷 / 퀄리티: 보통 / 신축성: 적당함,True,0,filluminate,하의,M,INDIGO,2026,7,1,수,5,응답,조금 큼,화면과 비슷,보통,,,적당함,,,3.0,,3.0,,,1.0,1.0,0.0,0.0,,,일단 여름에도 입기 괜찮은 원단이라 막 입기 좋습니다. 길이는 살짝 긴편인데 허리 고무줄은 좀 작은편입니다.,일단여름에도입기괜찮은원단이라막입기좋습니다길이는살짝긴편인데허리고무줄은좀작은편입니다,0,0,0,0,0,False,60,44,60,True
4969807,85962279,general,돼쟈그만먹어,통이 생각한거보다 더 크네요. 세미와이드정도 생각했는데 와이드 느낌. 그래도 좋네요,5.0,False,INDIGO · M,169.0,70.0,남성,2026-07-01 17:06:16,사이즈: 정사이즈 / 화면 대비 색감: 어두움 / 퀄리티: 매우 좋음 / 신축성: 적당함,True,0,filluminate,하의,M,INDIGO,2026,7,1,수,5,응답,정사이즈,어두움,매우 좋음,,,적당함,,,5.0,,3.0,,,0.0,0.0,-1.0,1.0,,,통이 생각한거보다 더 크네요. 세미와이드정도 생각했는데 와이드 느낌. 그래도 좋네요,통이생각한거보다더크네요세미와이드정도생각했는데와이드느낌그래도좋네요,0,0,0,0,0,False,46,35,46,True
4969807,85951899,general,화창한니스쇼핑몰,마음에 듭니다. 딱 원하는 거에요. 다른색도 구매합니다,5.0,False,BROWN · M,167.0,56.0,남성,2026-07-01 10:32:58,사이즈: 정사이즈 / 화면 대비 색감: 화면과 비슷 / 퀄리티: 보통 / 신축성: 적당함,False,0,filluminate,하의,M,BROWN,2026,7,1,수,5,응답,정사이즈,화면과 비슷,보통,,,적당함,,,3.0,,3.0,,,0.0,0.0,0.0,0.0,,,마음에 듭니다. 딱 원하는 거에요. 다른색도 구매합니다,마음에듭니다딱원하는거에요다른색도구매합니다,0,0,0,0,0,False,30,22,30,True
4969807,85951330,general,희스우,린넨바지중에 사람들이 많이구매하길래 마침 필요해서 사서 입어봤는데 편하고 좋았어요,5.0,False,BEIGE · M,171.0,74.0,남성,2026-07-01 10:14:29,사이즈: 정사이즈 / 화면 대비 색감: 화면과 비슷 / 퀄리티: 보통 / 신축성: 적당함,False,0,filluminate,하의,M,BEIGE,2026,7,1,수,5,응답,정사이즈,화면과 비슷,보통,,,적당함,,,3.0,,3.0,,,0.0,0.0,0.0,0.0,,,린넨바지중에 사람들이 많이구매하길래 마침 필요해서 사서 입어봤는데 편하고 좋았어요,린넨바지중에사람들이많이구매하길래마침필요해서사서입어봤는데편하고좋았어요,0,0,0,0,0,False,45,37,45,True
4969807,85950231,style,바람직한청색반지,바지 편하고 색감 예뻐서 좋아요 여름바지답게 시원해서 잘 입고 있습니다,5.0,False,BEIGE · XL,184.0,83.0,남성,2026-07-01 09:37:35,사이즈: 정사이즈 / 화면 대비 색감: 화면과 비슷 / 퀄리티: 보통 / 신축성: 거의 없음,True,0,filluminate,하의,XL,BEIGE,2026,7,1,수,5,응답,정사이즈,화면과 비슷,보통,,,거의 없음,,,3.0,,2.0,,,0.0,0.0,0.0,0.0,,,바지 편하고 색감 예뻐서 좋아요 여름바지답게 시원해서 잘 입고 있습니다,바지편하고색감예뻐서좋아요여름바지답게시원해서잘입고있습니다,0,0,0,0,0,False,39,30,39,True
4969807,85950209,general,바람직한청색반지,길이 조금 짧은감 있는거 말곤 사이즈 괜찮아요 색도 예쁘고 편해서 자주 입습니다ㅎ,5.0,False,BEIGE · XL,184.0,83.0,남성,2026-07-01 09:36:27,사이즈: 정사이즈 / 화면 대비 색감: 화면과 비슷 / 퀄리티: 보통 / 신축성: 거의 없음,True,0,filluminate,하의,XL,BEIGE,2026,7,1,수,5,응답,정사이즈,화면과 비슷,보통,,,거의 없음,,,3.0,,2.0,,,0.0,0.0,0.0,0.0,,,길이 조금 짧은감 있는거 말곤 사이즈 괜찮아요 색도 예쁘고 편해서 자주 입습니다ㅎ,길이조금짧은감있는거말곤사이즈괜찮아요색도예쁘고편해서자주입습니다,1,0,0,0,0,False,45,33,45,True
4969807,85949312,style,내꼬냥냥,핏이 너무 좋습니다 색감도 좋구요  재구매의사있습니다,5.0,False,INDIGO · XL,175.0,80.0,남성,2026-07-01 08:49:22,사이즈: 정사이즈 / 화면 대비 색감: 화면과 비슷 / 퀄리티: 보통 / 신축성: 적당함,True,0,filluminate,하의,XL,INDIGO,2026,7,1,수,5,응답,정사이즈,화면과 비슷,보통,,,적당함,,,3.0,,3.0,,,0.0,0.0,0.0,0.0,,,핏이 너무 좋습니다 색감도 좋구요 재구매의사있습니다,핏이너무좋습니다색감도좋구요재구매의사있습니다,0,0,0,0,0,False,29,23,28,True
4969807,85947888,general,OhJUS,디자인도 이쁘고 편하고 좋습니다 번창하세요 굿!,5.0,False,BLACK · XL,178.0,80.0,남성,2026-07-01 06:38:07,사이즈: 정사이즈 / 화면 대비 색감: 화면과 비슷 / 퀄리티: 보통 / 신축성: 적당함,False,0,filluminate,하의,XL,BLACK,2026,7,1,수,5,응답,정사이즈,화면과 비슷,보통,,,적당함,,,3.0,,3.0,,,0.0,0.0,0.0,0.0,,,디자인도 이쁘고 편하고 좋습니다 번창하세요 굿!,디자인도이쁘고편하고좋습니다번창하세요굿,0,0,1,0,0,False,26,20,26,True
4969807,85947887,general,OhJUS,디자인도 이쁘고 편하고 좋습니다 번창하세요 굿!,5.0,False,INDIGO · XL,178.0,80.0,남성,2026-07-01 06:37:48,사이즈: 정사이즈 / 화면 대비 색감: 화면과 비슷 / 퀄리티: 보통 / 신축성: 적당함,False,0,filluminate,하의,XL,INDIGO,2026,7,1,수,5,응답,정사이즈,화면과 비슷,보통,,,적당함,,,3.0,,3.0,,,0.0,0.0,0.0,0.0,,,디자인도 이쁘고 편하고 좋습니다 번창하세요 굿!,디자인도이쁘고편하고좋습니다번창하세요굿,0,0,1,0,0,False,26,20,26,True
4969807,85945364,general,현란한세종무스탕,재질이 불편하지 않아 좋아요 !!! 편하게 여기저기 휘뚜루마뚜루 입고 다닐 수 있습니당,5.0,False,BLACK · L,178.0,75.0,남성,2026-07-01 00:44:22,사이즈: 정사이즈 / 화면 대비 색감: 화면과 비슷 / 퀄리티: 좋음 / 신축성: 강함,True,0,filluminate,하의,L,BLACK,2026,7,1,수,5,응답,정사이즈,화면과 비슷,좋음,,,강함,,,4.0,,4.0,,,0.0,0.0,0.0,0.0,,,재질이 불편하지 않아 좋아요 !!! 편하게 여기저기 휘뚜루마뚜루 입고 다닐 수 있습니당,재질이불편하지않아좋아요편하게여기저기휘뚜루마뚜루입고다닐수있습니당,0,0,3,0,0,True,48,34,48,True
4969807,85944505,general,엔믹스화이팅,여름에 입을 긴바지가 없어서 한번 사봤습니다. 엄청 얇진않고 한여름엔 못입을거같아용,5.0,False,BLACK · M,170.0,50.0,남성,2026-07-01 00:10:45,사이즈: 정사이즈 / 화면 대비 색감: 화면과 비슷 / 퀄리티: 보통 / 신축성: 적당함,True,0,filluminate,하의,M,BLACK,2026,7,1,수,5,응답,정사이즈,화면과 비슷,보통,,,적당함,,,3.0,,3.0,,,0.0,0.0,0.0,0.0,,,여름에 입을 긴바지가 없어서 한번 사봤습니다. 엄청 얇진않고 한여름엔 못입을거같아용,여름에입을긴바지가없어서한번사봤습니다엄청얇진않고한여름엔못입을거같아용,0,0,0,0,0,False,46,36,46,True
4969807,85941166,general,West-욱,미디움 인데도 기장이 살짝 길어요 ㅠㅠ 저처럼 다리 짧으신 분들 수선하셔야할듯,5.0,False,BEIGE · M,174.0,74.0,남성,2026-06-30 22:28:08,사이즈: 정사이즈 / 화면 대비 색감: 화면과 비슷 / 퀄리티: 보통 / 신축성: 적당함,False,0,filluminate,하의,M,BEIGE,2026,6,30,화,5,응답,정사이즈,화면과 비슷,보통,,,적당함,,,3.0,,3.0,,,0.0,0.0,0.0,0.0,,,미디움 인데도 기장이 살짝 길어요 ㅠㅠ 저처럼 다리 짧으신 분들 수선하셔야할듯,미디움인데도기장이살짝길어요저처럼다리짧으신분들수선하셔야할듯,0,2,0,0,0,False,43,31,43,True
4969807,85940847,general,¿!?,린넨이라길래 엄청 시원할 줄 알았지만 일반 면 스웻팬츠보다 조금 더 니은 느낌입니다. 또 힘이 없을 줄 알았지만 핏도 잘 잡아줘서 잘 입고다니고 있습니다.,4.0,False,BLACK · M,174.0,65.0,남성,2026-06-30 22:20:29,사이즈: 정사이즈 / 화면 대비 색감: 화면과 비슷 / 퀄리티: 보통 / 신축성: 적당함,False,0,filluminate,하의,M,BLACK,2026,6,30,화,4,응답,정사이즈,화면과 비슷,보통,,,적당함,,,3.0,,3.0,,,0.0,0.0,0.0,0.0,,,린넨이라길래 엄청 시원할 줄 알았지만 일반 면 스웻팬츠보다 조금 더 니은 느낌입니다. 또 힘이 없을 줄 알았지만 핏도 잘 잡아줘서 잘 입고다니고 있습니다.,린넨이라길래엄청시원할줄알았지만일반면스웻팬츠보다조금더니은느낌입니다또힘이없을줄알았지만핏도잘잡아줘서잘입고다니고있습니다,0,0,0,0,0,False,86,62,86,True
4969807,85934952,general,Swot46,시원하고 통이 넓어요 가성비 매우 좋은 아이템입니다,5.0,False,BEIGE · XL,181.0,85.0,남성,2026-06-30 19:32:48,사이즈: 정사이즈 / 화면 대비 색감: 어두움 / 퀄리티: 좋음 / 신축성: 적당함,False,0,filluminate,하의,XL,BEIGE,2026,6,30,화,5,응답,정사이즈,어두움,좋음,,,적당함,,,4.0,,3.0,,,0.0,0.0,-1.0,1.0,,,시원하고 통이 넓어요 가성비 매우 좋은 아이템입니다,시원하고통이넓어요가성비매우좋은아이템입니다,0,0,0,0,0,False,28,22,28,True
4969807,85934175,general,Casey,사이즈가 잘 맞고 캐주얼해서 스타일링 하기 좋습니다,5.0,False,INDIGO · L,178.0,80.0,남성,2026-06-30 19:09:40,사이즈: 정사이즈 / 화면 대비 색감: 화면과 비슷 / 퀄리티: 보통 / 신축성: 적당함,False,0,filluminate,하의,L,INDIGO,2026,6,30,화,5,응답,정사이즈,화면과 비슷,보통,,,적당함,,,3.0,,3.0,,,0.0,0.0,0.0,0.0,,,사이즈가 잘 맞고 캐주얼해서 스타일링 하기 좋습니다,사이즈가잘맞고캐주얼해서스타일링하기좋습니다,0,0,0,0,0,False,28,22,28,True
4969807,85932261,general,아릳,더울때 편하게 입기 좋고 핏도 좋아서 자주입을가 같네요,5.0,False,BLACK · L,175.0,73.0,남성,2026-06-30 18:10:03,사이즈: 조금 작음 / 화면 대비 색감: 밝음 / 퀄리티: 나쁨 / 신축성: 거의 없음,False,0,filluminate,하의,L,BLACK,2026,6,30,화,5,응답,조금 작음,밝음,나쁨,,,거의 없음,,,2.0,,2.0,,,-1.0,1.0,1.0,1.0,,,더울때 편하게 입기 좋고 핏도 좋아서 자주입을가 같네요,더울때편하게입기좋고핏도좋아서자주입을가같네요,0,0,0,0,0,False,30,23,30,True
4969807,85930622,general,1736281,바지 길이가 조금 길지만 신발 신으면 괜찮은거 같아요 좋아요,5.0,False,BLACK · L,177.0,76.0,남성,2026-06-30 17:15:52,사이즈: 정사이즈 / 화면 대비 색감: 화면과 비슷 / 퀄리티: 보통 / 신축성: 적당함,True,0,filluminate,하의,L,BLACK,2026,6,30,화,5,응답,정사이즈,화면과 비슷,보통,,,적당함,,,3.0,,3.0,,,0.0,0.0,0.0,0.0,,,바지 길이가 조금 길지만 신발 신으면 괜찮은거 같아요 좋아요,바지길이가조금길지만신발신으면괜찮은거같아요좋아요,0,0,0,0,0,False,33,25,33,True
4969807,85928158,style,훌륭한밀라노룩,여름느낌 낭낭하이 좋다. 덥지도 않고 색도 밝음. 계절을 온 몸으로 받는 느낌.,5.0,False,LIGHT BLUE · M,170.0,59.0,남성,2026-06-30 15:46:08,사이즈: 정사이즈 / 화면 대비 색감: 화면과 비슷 / 퀄리티: 보통 / 신축성: 적당함,True,0,filluminate,하의,M,LIGHT BLUE,2026,6,30,화,5,응답,정사이즈,화면과 비슷,보통,,,적당함,,,3.0,,3.0,,,0.0,0.0,0.0,0.0,,,여름느낌 낭낭하이 좋다. 덥지도 않고 색도 밝음. 계절을 온 몸으로 받는 느낌.,여름느낌낭낭하이좋다덥지도않고색도밝음계절을온몸으로받는느낌,0,0,0,0,0,False,44,30,44,True
4969807,85928152,general,훌륭한밀라노룩,여름느낌 낭낭하이 좋다. 덥지도 않고 색도 밝음. 계절을 온 몸으로 받는 느낌.,5.0,False,LIGHT BLUE · M,170.0,59.0,남성,2026-06-30 15:45:51,사이즈: 정사이즈 / 화면 대비 색감: 화면과 비슷 / 퀄리티: 보통 / 신축성: 적당함,True,0,filluminate,하의,M,LIGHT BLUE,2026,6,30,화,5,응답,정사이즈,화면과 비슷,보통,,,적당함,,,3.0,,3.0,,,0.0,0.0,0.0,0.0,,,여름느낌 낭낭하이 좋다. 덥지도 않고 색도 밝음. 계절을 온 몸으로 받는 느낌.,여름느낌낭낭하이좋다덥지도않고색도밝음계절을온몸으로받는느낌,0,0,0,0,0,False,44,30,44,True
4969807,85926355,general,황홀한초록베레모,남자친구 시원하게 입으라고 사줬는데 라지랑 고민했는데 잘샀어요 182라 젤 큰사이즈인데도 좀 더 길었으면 해서 그건 살짝 아쉬웠지만  그래도 이뻐요! 많이 구겨져서 스팀해서줬더니 쫙펴집니당  잘입고 다녀용!,5.0,False,INDIGO · XL,153.0,46.0,여성,2026-06-30 14:33:41,사이즈: 정사이즈 / 화면 대비 색감: 화면과 비슷 / 퀄리티: 좋음 / 신축성: 적당함,False,0,filluminate,하의,XL,INDIGO,2026,6,30,화,5,응답,정사이즈,화면과 비슷,좋음,,,적당함,,,4.0,,3.0,,,0.0,0.0,0.0,0.0,,,남자친구 시원하게 입으라고 사줬는데 라지랑 고민했는데 잘샀어요 182라 젤 큰사이즈인데도 좀 더 길었으면 해서 그건 살짝 아쉬웠지만 그래도 이뻐요! 많이 구겨져서 스팀해서줬더니 쫙펴집니당 잘입고 다녀용!,남자친구시원하게입으라고사줬는데라지랑고민했는데잘샀어요182라젤큰사이즈인데도좀더길었으면해서그건살짝아쉬웠지만그래도이뻐요많이구겨져서스팀해서줬더니쫙펴집니당잘입고다녀용,0,0,2,0,0,False,115,84,113,True
4969807,85921974,general,힘있는시카고크롭,얇아서 여름에 잊고다니기 좋습니다! 여러개 구매하려고 합니다,5.0,False,BLACK · L,173.0,75.0,남성,2026-06-30 11:14:56,사이즈: 정사이즈 / 화면 대비 색감: 화면과 비슷 / 퀄리티: 보통 / 신축성: 적당함,False,0,filluminate,하의,L,BLACK,2026,6,30,화,5,응답,정사이즈,화면과 비슷,보통,,,적당함,,,3.0,,3.0,,,0.0,0.0,0.0,0.0,,,얇아서 여름에 잊고다니기 좋습니다! 여러개 구매하려고 합니다,얇아서여름에잊고다니기좋습니다여러개구매하려고합니다,0,0,1,0,0,False,33,26,33,True
4969807,85921972,general,힘있는시카고크롭,얇아서 여름에 잊고다니기 좋습니다! 여러개 구매하려고 합니다,5.0,False,BEIGE · L,173.0,73.0,남성,2026-06-30 11:14:38,사이즈: 정사이즈 / 화면 대비 색감: 화면과 비슷 / 퀄리티: 좋음 / 신축성: 적당함,False,0,filluminate,하의,L,BEIGE,2026,6,30,화,5,응답,정사이즈,화면과 비슷,좋음,,,적당함,,,4.0,,3.0,,,0.0,0.0,0.0,0.0,,,얇아서 여름에 잊고다니기 좋습니다! 여러개 구매하려고 합니다,얇아서여름에잊고다니기좋습니다여러개구매하려고합니다,0,0,1,0,0,False,33,26,33,True
4969807,85920000,style,얌 뭐해,만족하며 잘 입고있습니다 다음에도 구매할 의향 있어요,5.0,False,BEIGE · M,173.0,62.0,남성,2026-06-30 09:30:10,사이즈: 정사이즈 / 화면 대비 색감: 화면과 비슷 / 퀄리티: 보통 / 신축성: 적당함,True,0,filluminate,하의,M,BEIGE,2026,6,30,화,5,응답,정사이즈,화면과 비슷,보통,,,적당함,,,3.0,,3.0,,,0.0,0.0,0.0,0.0,,,만족하며 잘 입고있습니다 다음에도 구매할 의향 있어요,만족하며잘입고있습니다다음에도구매할의향있어요,0,0,0,0,0,False,29,23,29,True
4969807,85919804,general,쾌활한페루옷장,휘뚜루 마뚜루 편하게 입고 다니기 좋고 중간 중간에 다른 색 실이 섞여있어요,4.0,False,BLACK · M,170.0,60.0,남성,2026-06-30 09:18:10,사이즈: 정사이즈 / 화면 대비 색감: 화면과 비슷 / 퀄리티: 보통 / 신축성: 적당함,False,0,filluminate,하의,M,BLACK,2026,6,30,화,4,응답,정사이즈,화면과 비슷,보통,,,적당함,,,3.0,,3.0,,,0.0,0.0,0.0,0.0,,,휘뚜루 마뚜루 편하게 입고 다니기 좋고 중간 중간에 다른 색 실이 섞여있어요,휘뚜루마뚜루편하게입고다니기좋고중간중간에다른색실이섞여있어요,0,0,0,0,0,False,42,31,42,True
4969807,85903767,general,검소한동묘탱크,무난하게 코디하기 좋은 긴바지이고 화면이랑 색이 유사합니다,4.0,False,BLACK · M,175.0,60.0,남성,2026-06-29 17:03:17,사이즈: 정사이즈 / 화면 대비 색감: 화면과 비슷 / 퀄리티: 보통 / 신축성: 거의 없음,True,0,filluminate,하의,M,BLACK,2026,6,29,월,4,응답,정사이즈,화면과 비슷,보통,,,거의 없음,,,3.0,,2.0,,,0.0,0.0,0.0,0.0,,,무난하게 코디하기 좋은 긴바지이고 화면이랑 색이 유사합니다,무난하게코디하기좋은긴바지이고화면이랑색이유사합니다,0,0,0,0,0,False,32,26,32,True
4969807,85903458,style,MT_,데일리용으로 샀는데 부담없이 편하게 입을 수 있을 거 같아서 만족합니다,5.0,False,INDIGO · M,161.0,56.0,남성,2026-06-29 16:52:10,사이즈: 정사이즈 / 화면 대비 색감: 화면과 비슷 / 퀄리티: 보통 / 신축성: 적당함,True,0,filluminate,하의,M,INDIGO,2026,6,29,월,5,응답,정사이즈,화면과 비슷,보통,,,적당함,,,3.0,,3.0,,,0.0,0.0,0.0,0.0,,,데일리용으로 샀는데 부담없이 편하게 입을 수 있을 거 같아서 만족합니다,데일리용으로샀는데부담없이편하게입을수있을거같아서만족합니다,0,0,0,0,0,False,39,30,39,True
4969807,85903426,general,MT_,얼핏보면 작업복 같기도한데 통도 넓고 편해서 자주 입을 거 같아요,5.0,False,INDIGO · M,161.0,56.0,남성,2026-06-29 16:51:16,사이즈: 정사이즈 / 화면 대비 색감: 화면과 비슷 / 퀄리티: 보통 / 신축성: 적당함,True,0,filluminate,하의,M,INDIGO,2026,6,29,월,5,응답,정사이즈,화면과 비슷,보통,,,적당함,,,3.0,,3.0,,,0.0,0.0,0.0,0.0,,,얼핏보면 작업복 같기도한데 통도 넓고 편해서 자주 입을 거 같아요,얼핏보면작업복같기도한데통도넓고편해서자주입을거같아요,0,0,0,0,0,False,36,27,36,True
4969807,85903334,general,MT_,통넓은 린넨 팬츠 찾고 있었는데 너무 마음에들고 길이는 수선해서 입어요 ^^,5.0,False,BROWN · M,161.0,56.0,남성,2026-06-29 16:49:02,사이즈: 정사이즈 / 화면 대비 색감: 화면과 비슷 / 퀄리티: 보통 / 신축성: 적당함,True,0,filluminate,하의,M,BROWN,2026,6,29,월,5,응답,정사이즈,화면과 비슷,보통,,,적당함,,,3.0,,3.0,,,0.0,0.0,0.0,0.0,,,통넓은 린넨 팬츠 찾고 있었는데 너무 마음에들고 길이는 수선해서 입어요 ^^,통넓은린넨팬츠찾고있었는데너무마음에들고길이는수선해서입어요,0,0,0,0,0,False,42,30,42,True
4969807,85896950,general,쏭팡집사,실물이 아주 이쁘고 만족스럽니다.  배송도 빠르고 안전하게 잘 받았습니다.,5.0,False,LIGHT BLUE · M,175.0,70.0,남성,2026-06-29 12:36:40,사이즈: 정사이즈 / 화면 대비 색감: 화면과 비슷 / 퀄리티: 보통 / 신축성: 적당함,True,0,filluminate,하의,M,LIGHT BLUE,2026,6,29,월,5,응답,정사이즈,화면과 비슷,보통,,,적당함,,,3.0,,3.0,,,0.0,0.0,0.0,0.0,,,실물이 아주 이쁘고 만족스럽니다. 배송도 빠르고 안전하게 잘 받았습니다.,실물이아주이쁘고만족스럽니다배송도빠르고안전하게잘받았습니다,0,0,0,0,0,False,41,30,40,True
4969807,85896812,general,곽동태,여름에도 시원하게 입고 다닐 제품 찾고있었는데 딱 좋습니다 감사합니다,5.0,False,BEIGE · L,177.0,72.0,남성,2026-06-29 12:31:01,사이즈: 정사이즈 / 화면 대비 색감: 화면과 비슷 / 퀄리티: 매우 좋음 / 신축성: 적당함,False,0,filluminate,하의,L,BEIGE,2026,6,29,월,5,응답,정사이즈,화면과 비슷,매우 좋음,,,적당함,,,5.0,,3.0,,,0.0,0.0,0.0,0.0,,,여름에도 시원하게 입고 다닐 제품 찾고있었는데 딱 좋습니다 감사합니다,여름에도시원하게입고다닐제품찾고있었는데딱좋습니다감사합니다,0,0,0,0,0,False,38,30,38,True
4969807,85893028,general,청량한화이트볼캡,얇은 린넨 재질이어서 여름에 입기 너무 편하구요 결을 잡아주는 와이드라기보다 그냥 널널한 와이드 핏이 나옵니다. 시원해서 좋네요,5.0,False,BLACK · M,172.0,71.0,남성,2026-06-29 09:35:13,사이즈: 정사이즈 / 화면 대비 색감: 화면과 비슷 / 퀄리티: 보통 / 신축성: 적당함,True,0,filluminate,하의,M,BLACK,2026,6,29,월,5,응답,정사이즈,화면과 비슷,보통,,,적당함,,,3.0,,3.0,,,0.0,0.0,0.0,0.0,,,얇은 린넨 재질이어서 여름에 입기 너무 편하구요 결을 잡아주는 와이드라기보다 그냥 널널한 와이드 핏이 나옵니다. 시원해서 좋네요,얇은린넨재질이어서여름에입기너무편하구요결을잡아주는와이드라기보다그냥널널한와이드핏이나옵니다시원해서좋네요,0,0,0,0,0,False,71,54,71,True
4969807,85893004,style,청량한화이트볼캡,말 그대로 린넨이어서 딱 잡아주는듯한 와이드한 느낌은 아니고 그냥 펄럭이는 와이드 같은 느낌이네요 그래도 입으면 핏 이쁘게 나오고 여름에 진짜 시원하게 잘 입을 것 같습니다!,5.0,False,BLACK · M,172.0,71.0,남성,2026-06-29 09:33:45,사이즈: 정사이즈 / 화면 대비 색감: 화면과 비슷 / 퀄리티: 보통 / 신축성: 적당함,True,0,filluminate,하의,M,BLACK,2026,6,29,월,5,응답,정사이즈,화면과 비슷,보통,,,적당함,,,3.0,,3.0,,,0.0,0.0,0.0,0.0,,,말 그대로 린넨이어서 딱 잡아주는듯한 와이드한 느낌은 아니고 그냥 펄럭이는 와이드 같은 느낌이네요 그래도 입으면 핏 이쁘게 나오고 여름에 진짜 시원하게 잘 입을 것 같습니다!,말그대로린넨이어서딱잡아주는듯한와이드한느낌은아니고그냥펄럭이는와이드같은느낌이네요그래도입으면핏이쁘게나오고여름에진짜시원하게잘입을것같습니다,0,0,1,0,0,False,97,72,97,True
4969807,85886776,style,패션우왕,얇아서 시원할거 같고 생지 색 제대로라 여름에 만족스럽게 입을 수 있을 것 같습니다. 약간 길지만 접어입으면 돼요.,5.0,False,INDIGO · M,169.0,63.0,남성,2026-06-28 23:47:51,사이즈: 조금 큼 / 화면 대비 색감: 화면과 비슷 / 퀄리티: 보통 / 신축성: 거의 없음,True,0,filluminate,하의,M,INDIGO,2026,6,28,일,5,응답,조금 큼,화면과 비슷,보통,,,거의 없음,,,3.0,,2.0,,,1.0,1.0,0.0,0.0,,,얇아서 시원할거 같고 생지 색 제대로라 여름에 만족스럽게 입을 수 있을 것 같습니다. 약간 길지만 접어입으면 돼요.,얇아서시원할거같고생지색제대로라여름에만족스럽게입을수있을것같습니다약간길지만접어입으면돼요,0,0,0,0,0,False,64,46,64,True
4969807,85886770,general,패션우왕,얇아서 시원할거 같고 생지 색 제대로라 여름에 만족스럽게 입을 수 있을 것 같습니다. 약간 길지만 접어입으면 돼요.,5.0,False,INDIGO · M,169.0,63.0,남성,2026-06-28 23:47:35,사이즈: 조금 큼 / 화면 대비 색감: 화면과 비슷 / 퀄리티: 나쁨 / 신축성: 적당함,True,0,filluminate,하의,M,INDIGO,2026,6,28,일,5,응답,조금 큼,화면과 비슷,나쁨,,,적당함,,,2.0,,3.0,,,1.0,1.0,0.0,0.0,,,얇아서 시원할거 같고 생지 색 제대로라 여름에 만족스럽게 입을 수 있을 것 같습니다. 약간 길지만 접어입으면 돼요.,얇아서시원할거같고생지색제대로라여름에만족스럽게입을수있을것같습니다약간길지만접어입으면돼요,0,0,0,0,0,False,64,46,64,True
4969807,85878004,style,영찬영차,시원하고 사이즈도 좋고 여름에 입디 좋은것같아용 많이입을거같아용,5.0,False,LIGHT BLUE · M,173.0,72.0,남성,2026-06-28 19:59:02,사이즈: 정사이즈 / 화면 대비 색감: 화면과 비슷 / 퀄리티: 보통 / 신축성: 적당함,True,0,filluminate,하의,M,LIGHT BLUE,2026,6,28,일,5,응답,정사이즈,화면과 비슷,보통,,,적당함,,,3.0,,3.0,,,0.0,0.0,0.0,0.0,,,시원하고 사이즈도 좋고 여름에 입디 좋은것같아용 많이입을거같아용,시원하고사이즈도좋고여름에입디좋은것같아용많이입을거같아용,0,0,0,0,0,False,35,29,35,True
4969807,85875703,general,꼬나보나,가격과 퀄이 괜찮은 제품입니다 핏도 적당히 길고,5.0,False,BLACK · L,177.0,70.0,남성,2026-06-28 18:45:34,사이즈: 정사이즈 / 화면 대비 색감: 화면과 비슷 / 퀄리티: 보통 / 신축성: 적당함,True,0,filluminate,하의,L,BLACK,2026,6,28,일,5,응답,정사이즈,화면과 비슷,보통,,,적당함,,,3.0,,3.0,,,0.0,0.0,0.0,0.0,,,가격과 퀄이 괜찮은 제품입니다 핏도 적당히 길고,가격과퀄이괜찮은제품입니다핏도적당히길고,0,0,0,0,0,False,26,20,26,True
4969807,85869553,general,다양한회색반다나,그냥 휘뚜루마뚜루 입기 최고의 옷!! 재질 좋고 핏감 좋습니다!,5.0,False,BLACK · L,174.0,76.0,남성,2026-06-28 15:43:48,사이즈: 조금 큼 / 화면 대비 색감: 화면과 비슷 / 퀄리티: 매우 좋음 / 신축성: 적당함,False,0,filluminate,하의,L,BLACK,2026,6,28,일,5,응답,조금 큼,화면과 비슷,매우 좋음,,,적당함,,,5.0,,3.0,,,1.0,1.0,0.0,0.0,,,그냥 휘뚜루마뚜루 입기 최고의 옷!! 재질 좋고 핏감 좋습니다!,그냥휘뚜루마뚜루입기최고의옷재질좋고핏감좋습니다,0,0,3,0,0,False,35,24,35,True
4969807,85866923,general,자비로운종로프릴,시원한 소재이고 핏이 이쁘게 잘 떨어지는 것 같아요,5.0,False,INDIGO · L,178.0,72.0,남성,2026-06-28 14:29:01,사이즈: 매우 작음 / 화면 대비 색감: 매우 밝음 / 퀄리티: 매우 나쁨 / 신축성: 전혀 없음,False,0,filluminate,하의,L,INDIGO,2026,6,28,일,5,응답,매우 작음,매우 밝음,매우 나쁨,,,전혀 없음,,,1.0,,1.0,,,-2.0,2.0,2.0,2.0,,,시원한 소재이고 핏이 이쁘게 잘 떨어지는 것 같아요,시원한소재이고핏이이쁘게잘떨어지는것같아요,0,0,0,0,0,False,28,21,28,True
4969807,85866187,general,blackpie,바지가 많이 흐물거리지 않고 탄탄한데 덥지 않아서 좋아요,5.0,False,BROWN · M,162.0,68.0,남성,2026-06-28 14:07:27,사이즈: 정사이즈 / 화면 대비 색감: 화면과 비슷 / 퀄리티: 좋음 / 신축성: 적당함,False,0,filluminate,하의,M,BROWN,2026,6,28,일,5,응답,정사이즈,화면과 비슷,좋음,,,적당함,,,4.0,,3.0,,,0.0,0.0,0.0,0.0,,,바지가 많이 흐물거리지 않고 탄탄한데 덥지 않아서 좋아요,바지가많이흐물거리지않고탄탄한데덥지않아서좋아요,0,0,0,0,0,False,31,24,31,True
4969807,85865240,style,최신연분홍반팔티,더울때 좋은 재질인거같아요 잘 입을게요 색도 맘에들어요,5.0,False,BEIGE · L,175.0,68.0,남성,2026-06-28 13:36:14,사이즈: 정사이즈 / 화면 대비 색감: 화면과 비슷 / 퀄리티: 보통 / 신축성: 적당함,True,0,filluminate,하의,L,BEIGE,2026,6,28,일,5,응답,정사이즈,화면과 비슷,보통,,,적당함,,,3.0,,3.0,,,0.0,0.0,0.0,0.0,,,더울때 좋은 재질인거같아요 잘 입을게요 색도 맘에들어요,더울때좋은재질인거같아요잘입을게요색도맘에들어요,0,0,0,0,0,False,30,24,30,True
4969807,85865195,general,최신연분홍반팔티,시원하고 땀 찰때 덜 찝찝한 재질이라 잘 입을게요,5.0,False,BEIGE · L,175.0,68.0,남성,2026-06-28 13:34:41,사이즈: 정사이즈 / 화면 대비 색감: 화면과 비슷 / 퀄리티: 보통 / 신축성: 적당함,True,0,filluminate,하의,L,BEIGE,2026,6,28,일,5,응답,정사이즈,화면과 비슷,보통,,,적당함,,,3.0,,3.0,,,0.0,0.0,0.0,0.0,,,시원하고 땀 찰때 덜 찝찝한 재질이라 잘 입을게요,시원하고땀찰때덜찝찝한재질이라잘입을게요,0,0,0,0,0,False,27,20,27,True
4969807,85864574,general,럭셔리한도쿄착장,아주 편하고 입기 좋아요.. 여름용이라  아주 좋아요.,5.0,False,LIGHT BLUE · M,170.0,65.0,남성,2026-06-28 13:13:34,사이즈: 매우 작음 / 화면 대비 색감: 밝음 / 퀄리티: 나쁨 / 신축성: 거의 없음,False,0,filluminate,하의,M,LIGHT BLUE,2026,6,28,일,5,응답,매우 작음,밝음,나쁨,,,거의 없음,,,2.0,,2.0,,,-2.0,2.0,1.0,1.0,,,아주 편하고 입기 좋아요.. 여름용이라 아주 좋아요.,아주편하고입기좋아요여름용이라아주좋아요,0,0,0,0,0,False,30,20,29,True
4969807,85858653,general,슨발,너무 편하고 좋아요 다음에 재구매 의사 있습니다,4.0,False,BLACK · L,181.0,78.0,남성,2026-06-28 09:23:44,사이즈: 정사이즈 / 화면 대비 색감: 화면과 비슷 / 퀄리티: 보통 / 신축성: 적당함,False,0,filluminate,하의,L,BLACK,2026,6,28,일,4,응답,정사이즈,화면과 비슷,보통,,,적당함,,,3.0,,3.0,,,0.0,0.0,0.0,0.0,,,너무 편하고 좋아요 다음에 재구매 의사 있습니다,너무편하고좋아요다음에재구매의사있습니다,0,0,0,0,0,False,26,20,26,True
4969807,85857449,style,검소한검정청치마,보기에도 답답함 없이 시원한 소재 느낌이 나서 좋고 특히 허리 밴딩이 잘잡아줘서 벨트가 없어도 쫀쫀하게 잡아 입기 편해요,5.0,False,BEIGE · XL,172.0,82.0,남성,2026-06-28 07:59:01,사이즈: 정사이즈 / 화면 대비 색감: 화면과 비슷 / 퀄리티: 매우 좋음 / 신축성: 적당함,True,0,filluminate,하의,XL,BEIGE,2026,6,28,일,5,응답,정사이즈,화면과 비슷,매우 좋음,,,적당함,,,5.0,,3.0,,,0.0,0.0,0.0,0.0,,,보기에도 답답함 없이 시원한 소재 느낌이 나서 좋고 특히 허리 밴딩이 잘잡아줘서 벨트가 없어도 쫀쫀하게 잡아 입기 편해요,보기에도답답함없이시원한소재느낌이나서좋고특히허리밴딩이잘잡아줘서벨트가없어도쫀쫀하게잡아입기편해요,0,0,0,0,0,False,67,50,67,True
4969807,85854611,style,정태성,생각보다 두꺼운느낌이 살짝있어요 색감은 진하고 핏좋아요,5.0,False,BLACK · M,173.0,68.0,남성,2026-06-28 01:21:45,사이즈: 정사이즈 / 화면 대비 색감: 화면과 비슷 / 퀄리티: 보통 / 신축성: 적당함,True,0,filluminate,하의,M,BLACK,2026,6,28,일,5,응답,정사이즈,화면과 비슷,보통,,,적당함,,,3.0,,3.0,,,0.0,0.0,0.0,0.0,,,생각보다 두꺼운느낌이 살짝있어요 색감은 진하고 핏좋아요,생각보다두꺼운느낌이살짝있어요색감은진하고핏좋아요,0,0,0,0,0,False,30,25,30,True
4969807,85851880,general,슬2빠,편안한 착용감. 핏도 좋고 가격도 좋습니다. 다른 색도 구입하려 합니다.,5.0,False,BEIGE · M,173.0,66.0,남성,2026-06-27 23:34:00,사이즈: 정사이즈 / 화면 대비 색감: 밝음 / 퀄리티: 좋음 / 신축성: 적당함,True,0,filluminate,하의,M,BEIGE,2026,6,27,토,5,응답,정사이즈,밝음,좋음,,,적당함,,,4.0,,3.0,,,0.0,0.0,1.0,1.0,,,편안한 착용감. 핏도 좋고 가격도 좋습니다. 다른 색도 구입하려 합니다.,편안한착용감핏도좋고가격도좋습니다다른색도구입하려합니다,0,0,0,0,0,False,40,28,40,True
4969807,85848585,general,Rrohes,린넨 소재라 시원하고 허리가 밴딩이라 편하게 입을 수 있어요,5.0,False,BLACK · XL,185.0,79.0,남성,2026-06-27 21:59:59,사이즈: 정사이즈 / 화면 대비 색감: 화면과 비슷 / 퀄리티: 좋음 / 신축성: 거의 없음,True,0,filluminate,하의,XL,BLACK,2026,6,27,토,5,응답,정사이즈,화면과 비슷,좋음,,,거의 없음,,,4.0,,2.0,,,0.0,0.0,0.0,0.0,,,린넨 소재라 시원하고 허리가 밴딩이라 편하게 입을 수 있어요,린넨소재라시원하고허리가밴딩이라편하게입을수있어요,0,0,0,0,0,False,33,25,33,True
4969807,85848347,general,Rrohes,린넨 소재라 시원하고 허리가 밴딩이라 편하게 입을 수 있어요,5.0,False,BEIGE · XL,185.0,79.0,남성,2026-06-27 21:53:03,사이즈: 조금 큼 / 화면 대비 색감: 화면과 비슷 / 퀄리티: 좋음 / 신축성: 거의 없음,False,0,filluminate,하의,XL,BEIGE,2026,6,27,토,5,응답,조금 큼,화면과 비슷,좋음,,,거의 없음,,,4.0,,2.0,,,1.0,1.0,0.0,0.0,,,린넨 소재라 시원하고 허리가 밴딩이라 편하게 입을 수 있어요,린넨소재라시원하고허리가밴딩이라편하게입을수있어요,0,0,0,0,0,False,33,25,33,True
4969807,85841616,style,슬2빠,밴딩이라 편안하고 와이드한 디자인에 시원합니다. 추천합니다.,5.0,False,BEIGE · M,173.0,66.0,남성,2026-06-27 18:29:02,사이즈: 정사이즈 / 화면 대비 색감: 화면과 비슷 / 퀄리티: 보통 / 신축성: 적당함,True,0,filluminate,하의,M,BEIGE,2026,6,27,토,5,응답,정사이즈,화면과 비슷,보통,,,적당함,,,3.0,,3.0,,,0.0,0.0,0.0,0.0,,,밴딩이라 편안하고 와이드한 디자인에 시원합니다. 추천합니다.,밴딩이라편안하고와이드한디자인에시원합니다추천합니다,0,0,0,0,0,False,33,26,33,True
4969807,85841450,general,prim.,사이즈도 적당하고 핏이 예쁘게 떨어져요. 추천합니다.,5.0,False,LIGHT BLUE · L,180.0,88.0,남성,2026-06-27 18:24:29,사이즈: 정사이즈 / 화면 대비 색감: 화면과 비슷 / 퀄리티: 보통 / 신축성: 적당함,False,0,filluminate,하의,L,LIGHT BLUE,2026,6,27,토,5,응답,정사이즈,화면과 비슷,보통,,,적당함,,,3.0,,3.0,,,0.0,0.0,0.0,0.0,,,사이즈도 적당하고 핏이 예쁘게 떨어져요. 추천합니다.,사이즈도적당하고핏이예쁘게떨어져요추천합니다,0,0,0,0,0,False,29,22,29,True
4969807,85841351,general,emmekd,세일할때 사서 가성비 좋게 산거같어요 얇아서 여름에 입기딱입니다,5.0,False,BEIGE · L,173.0,65.0,남성,2026-06-27 18:20:49,사이즈: 매우 작음 / 화면 대비 색감: 매우 밝음 / 퀄리티: 매우 나쁨 / 신축성: 전혀 없음,False,0,filluminate,하의,L,BEIGE,2026,6,27,토,5,응답,매우 작음,매우 밝음,매우 나쁨,,,전혀 없음,,,1.0,,1.0,,,-2.0,2.0,2.0,2.0,,,세일할때 사서 가성비 좋게 산거같어요 얇아서 여름에 입기딱입니다,세일할때사서가성비좋게산거같어요얇아서여름에입기딱입니다,0,0,0,0,0,False,35,28,35,True
4969807,85839683,general,정태성,재질좋습니다 근데 많이 시원하진않고 조금은 더운느낌있는데 불편한정도는 전혀아닙니다,5.0,False,BLACK · M,173.0,68.0,남성,2026-06-27 17:37:27,사이즈: 정사이즈 / 화면 대비 색감: 화면과 비슷 / 퀄리티: 보통 / 신축성: 적당함,True,0,filluminate,하의,M,BLACK,2026,6,27,토,5,응답,정사이즈,화면과 비슷,보통,,,적당함,,,3.0,,3.0,,,0.0,0.0,0.0,0.0,,,재질좋습니다 근데 많이 시원하진않고 조금은 더운느낌있는데 불편한정도는 전혀아닙니다,재질좋습니다근데많이시원하진않고조금은더운느낌있는데불편한정도는전혀아닙니다,0,0,0,0,0,False,45,38,45,True
4969807,85839235,general,_thisson,제품도 마음에 들고 핏도 생각처럼 잘 맞았습니다.,5.0,False,BLACK · XL,183.0,76.0,남성,2026-06-27 17:27:29,사이즈: 정사이즈 / 화면 대비 색감: 화면과 비슷 / 퀄리티: 보통 / 신축성: 적당함,False,0,filluminate,하의,XL,BLACK,2026,6,27,토,5,응답,정사이즈,화면과 비슷,보통,,,적당함,,,3.0,,3.0,,,0.0,0.0,0.0,0.0,,,제품도 마음에 들고 핏도 생각처럼 잘 맞았습니다.,제품도마음에들고핏도생각처럼잘맞았습니다,0,0,0,0,0,False,27,20,27,True
4969807,85838663,general,할렐룰야,여름이랑 어울리는 린넨재질이고 입어보니까 편한데 배가 살짞 쪼입니다.,5.0,False,BEIGE · L,178.0,75.0,남성,2026-06-27 17:14:05,사이즈: 정사이즈 / 화면 대비 색감: 화면과 비슷 / 퀄리티: 보통 / 신축성: 적당함,False,0,filluminate,하의,L,BEIGE,2026,6,27,토,5,응답,정사이즈,화면과 비슷,보통,,,적당함,,,3.0,,3.0,,,0.0,0.0,0.0,0.0,,,여름이랑 어울리는 린넨재질이고 입어보니까 편한데 배가 살짞 쪼입니다.,여름이랑어울리는린넨재질이고입어보니까편한데배가살짞쪼입니다,0,0,0,0,0,False,38,30,38,True
4969807,85837882,general,느긋한하얀베스트,너무너무너무 좋아요 재질도 시원하고 되게 가벼워요,5.0,False,BROWN · M,160.0,65.0,여성,2026-06-27 16:55:50,사이즈: 정사이즈 / 화면 대비 색감: 화면과 비슷 / 퀄리티: 보통 / 신축성: 적당함,False,0,filluminate,하의,M,BROWN,2026,6,27,토,5,응답,정사이즈,화면과 비슷,보통,,,적당함,,,3.0,,3.0,,,0.0,0.0,0.0,0.0,,,너무너무너무 좋아요 재질도 시원하고 되게 가벼워요,너무너무너무좋아요재질도시원하고되게가벼워요,0,0,0,0,0,False,27,22,27,True
4969807,85834262,general,koommm,여름이라 더워서 린넨 하나 사고싶었는데 생각보단 안비치고 괜찮아요,4.0,False,BEIGE · XL,183.0,77.0,남성,2026-06-27 15:20:47,사이즈: 정사이즈 / 화면 대비 색감: 화면과 비슷 / 퀄리티: 보통 / 신축성: 적당함,True,0,filluminate,하의,XL,BEIGE,2026,6,27,토,4,응답,정사이즈,화면과 비슷,보통,,,적당함,,,3.0,,3.0,,,0.0,0.0,0.0,0.0,,,여름이라 더워서 린넨 하나 사고싶었는데 생각보단 안비치고 괜찮아요,여름이라더워서린넨하나사고싶었는데생각보단안비치고괜찮아요,0,0,0,0,0,False,36,29,36,True
4969807,85826980,general,탱구아빠.,살짝 까끌거리는데 잘입어보겟습니다. 여름에 더울수도?,5.0,False,BEIGE · XL,181.0,80.0,남성,2026-06-27 11:57:32,사이즈: 정사이즈 / 화면 대비 색감: 화면과 비슷 / 퀄리티: 보통 / 신축성: 적당함,True,0,filluminate,하의,XL,BEIGE,2026,6,27,토,5,응답,정사이즈,화면과 비슷,보통,,,적당함,,,3.0,,3.0,,,0.0,0.0,0.0,0.0,,,살짝 까끌거리는데 잘입어보겟습니다. 여름에 더울수도?,살짝까끌거리는데잘입어보겟습니다여름에더울수도,0,0,0,1,0,False,29,23,29,True
4969807,85826961,style,탱구아빠.,색깔이 밝아서 좋긴한데 재질때문인지 살짝 까끌거리네요,5.0,False,BEIGE · XL,181.0,80.0,남성,2026-06-27 11:56:49,사이즈: 정사이즈 / 화면 대비 색감: 화면과 비슷 / 퀄리티: 보통 / 신축성: 적당함,True,0,filluminate,하의,XL,BEIGE,2026,6,27,토,5,응답,정사이즈,화면과 비슷,보통,,,적당함,,,3.0,,3.0,,,0.0,0.0,0.0,0.0,,,색깔이 밝아서 좋긴한데 재질때문인지 살짝 까끌거리네요,색깔이밝아서좋긴한데재질때문인지살짝까끌거리네요,0,0,0,0,0,False,29,24,29,True
4969807,85823781,general,씩씩한압구정퍼,린넨에 데님 느낌이라 덥지않고 생각보다 시원해서 좋아요 내구성도 좋아보여요,5.0,False,LIGHT BLUE · L,179.0,69.0,남성,2026-06-27 10:21:22,사이즈: 정사이즈 / 화면 대비 색감: 화면과 비슷 / 퀄리티: 매우 좋음 / 신축성: 적당함,False,0,filluminate,하의,L,LIGHT BLUE,2026,6,27,토,5,응답,정사이즈,화면과 비슷,매우 좋음,,,적당함,,,5.0,,3.0,,,0.0,0.0,0.0,0.0,,,린넨에 데님 느낌이라 덥지않고 생각보다 시원해서 좋아요 내구성도 좋아보여요,린넨에데님느낌이라덥지않고생각보다시원해서좋아요내구성도좋아보여요,0,0,0,0,0,False,41,33,41,True
4969807,85823391,style,눈이안떠져,사이즈 적당합니다 꽤 넉넉하게 나왔네요 편하게 아주 잘 맞습니다 다른 색도 구매하고 싶네요,5.0,False,INDIGO · L,179.0,84.0,남성,2026-06-27 10:08:11,사이즈: 정사이즈 / 화면 대비 색감: 화면과 비슷 / 퀄리티: 보통 / 신축성: 적당함,True,0,filluminate,하의,L,INDIGO,2026,6,27,토,5,응답,정사이즈,화면과 비슷,보통,,,적당함,,,3.0,,3.0,,,0.0,0.0,0.0,0.0,,,사이즈 적당합니다 꽤 넉넉하게 나왔네요 편하게 아주 잘 맞습니다 다른 색도 구매하고 싶네요,사이즈적당합니다꽤넉넉하게나왔네요편하게아주잘맞습니다다른색도구매하고싶네요,0,0,0,0,0,False,50,38,50,True
4969807,85820710,style,Alwayseo,소재 얇고 시원해서 좋은것 같고 기장이나 사이즈가 생각보다 좀 큰거 같습니다,4.0,False,INDIGO · L,172.0,80.0,남성,2026-06-27 08:07:59,사이즈: 조금 큼 / 화면 대비 색감: 화면과 비슷 / 퀄리티: 보통 / 신축성: 적당함,True,0,filluminate,하의,L,INDIGO,2026,6,27,토,4,응답,조금 큼,화면과 비슷,보통,,,적당함,,,3.0,,3.0,,,1.0,1.0,0.0,0.0,,,소재 얇고 시원해서 좋은것 같고 기장이나 사이즈가 생각보다 좀 큰거 같습니다,소재얇고시원해서좋은것같고기장이나사이즈가생각보다좀큰거같습니다,0,0,0,0,0,False,42,32,42,True
4969807,85820656,general,Alwayseo,시원한소재이고 얇아서 좋은것 같습니다 색감도 적당합니다,5.0,False,INDIGO · L,172.0,80.0,남성,2026-06-27 08:04:35,사이즈: 조금 큼 / 화면 대비 색감: 화면과 비슷 / 퀄리티: 보통 / 신축성: 적당함,False,0,filluminate,하의,L,INDIGO,2026,6,27,토,5,응답,조금 큼,화면과 비슷,보통,,,적당함,,,3.0,,3.0,,,1.0,1.0,0.0,0.0,,,시원한소재이고 얇아서 좋은것 같습니다 색감도 적당합니다,시원한소재이고얇아서좋은것같습니다색감도적당합니다,0,0,0,0,0,False,30,25,30,True
4969807,85818496,style,강력한시드니니트,입어볼때 잘 맞는데 사람체형마다 다른데 한치수 작게 해도 좋을거 같고 구김이 크게 없는게 진짜 갓벽합니다,5.0,False,LIGHT BLUE · XL,179.0,85.0,남성,2026-06-27 02:38:55,사이즈: 조금 큼 / 화면 대비 색감: 밝음 / 퀄리티: 매우 좋음 / 신축성: 적당함,True,0,filluminate,하의,XL,LIGHT BLUE,2026,6,27,토,5,응답,조금 큼,밝음,매우 좋음,,,적당함,,,5.0,,3.0,,,1.0,1.0,1.0,1.0,,,입어볼때 잘 맞는데 사람체형마다 다른데 한치수 작게 해도 좋을거 같고 구김이 크게 없는게 진짜 갓벽합니다,입어볼때잘맞는데사람체형마다다른데한치수작게해도좋을거같고구김이크게없는게진짜갓벽합니다,0,0,0,0,0,False,58,44,58,True
4969807,85818461,general,강력한시드니니트,색상오 핏도 좋은데 제일좋은게 구겨짐이 잘 안보여서 너무 좋습니다,5.0,False,LIGHT BLUE · XL,179.0,85.0,남성,2026-06-27 02:35:37,사이즈: 조금 큼 / 화면 대비 색감: 밝음 / 퀄리티: 매우 좋음 / 신축성: 강함,True,0,filluminate,하의,XL,LIGHT BLUE,2026,6,27,토,5,응답,조금 큼,밝음,매우 좋음,,,강함,,,5.0,,4.0,,,1.0,1.0,1.0,1.0,,,색상오 핏도 좋은데 제일좋은게 구겨짐이 잘 안보여서 너무 좋습니다,색상오핏도좋은데제일좋은게구겨짐이잘안보여서너무좋습니다,0,0,0,0,0,False,36,28,36,True
4969807,85818183,general,고요한서초모노톤,생각보다 밴딩바지치고는 편하진 않고 두께감이 있습니다,5.0,False,BLACK · XL,182.0,106.0,missing,2026-06-27 02:09:00,사이즈: 정사이즈 / 화면 대비 색감: 어두움 / 퀄리티: 좋음 / 신축성: 거의 없음,True,0,filluminate,하의,XL,BLACK,2026,6,27,토,5,응답,정사이즈,어두움,좋음,,,거의 없음,,,4.0,,2.0,,,0.0,0.0,-1.0,1.0,,,생각보다 밴딩바지치고는 편하진 않고 두께감이 있습니다,생각보다밴딩바지치고는편하진않고두께감이있습니다,0,0,0,0,0,False,29,24,29,True
4969807,85814396,general,멋진연분홍아웃핏,일단 핏이 예쁘고 색감도 원하던 느낌이여서 좋아요 다만 옷 재질이 까실까실하고 보푸라기가 많네요ㅠ,5.0,False,BEIGE · L,175.0,76.0,남성,2026-06-26 23:47:50,사이즈: 정사이즈 / 화면 대비 색감: 화면과 비슷 / 퀄리티: 나쁨 / 신축성: 적당함,False,0,filluminate,하의,L,BEIGE,2026,6,26,금,5,응답,정사이즈,화면과 비슷,나쁨,,,적당함,,,2.0,,3.0,,,0.0,0.0,0.0,0.0,,,일단 핏이 예쁘고 색감도 원하던 느낌이여서 좋아요 다만 옷 재질이 까실까실하고 보푸라기가 많네요ㅠ,일단핏이예쁘고색감도원하던느낌이여서좋아요다만옷재질이까실까실하고보푸라기가많네요,0,1,0,0,0,False,54,41,54,True
4969807,85810868,style,옷사러왔슈다람쥐,시원하고 가볍고 핏이 예뻐서 자주입고 다니고 있어요,5.0,False,INDIGO · L,174.0,77.0,남성,2026-06-26 22:28:32,사이즈: 정사이즈 / 화면 대비 색감: 화면과 비슷 / 퀄리티: 보통 / 신축성: 적당함,True,0,filluminate,하의,L,INDIGO,2026,6,26,금,5,응답,정사이즈,화면과 비슷,보통,,,적당함,,,3.0,,3.0,,,0.0,0.0,0.0,0.0,,,시원하고 가볍고 핏이 예뻐서 자주입고 다니고 있어요,시원하고가볍고핏이예뻐서자주입고다니고있어요,0,0,0,0,0,False,28,22,28,True
4969807,85810842,style,옷사러왔슈다람쥐,시원하고 가볍고 핏이 예뻐서 자주입고 다니고 있어요,5.0,False,BROWN · L,174.0,77.0,남성,2026-06-26 22:27:54,사이즈: 정사이즈 / 화면 대비 색감: 화면과 비슷 / 퀄리티: 보통 / 신축성: 적당함,True,0,filluminate,하의,L,BROWN,2026,6,26,금,5,응답,정사이즈,화면과 비슷,보통,,,적당함,,,3.0,,3.0,,,0.0,0.0,0.0,0.0,,,시원하고 가볍고 핏이 예뻐서 자주입고 다니고 있어요,시원하고가볍고핏이예뻐서자주입고다니고있어요,0,0,0,0,0,False,28,22,28,True
4969807,85808806,general,밝은허드슨모자,린넨이라 그런지 시원해요. 기장은 살짝 긴거 같지만 불편하지는 않습니다. 이쁘고 만족스럽습니다,5.0,False,INDIGO · XL,184.0,80.0,남성,2026-06-26 21:44:40,사이즈: 정사이즈 / 화면 대비 색감: 화면과 비슷 / 퀄리티: 매우 좋음 / 신축성: 매우 강함,False,0,filluminate,하의,XL,INDIGO,2026,6,26,금,5,응답,정사이즈,화면과 비슷,매우 좋음,,,매우 강함,,,5.0,,5.0,,,0.0,0.0,0.0,0.0,,,린넨이라 그런지 시원해요. 기장은 살짝 긴거 같지만 불편하지는 않습니다. 이쁘고 만족스럽습니다,린넨이라그런지시원해요기장은살짝긴거같지만불편하지는않습니다이쁘고만족스럽습니다,0,0,0,0,0,False,52,40,52,True
4969807,85808468,general,Flauta,여름에 펄럭이면서 다니고 시원하게 다닐수 있는 바지입니다,5.0,False,BROWN · L,178.0,79.0,남성,2026-06-26 21:37:34,사이즈: 조금 큼 / 화면 대비 색감: 화면과 비슷 / 퀄리티: 보통 / 신축성: 적당함,True,0,filluminate,하의,L,BROWN,2026,6,26,금,5,응답,조금 큼,화면과 비슷,보통,,,적당함,,,3.0,,3.0,,,1.0,1.0,0.0,0.0,,,여름에 펄럭이면서 다니고 시원하게 다닐수 있는 바지입니다,여름에펄럭이면서다니고시원하게다닐수있는바지입니다,0,0,0,0,0,False,31,25,31,True
4969807,85805010,general,유유유유아이,색깔 너무 이쁘고 여름에도 고무줄 있어서 편해요,5.0,False,LIGHT BLUE · M,174.0,74.0,남성,2026-06-26 20:24:56,사이즈: 정사이즈 / 화면 대비 색감: 화면과 비슷 / 퀄리티: 보통 / 신축성: 적당함,True,0,filluminate,하의,M,LIGHT BLUE,2026,6,26,금,5,응답,정사이즈,화면과 비슷,보통,,,적당함,,,3.0,,3.0,,,0.0,0.0,0.0,0.0,,,색깔 너무 이쁘고 여름에도 고무줄 있어서 편해요,색깔너무이쁘고여름에도고무줄있어서편해요,0,0,0,0,0,False,26,20,26,True
4969807,85804993,style,유유유유아이,색깔 너무 이쁘고 여름에도 고무줄 있어서 편해요,5.0,False,LIGHT BLUE · M,174.0,74.0,남성,2026-06-26 20:24:36,사이즈: 정사이즈 / 화면 대비 색감: 화면과 비슷 / 퀄리티: 보통 / 신축성: 적당함,True,0,filluminate,하의,M,LIGHT BLUE,2026,6,26,금,5,응답,정사이즈,화면과 비슷,보통,,,적당함,,,3.0,,3.0,,,0.0,0.0,0.0,0.0,,,색깔 너무 이쁘고 여름에도 고무줄 있어서 편해요,색깔너무이쁘고여름에도고무줄있어서편해요,0,0,0,0,0,False,26,20,26,True
4969807,85804070,general,To.x,여성이 입기에는 약간 항아리… 같긴 한데 편하게 입으려고 산 거라 괜찮아요~,4.0,False,LIGHT BLUE · M,167.0,55.0,여성,2026-06-26 20:02:12,사이즈: 정사이즈 / 화면 대비 색감: 화면과 비슷 / 퀄리티: 보통 / 신축성: 적당함,False,0,filluminate,하의,M,LIGHT BLUE,2026,6,26,금,4,응답,정사이즈,화면과 비슷,보통,,,적당함,,,3.0,,3.0,,,0.0,0.0,0.0,0.0,,,여성이 입기에는 약간 항아리… 같긴 한데 편하게 입으려고 산 거라 괜찮아요~,여성이입기에는약간항아리같긴한데편하게입으려고산거라괜찮아요,0,0,0,0,0,False,42,30,42,True
4969807,85802331,general,리르루,여름 린넨 팬츠 가성비로 최고입니다. 여러 색으로 구매할까해요,5.0,False,BEIGE · L,177.0,71.0,남성,2026-06-26 19:20:18,사이즈: 정사이즈 / 화면 대비 색감: 화면과 비슷 / 퀄리티: 보통 / 신축성: 적당함,False,0,filluminate,하의,L,BEIGE,2026,6,26,금,5,응답,정사이즈,화면과 비슷,보통,,,적당함,,,3.0,,3.0,,,0.0,0.0,0.0,0.0,,,여름 린넨 팬츠 가성비로 최고입니다. 여러 색으로 구매할까해요,여름린넨팬츠가성비로최고입니다여러색으로구매할까해요,0,0,0,0,0,False,34,26,34,True
4969807,85800024,general,화겸,완전 고급스러운 느낌은 아니지만 가성비좋고 시원한 바지입니다,4.0,False,BLACK · L,180.0,65.0,남성,2026-06-26 18:32:08,사이즈: 정사이즈 / 화면 대비 색감: 화면과 비슷 / 퀄리티: 보통 / 신축성: 적당함,False,0,filluminate,하의,L,BLACK,2026,6,26,금,4,응답,정사이즈,화면과 비슷,보통,,,적당함,,,3.0,,3.0,,,0.0,0.0,0.0,0.0,,,완전 고급스러운 느낌은 아니지만 가성비좋고 시원한 바지입니다,완전고급스러운느낌은아니지만가성비좋고시원한바지입니다,0,0,0,0,0,False,33,27,33,True
4969807,85799947,style,케케묵은검정프릴,마감이 살짝 아쉽긴하지만 이 가격대에서 이만한 린넨바지 없는것 같습니다. 여름에 입고 다니기 좋아요,5.0,False,BEIGE · M,173.0,75.0,남성,2026-06-26 18:30:51,사이즈: 정사이즈 / 화면 대비 색감: 화면과 비슷 / 퀄리티: 보통 / 신축성: 적당함,True,0,filluminate,하의,M,BEIGE,2026,6,26,금,5,응답,정사이즈,화면과 비슷,보통,,,적당함,,,3.0,,3.0,,,0.0,0.0,0.0,0.0,,,마감이 살짝 아쉽긴하지만 이 가격대에서 이만한 린넨바지 없는것 같습니다. 여름에 입고 다니기 좋아요,마감이살짝아쉽긴하지만이가격대에서이만한린넨바지없는것같습니다여름에입고다니기좋아요,0,0,0,0,0,False,55,42,55,True
4969807,85799927,style,훈빙수,색이 생각보다 살짝 어둡긴한데 밝은옷과 입으니 티나진 않아요 시원해서 좋습니다,5.0,False,BROWN · M,172.0,75.0,남성,2026-06-26 18:30:31,사이즈: 조금 큼 / 화면 대비 색감: 밝음 / 퀄리티: 매우 좋음 / 신축성: 강함,True,0,filluminate,하의,M,BROWN,2026,6,26,금,5,응답,조금 큼,밝음,매우 좋음,,,강함,,,5.0,,4.0,,,1.0,1.0,1.0,1.0,,,색이 생각보다 살짝 어둡긴한데 밝은옷과 입으니 티나진 않아요 시원해서 좋습니다,색이생각보다살짝어둡긴한데밝은옷과입으니티나진않아요시원해서좋습니다,0,0,0,0,0,False,43,34,43,True
4969807,85799844,general,훈빙수,색이 살짝 어둡게 보이긴 하는데 얇아서 좋습니다,5.0,False,BROWN · M,172.0,75.0,남성,2026-06-26 18:29:13,사이즈: 조금 큼 / 화면 대비 색감: 밝음 / 퀄리티: 매우 좋음 / 신축성: 강함,True,0,filluminate,하의,M,BROWN,2026,6,26,금,5,응답,조금 큼,밝음,매우 좋음,,,강함,,,5.0,,4.0,,,1.0,1.0,1.0,1.0,,,색이 살짝 어둡게 보이긴 하는데 얇아서 좋습니다,색이살짝어둡게보이긴하는데얇아서좋습니다,0,0,0,0,0,False,26,20,26,True
4969807,85798707,style,푸딩망고,기장도 적당하고 마감도 괜찮아서 잘 입고 다닐 것 같아요,5.0,False,BLACK · M,169.0,51.0,남성,2026-06-26 18:05:33,사이즈: 정사이즈 / 화면 대비 색감: 화면과 비슷 / 퀄리티: 좋음 / 신축성: 적당함,True,0,filluminate,하의,M,BLACK,2026,6,26,금,5,응답,정사이즈,화면과 비슷,좋음,,,적당함,,,4.0,,3.0,,,0.0,0.0,0.0,0.0,,,기장도 적당하고 마감도 괜찮아서 잘 입고 다닐 것 같아요,기장도적당하고마감도괜찮아서잘입고다닐것같아요,0,0,0,0,0,False,31,23,31,True
4969807,85795689,general,뉴리43,배송도 빠르고 좋아요 맘에 들어요 무난하고 편해요,5.0,False,LIGHT BLUE · L,177.0,73.0,남성,2026-06-26 17:05:26,사이즈: 정사이즈 / 화면 대비 색감: 화면과 비슷 / 퀄리티: 매우 좋음 / 신축성: 적당함,False,0,filluminate,하의,L,LIGHT BLUE,2026,6,26,금,5,응답,정사이즈,화면과 비슷,매우 좋음,,,적당함,,,5.0,,3.0,,,0.0,0.0,0.0,0.0,,,배송도 빠르고 좋아요 맘에 들어요 무난하고 편해요,배송도빠르고좋아요맘에들어요무난하고편해요,0,0,0,0,0,False,27,21,27,True
4969807,85793078,general,환한카프리패션,아주 편하고 이쁘고 핏도 좋고 다른 색깔도 사고싶음,5.0,False,BEIGE · XL,177.0,75.0,남성,2026-06-26 16:17:24,사이즈: 조금 큼 / 화면 대비 색감: 화면과 비슷 / 퀄리티: 매우 좋음 / 신축성: 적당함,False,0,filluminate,하의,XL,BEIGE,2026,6,26,금,5,응답,조금 큼,화면과 비슷,매우 좋음,,,적당함,,,5.0,,3.0,,,1.0,1.0,0.0,0.0,,,아주 편하고 이쁘고 핏도 좋고 다른 색깔도 사고싶음,아주편하고이쁘고핏도좋고다른색깔도사고싶음,0,0,0,0,0,False,28,21,28,True
4969807,85791041,general,뿌치치,생각한것보다 좀 두꺼웠는데 그래도 색도 괜찮고 기장이랑 딱 맞네요.,4.0,False,BROWN · L,173.0,71.0,남성,2026-06-26 15:36:14,사이즈: 조금 큼 / 화면 대비 색감: 화면과 비슷 / 퀄리티: 좋음 / 신축성: 거의 없음,True,0,filluminate,하의,L,BROWN,2026,6,26,금,4,응답,조금 큼,화면과 비슷,좋음,,,거의 없음,,,4.0,,2.0,,,1.0,1.0,0.0,0.0,,,생각한것보다 좀 두꺼웠는데 그래도 색도 괜찮고 기장이랑 딱 맞네요.,생각한것보다좀두꺼웠는데그래도색도괜찮고기장이랑딱맞네요,0,0,0,0,0,False,37,28,37,True
4969807,85788826,general,웃어라거북아,약간 원단이 보풀 나는 원단이라 반품 고민하다 핏은 이뻐서 품습니다 원단이 시원할거 같지 않아 계속 아쉬움은 남네용 길이는 좀 긴편인데 핏은 L가 이뿝니더,5.0,False,INDIGO · L,173.0,60.0,남성,2026-06-26 14:54:16,사이즈: 정사이즈 / 화면 대비 색감: 화면과 비슷 / 퀄리티: 나쁨 / 신축성: 적당함,True,0,filluminate,하의,L,INDIGO,2026,6,26,금,5,응답,정사이즈,화면과 비슷,나쁨,,,적당함,,,2.0,,3.0,,,0.0,0.0,0.0,0.0,,,약간 원단이 보풀 나는 원단이라 반품 고민하다 핏은 이뻐서 품습니다 원단이 시원할거 같지 않아 계속 아쉬움은 남네용 길이는 좀 긴편인데 핏은 L가 이뿝니더,약간원단이보풀나는원단이라반품고민하다핏은이뻐서품습니다원단이시원할거같지않아계속아쉬움은남네용길이는좀긴편인데핏은l가이뿝니더,0,0,0,0,0,False,86,63,86,True
4969807,85788616,style,중요한민트크롭,재질머감이 뭔가 아쉽긴한데 그래도 적당히 입기좋내요,3.0,False,INDIGO · L,176.0,70.0,남성,2026-06-26 14:49:21,사이즈: 조금 큼 / 화면 대비 색감: 화면과 비슷 / 퀄리티: 좋음 / 신축성: 적당함,True,0,filluminate,하의,L,INDIGO,2026,6,26,금,3,응답,조금 큼,화면과 비슷,좋음,,,적당함,,,4.0,,3.0,,,1.0,1.0,0.0,0.0,,,재질머감이 뭔가 아쉽긴한데 그래도 적당히 입기좋내요,재질머감이뭔가아쉽긴한데그래도적당히입기좋내요,0,0,0,0,0,False,28,23,28,True
4969807,85788326,general,중요한민트크롭,재질이 생각보다 시원하네요. 추리닝으로는 입기좋아보입니다.,3.0,False,INDIGO · L,176.0,70.0,남성,2026-06-26 14:42:03,사이즈: 정사이즈 / 화면 대비 색감: 밝음 / 퀄리티: 좋음 / 신축성: 강함,True,0,filluminate,하의,L,INDIGO,2026,6,26,금,3,응답,정사이즈,밝음,좋음,,,강함,,,4.0,,4.0,,,0.0,0.0,1.0,1.0,,,재질이 생각보다 시원하네요. 추리닝으로는 입기좋아보입니다.,재질이생각보다시원하네요추리닝으로는입기좋아보입니다,0,0,0,0,0,False,32,26,32,True
4969807,85780712,general,181010,길이 딱 이쁘게 맞고 허리는 밴딩이라 편합니다. 색감도 이쁘네요,5.0,False,BEIGE · L,178.0,80.0,남성,2026-06-26 11:10:24,사이즈: 정사이즈 / 화면 대비 색감: 화면과 비슷 / 퀄리티: 보통 / 신축성: 전혀 없음,False,0,filluminate,하의,L,BEIGE,2026,6,26,금,5,응답,정사이즈,화면과 비슷,보통,,,전혀 없음,,,3.0,,1.0,,,0.0,0.0,0.0,0.0,,,길이 딱 이쁘게 맞고 허리는 밴딩이라 편합니다. 색감도 이쁘네요,길이딱이쁘게맞고허리는밴딩이라편합니다색감도이쁘네요,0,0,0,0,0,False,35,26,35,True
4969807,85780692,style,하마알통,구김도 생각보다 잘안가고 기장도 적당해서 예뻐요~ 여름에.시원해요,5.0,False,BEIGE · M,175.0,72.0,남성,2026-06-26 11:09:47,사이즈: 정사이즈 / 화면 대비 색감: 화면과 비슷 / 퀄리티: 보통 / 신축성: 적당함,True,0,filluminate,하의,M,BEIGE,2026,6,26,금,5,응답,정사이즈,화면과 비슷,보통,,,적당함,,,3.0,,3.0,,,0.0,0.0,0.0,0.0,,,구김도 생각보다 잘안가고 기장도 적당해서 예뻐요~ 여름에.시원해요,구김도생각보다잘안가고기장도적당해서예뻐요여름에시원해요,0,0,0,0,0,False,36,28,36,True
4969807,85768274,general,신선한글로시셔츠,얇아서 막 입기 좋고 길이가 너무 안길어서 좋아요,5.0,False,INDIGO · M,177.0,62.0,남성,2026-06-25 23:56:13,사이즈: 정사이즈 / 화면 대비 색감: 밝음 / 퀄리티: 보통 / 신축성: 거의 없음,False,0,filluminate,하의,M,INDIGO,2026,6,25,목,5,응답,정사이즈,밝음,보통,,,거의 없음,,,3.0,,2.0,,,0.0,0.0,1.0,1.0,,,얇아서 막 입기 좋고 길이가 너무 안길어서 좋아요,얇아서막입기좋고길이가너무안길어서좋아요,0,0,0,0,0,False,27,20,27,True
4969807,85766859,general,군감자다,사이즈도 정사이즈고 색감도 예쁩니다  예쁘게 잘입을게요,5.0,False,INDIGO · XL,181.0,100.0,남성,2026-06-25 23:22:32,사이즈: 정사이즈 / 화면 대비 색감: 화면과 비슷 / 퀄리티: 보통 / 신축성: 적당함,False,0,filluminate,하의,XL,INDIGO,2026,6,25,목,5,응답,정사이즈,화면과 비슷,보통,,,적당함,,,3.0,,3.0,,,0.0,0.0,0.0,0.0,,,사이즈도 정사이즈고 색감도 예쁩니다 예쁘게 잘입을게요,사이즈도정사이즈고색감도예쁩니다예쁘게잘입을게요,0,0,0,0,0,False,30,24,29,True
4969807,85146394,general,동겸동,딱 베이지색 린넨 느낌 바지의 정석입니다 이걸 원했는데 굿,5.0,False,BEIGE · XL,181.0,83.0,남성,2026-06-25 23:21:45,사이즈: 조금 큼 / 화면 대비 색감: 화면과 비슷 / 퀄리티: 좋음 / 신축성: 강함,True,0,filluminate,하의,XL,BEIGE,2026,6,25,목,5,응답,조금 큼,화면과 비슷,좋음,,,강함,,,4.0,,4.0,,,1.0,1.0,0.0,0.0,,,딱 베이지색 린넨 느낌 바지의 정석입니다 이걸 원했는데 굿,딱베이지색린넨느낌바지의정석입니다이걸원했는데굿,0,0,0,0,0,False,32,24,32,True
4969807,85763354,general,훌륭한멜버른더비,핏이 좋아서 4번째 구매예요 브라운 색이 실제보니 더 이쁘네요,5.0,False,BROWN · L,174.0,81.0,남성,2026-06-25 22:20:19,사이즈: 정사이즈 / 화면 대비 색감: 화면과 비슷 / 퀄리티: 매우 좋음 / 신축성: 적당함,True,0,filluminate,하의,L,BROWN,2026,6,25,목,5,응답,정사이즈,화면과 비슷,매우 좋음,,,적당함,,,5.0,,3.0,,,0.0,0.0,0.0,0.0,,,핏이 좋아서 4번째 구매예요 브라운 색이 실제보니 더 이쁘네요,핏이좋아서4번째구매예요브라운색이실제보니더이쁘네요,0,0,0,0,0,False,34,25,34,True
4969807,85758266,general,활기찬터키의상,요즘 제일 자주 입는 바지입니다. 시원하고 편해요.,5.0,False,BEIGE · L,177.0,77.0,남성,2026-06-25 21:03:05,사이즈: 정사이즈 / 화면 대비 색감: 화면과 비슷 / 퀄리티: 좋음 / 신축성: 거의 없음,False,0,filluminate,하의,L,BEIGE,2026,6,25,목,5,응답,정사이즈,화면과 비슷,좋음,,,거의 없음,,,4.0,,2.0,,,0.0,0.0,0.0,0.0,,,요즘 제일 자주 입는 바지입니다. 시원하고 편해요.,요즘제일자주입는바지입니다시원하고편해요,0,0,0,0,0,False,28,20,28,True
4969807,85754489,general,옷잘사남,좋아요 빨리 배송오고 사이즈도 입고다니기 딱 적당해요,3.0,False,BEIGE · M,173.0,60.0,남성,2026-06-25 19:59:00,사이즈: 조금 작음 / 화면 대비 색감: 화면과 비슷 / 퀄리티: 보통 / 신축성: 적당함,False,0,filluminate,하의,M,BEIGE,2026,6,25,목,3,응답,조금 작음,화면과 비슷,보통,,,적당함,,,3.0,,3.0,,,-1.0,1.0,0.0,0.0,,,좋아요 빨리 배송오고 사이즈도 입고다니기 딱 적당해요,좋아요빨리배송오고사이즈도입고다니기딱적당해요,0,0,0,0,0,False,29,23,29,True
4969807,85752700,general,유유유자,처음에 도착해서 봤을때는 그냥 그랬는데 입다보니 핏이 너무 이뻐요!! 그래서 다른색으로 재구매 했어요,5.0,False,BLACK · M,162.0,63.0,여성,2026-06-25 19:31:36,사이즈: 많이 큼 / 화면 대비 색감: 화면과 비슷 / 퀄리티: 좋음 / 신축성: 적당함,False,0,filluminate,하의,M,BLACK,2026,6,25,목,5,응답,많이 큼,화면과 비슷,좋음,,,적당함,,,4.0,,3.0,,,2.0,2.0,0.0,0.0,,,처음에 도착해서 봤을때는 그냥 그랬는데 입다보니 핏이 너무 이뻐요!! 그래서 다른색으로 재구매 했어요,처음에도착해서봤을때는그냥그랬는데입다보니핏이너무이뻐요그래서다른색으로재구매했어요,0,0,2,0,0,False,56,42,56,True
4969807,85751641,general,JMbts,가볍고 시원헌 재질입니다. 가볍고 신축성은 없어요. 색상은 화면 그대로 입니다.,5.0,False,INDIGO · XL,186.0,90.0,남성,2026-06-25 19:14:26,사이즈: 정사이즈 / 화면 대비 색감: 화면과 비슷 / 퀄리티: 매우 좋음 / 신축성: 전혀 없음,True,0,filluminate,하의,XL,INDIGO,2026,6,25,목,5,응답,정사이즈,화면과 비슷,매우 좋음,,,전혀 없음,,,5.0,,1.0,,,0.0,0.0,0.0,0.0,,,가볍고 시원헌 재질입니다. 가볍고 신축성은 없어요. 색상은 화면 그대로 입니다.,가볍고시원헌재질입니다가볍고신축성은없어요색상은화면그대로입니다,0,0,0,0,0,False,44,32,44,True
4969807,85750641,general,튼튼한광주워킹화,편하고 시원해서 여름에 입기 좋아요 가성비 최고예요,5.0,False,BEIGE · L,179.0,84.0,남성,2026-06-25 18:57:10,사이즈: 정사이즈 / 화면 대비 색감: 화면과 비슷 / 퀄리티: 보통 / 신축성: 적당함,True,0,filluminate,하의,L,BEIGE,2026,6,25,목,5,응답,정사이즈,화면과 비슷,보통,,,적당함,,,3.0,,3.0,,,0.0,0.0,0.0,0.0,,,편하고 시원해서 여름에 입기 좋아요 가성비 최고예요,편하고시원해서여름에입기좋아요가성비최고예요,0,0,0,0,0,False,28,22,28,True
4969807,85747153,style,훌라라,린넨 소재라 여름에 입기 좋습니다!! 색감도 청바지 느낌이라 코디하기도 좋아보이네여,5.0,False,INDIGO · L,178.0,73.0,남성,2026-06-25 17:45:25,사이즈: 정사이즈 / 화면 대비 색감: 화면과 비슷 / 퀄리티: 보통 / 신축성: 적당함,True,0,filluminate,하의,L,INDIGO,2026,6,25,목,5,응답,정사이즈,화면과 비슷,보통,,,적당함,,,3.0,,3.0,,,0.0,0.0,0.0,0.0,,,린넨 소재라 여름에 입기 좋습니다!! 색감도 청바지 느낌이라 코디하기도 좋아보이네여,린넨소재라여름에입기좋습니다색감도청바지느낌이라코디하기도좋아보이네여,0,0,2,0,0,False,46,35,46,True
4969807,85746689,general,승현콩콩,엄청 시원해요 대신 사이즈 하나 다운하면 충분해요,5.0,False,BLACK · L,176.0,73.0,남성,2026-06-25 17:34:26,사이즈: 정사이즈 / 화면 대비 색감: 화면과 비슷 / 퀄리티: 보통 / 신축성: 적당함,True,0,filluminate,하의,L,BLACK,2026,6,25,목,5,응답,정사이즈,화면과 비슷,보통,,,적당함,,,3.0,,3.0,,,0.0,0.0,0.0,0.0,,,엄청 시원해요 대신 사이즈 하나 다운하면 충분해요,엄청시원해요대신사이즈하나다운하면충분해요,0,0,0,0,0,False,27,21,27,True
4969807,85746591,style,투명한노랑피코트,할인가에 구매해서 가성비 좋게 입을 수 있을거 같아요,5.0,False,BEIGE · L,172.0,68.0,남성,2026-06-25 17:31:45,사이즈: 정사이즈 / 화면 대비 색감: 화면과 비슷 / 퀄리티: 보통 / 신축성: 적당함,True,0,filluminate,하의,L,BEIGE,2026,6,25,목,5,응답,정사이즈,화면과 비슷,보통,,,적당함,,,3.0,,3.0,,,0.0,0.0,0.0,0.0,,,할인가에 구매해서 가성비 좋게 입을 수 있을거 같아요,할인가에구매해서가성비좋게입을수있을거같아요,0,0,0,0,0,False,29,22,29,True
4969807,85746580,general,투명한노랑피코트,할인가에 구매해서 가성비 좋게 입을 수 있을거 같아요,5.0,False,BEIGE · L,172.0,68.0,남성,2026-06-25 17:31:32,사이즈: 정사이즈 / 화면 대비 색감: 화면과 비슷 / 퀄리티: 보통 / 신축성: 적당함,True,0,filluminate,하의,L,BEIGE,2026,6,25,목,5,응답,정사이즈,화면과 비슷,보통,,,적당함,,,3.0,,3.0,,,0.0,0.0,0.0,0.0,,,할인가에 구매해서 가성비 좋게 입을 수 있을거 같아요,할인가에구매해서가성비좋게입을수있을거같아요,0,0,0,0,0,False,29,22,29,True
4969807,85744300,style,뻔뻔한압구정컷팅,흰티랑 입으면 멋져요. 부들부들 좋아요. 굿궇이에요. 또 감,5.0,False,LIGHT BLUE · M,161.0,55.0,여성,2026-06-25 16:35:55,사이즈: 정사이즈 / 화면 대비 색감: 화면과 비슷 / 퀄리티: 보통 / 신축성: 거의 없음,True,0,filluminate,하의,M,LIGHT BLUE,2026,6,25,목,5,응답,정사이즈,화면과 비슷,보통,,,거의 없음,,,3.0,,2.0,,,0.0,0.0,0.0,0.0,,,흰티랑 입으면 멋져요. 부들부들 좋아요. 굿궇이에요. 또 감,흰티랑입으면멋져요부들부들좋아요굿궇이에요또감,0,0,0,0,0,False,33,23,33,True
4969807,85744267,general,뻔뻔한압구정컷팅,아들이 아주 맘에 들어함 시원한 천이라 좋아여 굿긋,5.0,False,LIGHT BLUE · M,161.0,55.0,여성,2026-06-25 16:35:07,사이즈: 정사이즈 / 화면 대비 색감: 화면과 비슷 / 퀄리티: 보통 / 신축성: 적당함,True,0,filluminate,하의,M,LIGHT BLUE,2026,6,25,목,5,응답,정사이즈,화면과 비슷,보통,,,적당함,,,3.0,,3.0,,,0.0,0.0,0.0,0.0,,,아들이 아주 맘에 들어함 시원한 천이라 좋아여 굿긋,아들이아주맘에들어함시원한천이라좋아여굿긋,0,0,0,0,0,False,28,21,28,True
4969807,85743978,style,뻔뻔한압구정컷팅,부드럽고 팔랑여서. 여름에서 폼나고 좋으네요. 굿,5.0,False,BEIGE · M,161.0,55.0,여성,2026-06-25 16:28:47,사이즈: 정사이즈 / 화면 대비 색감: 화면과 비슷 / 퀄리티: 좋음 / 신축성: 적당함,True,0,filluminate,하의,M,BEIGE,2026,6,25,목,5,응답,정사이즈,화면과 비슷,좋음,,,적당함,,,4.0,,3.0,,,0.0,0.0,0.0,0.0,,,부드럽고 팔랑여서. 여름에서 폼나고 좋으네요. 굿,부드럽고팔랑여서여름에서폼나고좋으네요굿,0,0,0,0,0,False,27,20,27,True
4969807,85743928,general,뻔뻔한압구정컷팅,편하고 얇고 아들내미 품이에요 175-70이에요,5.0,False,BEIGE · M,161.0,55.0,여성,2026-06-25 16:28:00,사이즈: 정사이즈 / 화면 대비 색감: 밝음 / 퀄리티: 나쁨 / 신축성: 거의 없음,True,0,filluminate,하의,M,BEIGE,2026,6,25,목,5,응답,정사이즈,밝음,나쁨,,,거의 없음,,,2.0,,2.0,,,0.0,0.0,1.0,1.0,,,편하고 얇고 아들내미 품이에요 175-70이에요,편하고얇고아들내미품이에요17570이에요,0,0,0,0,0,False,26,16,26,True
4969807,85742101,general,기차히,바지 너무 예뻐서 여러장 샀어요 사이즈도 좋고 허리밴딩 편해요,5.0,False,BLACK · L,177.0,64.0,남성,2026-06-25 15:44:33,사이즈: 정사이즈 / 화면 대비 색감: 화면과 비슷 / 퀄리티: 보통 / 신축성: 적당함,False,0,filluminate,하의,L,BLACK,2026,6,25,목,5,응답,정사이즈,화면과 비슷,보통,,,적당함,,,3.0,,3.0,,,0.0,0.0,0.0,0.0,,,바지 너무 예뻐서 여러장 샀어요 사이즈도 좋고 허리밴딩 편해요,바지너무예뻐서여러장샀어요사이즈도좋고허리밴딩편해요,0,0,0,0,0,False,34,26,34,True
4969807,85739019,general,csw556,바지가 너무 가볍고 좋아요 다른 색으로 하나 더 살걸 그랬다는 생각이 들더라고여,5.0,False,BEIGE · L,174.0,80.0,남성,2026-06-25 14:33:30,사이즈: 정사이즈 / 화면 대비 색감: 화면과 비슷 / 퀄리티: 보통 / 신축성: 적당함,False,0,filluminate,하의,L,BEIGE,2026,6,25,목,5,응답,정사이즈,화면과 비슷,보통,,,적당함,,,3.0,,3.0,,,0.0,0.0,0.0,0.0,,,바지가 너무 가볍고 좋아요 다른 색으로 하나 더 살걸 그랬다는 생각이 들더라고여,바지가너무가볍고좋아요다른색으로하나더살걸그랬다는생각이들더라고여,0,0,0,0,0,False,44,33,44,True
4969807,85736757,general,경덕경덕,여름에 막 입을 예쁜바지 찾은거 같아서 좋습니다!!,5.0,False,LIGHT BLUE · XL,177.0,78.0,남성,2026-06-25 13:44:24,사이즈: 정사이즈 / 화면 대비 색감: 화면과 비슷 / 퀄리티: 보통 / 신축성: 적당함,False,0,filluminate,하의,XL,LIGHT BLUE,2026,6,25,목,5,응답,정사이즈,화면과 비슷,보통,,,적당함,,,3.0,,3.0,,,0.0,0.0,0.0,0.0,,,여름에 막 입을 예쁜바지 찾은거 같아서 좋습니다!!,여름에막입을예쁜바지찾은거같아서좋습니다,0,0,2,0,0,False,28,20,28,True
4969807,85736740,general,경덕경덕,여름에 막 입을 예쁜바지 찾은거 같아서 좋습니다!!,5.0,False,INDIGO · XL,177.0,77.0,남성,2026-06-25 13:44:05,사이즈: 정사이즈 / 화면 대비 색감: 화면과 비슷 / 퀄리티: 보통 / 신축성: 적당함,False,0,filluminate,하의,XL,INDIGO,2026,6,25,목,5,응답,정사이즈,화면과 비슷,보통,,,적당함,,,3.0,,3.0,,,0.0,0.0,0.0,0.0,,,여름에 막 입을 예쁜바지 찾은거 같아서 좋습니다!!,여름에막입을예쁜바지찾은거같아서좋습니다,0,0,2,0,0,False,28,20,28,True
4969807,85730985,general,박취취,"린넨 소재라 너무 무겁지도 않고  올여름 시원하게 잘 입을 수 있을 것 같아요 허리는 밴딩도 너무 조이지 않아서 답답하지 않고 길이도 너무 길지 않아 수선할 필요 없어서 좋네요 검정색 티셔츠랑 같이 입어봤는데 흰색, 베이지 계열 상의에 입으면 시원해보이고  좋을 것 같아요",5.0,False,BROWN · M,170.0,60.0,여성,2026-06-25 11:22:20,사이즈: 조금 큼 / 화면 대비 색감: 화면과 비슷 / 퀄리티: 보통 / 신축성: 거의 없음,True,0,filluminate,하의,M,BROWN,2026,6,25,목,5,응답,조금 큼,화면과 비슷,보통,,,거의 없음,,,3.0,,2.0,,,1.0,1.0,0.0,0.0,,,"린넨 소재라 너무 무겁지도 않고 올여름 시원하게 잘 입을 수 있을 것 같아요 허리는 밴딩도 너무 조이지 않아서 답답하지 않고 길이도 너무 길지 않아 수선할 필요 없어서 좋네요 검정색 티셔츠랑 같이 입어봤는데 흰색, 베이지 계열 상의에 입으면 시원해보이고 좋을 것 같아요",린넨소재라너무무겁지도않고올여름시원하게잘입을수있을것같아요허리는밴딩도너무조이지않아서답답하지않고길이도너무길지않아수선할필요없어서좋네요검정색티셔츠랑같이입어봤는데흰색베이지계열상의에입으면시원해보이고좋을것같아요,0,0,0,0,0,False,152,109,150,True
4969807,85730362,style,G_G.et,생각했던거 보다 디자인이나 마감이 괜찮은거 같아요 좋아요.,5.0,False,BEIGE · XL,179.0,105.0,남성,2026-06-25 11:07:42,사이즈: 정사이즈 / 화면 대비 색감: 밝음 / 퀄리티: 보통 / 신축성: 적당함,True,0,filluminate,하의,XL,BEIGE,2026,6,25,목,5,응답,정사이즈,밝음,보통,,,적당함,,,3.0,,3.0,,,0.0,0.0,1.0,1.0,,,생각했던거 보다 디자인이나 마감이 괜찮은거 같아요 좋아요.,생각했던거보다디자인이나마감이괜찮은거같아요좋아요,0,0,0,0,0,False,32,25,32,True
4969807,85725002,general,친절한강남벨벳,조금 큰거같은데 여름엔 안 달라붙으게 입어야되니 더 좋네요,3.0,False,BEIGE · L,178.0,80.0,남성,2026-06-25 07:55:56,사이즈: 조금 큼 / 화면 대비 색감: 화면과 비슷 / 퀄리티: 좋음 / 신축성: 적당함,False,0,filluminate,하의,L,BEIGE,2026,6,25,목,3,응답,조금 큼,화면과 비슷,좋음,,,적당함,,,4.0,,3.0,,,1.0,1.0,0.0,0.0,,,조금 큰거같은데 여름엔 안 달라붙으게 입어야되니 더 좋네요,조금큰거같은데여름엔안달라붙으게입어야되니더좋네요,0,0,0,0,0,False,32,25,32,True
4969807,85723449,general,깐깐쬬,여름에 입기 좋은 소잰거 같아서 주문했는데 색상이며 소재며 다 마음에 듭니다! 예쁘게 입을게요 ㅎ,5.0,False,INDIGO · XL,181.0,83.0,남성,2026-06-25 05:17:18,사이즈: 정사이즈 / 화면 대비 색감: 화면과 비슷 / 퀄리티: 좋음 / 신축성: 적당함,False,0,filluminate,하의,XL,INDIGO,2026,6,25,목,5,응답,정사이즈,화면과 비슷,좋음,,,적당함,,,4.0,,3.0,,,0.0,0.0,0.0,0.0,,,여름에 입기 좋은 소잰거 같아서 주문했는데 색상이며 소재며 다 마음에 듭니다! 예쁘게 입을게요 ㅎ,여름에입기좋은소잰거같아서주문했는데색상이며소재며다마음에듭니다예쁘게입을게요,1,0,1,0,0,False,54,39,54,True
4969807,85722135,general,민첩한케냐힙합,깔쌈하니 입기좋아요 데일리로 추천합니다 편해요,5.0,False,LIGHT BLUE · L,174.0,80.0,남성,2026-06-25 02:09:31,사이즈: 정사이즈 / 화면 대비 색감: 화면과 비슷 / 퀄리티: 보통 / 신축성: 적당함,False,0,filluminate,하의,L,LIGHT BLUE,2026,6,25,목,5,응답,정사이즈,화면과 비슷,보통,,,적당함,,,3.0,,3.0,,,0.0,0.0,0.0,0.0,,,깔쌈하니 입기좋아요 데일리로 추천합니다 편해요,깔쌈하니입기좋아요데일리로추천합니다편해요,0,0,0,0,0,False,25,21,25,True
4969807,85718846,general,리얼한니스오글리,바지 이쁘거 사이즈도 적당히 잘 맞습니다 싼게 잘 산거 같아요,5.0,False,BROWN · L,170.0,65.0,missing,2026-06-25 00:10:25,사이즈: 정사이즈 / 화면 대비 색감: 화면과 비슷 / 퀄리티: 보통 / 신축성: 적당함,False,0,filluminate,하의,L,BROWN,2026,6,25,목,5,응답,정사이즈,화면과 비슷,보통,,,적당함,,,3.0,,3.0,,,0.0,0.0,0.0,0.0,,,바지 이쁘거 사이즈도 적당히 잘 맞습니다 싼게 잘 산거 같아요,바지이쁘거사이즈도적당히잘맞습니다싼게잘산거같아요,0,0,0,0,0,False,34,25,34,True
4969807,85713497,general,옷을걸치자,합리적인 가격에 핏도 예쁘고 원단도 좋습니다 어떤 룩이든 잘 어울려요,5.0,False,BLACK · XL,185.0,90.0,남성,2026-06-24 22:56:31,사이즈: 정사이즈 / 화면 대비 색감: 화면과 비슷 / 퀄리티: 좋음 / 신축성: 적당함,False,0,filluminate,하의,XL,BLACK,2026,6,24,수,5,응답,정사이즈,화면과 비슷,좋음,,,적당함,,,4.0,,3.0,,,0.0,0.0,0.0,0.0,,,합리적인 가격에 핏도 예쁘고 원단도 좋습니다 어떤 룩이든 잘 어울려요,합리적인가격에핏도예쁘고원단도좋습니다어떤룩이든잘어울려요,0,0,0,0,0,False,38,29,38,True
4969807,85713437,general,유죠123,확실히 얇고 편해요 여름에 입기 좋은 바지인거같아요,5.0,False,INDIGO · L,173.0,78.0,남성,2026-06-24 22:55:56,사이즈: 정사이즈 / 화면 대비 색감: 화면과 비슷 / 퀄리티: 보통 / 신축성: 적당함,True,0,filluminate,하의,L,INDIGO,2026,6,24,수,5,응답,정사이즈,화면과 비슷,보통,,,적당함,,,3.0,,3.0,,,0.0,0.0,0.0,0.0,,,확실히 얇고 편해요 여름에 입기 좋은 바지인거같아요,확실히얇고편해요여름에입기좋은바지인거같아요,0,0,0,0,0,False,28,22,28,True
4969807,85713376,style,유죠123,확실히 시원하고 편한게 여름에 계속입게될거같아요,5.0,False,INDIGO · L,173.0,78.0,남성,2026-06-24 22:55:11,사이즈: 조금 큼 / 화면 대비 색감: 화면과 비슷 / 퀄리티: 보통 / 신축성: 강함,True,0,filluminate,하의,L,INDIGO,2026,6,24,수,5,응답,조금 큼,화면과 비슷,보통,,,강함,,,3.0,,4.0,,,1.0,1.0,0.0,0.0,,,확실히 시원하고 편한게 여름에 계속입게될거같아요,확실히시원하고편한게여름에계속입게될거같아요,0,0,0,0,0,False,26,22,26,True
4969807,85711159,general,눈부신북촌투피스,옷이 시원하니 좋네요 특히 청자켓이랑 잘 어울려요,5.0,False,BEIGE · L,173.0,75.0,남성,2026-06-24 22:29:49,사이즈: 정사이즈 / 화면 대비 색감: 화면과 비슷 / 퀄리티: 보통 / 신축성: 적당함,False,0,filluminate,하의,L,BEIGE,2026,6,24,수,5,응답,정사이즈,화면과 비슷,보통,,,적당함,,,3.0,,3.0,,,0.0,0.0,0.0,0.0,,,옷이 시원하니 좋네요 특히 청자켓이랑 잘 어울려요,옷이시원하니좋네요특히청자켓이랑잘어울려요,0,0,0,0,0,False,27,21,27,True
4969807,85709341,general,강인한플럼꽃무늬,화면과 비슷학요...배송도 빠르고 편안하고 좋아요. 또구매할게요.,5.0,False,LIGHT BLUE · M,173.0,68.0,남성,2026-06-24 22:08:47,사이즈: 정사이즈 / 화면 대비 색감: 화면과 비슷 / 퀄리티: 보통 / 신축성: 적당함,True,0,filluminate,하의,M,LIGHT BLUE,2026,6,24,수,5,응답,정사이즈,화면과 비슷,보통,,,적당함,,,3.0,,3.0,,,0.0,0.0,0.0,0.0,,,화면과 비슷학요...배송도 빠르고 편안하고 좋아요. 또구매할게요.,화면과비슷학요배송도빠르고편안하고좋아요또구매할게요,0,0,0,0,0,True,36,26,36,True
4969807,85708342,general,기쁜회색이지웨어,여름에 시원하게 편하게입기좋을거같아요 자주입을거 같네요,4.0,False,INDIGO · XL,178.0,77.0,남성,2026-06-24 21:56:19,사이즈: 조금 작음 / 화면 대비 색감: 밝음 / 퀄리티: 보통 / 신축성: 적당함,False,0,filluminate,하의,XL,INDIGO,2026,6,24,수,4,응답,조금 작음,밝음,보통,,,적당함,,,3.0,,3.0,,,-1.0,1.0,1.0,1.0,,,여름에 시원하게 편하게입기좋을거같아요 자주입을거 같네요,여름에시원하게편하게입기좋을거같아요자주입을거같네요,0,0,0,0,0,False,30,26,30,True
4969807,85704959,general,정직한동묘캡,가격대비 퀄리티가 괜찮고 편함. 여름에 입기 딱 좋음.,4.0,False,BEIGE · M,173.0,64.0,남성,2026-06-24 21:13:21,사이즈: 조금 큼 / 화면 대비 색감: 화면과 비슷 / 퀄리티: 좋음 / 신축성: 적당함,True,0,filluminate,하의,M,BEIGE,2026,6,24,수,4,응답,조금 큼,화면과 비슷,좋음,,,적당함,,,4.0,,3.0,,,1.0,1.0,0.0,0.0,,,가격대비 퀄리티가 괜찮고 편함. 여름에 입기 딱 좋음.,가격대비퀄리티가괜찮고편함여름에입기딱좋음,0,0,0,0,0,False,30,21,30,True
4969807,85697291,general,내가보스몬,여름에입기에 원단이 가볍고 핏도 마음에듭니다,5.0,False,BLACK · L,175.0,74.0,남성,2026-06-24 19:24:34,사이즈: 정사이즈 / 화면 대비 색감: 화면과 비슷 / 퀄리티: 보통 / 신축성: 적당함,True,0,filluminate,하의,L,BLACK,2026,6,24,수,5,응답,정사이즈,화면과 비슷,보통,,,적당함,,,3.0,,3.0,,,0.0,0.0,0.0,0.0,,,여름에입기에 원단이 가볍고 핏도 마음에듭니다,여름에입기에원단이가볍고핏도마음에듭니다,0,0,0,0,0,False,24,20,24,True
4969807,85697272,style,내가보스몬,여름에입기에 원단이 가볍고 핏도 마음에듭니다,5.0,False,BLACK · L,175.0,74.0,남성,2026-06-24 19:24:14,사이즈: 정사이즈 / 화면 대비 색감: 화면과 비슷 / 퀄리티: 보통 / 신축성: 적당함,True,0,filluminate,하의,L,BLACK,2026,6,24,수,5,응답,정사이즈,화면과 비슷,보통,,,적당함,,,3.0,,3.0,,,0.0,0.0,0.0,0.0,,,여름에입기에 원단이 가볍고 핏도 마음에듭니다,여름에입기에원단이가볍고핏도마음에듭니다,0,0,0,0,0,False,24,20,24,True
4969807,85690342,general,강인한플럼꽃무늬,여름에 입기 좋은 재질이고 가격도 저렴해서 많이 이보있네요,5.0,False,INDIGO · M,173.0,68.0,남성,2026-06-24 17:31:00,사이즈: 정사이즈 / 화면 대비 색감: 밝음 / 퀄리티: 보통 / 신축성: 거의 없음,True,0,filluminate,하의,M,INDIGO,2026,6,24,수,5,응답,정사이즈,밝음,보통,,,거의 없음,,,3.0,,2.0,,,0.0,0.0,1.0,1.0,,,여름에 입기 좋은 재질이고 가격도 저렴해서 많이 이보있네요,여름에입기좋은재질이고가격도저렴해서많이이보있네요,0,0,0,0,0,False,32,25,32,True
4969807,85689853,general,방구ㅣ,원단이 여름원단이라 여름에도 시원할거같아요 막입기 좋을듯,4.0,False,INDIGO · M,175.0,74.0,남성,2026-06-24 17:23:52,사이즈: 정사이즈 / 화면 대비 색감: 어두움 / 퀄리티: 나쁨 / 신축성: 적당함,True,0,filluminate,하의,M,INDIGO,2026,6,24,수,4,응답,정사이즈,어두움,나쁨,,,적당함,,,2.0,,3.0,,,0.0,0.0,-1.0,1.0,,,원단이 여름원단이라 여름에도 시원할거같아요 막입기 좋을듯,원단이여름원단이라여름에도시원할거같아요막입기좋을듯,0,0,0,0,0,False,31,26,31,True
4969807,85688950,general,꿈많은성수크림진,기장 길이가 좀 더 길었으면 좋겠어요! 두께는 생각보다 살짝 두꺼워요.,4.0,False,BEIGE · XL,187.0,92.0,남성,2026-06-24 17:11:17,사이즈: 조금 작음 / 화면 대비 색감: 화면과 비슷 / 퀄리티: 보통 / 신축성: 적당함,True,0,filluminate,하의,XL,BEIGE,2026,6,24,수,4,응답,조금 작음,화면과 비슷,보통,,,적당함,,,3.0,,3.0,,,-1.0,1.0,0.0,0.0,,,기장 길이가 좀 더 길었으면 좋겠어요! 두께는 생각보다 살짝 두꺼워요.,기장길이가좀더길었으면좋겠어요두께는생각보다살짝두꺼워요,0,0,1,0,0,False,39,28,39,True
4969807,85685593,general,공구공오,너무 편하고 입기 좋고 휘뚜루마뚜루 어디나 다 잘 어울리고 시원한 바지.,5.0,False,INDIGO · XL,180.0,81.0,남성,2026-06-24 16:14:07,사이즈: 정사이즈 / 화면 대비 색감: 화면과 비슷 / 퀄리티: 보통 / 신축성: 적당함,True,0,filluminate,하의,XL,INDIGO,2026,6,24,수,5,응답,정사이즈,화면과 비슷,보통,,,적당함,,,3.0,,3.0,,,0.0,0.0,0.0,0.0,,,너무 편하고 입기 좋고 휘뚜루마뚜루 어디나 다 잘 어울리고 시원한 바지.,너무편하고입기좋고휘뚜루마뚜루어디나다잘어울리고시원한바지,0,0,0,0,0,False,40,29,40,True
4969807,85685568,general,공구공오,너무 편하고 시원하고 휘뚜루마뚜루 입을 수 있어서 색깔별로 다 사는중,5.0,False,BLACK · XL,180.0,81.0,남성,2026-06-24 16:13:33,사이즈: 정사이즈 / 화면 대비 색감: 화면과 비슷 / 퀄리티: 보통 / 신축성: 적당함,True,0,filluminate,하의,XL,BLACK,2026,6,24,수,5,응답,정사이즈,화면과 비슷,보통,,,적당함,,,3.0,,3.0,,,0.0,0.0,0.0,0.0,,,너무 편하고 시원하고 휘뚜루마뚜루 입을 수 있어서 색깔별로 다 사는중,너무편하고시원하고휘뚜루마뚜루입을수있어서색깔별로다사는중,0,0,0,0,0,False,38,29,38,True
4969807,85684886,general,선명한인디고부츠,적당히 얇으면서 편한 바지입니다. 한여름에는 조금 덥게 느껴질 수도 있겠네요,5.0,False,BLACK · L,180.0,60.0,남성,2026-06-24 16:00:15,사이즈: 정사이즈 / 화면 대비 색감: 화면과 비슷 / 퀄리티: 보통 / 신축성: 거의 없음,False,0,filluminate,하의,L,BLACK,2026,6,24,수,5,응답,정사이즈,화면과 비슷,보통,,,거의 없음,,,3.0,,2.0,,,0.0,0.0,0.0,0.0,,,적당히 얇으면서 편한 바지입니다. 한여름에는 조금 덥게 느껴질 수도 있겠네요,적당히얇으면서편한바지입니다한여름에는조금덥게느껴질수도있겠네요,0,0,0,0,0,False,42,32,42,True
4969807,85684120,style,외로운금색숄더백,핏 좋고 옷에 대해 잘모르면 그냥 구매하셔도 실패는 없습니다,5.0,False,BLACK · M,167.0,63.0,남성,2026-06-24 15:46:30,사이즈: 정사이즈 / 화면 대비 색감: 화면과 비슷 / 퀄리티: 보통 / 신축성: 적당함,True,0,filluminate,하의,M,BLACK,2026,6,24,수,5,응답,정사이즈,화면과 비슷,보통,,,적당함,,,3.0,,3.0,,,0.0,0.0,0.0,0.0,,,핏 좋고 옷에 대해 잘모르면 그냥 구매하셔도 실패는 없습니다,핏좋고옷에대해잘모르면그냥구매하셔도실패는없습니다,0,0,0,0,0,False,33,25,33,True
4969807,85678859,general,싹싹한회색롱부츠,아주 시원하고 입기 딱 좋았어요. 추천합니다 굿굿,5.0,False,BEIGE · L,182.0,79.0,남성,2026-06-24 14:10:09,사이즈: 정사이즈 / 화면 대비 색감: 화면과 비슷 / 퀄리티: 보통 / 신축성: 적당함,False,0,filluminate,하의,L,BEIGE,2026,6,24,수,5,응답,정사이즈,화면과 비슷,보통,,,적당함,,,3.0,,3.0,,,0.0,0.0,0.0,0.0,,,아주 시원하고 입기 딱 좋았어요. 추천합니다 굿굿,아주시원하고입기딱좋았어요추천합니다굿굿,0,0,0,0,0,False,27,20,27,True
4969807,85473114,general,심플한캐나다조끼,"총장은 좀 깁니다. 수선을 해야했고, 색상이나 허리는 잘 맞습니다. 시원한 소재라서 여름이랑 봄에 입기 딱입니다",5.0,False,LIGHT BLUE · M,169.0,60.0,남성,2026-06-24 12:36:49,사이즈: 많이 큼 / 화면 대비 색감: 화면과 비슷 / 퀄리티: 좋음 / 신축성: 강함,True,0,filluminate,하의,M,LIGHT BLUE,2026,6,24,수,5,응답,많이 큼,화면과 비슷,좋음,,,강함,,,4.0,,4.0,,,2.0,2.0,0.0,0.0,,,"총장은 좀 깁니다. 수선을 해야했고, 색상이나 허리는 잘 맞습니다. 시원한 소재라서 여름이랑 봄에 입기 딱입니다",총장은좀깁니다수선을해야했고색상이나허리는잘맞습니다시원한소재라서여름이랑봄에입기딱입니다,0,0,0,0,0,False,62,45,62,True
4969807,85674052,general,감미로운이대쪼리,오버핏을 좋아해서 크게 샀는데 허리가 조금 불편한 느낌? 말고는 너무 예쁘고 시원하게 입고 있어요 굿!!,5.0,False,BEIGE · L,178.0,98.0,남성,2026-06-24 12:36:34,사이즈: 조금 큼 / 화면 대비 색감: 화면과 비슷 / 퀄리티: 보통 / 신축성: 거의 없음,False,0,filluminate,하의,L,BEIGE,2026,6,24,수,5,응답,조금 큼,화면과 비슷,보통,,,거의 없음,,,3.0,,2.0,,,1.0,1.0,0.0,0.0,,,오버핏을 좋아해서 크게 샀는데 허리가 조금 불편한 느낌? 말고는 너무 예쁘고 시원하게 입고 있어요 굿!!,오버핏을좋아해서크게샀는데허리가조금불편한느낌말고는너무예쁘고시원하게입고있어요굿,0,0,2,1,0,False,58,41,58,True
4969807,85673282,style,자라와 토끼,시원하고 핏 자체는 좋은데 생각보다 많이 연하고 밝아서 은근 코디하기가 까다롭다고 느끼네요,4.0,False,LIGHT BLUE · M,178.0,68.0,남성,2026-06-24 12:22:25,사이즈: 정사이즈 / 화면 대비 색감: 매우 밝음 / 퀄리티: 보통 / 신축성: 적당함,True,0,filluminate,하의,M,LIGHT BLUE,2026,6,24,수,4,응답,정사이즈,매우 밝음,보통,,,적당함,,,3.0,,3.0,,,0.0,0.0,2.0,2.0,,,시원하고 핏 자체는 좋은데 생각보다 많이 연하고 밝아서 은근 코디하기가 까다롭다고 느끼네요,시원하고핏자체는좋은데생각보다많이연하고밝아서은근코디하기가까다롭다고느끼네요,0,0,0,0,0,False,50,39,50,True
4969807,85672394,general,괴물신입,깔끔하고 핏도 굉장히 예쁘네요. 가격대비 매우 만족합니다,5.0,False,BLACK · M,173.0,82.0,남성,2026-06-24 12:05:40,사이즈: 정사이즈 / 화면 대비 색감: 화면과 비슷 / 퀄리티: 보통 / 신축성: 적당함,False,0,filluminate,하의,M,BLACK,2026,6,24,수,5,응답,정사이즈,화면과 비슷,보통,,,적당함,,,3.0,,3.0,,,0.0,0.0,0.0,0.0,,,깔끔하고 핏도 굉장히 예쁘네요. 가격대비 매우 만족합니다,깔끔하고핏도굉장히예쁘네요가격대비매우만족합니다,0,0,0,0,0,False,31,24,31,True
4969807,85670950,style,더키스트,저한테 기장이 살짝 길지만 조금만 올려입으면 신발 신었을때 딱 떨어져요,5.0,False,INDIGO · M,165.0,55.0,남성,2026-06-24 11:37:02,사이즈: 조금 큼 / 화면 대비 색감: 화면과 비슷 / 퀄리티: 나쁨 / 신축성: 적당함,True,0,filluminate,하의,M,INDIGO,2026,6,24,수,5,응답,조금 큼,화면과 비슷,나쁨,,,적당함,,,2.0,,3.0,,,1.0,1.0,0.0,0.0,,,저한테 기장이 살짝 길지만 조금만 올려입으면 신발 신었을때 딱 떨어져요,저한테기장이살짝길지만조금만올려입으면신발신었을때딱떨어져요,0,0,0,0,0,False,39,30,39,True
4969807,85670862,general,더키스트,아무래도 데님이다보니 물이 잘빠지거닌 이염이 될거라는건 알았지만 이염 정도가 심해요,5.0,False,INDIGO · M,165.0,55.0,남성,2026-06-24 11:35:28,사이즈: 조금 큼 / 화면 대비 색감: 화면과 비슷 / 퀄리티: 나쁨 / 신축성: 적당함,True,0,filluminate,하의,M,INDIGO,2026,6,24,수,5,응답,조금 큼,화면과 비슷,나쁨,,,적당함,,,2.0,,3.0,,,1.0,1.0,0.0,0.0,,,아무래도 데님이다보니 물이 잘빠지거닌 이염이 될거라는건 알았지만 이염 정도가 심해요,아무래도데님이다보니물이잘빠지거닌이염이될거라는건알았지만이염정도가심해요,0,0,0,0,0,False,46,37,46,True
4969807,85669256,general,승1!,기장이 살짝만 더 길었다면 더 좋았을 거 같아옹 그래도 만족!,5.0,False,LIGHT BLUE · M,175.0,59.0,남성,2026-06-24 11:03:39,사이즈: 정사이즈 / 화면 대비 색감: 화면과 비슷 / 퀄리티: 보통 / 신축성: 적당함,False,0,filluminate,하의,M,LIGHT BLUE,2026,6,24,수,5,응답,정사이즈,화면과 비슷,보통,,,적당함,,,3.0,,3.0,,,0.0,0.0,0.0,0.0,,,기장이 살짝만 더 길었다면 더 좋았을 거 같아옹 그래도 만족!,기장이살짝만더길었다면더좋았을거같아옹그래도만족,0,0,1,0,0,False,34,24,34,True
4969807,85666355,general,은밀한분홍깔창,시원하거 편해서 여름에 시원하게 많이 입을거 같아요.,5.0,False,INDIGO · L,175.0,70.0,남성,2026-06-24 09:59:38,사이즈: 정사이즈 / 화면 대비 색감: 화면과 비슷 / 퀄리티: 보통 / 신축성: 적당함,False,0,filluminate,하의,L,INDIGO,2026,6,24,수,5,응답,정사이즈,화면과 비슷,보통,,,적당함,,,3.0,,3.0,,,0.0,0.0,0.0,0.0,,,시원하거 편해서 여름에 시원하게 많이 입을거 같아요.,시원하거편해서여름에시원하게많이입을거같아요,0,0,0,0,0,False,29,22,29,True
4969807,85665402,general,밝은을지로셔링,소재도 얇고 시원해요. 색도이쁘고 스타일링하기도 좋습니다,5.0,False,LIGHT BLUE · L,172.0,80.0,남성,2026-06-24 09:41:11,사이즈: 정사이즈 / 화면 대비 색감: 화면과 비슷 / 퀄리티: 매우 좋음 / 신축성: 적당함,True,0,filluminate,하의,L,LIGHT BLUE,2026,6,24,수,5,응답,정사이즈,화면과 비슷,매우 좋음,,,적당함,,,5.0,,3.0,,,0.0,0.0,0.0,0.0,,,소재도 얇고 시원해요. 색도이쁘고 스타일링하기도 좋습니다,소재도얇고시원해요색도이쁘고스타일링하기도좋습니다,0,0,0,0,0,False,31,25,31,True
4969807,85665350,general,밝은을지로셔링,소재도 얇고 시원해요. 색도이쁘고 스타일링하기도 좋습니다,5.0,False,INDIGO · L,172.0,80.0,남성,2026-06-24 09:40:16,사이즈: 정사이즈 / 화면 대비 색감: 화면과 비슷 / 퀄리티: 매우 좋음 / 신축성: 적당함,True,0,filluminate,하의,L,INDIGO,2026,6,24,수,5,응답,정사이즈,화면과 비슷,매우 좋음,,,적당함,,,5.0,,3.0,,,0.0,0.0,0.0,0.0,,,소재도 얇고 시원해요. 색도이쁘고 스타일링하기도 좋습니다,소재도얇고시원해요색도이쁘고스타일링하기도좋습니다,0,0,0,0,0,False,31,25,31,True
4969807,85661626,general,safsaq,세일 기간에 구매해서 저렴하게 밴딩 팬츠 써봅니다,5.0,False,INDIGO · M,171.0,63.0,남성,2026-06-24 08:14:38,사이즈: 매우 작음 / 화면 대비 색감: 매우 밝음 / 퀄리티: 매우 나쁨 / 신축성: 전혀 없음,True,0,filluminate,하의,M,INDIGO,2026,6,24,수,5,응답,매우 작음,매우 밝음,매우 나쁨,,,전혀 없음,,,1.0,,1.0,,,-2.0,2.0,2.0,2.0,,,세일 기간에 구매해서 저렴하게 밴딩 팬츠 써봅니다,세일기간에구매해서저렴하게밴딩팬츠써봅니다,0,0,0,0,0,False,27,21,27,True
4969807,85659740,general,짭짤쓰알루미늄,2번째 구매 입니다. 역시나 편하고 무난해서 아주 만족해요,5.0,False,BLACK · M,168.0,68.0,남성,2026-06-24 06:57:51,사이즈: 정사이즈 / 화면 대비 색감: 화면과 비슷 / 퀄리티: 보통 / 신축성: 적당함,True,0,filluminate,하의,M,BLACK,2026,6,24,수,5,응답,정사이즈,화면과 비슷,보통,,,적당함,,,3.0,,3.0,,,0.0,0.0,0.0,0.0,,,2번째 구매 입니다. 역시나 편하고 무난해서 아주 만족해요,2번째구매입니다역시나편하고무난해서아주만족해요,0,0,0,0,0,False,32,23,32,True
4969807,85655986,general,Oaj,확실히 린넨이라서 그런지 얇은게 티가 나요 근데 허리가 너무 크네요,4.0,False,INDIGO · M,170.0,60.0,남성,2026-06-24 01:35:59,사이즈: 많이 큼 / 화면 대비 색감: 밝음 / 퀄리티: 좋음 / 신축성: 강함,False,0,filluminate,하의,M,INDIGO,2026,6,24,수,4,응답,많이 큼,밝음,좋음,,,강함,,,4.0,,4.0,,,2.0,2.0,1.0,1.0,,,확실히 린넨이라서 그런지 얇은게 티가 나요 근데 허리가 너무 크네요,확실히린넨이라서그런지얇은게티가나요근데허리가너무크네요,0,0,0,0,0,False,37,28,37,True
4969807,85646388,style,포근한강남코디,더운 날씨에 입어도 시원하고 편해서 좋아요 요즘 잘 입고 있습니다 깅력추천합니다,5.0,False,LIGHT BLUE · M,172.0,68.0,남성,2026-06-23 22:57:21,사이즈: 정사이즈 / 화면 대비 색감: 화면과 비슷 / 퀄리티: 보통 / 신축성: 적당함,True,0,filluminate,하의,M,LIGHT BLUE,2026,6,23,화,5,응답,정사이즈,화면과 비슷,보통,,,적당함,,,3.0,,3.0,,,0.0,0.0,0.0,0.0,,,더운 날씨에 입어도 시원하고 편해서 좋아요 요즘 잘 입고 있습니다 깅력추천합니다,더운날씨에입어도시원하고편해서좋아요요즘잘입고있습니다깅력추천합니다,0,0,0,0,0,False,44,34,44,True
4969807,85643710,general,허량,린넨소재라 시원한편인데 생각보다는 두꺼워요. 그래도 그래서 각이 잡혀 괜찮은점도 있어요.,4.0,False,BLACK · L,178.0,76.0,남성,2026-06-23 22:24:58,사이즈: 조금 큼 / 화면 대비 색감: 화면과 비슷 / 퀄리티: 보통 / 신축성: 적당함,True,0,filluminate,하의,L,BLACK,2026,6,23,화,4,응답,조금 큼,화면과 비슷,보통,,,적당함,,,3.0,,3.0,,,1.0,1.0,0.0,0.0,,,린넨소재라 시원한편인데 생각보다는 두꺼워요. 그래도 그래서 각이 잡혀 괜찮은점도 있어요.,린넨소재라시원한편인데생각보다는두꺼워요그래도그래서각이잡혀괜찮은점도있어요,0,0,0,0,0,False,49,38,49,True
4969807,85642962,general,Taele3,옷 새로 받았는데 새 옷 냄새가 조금 심해서 한번 빨았는데 냄새가 완전히 없어지진 않네요 그래도 옷 자체는 괜찮습니다,4.0,False,INDIGO · M,173.0,71.0,남성,2026-06-23 22:17:20,사이즈: 조금 큼 / 화면 대비 색감: 화면과 비슷 / 퀄리티: 보통 / 신축성: 적당함,False,0,filluminate,하의,M,INDIGO,2026,6,23,화,4,응답,조금 큼,화면과 비슷,보통,,,적당함,,,3.0,,3.0,,,1.0,1.0,0.0,0.0,,,옷 새로 받았는데 새 옷 냄새가 조금 심해서 한번 빨았는데 냄새가 완전히 없어지진 않네요 그래도 옷 자체는 괜찮습니다,옷새로받았는데새옷냄새가조금심해서한번빨았는데냄새가완전히없어지진않네요그래도옷자체는괜찮습니다,0,0,0,0,0,False,65,48,65,True
4969807,85641493,general,독창적인휴스턴퍼,바지 이쁘고 좋아요 색도 좋아요 다만 비침이 있긴있네요,5.0,False,BEIGE · L,171.0,65.0,남성,2026-06-23 22:00:02,사이즈: 정사이즈 / 화면 대비 색감: 화면과 비슷 / 퀄리티: 보통 / 신축성: 적당함,True,0,filluminate,하의,L,BEIGE,2026,6,23,화,5,응답,정사이즈,화면과 비슷,보통,,,적당함,,,3.0,,3.0,,,0.0,0.0,0.0,0.0,,,바지 이쁘고 좋아요 색도 좋아요 다만 비침이 있긴있네요,바지이쁘고좋아요색도좋아요다만비침이있긴있네요,0,0,0,0,0,False,30,23,30,True
4969807,85641477,style,dslls,밴딩이라 허리도 편하고 색감도 예뻐서 여름에 자주 입을 것 같습니다,5.0,False,INDIGO · M,174.0,63.0,남성,2026-06-23 21:59:44,사이즈: 정사이즈 / 화면 대비 색감: 화면과 비슷 / 퀄리티: 보통 / 신축성: 적당함,True,0,filluminate,하의,M,INDIGO,2026,6,23,화,5,응답,정사이즈,화면과 비슷,보통,,,적당함,,,3.0,,3.0,,,0.0,0.0,0.0,0.0,,,밴딩이라 허리도 편하고 색감도 예뻐서 여름에 자주 입을 것 같습니다,밴딩이라허리도편하고색감도예뻐서여름에자주입을것같습니다,0,0,0,0,0,False,37,28,37,True
4969807,85637245,general,hro19,베이지색바지라서 너무 예쁘고 편해요 강추강추!,5.0,False,BEIGE · M,172.0,71.0,남성,2026-06-23 21:09:17,사이즈: 정사이즈 / 화면 대비 색감: 화면과 비슷 / 퀄리티: 보통 / 신축성: 적당함,False,0,filluminate,하의,M,BEIGE,2026,6,23,화,5,응답,정사이즈,화면과 비슷,보통,,,적당함,,,3.0,,3.0,,,0.0,0.0,0.0,0.0,,,베이지색바지라서 너무 예쁘고 편해요 강추강추!,베이지색바지라서너무예쁘고편해요강추강추,0,0,1,0,0,False,25,20,25,True
4969807,85635987,general,돈쓰러온사람,가격도 착하고 퀄리티도 매우 만족스러워서 나중에 재구매 의향 있습니다!,5.0,False,INDIGO · M,175.0,73.0,남성,2026-06-23 20:53:51,사이즈: 정사이즈 / 화면 대비 색감: 화면과 비슷 / 퀄리티: 보통 / 신축성: 적당함,False,0,filluminate,하의,M,INDIGO,2026,6,23,화,5,응답,정사이즈,화면과 비슷,보통,,,적당함,,,3.0,,3.0,,,0.0,0.0,0.0,0.0,,,가격도 착하고 퀄리티도 매우 만족스러워서 나중에 재구매 의향 있습니다!,가격도착하고퀄리티도매우만족스러워서나중에재구매의향있습니다,0,0,1,0,0,False,39,30,39,True
4969807,85634050,general,bback01,여름 출근용으로 샀는데 맘에드네요 다른색도하나 구매하려구요,5.0,False,BLACK · XL,181.0,90.0,남성,2026-06-23 20:29:09,사이즈: 정사이즈 / 화면 대비 색감: 화면과 비슷 / 퀄리티: 보통 / 신축성: 적당함,False,0,filluminate,하의,XL,BLACK,2026,6,23,화,5,응답,정사이즈,화면과 비슷,보통,,,적당함,,,3.0,,3.0,,,0.0,0.0,0.0,0.0,,,여름 출근용으로 샀는데 맘에드네요 다른색도하나 구매하려구요,여름출근용으로샀는데맘에드네요다른색도하나구매하려구요,0,0,0,0,0,False,32,27,32,True
4969807,85632958,general,친근한대구블로퍼,배송도 빨리 왔고 베이지 바지 없으신 분들은 이 바지 사시는거 추천드립니다,5.0,False,BEIGE · XL,182.0,90.0,남성,2026-06-23 20:15:20,사이즈: 정사이즈 / 화면 대비 색감: 화면과 비슷 / 퀄리티: 보통 / 신축성: 적당함,False,0,filluminate,하의,XL,BEIGE,2026,6,23,화,5,응답,정사이즈,화면과 비슷,보통,,,적당함,,,3.0,,3.0,,,0.0,0.0,0.0,0.0,,,배송도 빨리 왔고 베이지 바지 없으신 분들은 이 바지 사시는거 추천드립니다,배송도빨리왔고베이지바지없으신분들은이바지사시는거추천드립니다,0,0,0,0,0,False,41,31,41,True
4969807,85630957,general,안전한블루봄신상,여름에도 시원하게 입을 수 있는 긴바지인듯 반바지는 입기 싫은데 시원하게 입고 싶은분 추천,5.0,False,LIGHT BLUE · L,176.0,72.0,남성,2026-06-23 19:47:25,사이즈: 정사이즈 / 화면 대비 색감: 화면과 비슷 / 퀄리티: 매우 좋음 / 신축성: 적당함,True,0,filluminate,하의,L,LIGHT BLUE,2026,6,23,화,5,응답,정사이즈,화면과 비슷,매우 좋음,,,적당함,,,5.0,,3.0,,,0.0,0.0,0.0,0.0,,,여름에도 시원하게 입을 수 있는 긴바지인듯 반바지는 입기 싫은데 시원하게 입고 싶은분 추천,여름에도시원하게입을수있는긴바지인듯반바지는입기싫은데시원하게입고싶은분추천,0,0,0,0,0,False,50,38,50,True
4969807,85630845,style,안전한블루봄신상,여름에도 시원하게 입을 수 있는 긴바지인듯 반바지는 입기 싫은데 시원하게 입고 싶은분 추천,5.0,False,LIGHT BLUE · L,176.0,72.0,남성,2026-06-23 19:45:42,사이즈: 정사이즈 / 화면 대비 색감: 화면과 비슷 / 퀄리티: 매우 좋음 / 신축성: 적당함,True,0,filluminate,하의,L,LIGHT BLUE,2026,6,23,화,5,응답,정사이즈,화면과 비슷,매우 좋음,,,적당함,,,5.0,,3.0,,,0.0,0.0,0.0,0.0,,,여름에도 시원하게 입을 수 있는 긴바지인듯 반바지는 입기 싫은데 시원하게 입고 싶은분 추천,여름에도시원하게입을수있는긴바지인듯반바지는입기싫은데시원하게입고싶은분추천,0,0,0,0,0,False,50,38,50,True
4969807,85626119,general,장식적인청록룩,색감이 너무 밝지 않고 약간 어두운 면이 있어서 어떤 옷과도 잘 어울려서 좋아요,5.0,False,BEIGE · L,177.0,76.0,남성,2026-06-23 18:35:27,사이즈: 정사이즈 / 화면 대비 색감: 어두움 / 퀄리티: 매우 좋음 / 신축성: 거의 없음,False,0,filluminate,하의,L,BEIGE,2026,6,23,화,5,응답,정사이즈,어두움,매우 좋음,,,거의 없음,,,5.0,,2.0,,,0.0,0.0,-1.0,1.0,,,색감이 너무 밝지 않고 약간 어두운 면이 있어서 어떤 옷과도 잘 어울려서 좋아요,색감이너무밝지않고약간어두운면이있어서어떤옷과도잘어울려서좋아요,0,0,0,0,0,False,44,32,44,True
4969807,85626065,style,장식적인청록룩,바지가 완전 밝은 색이 아니라 약간 어두운 느낌이 있어서 오히려 여러가지 옷들이랑 매칭하기 편합니다.,5.0,False,BEIGE · L,177.0,76.0,남성,2026-06-23 18:34:31,사이즈: 정사이즈 / 화면 대비 색감: 어두움 / 퀄리티: 매우 좋음 / 신축성: 거의 없음,True,0,filluminate,하의,L,BEIGE,2026,6,23,화,5,응답,정사이즈,어두움,매우 좋음,,,거의 없음,,,5.0,,2.0,,,0.0,0.0,-1.0,1.0,,,바지가 완전 밝은 색이 아니라 약간 어두운 느낌이 있어서 오히려 여러가지 옷들이랑 매칭하기 편합니다.,바지가완전밝은색이아니라약간어두운느낌이있어서오히려여러가지옷들이랑매칭하기편합니다,0,0,0,0,0,False,56,42,56,True
4969807,85619033,style,백산♡,색감이 밝으면서도 부담스럽지 않아 편하게 코디하기 좋습니다. 밴딩이라 편하게 입을 수 있고 소재에 힘이 있어서 핏이 예쁘게 나오네요. 엄청 얇은 소재는 아니지만 한여름에 입기에도 괜찮을거 같습니다. 잘 입겠습니다.,5.0,False,BEIGE · L,179.0,77.0,남성,2026-06-23 16:28:39,사이즈: 정사이즈 / 화면 대비 색감: 화면과 비슷 / 퀄리티: 보통 / 신축성: 적당함,True,0,filluminate,하의,L,BEIGE,2026,6,23,화,5,응답,정사이즈,화면과 비슷,보통,,,적당함,,,3.0,,3.0,,,0.0,0.0,0.0,0.0,,,색감이 밝으면서도 부담스럽지 않아 편하게 코디하기 좋습니다. 밴딩이라 편하게 입을 수 있고 소재에 힘이 있어서 핏이 예쁘게 나오네요. 엄청 얇은 소재는 아니지만 한여름에 입기에도 괜찮을거 같습니다. 잘 입겠습니다.,색감이밝으면서도부담스럽지않아편하게코디하기좋습니다밴딩이라편하게입을수있고소재에힘이있어서핏이예쁘게나오네요엄청얇은소재는아니지만한여름에입기에도괜찮을거같습니다잘입겠습니다,0,0,0,0,0,False,119,88,119,True
4969807,85616638,general,12435rt,입었을때 엄청편하고 통풍잘됩니다. 가성비 좋은거같아요.,5.0,False,BLACK · L,180.0,71.0,남성,2026-06-23 15:39:22,사이즈: 조금 큼 / 화면 대비 색감: 화면과 비슷 / 퀄리티: 보통 / 신축성: 적당함,True,0,filluminate,하의,L,BLACK,2026,6,23,화,5,응답,조금 큼,화면과 비슷,보통,,,적당함,,,3.0,,3.0,,,1.0,1.0,0.0,0.0,,,입었을때 엄청편하고 통풍잘됩니다. 가성비 좋은거같아요.,입었을때엄청편하고통풍잘됩니다가성비좋은거같아요,0,0,0,0,0,False,30,24,30,True
4969807,85616618,style,12435rt,입었을때 엄청편하고 통풍이 잘되요. 밴드 신축성도 좋아요.,5.0,False,BLACK · L,180.0,71.0,남성,2026-06-23 15:38:45,사이즈: 조금 큼 / 화면 대비 색감: 화면과 비슷 / 퀄리티: 보통 / 신축성: 적당함,True,0,filluminate,하의,L,BLACK,2026,6,23,화,5,응답,조금 큼,화면과 비슷,보통,,,적당함,,,3.0,,3.0,,,1.0,1.0,0.0,0.0,,,입었을때 엄청편하고 통풍이 잘되요. 밴드 신축성도 좋아요.,입었을때엄청편하고통풍이잘되요밴드신축성도좋아요,0,0,0,0,0,False,32,24,32,True
4969807,85616431,general,12435rt,일단 입었을때 엄청편하고 바람이 잘통해요. 밴드부분도 잘 늘어나요.,5.0,False,BEIGE · XL,180.0,71.0,남성,2026-06-23 15:34:18,사이즈: 조금 큼 / 화면 대비 색감: 화면과 비슷 / 퀄리티: 보통 / 신축성: 적당함,True,0,filluminate,하의,XL,BEIGE,2026,6,23,화,5,응답,조금 큼,화면과 비슷,보통,,,적당함,,,3.0,,3.0,,,1.0,1.0,0.0,0.0,,,일단 입었을때 엄청편하고 바람이 잘통해요. 밴드부분도 잘 늘어나요.,일단입었을때엄청편하고바람이잘통해요밴드부분도잘늘어나요,0,0,0,0,0,False,37,28,37,True
4969807,85616388,style,12435rt,통풍이 잘되어서 여름에 시원할거같아요. 밴드부분이 잘늘어나서 편하네요,5.0,False,BEIGE · XL,180.0,71.0,남성,2026-06-23 15:33:32,사이즈: 조금 큼 / 화면 대비 색감: 화면과 비슷 / 퀄리티: 보통 / 신축성: 적당함,True,0,filluminate,하의,XL,BEIGE,2026,6,23,화,5,응답,조금 큼,화면과 비슷,보통,,,적당함,,,3.0,,3.0,,,1.0,1.0,0.0,0.0,,,통풍이 잘되어서 여름에 시원할거같아요. 밴드부분이 잘늘어나서 편하네요,통풍이잘되어서여름에시원할거같아요밴드부분이잘늘어나서편하네요,0,0,0,0,0,False,38,31,38,True
4969807,85613027,style,김공슬지,시원합니다.  가성비 굿이고 예쁜데 편하기까지 한데 구매안할이유없죠. 이거포함3장구매햇는데 너무 만족입니다.,5.0,False,INDIGO · L,180.0,83.0,남성,2026-06-23 14:20:36,사이즈: 조금 큼 / 화면 대비 색감: 밝음 / 퀄리티: 매우 좋음 / 신축성: 적당함,True,0,filluminate,하의,L,INDIGO,2026,6,23,화,5,응답,조금 큼,밝음,매우 좋음,,,적당함,,,5.0,,3.0,,,1.0,1.0,1.0,1.0,,,시원합니다. 가성비 굿이고 예쁜데 편하기까지 한데 구매안할이유없죠. 이거포함3장구매햇는데 너무 만족입니다.,시원합니다가성비굿이고예쁜데편하기까지한데구매안할이유없죠이거포함3장구매햇는데너무만족입니다,0,0,0,0,0,False,60,46,59,True
4969807,85612967,general,김공슬지,여름에 긴바지 잘 안입는데 평이 좋아서 한번 입어봣는데 와 이거 이쁜것도 이쁜데 시원하네요.  사이즈가 좀 크게 나온것같아서 감안하고 구매하시면될듯.,5.0,False,INDIGO · L,180.0,83.0,남성,2026-06-23 14:19:06,사이즈: 조금 큼 / 화면 대비 색감: 밝음 / 퀄리티: 매우 좋음 / 신축성: 적당함,True,0,filluminate,하의,L,INDIGO,2026,6,23,화,5,응답,조금 큼,밝음,매우 좋음,,,적당함,,,5.0,,3.0,,,1.0,1.0,1.0,1.0,,,여름에 긴바지 잘 안입는데 평이 좋아서 한번 입어봣는데 와 이거 이쁜것도 이쁜데 시원하네요. 사이즈가 좀 크게 나온것같아서 감안하고 구매하시면될듯.,여름에긴바지잘안입는데평이좋아서한번입어봣는데와이거이쁜것도이쁜데시원하네요사이즈가좀크게나온것같아서감안하고구매하시면될듯,0,0,0,0,0,False,83,62,82,True
4969807,85606604,general,꾸밈없는그린보그,옷 이뻐요. 세일기간에사서 좋은 가격에 샀네요. 여기저기 코디하기 좋습니다.,5.0,False,INDIGO · L,172.0,75.0,남성,2026-06-23 12:05:36,사이즈: 정사이즈 / 화면 대비 색감: 화면과 비슷 / 퀄리티: 보통 / 신축성: 적당함,False,0,filluminate,하의,L,INDIGO,2026,6,23,화,5,응답,정사이즈,화면과 비슷,보통,,,적당함,,,3.0,,3.0,,,0.0,0.0,0.0,0.0,,,옷 이뻐요. 세일기간에사서 좋은 가격에 샀네요. 여기저기 코디하기 좋습니다.,옷이뻐요세일기간에사서좋은가격에샀네요여기저기코디하기좋습니다,0,0,0,0,0,False,42,31,42,True
4969807,85602168,general,백산♡,색감이 밝으면서도 부담스럽지 않아 편하게 코디하기 좋습니다. 밴딩이라 편하게 입을 수 있고 소재에 힘이 있어서  핏이 예쁘게 나오네요. 엄청 얇은 소재는 아니지만 여름에 입기에 문제는 없을거 같습니다.,5.0,False,BEIGE · L,179.0,77.0,남성,2026-06-23 10:06:11,사이즈: 정사이즈 / 화면 대비 색감: 화면과 비슷 / 퀄리티: 좋음 / 신축성: 적당함,True,0,filluminate,하의,L,BEIGE,2026,6,23,화,5,응답,정사이즈,화면과 비슷,좋음,,,적당함,,,4.0,,3.0,,,0.0,0.0,0.0,0.0,,,색감이 밝으면서도 부담스럽지 않아 편하게 코디하기 좋습니다. 밴딩이라 편하게 입을 수 있고 소재에 힘이 있어서 핏이 예쁘게 나오네요. 엄청 얇은 소재는 아니지만 여름에 입기에 문제는 없을거 같습니다.,색감이밝으면서도부담스럽지않아편하게코디하기좋습니다밴딩이라편하게입을수있고소재에힘이있어서핏이예쁘게나오네요엄청얇은소재는아니지만여름에입기에문제는없을거같습니다,0,0,0,0,0,False,112,82,111,True
4969807,85600205,style,쭈니9.5,색상도 화면에서 보는거랑 일치하고 사이즈가 다 잘 맞아서 코디하기 쉽고 입고다니기도 편합니다.,5.0,False,BEIGE · XL,180.0,81.0,남성,2026-06-23 09:05:20,사이즈: 정사이즈 / 화면 대비 색감: 화면과 비슷 / 퀄리티: 보통 / 신축성: 적당함,True,0,filluminate,하의,XL,BEIGE,2026,6,23,화,5,응답,정사이즈,화면과 비슷,보통,,,적당함,,,3.0,,3.0,,,0.0,0.0,0.0,0.0,,,색상도 화면에서 보는거랑 일치하고 사이즈가 다 잘 맞아서 코디하기 쉽고 입고다니기도 편합니다.,색상도화면에서보는거랑일치하고사이즈가다잘맞아서코디하기쉽고입고다니기도편합니다,0,0,0,0,0,False,52,40,52,True
4969807,85600200,general,쭈니9.5,색상도 화면에서 보는거랑 일치하고 사이즈가 다 잘 맞아서 코디하기 쉽고 입고다니기도 편합니다.,5.0,False,BEIGE · XL,180.0,81.0,남성,2026-06-23 09:05:04,사이즈: 정사이즈 / 화면 대비 색감: 화면과 비슷 / 퀄리티: 보통 / 신축성: 적당함,True,0,filluminate,하의,XL,BEIGE,2026,6,23,화,5,응답,정사이즈,화면과 비슷,보통,,,적당함,,,3.0,,3.0,,,0.0,0.0,0.0,0.0,,,색상도 화면에서 보는거랑 일치하고 사이즈가 다 잘 맞아서 코디하기 쉽고 입고다니기도 편합니다.,색상도화면에서보는거랑일치하고사이즈가다잘맞아서코디하기쉽고입고다니기도편합니다,0,0,0,0,0,False,52,40,52,True
4969807,85600036,general,째지안,옷 재질도 좋고 깔끔하고 잘 입고다닐수 있을것같습니다!,5.0,False,BEIGE · M,173.0,70.0,남성,2026-06-23 08:58:43,사이즈: 정사이즈 / 화면 대비 색감: 화면과 비슷 / 퀄리티: 보통 / 신축성: 적당함,False,0,filluminate,하의,M,BEIGE,2026,6,23,화,5,응답,정사이즈,화면과 비슷,보통,,,적당함,,,3.0,,3.0,,,0.0,0.0,0.0,0.0,,,옷 재질도 좋고 깔끔하고 잘 입고다닐수 있을것같습니다!,옷재질도좋고깔끔하고잘입고다닐수있을것같습니다,0,0,1,0,0,False,30,23,30,True
4969807,85598199,general,shdms,얇아서 여름에 편하게 입고다니기 좋은 바지! 기장은 약간 김,5.0,False,INDIGO · XL,177.0,89.0,남성,2026-06-23 07:36:43,사이즈: 정사이즈 / 화면 대비 색감: 화면과 비슷 / 퀄리티: 보통 / 신축성: 적당함,True,0,filluminate,하의,XL,INDIGO,2026,6,23,화,5,응답,정사이즈,화면과 비슷,보통,,,적당함,,,3.0,,3.0,,,0.0,0.0,0.0,0.0,,,얇아서 여름에 편하게 입고다니기 좋은 바지! 기장은 약간 김,얇아서여름에편하게입고다니기좋은바지기장은약간김,0,0,1,0,0,False,33,24,33,True
4969807,85597709,general,이장님,여름에 아주 편안하게 입을 수 있는 바지네요. 상의만 잘 갖추어 입으면 스타일 내기 괜찮을듯 합니다,5.0,False,BLACK · L,172.0,80.0,남성,2026-06-23 07:01:03,사이즈: 조금 큼 / 화면 대비 색감: 화면과 비슷 / 퀄리티: 좋음 / 신축성: 거의 없음,True,0,filluminate,하의,L,BLACK,2026,6,23,화,5,응답,조금 큼,화면과 비슷,좋음,,,거의 없음,,,4.0,,2.0,,,1.0,1.0,0.0,0.0,,,여름에 아주 편안하게 입을 수 있는 바지네요. 상의만 잘 갖추어 입으면 스타일 내기 괜찮을듯 합니다,여름에아주편안하게입을수있는바지네요상의만잘갖추어입으면스타일내기괜찮을듯합니다,0,0,0,0,0,False,55,40,55,True
4969807,85596399,general,musinssas,아니 너무 예뻐요!! 이거 꼭 사세요 재질도 좋고 괜찮습니다. 허리가 살짝 헐렁한데 허리가 밴딩이라서 묶으면 괜찮아요,5.0,False,BROWN · L,183.0,62.0,남성,2026-06-23 03:10:08,사이즈: 정사이즈 / 화면 대비 색감: 화면과 비슷 / 퀄리티: 매우 좋음 / 신축성: 적당함,False,0,filluminate,하의,L,BROWN,2026,6,23,화,5,응답,정사이즈,화면과 비슷,매우 좋음,,,적당함,,,5.0,,3.0,,,0.0,0.0,0.0,0.0,,,아니 너무 예뻐요!! 이거 꼭 사세요 재질도 좋고 괜찮습니다. 허리가 살짝 헐렁한데 허리가 밴딩이라서 묶으면 괜찮아요,아니너무예뻐요이거꼭사세요재질도좋고괜찮습니다허리가살짝헐렁한데허리가밴딩이라서묶으면괜찮아요,0,0,2,0,0,False,65,47,65,True
4969807,85594771,general,리얼한호주슬리퍼,데일리로 입기도 편하고 데님이 예쁘게 들어가 있어요!!,5.0,False,INDIGO · L,176.0,65.0,남성,2026-06-23 01:17:15,사이즈: 정사이즈 / 화면 대비 색감: 화면과 비슷 / 퀄리티: 보통 / 신축성: 적당함,False,0,filluminate,하의,L,INDIGO,2026,6,23,화,5,응답,정사이즈,화면과 비슷,보통,,,적당함,,,3.0,,3.0,,,0.0,0.0,0.0,0.0,,,데일리로 입기도 편하고 데님이 예쁘게 들어가 있어요!!,데일리로입기도편하고데님이예쁘게들어가있어요,0,0,2,0,0,False,30,22,30,True
4969807,85592206,general,정제된제주틴트,시원한 재질에 상품 퀄리티도 좋았습니다 잘 입을게요,5.0,False,BROWN · M,167.0,59.0,남성,2026-06-23 00:06:29,사이즈: 정사이즈 / 화면 대비 색감: 화면과 비슷 / 퀄리티: 보통 / 신축성: 적당함,False,0,filluminate,하의,M,BROWN,2026,6,23,화,5,응답,정사이즈,화면과 비슷,보통,,,적당함,,,3.0,,3.0,,,0.0,0.0,0.0,0.0,,,시원한 재질에 상품 퀄리티도 좋았습니다 잘 입을게요,시원한재질에상품퀄리티도좋았습니다잘입을게요,0,0,0,0,0,False,28,22,28,True
4969807,85591377,general,현수리붱,처음에 L 주문했다가 조금 애매해서 XL로 교환했습니다. 바꾸길 너무 잘했어요. 처음에는 쭈구려 앉으면 좀 불편하더라고요. 저는 한 치수 큰 게 좋네요,5.0,False,BROWN · XL,180.0,78.0,남성,2026-06-22 23:50:58,사이즈: 조금 작음 / 화면 대비 색감: 화면과 비슷 / 퀄리티: 좋음 / 신축성: 적당함,True,0,filluminate,하의,XL,BROWN,2026,6,22,월,5,응답,조금 작음,화면과 비슷,좋음,,,적당함,,,4.0,,3.0,,,-1.0,1.0,0.0,0.0,,,처음에 L 주문했다가 조금 애매해서 XL로 교환했습니다. 바꾸길 너무 잘했어요. 처음에는 쭈구려 앉으면 좀 불편하더라고요. 저는 한 치수 큰 게 좋네요,처음에l주문했다가조금애매해서xl로교환했습니다바꾸길너무잘했어요처음에는쭈구려앉으면좀불편하더라고요저는한치수큰게좋네요,0,0,0,0,0,False,84,58,84,True
4969807,85586815,general,소망jm,생각한 대로의 옷이네요 얇아서 여름에도 좋을 것 같습니다,5.0,False,BEIGE · XL,178.0,78.0,남성,2026-06-22 22:35:37,사이즈: 정사이즈 / 화면 대비 색감: 화면과 비슷 / 퀄리티: 매우 좋음 / 신축성: 적당함,True,0,filluminate,하의,XL,BEIGE,2026,6,22,월,5,응답,정사이즈,화면과 비슷,매우 좋음,,,적당함,,,5.0,,3.0,,,0.0,0.0,0.0,0.0,,,생각한 대로의 옷이네요 얇아서 여름에도 좋을 것 같습니다,생각한대로의옷이네요얇아서여름에도좋을것같습니다,0,0,0,0,0,False,31,24,31,True
4969807,85586776,style,소망jm,생각한 대로의 옷이네요 얇아서 여름에도 좋을 것 같습니다,5.0,False,BEIGE · XL,178.0,78.0,남성,2026-06-22 22:35:08,사이즈: 조금 큼 / 화면 대비 색감: 화면과 비슷 / 퀄리티: 매우 좋음 / 신축성: 적당함,True,0,filluminate,하의,XL,BEIGE,2026,6,22,월,5,응답,조금 큼,화면과 비슷,매우 좋음,,,적당함,,,5.0,,3.0,,,1.0,1.0,0.0,0.0,,,생각한 대로의 옷이네요 얇아서 여름에도 좋을 것 같습니다,생각한대로의옷이네요얇아서여름에도좋을것같습니다,0,0,0,0,0,False,31,24,31,True
4969807,85584885,general,박사워리,할인행사 덕분에 저렴한 가격에 구매하였는데 품질만족합니다,4.0,False,BLACK · XL,181.0,80.0,남성,2026-06-22 22:02:50,사이즈: 정사이즈 / 화면 대비 색감: 화면과 비슷 / 퀄리티: 보통 / 신축성: 적당함,False,0,filluminate,하의,XL,BLACK,2026,6,22,월,4,응답,정사이즈,화면과 비슷,보통,,,적당함,,,3.0,,3.0,,,0.0,0.0,0.0,0.0,,,할인행사 덕분에 저렴한 가격에 구매하였는데 품질만족합니다,할인행사덕분에저렴한가격에구매하였는데품질만족합니다,0,0,0,0,0,False,31,26,31,True
4969807,85584445,general,용감한라벤더후드,얇아서 여름에도 잘 입을 거 같아요 긴바지 필요하면 추천,5.0,False,BLACK · XL,175.0,87.0,남성,2026-06-22 21:55:25,사이즈: 정사이즈 / 화면 대비 색감: 화면과 비슷 / 퀄리티: 보통 / 신축성: 적당함,False,0,filluminate,하의,XL,BLACK,2026,6,22,월,5,응답,정사이즈,화면과 비슷,보통,,,적당함,,,3.0,,3.0,,,0.0,0.0,0.0,0.0,,,얇아서 여름에도 잘 입을 거 같아요 긴바지 필요하면 추천,얇아서여름에도잘입을거같아요긴바지필요하면추천,0,0,0,0,0,False,31,23,31,True
4969807,85584277,general,태털이,신축성도 좋고 사이즈도 적당해서 너무 편하게 입을 것 같아요!,5.0,False,BEIGE · L,177.0,84.0,남성,2026-06-22 21:52:54,사이즈: 정사이즈 / 화면 대비 색감: 화면과 비슷 / 퀄리티: 보통 / 신축성: 적당함,False,0,filluminate,하의,L,BEIGE,2026,6,22,월,5,응답,정사이즈,화면과 비슷,보통,,,적당함,,,3.0,,3.0,,,0.0,0.0,0.0,0.0,,,신축성도 좋고 사이즈도 적당해서 너무 편하게 입을 것 같아요!,신축성도좋고사이즈도적당해서너무편하게입을것같아요,0,0,1,0,0,False,34,25,34,True
4969807,85583138,general,쿨한연분홍백팩,"생각보다 통이 작아요,, 제가 허벅돼인지는 모르겠는데;;",5.0,False,BLACK · L,176.0,81.0,남성,2026-06-22 21:32:40,사이즈: 정사이즈 / 화면 대비 색감: 화면과 비슷 / 퀄리티: 보통 / 신축성: 거의 없음,True,0,filluminate,하의,L,BLACK,2026,6,22,월,5,응답,정사이즈,화면과 비슷,보통,,,거의 없음,,,3.0,,2.0,,,0.0,0.0,0.0,0.0,,,"생각보다 통이 작아요,, 제가 허벅돼인지는 모르겠는데;;",생각보다통이작아요제가허벅돼인지는모르겠는데,0,0,0,0,0,False,31,22,31,True
4969807,85581203,style,힙색살거야,좋음. 시원함. 핏도 좋음. 여름에 안 더울 것 같아서 좋음,5.0,False,INDIGO · M,170.0,66.0,남성,2026-06-22 21:00:08,사이즈: 정사이즈 / 화면 대비 색감: 화면과 비슷 / 퀄리티: 보통 / 신축성: 적당함,True,0,filluminate,하의,M,INDIGO,2026,6,22,월,5,응답,정사이즈,화면과 비슷,보통,,,적당함,,,3.0,,3.0,,,0.0,0.0,0.0,0.0,,,좋음. 시원함. 핏도 좋음. 여름에 안 더울 것 같아서 좋음,좋음시원함핏도좋음여름에안더울것같아서좋음,0,0,0,0,0,False,33,21,33,True
4969807,85580894,style,yeo_ung,린넨이라 시원하구 핏도 와이드 해서 널널하게 입고 댕기기 좋을듯 합니다.,5.0,False,BLACK · XL,173.0,78.0,남성,2026-06-22 20:54:32,사이즈: 정사이즈 / 화면 대비 색감: 어두움 / 퀄리티: 보통 / 신축성: 적당함,True,0,filluminate,하의,XL,BLACK,2026,6,22,월,5,응답,정사이즈,어두움,보통,,,적당함,,,3.0,,3.0,,,0.0,0.0,-1.0,1.0,,,린넨이라 시원하구 핏도 와이드 해서 널널하게 입고 댕기기 좋을듯 합니다.,린넨이라시원하구핏도와이드해서널널하게입고댕기기좋을듯합니다,0,0,0,0,0,False,40,30,40,True
4969807,85580846,general,yeo_ung,린넨이라 시원하구 핏도 와이드 해서 널널하게 입고 댕기기 좋을듯 합니다.,5.0,False,BLACK · XL,173.0,78.0,남성,2026-06-22 20:53:33,사이즈: 정사이즈 / 화면 대비 색감: 어두움 / 퀄리티: 보통 / 신축성: 적당함,True,0,filluminate,하의,XL,BLACK,2026,6,22,월,5,응답,정사이즈,어두움,보통,,,적당함,,,3.0,,3.0,,,0.0,0.0,-1.0,1.0,,,린넨이라 시원하구 핏도 와이드 해서 널널하게 입고 댕기기 좋을듯 합니다.,린넨이라시원하구핏도와이드해서널널하게입고댕기기좋을듯합니다,0,0,0,0,0,False,40,30,40,True
4969807,85578747,general,옷사러왔슈다람쥐,여름 바지 시켰는데 사이즈도 딱 좋고 시원해보여서 좋아요,5.0,False,INDIGO · L,174.0,77.0,남성,2026-06-22 20:12:03,사이즈: 정사이즈 / 화면 대비 색감: 화면과 비슷 / 퀄리티: 보통 / 신축성: 적당함,True,0,filluminate,하의,L,INDIGO,2026,6,22,월,5,응답,정사이즈,화면과 비슷,보통,,,적당함,,,3.0,,3.0,,,0.0,0.0,0.0,0.0,,,여름 바지 시켰는데 사이즈도 딱 좋고 시원해보여서 좋아요,여름바지시켰는데사이즈도딱좋고시원해보여서좋아요,0,0,0,0,0,False,31,24,31,True
4969807,85578716,general,옷사러왔슈다람쥐,여름 바지 시켰는데 사이즈도 딱 좋고 시원해보여서 좋아요,5.0,False,BROWN · L,174.0,77.0,남성,2026-06-22 20:11:29,사이즈: 정사이즈 / 화면 대비 색감: 화면과 비슷 / 퀄리티: 좋음 / 신축성: 적당함,True,0,filluminate,하의,L,BROWN,2026,6,22,월,5,응답,정사이즈,화면과 비슷,좋음,,,적당함,,,4.0,,3.0,,,0.0,0.0,0.0,0.0,,,여름 바지 시켰는데 사이즈도 딱 좋고 시원해보여서 좋아요,여름바지시켰는데사이즈도딱좋고시원해보여서좋아요,0,0,0,0,0,False,31,24,31,True
4969807,85576785,general,옷잘입고파남,입기 편하고 예뻐요. 기장은 조금 길지만 다른색 구매할까 고민중입니다.,4.0,False,LIGHT BLUE · M,171.0,64.0,남성,2026-06-22 19:33:02,사이즈: 정사이즈 / 화면 대비 색감: 화면과 비슷 / 퀄리티: 보통 / 신축성: 적당함,False,0,filluminate,하의,M,LIGHT BLUE,2026,6,22,월,4,응답,정사이즈,화면과 비슷,보통,,,적당함,,,3.0,,3.0,,,0.0,0.0,0.0,0.0,,,입기 편하고 예뻐요. 기장은 조금 길지만 다른색 구매할까 고민중입니다.,입기편하고예뻐요기장은조금길지만다른색구매할까고민중입니다,0,0,0,0,0,False,39,29,39,True
4969807,85576486,general,모모아범,기재된 사이즈보다는 약간 긴 느낌입니다.두께도 얇긴 하나 한여름에 입기에는 약간 더울거 같습니다.나머지는 다 만족입니다.,5.0,False,INDIGO · M,170.0,69.0,남성,2026-06-22 19:26:31,사이즈: 조금 큼 / 화면 대비 색감: 화면과 비슷 / 퀄리티: 보통 / 신축성: 거의 없음,False,0,filluminate,하의,M,INDIGO,2026,6,22,월,5,응답,조금 큼,화면과 비슷,보통,,,거의 없음,,,3.0,,2.0,,,1.0,1.0,0.0,0.0,,,기재된 사이즈보다는 약간 긴 느낌입니다.두께도 얇긴 하나 한여름에 입기에는 약간 더울거 같습니다.나머지는 다 만족입니다.,기재된사이즈보다는약간긴느낌입니다두께도얇긴하나한여름에입기에는약간더울거같습니다나머지는다만족입니다,0,0,0,0,0,False,67,51,67,True
4969807,85576167,style,내가왕이당면,"착용감이 편하고 소재가 가벼워서 여름에 입기 좋습니다. 핏도 깔끔해서 데일리로 활용하기 좋고, 가격 대비 만족도가 높은 제품이에요.",3.0,False,BEIGE · XL,185.0,70.0,남성,2026-06-22 19:20:26,사이즈: 정사이즈 / 화면 대비 색감: 화면과 비슷 / 퀄리티: 좋음 / 신축성: 거의 없음,True,0,filluminate,하의,XL,BEIGE,2026,6,22,월,3,응답,정사이즈,화면과 비슷,좋음,,,거의 없음,,,4.0,,2.0,,,0.0,0.0,0.0,0.0,,,"착용감이 편하고 소재가 가벼워서 여름에 입기 좋습니다. 핏도 깔끔해서 데일리로 활용하기 좋고, 가격 대비 만족도가 높은 제품이에요.",착용감이편하고소재가가벼워서여름에입기좋습니다핏도깔끔해서데일리로활용하기좋고가격대비만족도가높은제품이에요,0,0,0,0,0,False,73,54,73,True
4969807,85576125,general,내가왕이당면,"착용감이 편하고 소재가 가벼워서 여름에 입기 좋습니다. 핏도 깔끔해서 데일리로 활용하기 좋고, 가격 대비 만족도가 높은 제품이에요.",4.0,False,BEIGE · XL,185.0,70.0,남성,2026-06-22 19:19:37,사이즈: 정사이즈 / 화면 대비 색감: 매우 어두움 / 퀄리티: 나쁨 / 신축성: 강함,True,0,filluminate,하의,XL,BEIGE,2026,6,22,월,4,응답,정사이즈,매우 어두움,나쁨,,,강함,,,2.0,,4.0,,,0.0,0.0,-2.0,2.0,,,"착용감이 편하고 소재가 가벼워서 여름에 입기 좋습니다. 핏도 깔끔해서 데일리로 활용하기 좋고, 가격 대비 만족도가 높은 제품이에요.",착용감이편하고소재가가벼워서여름에입기좋습니다핏도깔끔해서데일리로활용하기좋고가격대비만족도가높은제품이에요,0,0,0,0,0,False,73,54,73,True
4969807,85575632,style,팍팍한글로시향수,핏이 너무 예쁘게 나와서 마음에 들어요  가성비 좋게 잘 산 것 같아요.,5.0,False,BEIGE · XL,177.0,80.0,남성,2026-06-22 19:09:14,사이즈: 정사이즈 / 화면 대비 색감: 어두움 / 퀄리티: 좋음 / 신축성: 거의 없음,True,0,filluminate,하의,XL,BEIGE,2026,6,22,월,5,응답,정사이즈,어두움,좋음,,,거의 없음,,,4.0,,2.0,,,0.0,0.0,-1.0,1.0,,,핏이 너무 예쁘게 나와서 마음에 들어요 가성비 좋게 잘 산 것 같아요.,핏이너무예쁘게나와서마음에들어요가성비좋게잘산것같아요,0,0,0,0,0,False,40,27,39,True
4969807,85575572,general,팍팍한글로시향수,핏 너무 이쁘게 나와서 맘에 들어요. 두께는 조금 있는 편이어서 한 여름에 입기에는 더울 것 같아요,5.0,False,BEIGE · XL,177.0,80.0,남성,2026-06-22 19:07:54,사이즈: 정사이즈 / 화면 대비 색감: 어두움 / 퀄리티: 좋음 / 신축성: 거의 없음,True,0,filluminate,하의,XL,BEIGE,2026,6,22,월,5,응답,정사이즈,어두움,좋음,,,거의 없음,,,4.0,,2.0,,,0.0,0.0,-1.0,1.0,,,핏 너무 이쁘게 나와서 맘에 들어요. 두께는 조금 있는 편이어서 한 여름에 입기에는 더울 것 같아요,핏너무이쁘게나와서맘에들어요두께는조금있는편이어서한여름에입기에는더울것같아요,0,0,0,0,0,False,55,39,55,True
4969807,85575495,general,팍팍한글로시향수,핏 너무 예쁘게 나와요. 조금 두꺼워서 한여름에 입기에는 힘들 것 같아요.,5.0,False,BLACK · XL,177.0,80.0,남성,2026-06-22 19:06:07,사이즈: 정사이즈 / 화면 대비 색감: 어두움 / 퀄리티: 좋음 / 신축성: 거의 없음,True,0,filluminate,하의,XL,BLACK,2026,6,22,월,5,응답,정사이즈,어두움,좋음,,,거의 없음,,,4.0,,2.0,,,0.0,0.0,-1.0,1.0,,,핏 너무 예쁘게 나와요. 조금 두꺼워서 한여름에 입기에는 힘들 것 같아요.,핏너무예쁘게나와요조금두꺼워서한여름에입기에는힘들것같아요,0,0,0,0,0,False,41,29,41,True
4969807,85575428,style,모호한스웨덴팔찌,여러 제품 실패 후 할인하길래 삿는데 정말 딱임 핏도,5.0,False,BROWN · L,177.0,70.0,남성,2026-06-22 19:04:28,사이즈: 정사이즈 / 화면 대비 색감: 화면과 비슷 / 퀄리티: 보통 / 신축성: 적당함,True,0,filluminate,하의,L,BROWN,2026,6,22,월,5,응답,정사이즈,화면과 비슷,보통,,,적당함,,,3.0,,3.0,,,0.0,0.0,0.0,0.0,,,여러 제품 실패 후 할인하길래 삿는데 정말 딱임 핏도,여러제품실패후할인하길래삿는데정말딱임핏도,0,0,0,0,0,False,29,21,29,True
4969807,85568235,general,현자단,여름에 반바지나 검은바지만 입긴 싫어서 구매했는데 색감도 괜찮고 좋네요,5.0,False,INDIGO · L,174.0,85.0,남성,2026-06-22 16:40:46,사이즈: 정사이즈 / 화면 대비 색감: 화면과 비슷 / 퀄리티: 보통 / 신축성: 적당함,False,0,filluminate,하의,L,INDIGO,2026,6,22,월,5,응답,정사이즈,화면과 비슷,보통,,,적당함,,,3.0,,3.0,,,0.0,0.0,0.0,0.0,,,여름에 반바지나 검은바지만 입긴 싫어서 구매했는데 색감도 괜찮고 좋네요,여름에반바지나검은바지만입긴싫어서구매했는데색감도괜찮고좋네요,0,0,0,0,0,False,39,31,39,True
4969807,85567394,general,힙한캐나다마린룩,정사이즈로 잘맞습니다 . 사이즈에 잘맞게 구매했어요,4.0,False,BEIGE · XL,183.0,75.0,남성,2026-06-22 16:21:46,사이즈: 정사이즈 / 화면 대비 색감: 화면과 비슷 / 퀄리티: 보통 / 신축성: 적당함,False,0,filluminate,하의,XL,BEIGE,2026,6,22,월,4,응답,정사이즈,화면과 비슷,보통,,,적당함,,,3.0,,3.0,,,0.0,0.0,0.0,0.0,,,정사이즈로 잘맞습니다 . 사이즈에 잘맞게 구매했어요,정사이즈로잘맞습니다사이즈에잘맞게구매했어요,0,0,0,0,0,False,28,22,28,True
4969807,85567106,general,풍성한칠레로브,블프에 합리적인 가격에 구매한것 같아서 매우 만족합니다,5.0,False,BEIGE · XL,177.0,79.0,남성,2026-06-22 16:16:42,사이즈: 정사이즈 / 화면 대비 색감: 화면과 비슷 / 퀄리티: 좋음 / 신축성: 적당함,True,0,filluminate,하의,XL,BEIGE,2026,6,22,월,5,응답,정사이즈,화면과 비슷,좋음,,,적당함,,,4.0,,3.0,,,0.0,0.0,0.0,0.0,,,블프에 합리적인 가격에 구매한것 같아서 매우 만족합니다,블프에합리적인가격에구매한것같아서매우만족합니다,0,0,0,0,0,False,30,24,30,True
4969807,85566302,general,동동이 아들래미,야르한 옷 갯 했습니다 다른 색상도 주문 했습니다 야르~,5.0,False,INDIGO · L,165.0,70.0,남성,2026-06-22 16:00:54,사이즈: 정사이즈 / 화면 대비 색감: 화면과 비슷 / 퀄리티: 좋음 / 신축성: 적당함,False,0,filluminate,하의,L,INDIGO,2026,6,22,월,5,응답,정사이즈,화면과 비슷,좋음,,,적당함,,,4.0,,3.0,,,0.0,0.0,0.0,0.0,,,야르한 옷 갯 했습니다 다른 색상도 주문 했습니다 야르~,야르한옷갯했습니다다른색상도주문했습니다야르,0,0,0,0,0,False,31,22,31,True
4969807,85565673,general,Flaze,바지색이 생각보다는 밝긴한데 그 외는 만족합니다 여름에 떡 입기 좋아요,5.0,False,INDIGO · M,172.0,68.0,남성,2026-06-22 15:45:08,사이즈: 정사이즈 / 화면 대비 색감: 밝음 / 퀄리티: 매우 좋음 / 신축성: 강함,True,0,filluminate,하의,M,INDIGO,2026,6,22,월,5,응답,정사이즈,밝음,매우 좋음,,,강함,,,5.0,,4.0,,,0.0,0.0,1.0,1.0,,,바지색이 생각보다는 밝긴한데 그 외는 만족합니다 여름에 떡 입기 좋아요,바지색이생각보다는밝긴한데그외는만족합니다여름에떡입기좋아요,0,0,0,0,0,False,39,30,39,True
4969807,85559174,general,따뜻한유럽체인,굿 굿 굿 굿 굿 굿 굿 굿 굿 굿 굿 긋 굿 굿 굿 굿 굿 굿 굿 굿 굿,5.0,False,BEIGE · L,177.0,87.0,남성,2026-06-22 13:20:21,사이즈: 정사이즈 / 화면 대비 색감: 화면과 비슷 / 퀄리티: 보통 / 신축성: 적당함,False,0,filluminate,하의,L,BEIGE,2026,6,22,월,5,응답,정사이즈,화면과 비슷,보통,,,적당함,,,3.0,,3.0,,,0.0,0.0,0.0,0.0,,,굿 굿 굿 굿 굿 굿 굿 굿 굿 굿 굿 긋 굿 굿 굿 굿 굿 굿 굿 굿 굿,굿굿굿굿굿굿굿굿굿굿굿긋굿굿굿굿굿굿굿굿굿,0,0,0,0,0,False,41,21,41,True
4969807,85557821,general,cdid123,신축성도 좋고 시원해서 여름에 입기 알맞는것같아요,5.0,False,LIGHT BLUE · M,170.0,60.0,남성,2026-06-22 12:51:14,사이즈: 정사이즈 / 화면 대비 색감: 화면과 비슷 / 퀄리티: 보통 / 신축성: 적당함,False,0,filluminate,하의,M,LIGHT BLUE,2026,6,22,월,5,응답,정사이즈,화면과 비슷,보통,,,적당함,,,3.0,,3.0,,,0.0,0.0,0.0,0.0,,,신축성도 좋고 시원해서 여름에 입기 알맞는것같아요,신축성도좋고시원해서여름에입기알맞는것같아요,0,0,0,0,0,False,27,22,27,True
4969807,85557466,style,알찬대전리버서블,가격대비 만족합니다 추천합니다 재구매 생각있습니다 정사이즈 색상 만족합니다 추천합니다,5.0,False,INDIGO · L,174.0,75.0,여성,2026-06-22 12:43:10,사이즈: 정사이즈 / 화면 대비 색감: 화면과 비슷 / 퀄리티: 보통 / 신축성: 적당함,True,0,filluminate,하의,L,INDIGO,2026,6,22,월,5,응답,정사이즈,화면과 비슷,보통,,,적당함,,,3.0,,3.0,,,0.0,0.0,0.0,0.0,,,가격대비 만족합니다 추천합니다 재구매 생각있습니다 정사이즈 색상 만족합니다 추천합니다,가격대비만족합니다추천합니다재구매생각있습니다정사이즈색상만족합니다추천합니다,0,0,0,0,0,False,47,39,47,True
4969807,85557427,general,알찬대전리버서블,가격대비 만족합니다 추천합니다 재구매 생각있습니다 정사이즈 색상 만족합니다 추천합니다,5.0,False,INDIGO · L,174.0,75.0,여성,2026-06-22 12:42:31,사이즈: 정사이즈 / 화면 대비 색감: 화면과 비슷 / 퀄리티: 보통 / 신축성: 적당함,True,0,filluminate,하의,L,INDIGO,2026,6,22,월,5,응답,정사이즈,화면과 비슷,보통,,,적당함,,,3.0,,3.0,,,0.0,0.0,0.0,0.0,,,가격대비 만족합니다 추천합니다 재구매 생각있습니다 정사이즈 색상 만족합니다 추천합니다,가격대비만족합니다추천합니다재구매생각있습니다정사이즈색상만족합니다추천합니다,0,0,0,0,0,False,47,39,47,True
4969807,85557275,style,알찬대전리버서블,가격대비 만족합니다 추천합니다 재구매 생각있습니다 추천합니다 만족합니다,5.0,False,BLACK · L,174.0,75.0,여성,2026-06-22 12:38:56,사이즈: 정사이즈 / 화면 대비 색감: 화면과 비슷 / 퀄리티: 보통 / 신축성: 적당함,True,0,filluminate,하의,L,BLACK,2026,6,22,월,5,응답,정사이즈,화면과 비슷,보통,,,적당함,,,3.0,,3.0,,,0.0,0.0,0.0,0.0,,,가격대비 만족합니다 추천합니다 재구매 생각있습니다 추천합니다 만족합니다,가격대비만족합니다추천합니다재구매생각있습니다추천합니다만족합니다,0,0,0,0,0,False,39,33,39,True
4969807,85557240,general,알찬대전리버서블,가격대비 만족합니다 추천합니다 재구매 생각있습니다 만족합니다 재구매 생각있습니다,5.0,False,BLACK · L,174.0,75.0,여성,2026-06-22 12:37:59,사이즈: 정사이즈 / 화면 대비 색감: 화면과 비슷 / 퀄리티: 보통 / 신축성: 적당함,True,0,filluminate,하의,L,BLACK,2026,6,22,월,5,응답,정사이즈,화면과 비슷,보통,,,적당함,,,3.0,,3.0,,,0.0,0.0,0.0,0.0,,,가격대비 만족합니다 추천합니다 재구매 생각있습니다 만족합니다 재구매 생각있습니다,가격대비만족합니다추천합니다재구매생각있습니다만족합니다재구매생각있습니다,0,0,0,0,0,False,44,37,44,True
4969807,85555875,general,비관적인명동향수,배송 빠르고 옷도 너무 예뻐요 시원하고 색상도 좋습니다,5.0,False,INDIGO · M,171.0,64.0,남성,2026-06-22 12:05:47,사이즈: 정사이즈 / 화면 대비 색감: 화면과 비슷 / 퀄리티: 보통 / 신축성: 적당함,False,0,filluminate,하의,M,INDIGO,2026,6,22,월,5,응답,정사이즈,화면과 비슷,보통,,,적당함,,,3.0,,3.0,,,0.0,0.0,0.0,0.0,,,배송 빠르고 옷도 너무 예뻐요 시원하고 색상도 좋습니다,배송빠르고옷도너무예뻐요시원하고색상도좋습니다,0,0,0,0,0,False,30,23,30,True
4969807,85555252,general,오사쯔존맛탱,와이드한핏이라 좋습니다. 더 더워지면 못입을것같네요,5.0,False,BROWN · XL,180.0,95.0,남성,2026-06-22 11:50:16,사이즈: 정사이즈 / 화면 대비 색감: 화면과 비슷 / 퀄리티: 좋음 / 신축성: 적당함,False,0,filluminate,하의,XL,BROWN,2026,6,22,월,5,응답,정사이즈,화면과 비슷,좋음,,,적당함,,,4.0,,3.0,,,0.0,0.0,0.0,0.0,,,와이드한핏이라 좋습니다. 더 더워지면 못입을것같네요,와이드한핏이라좋습니다더더워지면못입을것같네요,0,0,0,0,0,False,28,23,28,True
4969807,85552466,general,무거운민트헬멧,가볍고 얇아서 시원합니다.~ 허리가 밴딩이라 너무 편하고 여름에도 편하게 입을꺼같네요~~,5.0,False,INDIGO · XL,176.0,86.0,남성,2026-06-22 10:39:05,사이즈: 정사이즈 / 화면 대비 색감: 화면과 비슷 / 퀄리티: 보통 / 신축성: 적당함,False,0,filluminate,하의,XL,INDIGO,2026,6,22,월,5,응답,정사이즈,화면과 비슷,보통,,,적당함,,,3.0,,3.0,,,0.0,0.0,0.0,0.0,,,가볍고 얇아서 시원합니다.~ 허리가 밴딩이라 너무 편하고 여름에도 편하게 입을꺼같네요~~,가볍고얇아서시원합니다허리가밴딩이라너무편하고여름에도편하게입을꺼같네요,0,0,0,0,0,False,49,36,49,True
4969807,85551109,style,죽전털보,여름에 시원하게 입을수있는 바지입니다. 풀밴딩이라 편하게 입고 다닐 수 있어요~,5.0,False,BROWN · L,176.0,70.0,남성,2026-06-22 09:58:35,사이즈: 조금 큼 / 화면 대비 색감: 밝음 / 퀄리티: 나쁨 / 신축성: 강함,True,0,filluminate,하의,L,BROWN,2026,6,22,월,5,응답,조금 큼,밝음,나쁨,,,강함,,,2.0,,4.0,,,1.0,1.0,1.0,1.0,,,여름에 시원하게 입을수있는 바지입니다. 풀밴딩이라 편하게 입고 다닐 수 있어요~,여름에시원하게입을수있는바지입니다풀밴딩이라편하게입고다닐수있어요,0,0,0,0,0,False,44,33,44,True
4969807,85550641,style,참곰슬이,예상한대로의 핏이 나와서 이쁘게 입었습니다  제 스펙에서는 저랑 똑같은 사이즈 하시면 될것같아요,5.0,False,LIGHT BLUE · L,174.0,82.0,남성,2026-06-22 09:43:43,사이즈: 정사이즈 / 화면 대비 색감: 화면과 비슷 / 퀄리티: 보통 / 신축성: 거의 없음,True,0,filluminate,하의,L,LIGHT BLUE,2026,6,22,월,5,응답,정사이즈,화면과 비슷,보통,,,거의 없음,,,3.0,,2.0,,,0.0,0.0,0.0,0.0,,,예상한대로의 핏이 나와서 이쁘게 입었습니다 제 스펙에서는 저랑 똑같은 사이즈 하시면 될것같아요,예상한대로의핏이나와서이쁘게입었습니다제스펙에서는저랑똑같은사이즈하시면될것같아요,0,0,0,0,0,False,53,41,52,True
4969807,85548747,style,JinounT,통풍성이 좋고 가벼워서 여름에 입기에 매우 좋습니다. 가격 대비 품질도 뛰어나고 편하게 입기에 좋습니다. 다만 약간의 비침은 있습니다.,5.0,False,BEIGE · M,177.0,65.0,남성,2026-06-22 08:39:12,사이즈: 정사이즈 / 화면 대비 색감: 화면과 비슷 / 퀄리티: 좋음 / 신축성: 거의 없음,True,1,filluminate,하의,M,BEIGE,2026,6,22,월,5,응답,정사이즈,화면과 비슷,좋음,,,거의 없음,,,4.0,,2.0,,,0.0,0.0,0.0,0.0,,,통풍성이 좋고 가벼워서 여름에 입기에 매우 좋습니다. 가격 대비 품질도 뛰어나고 편하게 입기에 좋습니다. 다만 약간의 비침은 있습니다.,통풍성이좋고가벼워서여름에입기에매우좋습니다가격대비품질도뛰어나고편하게입기에좋습니다다만약간의비침은있습니다,0,0,0,0,0,False,75,55,75,True
4969807,85548581,style,최상의카멜마린룩,"디자인이 예쁘고 마음에 듭니다, 앞으로 많이 입고 다닐게요",5.0,False,INDIGO · L,177.0,66.0,남성,2026-06-22 08:32:18,사이즈: 조금 큼 / 화면 대비 색감: 화면과 비슷 / 퀄리티: 보통 / 신축성: 적당함,True,0,filluminate,하의,L,INDIGO,2026,6,22,월,5,응답,조금 큼,화면과 비슷,보통,,,적당함,,,3.0,,3.0,,,1.0,1.0,0.0,0.0,,,"디자인이 예쁘고 마음에 듭니다, 앞으로 많이 입고 다닐게요",디자인이예쁘고마음에듭니다앞으로많이입고다닐게요,0,0,0,0,0,False,32,24,32,True
4969807,85548263,general,tlghks,옷 핏도 원하는 핏이 나왔고 옷 색감도 좋아서 마음에 들어오,5.0,False,BLACK · L,180.0,76.0,남성,2026-06-22 08:19:38,사이즈: 정사이즈 / 화면 대비 색감: 화면과 비슷 / 퀄리티: 보통 / 신축성: 적당함,False,0,filluminate,하의,L,BLACK,2026,6,22,월,5,응답,정사이즈,화면과 비슷,보통,,,적당함,,,3.0,,3.0,,,0.0,0.0,0.0,0.0,,,옷 핏도 원하는 핏이 나왔고 옷 색감도 좋아서 마음에 들어오,옷핏도원하는핏이나왔고옷색감도좋아서마음에들어오,0,0,0,0,0,False,33,24,33,True
4969807,85548256,general,tlghks,옷 핏도 원하는 핏이 나왔고 옷 색감도 좋아서 마음에 들어오,5.0,False,BEIGE · L,180.0,76.0,남성,2026-06-22 08:19:16,사이즈: 정사이즈 / 화면 대비 색감: 화면과 비슷 / 퀄리티: 보통 / 신축성: 적당함,False,0,filluminate,하의,L,BEIGE,2026,6,22,월,5,응답,정사이즈,화면과 비슷,보통,,,적당함,,,3.0,,3.0,,,0.0,0.0,0.0,0.0,,,옷 핏도 원하는 핏이 나왔고 옷 색감도 좋아서 마음에 들어오,옷핏도원하는핏이나왔고옷색감도좋아서마음에들어오,0,0,0,0,0,False,33,24,33,True
4969807,85545835,general,동네난봉꾼,사이즈 표에선 xl인데 너무 통큰건 안좋아해서 L로 샀습니다. 세미 오버핏 느낌이 나며 길이감은 운동화 신고 살짝 덮는 느낌입니다.,5.0,False,BEIGE · L,179.0,75.0,남성,2026-06-22 04:14:23,사이즈: 정사이즈 / 화면 대비 색감: 화면과 비슷 / 퀄리티: 좋음 / 신축성: 거의 없음,True,0,filluminate,하의,L,BEIGE,2026,6,22,월,5,응답,정사이즈,화면과 비슷,좋음,,,거의 없음,,,4.0,,2.0,,,0.0,0.0,0.0,0.0,,,사이즈 표에선 xl인데 너무 통큰건 안좋아해서 L로 샀습니다. 세미 오버핏 느낌이 나며 길이감은 운동화 신고 살짝 덮는 느낌입니다.,사이즈표에선xl인데너무통큰건안좋아해서l로샀습니다세미오버핏느낌이나며길이감은운동화신고살짝덮는느낌입니다,0,0,0,0,0,False,73,51,73,True
4969807,85545479,general,사이코천재,흰색에 가까운 베이지이고 옷 마감은 가격대비 굿! 추천합니다,5.0,False,BEIGE · L,185.0,65.0,남성,2026-06-22 03:24:07,사이즈: 정사이즈 / 화면 대비 색감: 화면과 비슷 / 퀄리티: 좋음 / 신축성: 적당함,True,0,filluminate,하의,L,BEIGE,2026,6,22,월,5,응답,정사이즈,화면과 비슷,좋음,,,적당함,,,4.0,,3.0,,,0.0,0.0,0.0,0.0,,,흰색에 가까운 베이지이고 옷 마감은 가격대비 굿! 추천합니다,흰색에가까운베이지이고옷마감은가격대비굿추천합니다,0,0,1,0,0,False,33,25,33,True
﻿4095000,85970036,general,강원섭1,와이드 데님 팬츠는 그냥 필루미네이트 믿고 갑니다 너무 너무 좋아요!,5.0,False,L,175.0,75.0,missing,2026-07-01 21:37:17,사이즈: 정사이즈 / 화면 대비 색감: 화면과 비슷 / 퀄리티: 매우 좋음 / 신축성: 적당함,False,0,filluminate,하의,L,,2026,7,1,수,5,응답,정사이즈,화면과 비슷,매우 좋음,,,적당함,,,5.0,,3.0,,,0.0,0.0,0.0,0.0,,,와이드 데님 팬츠는 그냥 필루미네이트 믿고 갑니다 너무 너무 좋아요!,와이드데님팬츠는그냥필루미네이트믿고갑니다너무너무좋아요,0,0,1,0,0,False,38,28,38,True
4095000,85881615,general,Kong2e,4번째 구매입니다 작년에 구매한 여름소재보단 두꺼운건 있지만 핏이 더 이쁘네요,5.0,False,L,171.0,61.0,남성,2026-06-28 21:38:32,사이즈: 정사이즈 / 화면 대비 색감: 화면과 비슷 / 퀄리티: 매우 좋음 / 신축성: 적당함,True,0,filluminate,하의,L,,2026,6,28,일,5,응답,정사이즈,화면과 비슷,매우 좋음,,,적당함,,,5.0,,3.0,,,0.0,0.0,0.0,0.0,,,4번째 구매입니다 작년에 구매한 여름소재보단 두꺼운건 있지만 핏이 더 이쁘네요,4번째구매입니다작년에구매한여름소재보단두꺼운건있지만핏이더이쁘네요,0,0,0,0,0,False,43,33,43,True
4095000,85869884,general,yunjjinn,청바지 맛집 입니다… 색깔도 너무 이쁘고 무엇보다 바지가 가볍네여 ㅎㅎ 여름에 입고 다니기 딱 좋을듯!!,5.0,False,XL,160.0,80.0,여성,2026-06-28 15:53:03,사이즈: 정사이즈 / 화면 대비 색감: 화면과 비슷 / 퀄리티: 보통 / 신축성: 적당함,False,0,filluminate,하의,XL,,2026,6,28,일,5,응답,정사이즈,화면과 비슷,보통,,,적당함,,,3.0,,3.0,,,0.0,0.0,0.0,0.0,,,청바지 맛집 입니다… 색깔도 너무 이쁘고 무엇보다 바지가 가볍네여 ㅎㅎ 여름에 입고 다니기 딱 좋을듯!!,청바지맛집입니다색깔도너무이쁘고무엇보다바지가가볍네여여름에입고다니기딱좋을듯,2,0,2,0,0,False,58,39,58,True
4095000,85847600,general,불금엔파스텔세럼,고2 아들 옷에갑자기 관심가지더니 사달라고한 옷 배송 빠르고 좋습니다 깔끔하고 단정하고 너무 이쁘네요,5.0,False,S,173.0,57.0,여성,2026-06-27 21:29:43,사이즈: 정사이즈 / 화면 대비 색감: 화면과 비슷 / 퀄리티: 보통 / 신축성: 적당함,True,0,filluminate,하의,S,,2026,6,27,토,5,응답,정사이즈,화면과 비슷,보통,,,적당함,,,3.0,,3.0,,,0.0,0.0,0.0,0.0,,,고2 아들 옷에갑자기 관심가지더니 사달라고한 옷 배송 빠르고 좋습니다 깔끔하고 단정하고 너무 이쁘네요,고2아들옷에갑자기관심가지더니사달라고한옷배송빠르고좋습니다깔끔하고단정하고너무이쁘네요,0,0,0,0,0,False,56,43,56,True
4095000,85842086,general,운전중인옥색패드,가격치고 좋은 바지 입니다ㅎㅎ 다음에 또 사고싶어요,5.0,False,M,174.0,70.0,남성,2026-06-27 18:41:43,사이즈: 정사이즈 / 화면 대비 색감: 밝음 / 퀄리티: 좋음 / 신축성: 적당함,True,0,filluminate,하의,M,,2026,6,27,토,5,응답,정사이즈,밝음,좋음,,,적당함,,,4.0,,3.0,,,0.0,0.0,1.0,1.0,,,가격치고 좋은 바지 입니다ㅎㅎ 다음에 또 사고싶어요,가격치고좋은바지입니다다음에또사고싶어요,2,0,0,0,0,False,28,20,28,True
4095000,85827197,general,mingo98,생각보다 허리 신축성이 없어서 놀랐는데 살이야 빼면 되니까 그냥 입으려구요 하하,5.0,False,L,175.0,80.0,남성,2026-06-27 12:04:08,사이즈: 조금 작음 / 화면 대비 색감: 화면과 비슷 / 퀄리티: 좋음 / 신축성: 거의 없음,False,0,filluminate,하의,L,,2026,6,27,토,5,응답,조금 작음,화면과 비슷,좋음,,,거의 없음,,,4.0,,2.0,,,-1.0,1.0,0.0,0.0,,,생각보다 허리 신축성이 없어서 놀랐는데 살이야 빼면 되니까 그냥 입으려구요 하하,생각보다허리신축성이없어서놀랐는데살이야빼면되니까그냥입으려구요하하,0,0,0,0,0,False,44,34,44,True
4095000,85610186,general,탐나는이대마스크,완전 연청은 아닌 거 같아요 그래도 이쁜 바지입니다.,5.0,False,XS,165.0,58.0,남성,2026-06-23 13:15:20,사이즈: 조금 작음 / 화면 대비 색감: 어두움 / 퀄리티: 보통 / 신축성: 적당함,True,0,filluminate,하의,XS,,2026,6,23,화,5,응답,조금 작음,어두움,보통,,,적당함,,,3.0,,3.0,,,-1.0,1.0,-1.0,1.0,,,완전 연청은 아닌 거 같아요 그래도 이쁜 바지입니다.,완전연청은아닌거같아요그래도이쁜바지입니다,0,0,0,0,0,False,29,21,29,True
﻿4095002,86034378,general,울호두,디자인 괜찮고 길이도 적당하고 가격대비 좋아요. 허리가 좀 작게 나왔네요.,4.0,False,S,170.0,50.0,여성,2026-07-04 12:27:44,사이즈: 정사이즈 / 화면 대비 색감: 화면과 비슷 / 퀄리티: 보통 / 신축성: 적당함,False,0,filluminate,하의,S,,2026,7,4,토,4,응답,정사이즈,화면과 비슷,보통,,,적당함,,,3.0,,3.0,,,0.0,0.0,0.0,0.0,,,디자인 괜찮고 길이도 적당하고 가격대비 좋아요. 허리가 좀 작게 나왔네요.,디자인괜찮고길이도적당하고가격대비좋아요허리가좀작게나왔네요,0,0,0,0,0,False,41,30,41,True
4095002,85982802,general,채은송송송,이 가격에 이 퀄리티 말안된다 제 키에 m이면 딱 이쁘게 떨어지는 정도 추천해요,5.0,False,M,174.0,70.0,남성,2026-07-02 11:50:11,사이즈: 정사이즈 / 화면 대비 색감: 화면과 비슷 / 퀄리티: 매우 좋음 / 신축성: 적당함,False,0,filluminate,하의,M,,2026,7,2,목,5,응답,정사이즈,화면과 비슷,매우 좋음,,,적당함,,,5.0,,3.0,,,0.0,0.0,0.0,0.0,,,이 가격에 이 퀄리티 말안된다 제 키에 m이면 딱 이쁘게 떨어지는 정도 추천해요,이가격에이퀄리티말안된다제키에m이면딱이쁘게떨어지는정도추천해요,0,0,0,0,0,False,44,31,44,True
4095002,85866362,general,격렬한발리후드,바지가 너무 이쁘고 여름에도 부담없이 잘 입고 다닐 것 같아요,5.0,False,XS,163.0,50.0,남성,2026-06-28 14:11:41,사이즈: 정사이즈 / 화면 대비 색감: 화면과 비슷 / 퀄리티: 보통 / 신축성: 적당함,False,0,filluminate,하의,XS,,2026,6,28,일,5,응답,정사이즈,화면과 비슷,보통,,,적당함,,,3.0,,3.0,,,0.0,0.0,0.0,0.0,,,바지가 너무 이쁘고 여름에도 부담없이 잘 입고 다닐 것 같아요,바지가너무이쁘고여름에도부담없이잘입고다닐것같아요,0,0,0,0,0,False,34,25,34,True
4095002,85854523,general,ㄹㄹㅇㅌ,사이즈는 전체적으로 헐렁해요 흘러내리는건 아닌데 원래 허리는 딱 맞게 입는걸 좋아해서 xs면 더 좋았을 거 같아요!,5.0,False,S,163.0,56.0,여성,2026-06-28 01:16:42,사이즈: 조금 큼 / 화면 대비 색감: 화면과 비슷 / 퀄리티: 보통 / 신축성: 적당함,False,0,filluminate,하의,S,,2026,6,28,일,5,응답,조금 큼,화면과 비슷,보통,,,적당함,,,3.0,,3.0,,,1.0,1.0,0.0,0.0,,,사이즈는 전체적으로 헐렁해요 흘러내리는건 아닌데 원래 허리는 딱 맞게 입는걸 좋아해서 xs면 더 좋았을 거 같아요!,사이즈는전체적으로헐렁해요흘러내리는건아닌데원래허리는딱맞게입는걸좋아해서xs면더좋았을거같아요,0,0,1,0,0,False,64,46,64,True
4095002,85803348,general,세모나라달,화면에서 봤던 색과는 살짝 차이가 있는 것 같아요 사이즈는 좀 커요,4.0,False,XS,160.0,41.0,여성,2026-06-26 19:45:25,사이즈: 조금 큼 / 화면 대비 색감: 어두움 / 퀄리티: 보통 / 신축성: 적당함,True,0,filluminate,하의,XS,,2026,6,26,금,4,응답,조금 큼,어두움,보통,,,적당함,,,3.0,,3.0,,,1.0,1.0,-1.0,1.0,,,화면에서 봤던 색과는 살짝 차이가 있는 것 같아요 사이즈는 좀 커요,화면에서봤던색과는살짝차이가있는것같아요사이즈는좀커요,0,0,0,0,0,False,37,27,37,True
4095002,85803066,style,세모나라달,좋습니다 사이즈는 살짝 커도 어쩔 수 없죠 그래도 잘 입고 다닐 것 같아요,5.0,False,XS,160.0,41.0,여성,2026-06-26 19:38:44,사이즈: 조금 큼 / 화면 대비 색감: 어두움 / 퀄리티: 보통 / 신축성: 적당함,True,0,filluminate,하의,XS,,2026,6,26,금,5,응답,조금 큼,어두움,보통,,,적당함,,,3.0,,3.0,,,1.0,1.0,-1.0,1.0,,,좋습니다 사이즈는 살짝 커도 어쩔 수 없죠 그래도 잘 입고 다닐 것 같아요,좋습니다사이즈는살짝커도어쩔수없죠그래도잘입고다닐것같아요,0,0,0,0,0,False,41,29,41,True
4095002,85675427,style,팔랑행,제가 입다가 편해서 남편도 사줬어요 처음에 M사이즈 샀다가 작아서 L로 바꿨어요,5.0,False,L,170.0,75.0,남성,2026-06-24 13:05:02,사이즈: 많이 큼 / 화면 대비 색감: 화면과 비슷 / 퀄리티: 보통 / 신축성: 적당함,True,0,filluminate,하의,L,,2026,6,24,수,5,응답,많이 큼,화면과 비슷,보통,,,적당함,,,3.0,,3.0,,,2.0,2.0,0.0,0.0,,,제가 입다가 편해서 남편도 사줬어요 처음에 M사이즈 샀다가 작아서 L로 바꿨어요,제가입다가편해서남편도사줬어요처음에m사이즈샀다가작아서l로바꿨어요,0,0,0,0,0,False,44,32,44,True
﻿5249256,85956326,style,폼나는오리,스웻팬츠 맛집이에요. 필 좋고 원단 적당히 두꺼우서 무릎 튀어나오지 않고 민망할 일 없어요. 휘뚜루 마뚜루 템으로 잘 입을게여,5.0,False,BLACK · M,170.0,62.0,남성,2026-07-01 13:19:01,사이즈: 조금 큼 / 화면 대비 색감: 화면과 비슷 / 퀄리티: 좋음 / 신축성: 강함,True,0,filluminate,하의,M,BLACK,2026,7,1,수,5,응답,조금 큼,화면과 비슷,좋음,,,강함,,,4.0,,4.0,,,1.0,1.0,0.0,0.0,,,스웻팬츠 맛집이에요. 필 좋고 원단 적당히 두꺼우서 무릎 튀어나오지 않고 민망할 일 없어요. 휘뚜루 마뚜루 템으로 잘 입을게여,스웻팬츠맛집이에요필좋고원단적당히두꺼우서무릎튀어나오지않고민망할일없어요휘뚜루마뚜루템으로잘입을게여,0,0,0,0,0,False,70,51,70,True
5249256,85940650,style,폼나는오리,"싼 티 나지 않는 스웻팬츠 찾고 있었는데, 딱 부합하는 재품이라 좋아요. 재질 좋고 마감 좋고, 밑단도 넓어소 볼드한 신발이랑도 잘 맞아요. 근데 여름에 입기는 좀 힘들어요 두꺼워서 땀이 나긴 해요. 시계랑 팔찌랑 간단하게 매치하고 집 앞 나가기도 좋아요",5.0,False,MELANGE GREY · S,170.0,62.0,남성,2026-06-30 22:15:38,사이즈: 조금 큼 / 화면 대비 색감: 화면과 비슷 / 퀄리티: 좋음 / 신축성: 강함,True,0,filluminate,하의,S,MELANGE GREY,2026,6,30,화,5,응답,조금 큼,화면과 비슷,좋음,,,강함,,,4.0,,4.0,,,1.0,1.0,0.0,0.0,,,"싼 티 나지 않는 스웻팬츠 찾고 있었는데, 딱 부합하는 재품이라 좋아요. 재질 좋고 마감 좋고, 밑단도 넓어소 볼드한 신발이랑도 잘 맞아요. 근데 여름에 입기는 좀 힘들어요 두꺼워서 땀이 나긴 해요. 시계랑 팔찌랑 간단하게 매치하고 집 앞 나가기도 좋아요",싼티나지않는스웻팬츠찾고있었는데딱부합하는재품이라좋아요재질좋고마감좋고밑단도넓어소볼드한신발이랑도잘맞아요근데여름에입기는좀힘들어요두꺼워서땀이나긴해요시계랑팔찌랑간단하게매치하고집앞나가기도좋아요,0,0,0,0,0,False,142,100,142,True
5249256,85937316,general,계획없는LA옷장,아 근데 근데 진짜 진짜 너무 너무너무너무귀여워요 너무 진짜,5.0,False,MELANGE GREY · L,178.0,67.0,남성,2026-06-30 20:42:29,사이즈: 정사이즈 / 화면 대비 색감: 화면과 비슷 / 퀄리티: 보통 / 신축성: 적당함,False,0,filluminate,하의,L,MELANGE GREY,2026,6,30,화,5,응답,정사이즈,화면과 비슷,보통,,,적당함,,,3.0,,3.0,,,0.0,0.0,0.0,0.0,,,아 근데 근데 진짜 진짜 너무 너무너무너무귀여워요 너무 진짜,아근데근데진짜진짜너무너무너무너무귀여워요너무진짜,0,0,0,0,0,False,33,25,33,True
5249256,85889552,general,풍성한울산체크,블랙 색상이 마음에 들어 바로 그레이 색상도 구매했는데 만족합니다,5.0,False,MELANGE GREY · S,162.0,49.0,남성,2026-06-29 02:00:20,사이즈: 정사이즈 / 화면 대비 색감: 화면과 비슷 / 퀄리티: 보통 / 신축성: 적당함,False,0,filluminate,하의,S,MELANGE GREY,2026,6,29,월,5,응답,정사이즈,화면과 비슷,보통,,,적당함,,,3.0,,3.0,,,0.0,0.0,0.0,0.0,,,블랙 색상이 마음에 들어 바로 그레이 색상도 구매했는데 만족합니다,블랙색상이마음에들어바로그레이색상도구매했는데만족합니다,0,0,0,0,0,False,36,28,36,True
5249256,85889541,general,풍성한울산체크,제가 생각했던 것보다는 두꺼운 느낌은 아니었디만 전체적인 핏 자체는 너무 마음에 듭니다,5.0,False,BLACK · S,162.0,49.0,남성,2026-06-29 01:59:03,사이즈: 정사이즈 / 화면 대비 색감: 화면과 비슷 / 퀄리티: 보통 / 신축성: 적당함,False,0,filluminate,하의,S,BLACK,2026,6,29,월,5,응답,정사이즈,화면과 비슷,보통,,,적당함,,,3.0,,3.0,,,0.0,0.0,0.0,0.0,,,제가 생각했던 것보다는 두꺼운 느낌은 아니었디만 전체적인 핏 자체는 너무 마음에 듭니다,제가생각했던것보다는두꺼운느낌은아니었디만전체적인핏자체는너무마음에듭니다,0,0,0,0,0,False,48,37,48,True
5249256,85796640,general,물화생쥐,길이감도 적당하고 무거운거 빼고 핏도 예쁘고 따뜻하네요! 잘 입을께요~^^,5.0,False,MELANGE GREY · L,187.0,81.0,남성,2026-06-26 17:23:31,사이즈: 정사이즈 / 화면 대비 색감: 화면과 비슷 / 퀄리티: 보통 / 신축성: 적당함,True,0,filluminate,하의,L,MELANGE GREY,2026,6,26,금,5,응답,정사이즈,화면과 비슷,보통,,,적당함,,,3.0,,3.0,,,0.0,0.0,0.0,0.0,,,길이감도 적당하고 무거운거 빼고 핏도 예쁘고 따뜻하네요! 잘 입을께요~^^,길이감도적당하고무거운거빼고핏도예쁘고따뜻하네요잘입을께요,0,0,1,0,0,False,41,29,41,True
5249256,85796525,style,물화생쥐,길이감도 적당하고 무거운거 빼고 핏도 예쁘고 따뜻하네요! 잘 입을께요~^^,5.0,False,MELANGE GREY · L,187.0,81.0,남성,2026-06-26 17:21:31,사이즈: 정사이즈 / 화면 대비 색감: 화면과 비슷 / 퀄리티: 보통 / 신축성: 적당함,True,0,filluminate,하의,L,MELANGE GREY,2026,6,26,금,5,응답,정사이즈,화면과 비슷,보통,,,적당함,,,3.0,,3.0,,,0.0,0.0,0.0,0.0,,,길이감도 적당하고 무거운거 빼고 핏도 예쁘고 따뜻하네요! 잘 입을께요~^^,길이감도적당하고무거운거빼고핏도예쁘고따뜻하네요잘입을께요,0,0,1,0,0,False,41,29,41,True
5249256,85703743,general,hocheol_30,4계절 용이하게 활용이가능할꺼 같아서 좋네요,5.0,False,MELANGE GREY · L,181.0,64.0,남성,2026-06-24 20:57:49,사이즈: 정사이즈 / 화면 대비 색감: 밝음 / 퀄리티: 보통 / 신축성: 적당함,False,0,filluminate,하의,L,MELANGE GREY,2026,6,24,수,5,응답,정사이즈,밝음,보통,,,적당함,,,3.0,,3.0,,,0.0,0.0,1.0,1.0,,,4계절 용이하게 활용이가능할꺼 같아서 좋네요,4계절용이하게활용이가능할꺼같아서좋네요,0,0,0,0,0,False,24,19,24,True
5249256,85691930,general,샤를미끌레르,데일리로 좋은 것 같아요 아무옷이랑 다 잘어울리는거 같아요,5.0,False,MELANGE GREY · S,155.0,53.0,여성,2026-06-24 17:56:20,사이즈: 조금 큼 / 화면 대비 색감: 화면과 비슷 / 퀄리티: 보통 / 신축성: 적당함,False,0,filluminate,하의,S,MELANGE GREY,2026,6,24,수,5,응답,조금 큼,화면과 비슷,보통,,,적당함,,,3.0,,3.0,,,1.0,1.0,0.0,0.0,,,데일리로 좋은 것 같아요 아무옷이랑 다 잘어울리는거 같아요,데일리로좋은것같아요아무옷이랑다잘어울리는거같아요,0,0,0,0,0,False,32,25,32,True
5249256,85676938,general,Toklz,제 키에 s 사이즈가 딱 맞습니다! 핏 이쁘고 무게감은 좀 있습니다.,5.0,False,BLACK · S,171.0,74.0,남성,2026-06-24 13:34:12,사이즈: 정사이즈 / 화면 대비 색감: 화면과 비슷 / 퀄리티: 매우 좋음 / 신축성: 적당함,False,0,filluminate,하의,S,BLACK,2026,6,24,수,5,응답,정사이즈,화면과 비슷,매우 좋음,,,적당함,,,5.0,,3.0,,,0.0,0.0,0.0,0.0,,,제 키에 s 사이즈가 딱 맞습니다! 핏 이쁘고 무게감은 좀 있습니다.,제키에s사이즈가딱맞습니다핏이쁘고무게감은좀있습니다,0,0,1,0,0,False,38,25,38,True
5249256,85610205,general,우어워ㅋ,핏이 일단 너무 이쁘고 사진그대로 핏이라 이쁘게 입고다녀요,5.0,False,MELANGE GREY · M,177.0,70.0,남성,2026-06-23 13:15:47,사이즈: 정사이즈 / 화면 대비 색감: 화면과 비슷 / 퀄리티: 보통 / 신축성: 적당함,False,0,filluminate,하의,M,MELANGE GREY,2026,6,23,화,5,응답,정사이즈,화면과 비슷,보통,,,적당함,,,3.0,,3.0,,,0.0,0.0,0.0,0.0,,,핏이 일단 너무 이쁘고 사진그대로 핏이라 이쁘게 입고다녀요,핏이일단너무이쁘고사진그대로핏이라이쁘게입고다녀요,0,0,0,0,0,False,32,25,32,True
5249256,85570861,general,쌈박한연두색크롭,핏이 너무 예쁘고 만족스럽습니다. 조금 두꺼워서 가을에 입으면 좋을 것 같습니다.,5.0,False,BLACK · S,162.0,100.0,남성,2026-06-22 17:37:01,사이즈: 정사이즈 / 화면 대비 색감: 화면과 비슷 / 퀄리티: 보통 / 신축성: 거의 없음,True,0,filluminate,하의,S,BLACK,2026,6,22,월,5,응답,정사이즈,화면과 비슷,보통,,,거의 없음,,,3.0,,2.0,,,0.0,0.0,0.0,0.0,,,핏이 너무 예쁘고 만족스럽습니다. 조금 두꺼워서 가을에 입으면 좋을 것 같습니다.,핏이너무예쁘고만족스럽습니다조금두꺼워서가을에입으면좋을것같습니다,0,0,0,0,0,False,45,33,45,True
5249256,85542120,style,청량한화이트볼캡,생각보다 바지가 얇지 않고 적당히 두꺼워서 가을부터 겨울까지 충분히 잘 입을수 있을 것 같습니다 그리고 제 키 기준으로 허리는 밴딩이라 기장만 맞게 샀는데 딱 신발 위로 떨어지는 핏이 나올것 같습니다. 원턱도 잡혀있어서 이뻐요,5.0,False,MELANGE GREY · M,172.0,71.0,남성,2026-06-22 00:41:32,사이즈: 정사이즈 / 화면 대비 색감: 화면과 비슷 / 퀄리티: 보통 / 신축성: 적당함,True,0,filluminate,하의,M,MELANGE GREY,2026,6,22,월,5,응답,정사이즈,화면과 비슷,보통,,,적당함,,,3.0,,3.0,,,0.0,0.0,0.0,0.0,,,생각보다 바지가 얇지 않고 적당히 두꺼워서 가을부터 겨울까지 충분히 잘 입을수 있을 것 같습니다 그리고 제 키 기준으로 허리는 밴딩이라 기장만 맞게 샀는데 딱 신발 위로 떨어지는 핏이 나올것 같습니다. 원턱도 잡혀있어서 이뻐요,생각보다바지가얇지않고적당히두꺼워서가을부터겨울까지충분히잘입을수있을것같습니다그리고제키기준으로허리는밴딩이라기장만맞게샀는데딱신발위로떨어지는핏이나올것같습니다원턱도잡혀있어서이뻐요,0,0,0,0,0,False,126,93,126,True
﻿5092725,86054265,style,자유로운도쿄단화,잘 받았습니다. 디자인은 좋은데 살짝 마감이 아쉽고 블랙은 물빠진 느낌이 조금 있어요!,4.0,False,BEIGE · L,180.0,71.0,남성,2026-07-05 09:12:22,사이즈: 정사이즈 / 화면 대비 색감: 어두움 / 퀄리티: 나쁨 / 신축성: 적당함,True,0,filluminate,하의,L,BEIGE,2026,7,5,일,4,응답,정사이즈,어두움,나쁨,,,적당함,,,2.0,,3.0,,,0.0,0.0,-1.0,1.0,,,잘 받았습니다. 디자인은 좋은데 살짝 마감이 아쉽고 블랙은 물빠진 느낌이 조금 있어요!,잘받았습니다디자인은좋은데살짝마감이아쉽고블랙은물빠진느낌이조금있어요,0,0,1,0,0,False,48,35,48,True
5092725,86054256,general,자유로운도쿄단화,잘 받았습니다. 디자인은 좋은데 살짝 마감이 아쉽고 블랙은 물빠진 느낌이 조금 있어요!,4.0,False,BEIGE · L,180.0,71.0,남성,2026-07-05 09:11:34,사이즈: 정사이즈 / 화면 대비 색감: 어두움 / 퀄리티: 나쁨 / 신축성: 적당함,True,0,filluminate,하의,L,BEIGE,2026,7,5,일,4,응답,정사이즈,어두움,나쁨,,,적당함,,,2.0,,3.0,,,0.0,0.0,-1.0,1.0,,,잘 받았습니다. 디자인은 좋은데 살짝 마감이 아쉽고 블랙은 물빠진 느낌이 조금 있어요!,잘받았습니다디자인은좋은데살짝마감이아쉽고블랙은물빠진느낌이조금있어요,0,0,1,0,0,False,48,35,48,True
5092725,86050368,general,거붝이,허리가 밴드로 되어있어 편하며 안쪽으로 끈이있어 허리가얇은사람들은 조여서 입으면 좋아요.색상도 화면과같고.입어보니 핏도 더 이쁘네요,5.0,False,BLACK · M,172.0,55.0,남성,2026-07-05 00:08:58,사이즈: 정사이즈 / 화면 대비 색감: 화면과 비슷 / 퀄리티: 보통 / 신축성: 적당함,True,0,filluminate,하의,M,BLACK,2026,7,5,일,5,응답,정사이즈,화면과 비슷,보통,,,적당함,,,3.0,,3.0,,,0.0,0.0,0.0,0.0,,,허리가 밴드로 되어있어 편하며 안쪽으로 끈이있어 허리가얇은사람들은 조여서 입으면 좋아요.색상도 화면과같고.입어보니 핏도 더 이쁘네요,허리가밴드로되어있어편하며안쪽으로끈이있어허리가얇은사람들은조여서입으면좋아요색상도화면과같고입어보니핏도더이쁘네요,0,0,0,0,0,False,73,58,73,True
5092725,86041809,style,삐용삐삐삑,"마음에 드네요, 이쁘게 잘 입고 다니도록 하겠습니다.",5.0,False,BEIGE · M,178.0,69.0,남성,2026-07-04 17:42:09,사이즈: 정사이즈 / 화면 대비 색감: 화면과 비슷 / 퀄리티: 보통 / 신축성: 적당함,True,0,filluminate,하의,M,BEIGE,2026,7,4,토,5,응답,정사이즈,화면과 비슷,보통,,,적당함,,,3.0,,3.0,,,0.0,0.0,0.0,0.0,,,"마음에 드네요, 이쁘게 잘 입고 다니도록 하겠습니다.",마음에드네요이쁘게잘입고다니도록하겠습니다,0,0,0,0,0,False,29,21,29,True
5092725,86041800,general,삐용삐삐삑,"마음에 드네요, 이쁘게 잘 입고 다니도록 하겠습니다.",5.0,False,BEIGE · M,178.0,69.0,남성,2026-07-04 17:41:50,사이즈: 정사이즈 / 화면 대비 색감: 화면과 비슷 / 퀄리티: 보통 / 신축성: 적당함,True,0,filluminate,하의,M,BEIGE,2026,7,4,토,5,응답,정사이즈,화면과 비슷,보통,,,적당함,,,3.0,,3.0,,,0.0,0.0,0.0,0.0,,,"마음에 드네요, 이쁘게 잘 입고 다니도록 하겠습니다.",마음에드네요이쁘게잘입고다니도록하겠습니다,0,0,0,0,0,False,29,21,29,True
5092725,86034576,general,부라보82,주문이 많아 주문하고 좀 있다 받긴했는데 괜칞네요 실밥이 좀 떨어지긴 하지만 저렴하게 잘 샀네요,5.0,False,BEIGE · L,175.0,85.0,남성,2026-07-04 12:37:17,사이즈: 정사이즈 / 화면 대비 색감: 화면과 비슷 / 퀄리티: 보통 / 신축성: 적당함,True,0,filluminate,하의,L,BEIGE,2026,7,4,토,5,응답,정사이즈,화면과 비슷,보통,,,적당함,,,3.0,,3.0,,,0.0,0.0,0.0,0.0,,,주문이 많아 주문하고 좀 있다 받긴했는데 괜칞네요 실밥이 좀 떨어지긴 하지만 저렴하게 잘 샀네요,주문이많아주문하고좀있다받긴했는데괜칞네요실밥이좀떨어지긴하지만저렴하게잘샀네요,0,0,0,0,0,False,53,40,53,True
5092725,86034478,general,도리도리감쟈도리,실밥이 튀어나와 마감상태는 그냥 그런데 가격을 생각하면 가성비 린넨바지로 입기 좋습니다!,5.0,False,BEIGE · M,176.0,67.0,남성,2026-07-04 12:32:57,사이즈: 정사이즈 / 화면 대비 색감: 화면과 비슷 / 퀄리티: 나쁨 / 신축성: 적당함,True,0,filluminate,하의,M,BEIGE,2026,7,4,토,5,응답,정사이즈,화면과 비슷,나쁨,,,적당함,,,2.0,,3.0,,,0.0,0.0,0.0,0.0,,,실밥이 튀어나와 마감상태는 그냥 그런데 가격을 생각하면 가성비 린넨바지로 입기 좋습니다!,실밥이튀어나와마감상태는그냥그런데가격을생각하면가성비린넨바지로입기좋습니다,0,0,1,0,0,False,49,38,49,True
5092725,86028738,style,자동구매,여름에 달라붙지 않아서 시원하게 입을 수 있을듯합니다,5.0,False,BEIGE · M,171.0,71.0,남성,2026-07-04 01:48:26,사이즈: 정사이즈 / 화면 대비 색감: 화면과 비슷 / 퀄리티: 보통 / 신축성: 적당함,True,0,filluminate,하의,M,BEIGE,2026,7,4,토,5,응답,정사이즈,화면과 비슷,보통,,,적당함,,,3.0,,3.0,,,0.0,0.0,0.0,0.0,,,여름에 달라붙지 않아서 시원하게 입을 수 있을듯합니다,여름에달라붙지않아서시원하게입을수있을듯합니다,0,0,0,0,0,False,29,23,29,True
5092725,86028734,general,자동구매,여름에 달라붙지 않아서 시원하게 입을 수 있을듯합니다,5.0,False,BEIGE · M,171.0,71.0,남성,2026-07-04 01:48:07,사이즈: 정사이즈 / 화면 대비 색감: 화면과 비슷 / 퀄리티: 보통 / 신축성: 적당함,True,0,filluminate,하의,M,BEIGE,2026,7,4,토,5,응답,정사이즈,화면과 비슷,보통,,,적당함,,,3.0,,3.0,,,0.0,0.0,0.0,0.0,,,여름에 달라붙지 않아서 시원하게 입을 수 있을듯합니다,여름에달라붙지않아서시원하게입을수있을듯합니다,0,0,0,0,0,False,29,23,29,True
5092725,86016329,general,키치한멜란지더비,브라운하고 인디고 샀는데 예뻐요 통도 좋고 편합니다,5.0,False,INDIGO · L,153.0,48.0,missing,2026-07-03 16:39:49,사이즈: 정사이즈 / 화면 대비 색감: 화면과 비슷 / 퀄리티: 보통 / 신축성: 적당함,False,0,filluminate,하의,L,INDIGO,2026,7,3,금,5,응답,정사이즈,화면과 비슷,보통,,,적당함,,,3.0,,3.0,,,0.0,0.0,0.0,0.0,,,브라운하고 인디고 샀는데 예뻐요 통도 좋고 편합니다,브라운하고인디고샀는데예뻐요통도좋고편합니다,0,0,0,0,0,False,28,22,28,True
5092725,85996462,general,세심한핑크마스크,가격도 괜찮고 핏도 너무이뻐요. 180/75 다리 긴편인 남편한테 딱 잘어울려요,5.0,False,BEIGE · XL,158.0,51.0,여성,2026-07-02 21:02:02,사이즈: 정사이즈 / 화면 대비 색감: 화면과 비슷 / 퀄리티: 매우 좋음 / 신축성: 적당함,False,0,filluminate,하의,XL,BEIGE,2026,7,2,목,5,응답,정사이즈,화면과 비슷,매우 좋음,,,적당함,,,5.0,,3.0,,,0.0,0.0,0.0,0.0,,,가격도 괜찮고 핏도 너무이뻐요. 180/75 다리 긴편인 남편한테 딱 잘어울려요,가격도괜찮고핏도너무이뻐요18075다리긴편인남편한테딱잘어울려요,0,0,0,0,0,False,44,28,44,True
5092725,85996202,general,성실한브뤼셀로퍼,색상 너무 이쁘고 밴드로 되어있어 착용감도 편해요 근데 생각보다 통이 더 크네요 ㅎㅎ,5.0,False,BEIGE · L,181.0,74.0,남성,2026-07-02 20:51:27,사이즈: 조금 큼 / 화면 대비 색감: 화면과 비슷 / 퀄리티: 보통 / 신축성: 강함,False,0,filluminate,하의,L,BEIGE,2026,7,2,목,5,응답,조금 큼,화면과 비슷,보통,,,강함,,,3.0,,4.0,,,1.0,1.0,0.0,0.0,,,색상 너무 이쁘고 밴드로 되어있어 착용감도 편해요 근데 생각보다 통이 더 크네요 ㅎㅎ,색상너무이쁘고밴드로되어있어착용감도편해요근데생각보다통이더크네요,2,0,0,0,0,False,47,33,47,True
5092725,85995997,general,로히덴,"여름에 청바지를 못입었는데, 이건 얇고 시원한데, 청바지 같고 좋습니다.",5.0,False,LIGHT BLUE · M,173.0,55.0,남성,2026-07-02 20:43:29,사이즈: 조금 큼 / 화면 대비 색감: 화면과 비슷 / 퀄리티: 좋음 / 신축성: 거의 없음,False,0,filluminate,하의,M,LIGHT BLUE,2026,7,2,목,5,응답,조금 큼,화면과 비슷,좋음,,,거의 없음,,,4.0,,2.0,,,1.0,1.0,0.0,0.0,,,"여름에 청바지를 못입었는데, 이건 얇고 시원한데, 청바지 같고 좋습니다.",여름에청바지를못입었는데이건얇고시원한데청바지같고좋습니다,0,0,0,0,0,False,40,29,40,True
5092725,85993390,general,지펠,기장 적당하고 여름에도 부담없이시원하게 입기 좋아요,5.0,False,BEIGE · M,168.0,74.0,남성,2026-07-02 19:00:09,사이즈: 정사이즈 / 화면 대비 색감: 화면과 비슷 / 퀄리티: 좋음 / 신축성: 전혀 없음,True,0,filluminate,하의,M,BEIGE,2026,7,2,목,5,응답,정사이즈,화면과 비슷,좋음,,,전혀 없음,,,4.0,,1.0,,,0.0,0.0,0.0,0.0,,,기장 적당하고 여름에도 부담없이시원하게 입기 좋아요,기장적당하고여름에도부담없이시원하게입기좋아요,0,0,0,0,0,False,28,23,28,True
5092725,85874134,general,hljhmh,색이 생긱보다 밝긴한데 이뻐서 잘입고 다닐것 같습니다,5.0,False,LIGHT BLUE · L,180.0,70.0,남성,2026-06-28 17:59:25,사이즈: 정사이즈 / 화면 대비 색감: 밝음 / 퀄리티: 좋음 / 신축성: 적당함,True,0,filluminate,하의,L,LIGHT BLUE,2026,6,28,일,5,응답,정사이즈,밝음,좋음,,,적당함,,,4.0,,3.0,,,0.0,0.0,1.0,1.0,,,색이 생긱보다 밝긴한데 이뻐서 잘입고 다닐것 같습니다,색이생긱보다밝긴한데이뻐서잘입고다닐것같습니다,0,0,0,0,0,False,29,23,29,True
5092725,85852901,general,높은그린취향,옷도 정말 편하고 여름에 입기 좋아요. 시원합니다,5.0,False,BEIGE · XL,176.0,75.0,남성,2026-06-28 00:06:34,사이즈: 정사이즈 / 화면 대비 색감: 화면과 비슷 / 퀄리티: 좋음 / 신축성: 적당함,True,0,filluminate,하의,XL,BEIGE,2026,6,28,일,5,응답,정사이즈,화면과 비슷,좋음,,,적당함,,,4.0,,3.0,,,0.0,0.0,0.0,0.0,,,옷도 정말 편하고 여름에 입기 좋아요. 시원합니다,옷도정말편하고여름에입기좋아요시원합니다,0,0,0,0,0,False,27,20,27,True
5092725,85846139,style,낮은핑크심플,"생각보다 얇아서 여름에 입기도 좋고,  여러 색상에도 잘 어울려 편하게 입을 수 있을것 같습니다",5.0,False,LIGHT BLUE · M,167.0,62.0,남성,2026-06-27 20:47:16,사이즈: 정사이즈 / 화면 대비 색감: 화면과 비슷 / 퀄리티: 좋음 / 신축성: 적당함,True,0,filluminate,하의,M,LIGHT BLUE,2026,6,27,토,5,응답,정사이즈,화면과 비슷,좋음,,,적당함,,,4.0,,3.0,,,0.0,0.0,0.0,0.0,,,"생각보다 얇아서 여름에 입기도 좋고, 여러 색상에도 잘 어울려 편하게 입을 수 있을것 같습니다",생각보다얇아서여름에입기도좋고여러색상에도잘어울려편하게입을수있을것같습니다,0,0,0,0,0,False,53,38,52,True
5092725,85840421,general,와썹제이,길이감도 괜찮았고 얇아서 여름에 입기 좋은거 같아요!,5.0,False,LIGHT BLUE · L,180.0,66.0,남성,2026-06-27 17:54:35,사이즈: 정사이즈 / 화면 대비 색감: 화면과 비슷 / 퀄리티: 좋음 / 신축성: 거의 없음,True,0,filluminate,하의,L,LIGHT BLUE,2026,6,27,토,5,응답,정사이즈,화면과 비슷,좋음,,,거의 없음,,,4.0,,2.0,,,0.0,0.0,0.0,0.0,,,길이감도 괜찮았고 얇아서 여름에 입기 좋은거 같아요!,길이감도괜찮았고얇아서여름에입기좋은거같아요,0,0,1,0,0,False,29,22,29,True
5092725,85833556,general,웅장한서초청바지,어느정도 신축성 있어서 활동하기 편하네요.색상도 화면이랑 차이가 없어서 굳,5.0,False,INDIGO · L,179.0,75.0,남성,2026-06-27 15:03:13,사이즈: 조금 큼 / 화면 대비 색감: 화면과 비슷 / 퀄리티: 좋음 / 신축성: 적당함,False,0,filluminate,하의,L,INDIGO,2026,6,27,토,5,응답,조금 큼,화면과 비슷,좋음,,,적당함,,,4.0,,3.0,,,1.0,1.0,0.0,0.0,,,어느정도 신축성 있어서 활동하기 편하네요.색상도 화면이랑 차이가 없어서 굳,어느정도신축성있어서활동하기편하네요색상도화면이랑차이가없어서굳,0,0,0,0,0,False,41,32,41,True
5092725,85830090,general,nick?,허리 쪽 부분이 인디고보다 브라운이 더 편합니다.,5.0,False,BROWN · L,177.0,70.0,남성,2026-06-27 13:23:53,사이즈: 정사이즈 / 화면 대비 색감: 화면과 비슷 / 퀄리티: 보통 / 신축성: 적당함,True,0,filluminate,하의,L,BROWN,2026,6,27,토,5,응답,정사이즈,화면과 비슷,보통,,,적당함,,,3.0,,3.0,,,0.0,0.0,0.0,0.0,,,허리 쪽 부분이 인디고보다 브라운이 더 편합니다.,허리쪽부분이인디고보다브라운이더편합니다,0,0,0,0,0,False,27,20,27,True
5092725,85804015,general,비비드한동묘볼캡,사이즈 잘 맞고 편해요 여름에 입기 좋아요 다른 색도 사고 싶어요,5.0,False,LIGHT BLUE · M,170.0,63.0,여성,2026-06-26 20:01:08,사이즈: 정사이즈 / 화면 대비 색감: 화면과 비슷 / 퀄리티: 보통 / 신축성: 적당함,False,0,filluminate,하의,M,LIGHT BLUE,2026,6,26,금,5,응답,정사이즈,화면과 비슷,보통,,,적당함,,,3.0,,3.0,,,0.0,0.0,0.0,0.0,,,사이즈 잘 맞고 편해요 여름에 입기 좋아요 다른 색도 사고 싶어요,사이즈잘맞고편해요여름에입기좋아요다른색도사고싶어요,0,0,0,0,0,False,36,26,36,True
5092725,85781054,general,도우너잉,소재가 얇아서 가볍습니다. 색감이 적합하게 예쁩니다,5.0,False,INDIGO · L,177.0,90.0,남성,2026-06-26 11:20:55,사이즈: 정사이즈 / 화면 대비 색감: 화면과 비슷 / 퀄리티: 보통 / 신축성: 적당함,False,0,filluminate,하의,L,INDIGO,2026,6,26,금,5,응답,정사이즈,화면과 비슷,보통,,,적당함,,,3.0,,3.0,,,0.0,0.0,0.0,0.0,,,소재가 얇아서 가볍습니다. 색감이 적합하게 예쁩니다,소재가얇아서가볍습니다색감이적합하게예쁩니다,0,0,0,0,0,False,28,22,28,True
5092725,85735740,general,강한니스랩스커트,아주시원하고 멋진 와이드한 바지 입니다.잘 입고 다녀요,5.0,False,LIGHT BLUE · L,184.0,68.0,남성,2026-06-25 13:21:53,사이즈: 정사이즈 / 화면 대비 색감: 화면과 비슷 / 퀄리티: 보통 / 신축성: 적당함,True,0,filluminate,하의,L,LIGHT BLUE,2026,6,25,목,5,응답,정사이즈,화면과 비슷,보통,,,적당함,,,3.0,,3.0,,,0.0,0.0,0.0,0.0,,,아주시원하고 멋진 와이드한 바지 입니다.잘 입고 다녀요,아주시원하고멋진와이드한바지입니다잘입고다녀요,0,0,0,0,0,False,30,23,30,True
5092725,85731750,style,복이토리,좀 짧은감고 있고 통이 굉장히 커요ㅠㅠ 통 큰 바지를 선호 하긴 하는데 후들휴들한 재질도 아닌데 통도 크고 리뷰랑 판매1위라 해서 샀는데 저는 실패이긴 합니다.. 색감도 잠옷바지같아요,3.0,False,LIGHT BLUE · M,178.0,79.0,남성,2026-06-25 11:37:58,사이즈: 정사이즈 / 화면 대비 색감: 밝음 / 퀄리티: 보통 / 신축성: 적당함,True,0,filluminate,하의,M,LIGHT BLUE,2026,6,25,목,3,응답,정사이즈,밝음,보통,,,적당함,,,3.0,,3.0,,,0.0,0.0,1.0,1.0,,,좀 짧은감고 있고 통이 굉장히 커요ㅠㅠ 통 큰 바지를 선호 하긴 하는데 후들휴들한 재질도 아닌데 통도 크고 리뷰랑 판매1위라 해서 샀는데 저는 실패이긴 합니다.. 색감도 잠옷바지같아요,좀짧은감고있고통이굉장히커요통큰바지를선호하긴하는데후들휴들한재질도아닌데통도크고리뷰랑판매1위라해서샀는데저는실패이긴합니다색감도잠옷바지같아요,0,2,0,0,0,False,102,72,102,True
5092725,85714291,style,결정적인명동슬림,싸게 샀는데 진짜 편해서 출근용 전투복으로 딱 좋아요. 라이트블루는 생각보다 밝은데 괜찮아요,5.0,False,LIGHT BLUE · XL,177.0,80.0,남성,2026-06-24 23:05:20,사이즈: 정사이즈 / 화면 대비 색감: 어두움 / 퀄리티: 좋음 / 신축성: 강함,True,0,filluminate,하의,XL,LIGHT BLUE,2026,6,24,수,5,응답,정사이즈,어두움,좋음,,,강함,,,4.0,,4.0,,,0.0,0.0,-1.0,1.0,,,싸게 샀는데 진짜 편해서 출근용 전투복으로 딱 좋아요. 라이트블루는 생각보다 밝은데 괜찮아요,싸게샀는데진짜편해서출근용전투복으로딱좋아요라이트블루는생각보다밝은데괜찮아요,0,0,0,0,0,False,51,39,51,True
5092725,85714171,general,결정적인명동슬림,싸게 샀는데 진짜 편해서 출근용 전투복으로 딱 좋아요. 라이트블루는 생각보다 밝은데 괜찮아요,5.0,False,LIGHT BLUE · XL,177.0,80.0,남성,2026-06-24 23:03:55,사이즈: 정사이즈 / 화면 대비 색감: 화면과 비슷 / 퀄리티: 좋음 / 신축성: 강함,True,0,filluminate,하의,XL,LIGHT BLUE,2026,6,24,수,5,응답,정사이즈,화면과 비슷,좋음,,,강함,,,4.0,,4.0,,,0.0,0.0,0.0,0.0,,,싸게 샀는데 진짜 편해서 출근용 전투복으로 딱 좋아요. 라이트블루는 생각보다 밝은데 괜찮아요,싸게샀는데진짜편해서출근용전투복으로딱좋아요라이트블루는생각보다밝은데괜찮아요,0,0,0,0,0,False,51,39,51,True
5092725,85635622,general,tisket,정말 편하고 시원한데다 색 디자인 모두 거울 볼때마다 만족스러워요 덕분에 바지 졸업하려고요,5.0,False,BEIGE · L,180.0,75.0,남성,2026-06-23 20:49:26,사이즈: 정사이즈 / 화면 대비 색감: 화면과 비슷 / 퀄리티: 좋음 / 신축성: 매우 강함,False,0,filluminate,하의,L,BEIGE,2026,6,23,화,5,응답,정사이즈,화면과 비슷,좋음,,,매우 강함,,,4.0,,5.0,,,0.0,0.0,0.0,0.0,,,정말 편하고 시원한데다 색 디자인 모두 거울 볼때마다 만족스러워요 덕분에 바지 졸업하려고요,정말편하고시원한데다색디자인모두거울볼때마다만족스러워요덕분에바지졸업하려고요,0,0,0,0,0,False,50,39,50,True
5092725,85600007,general,핫한주황라탄백,여름에 입기 딱 좋은 바지에요 시원하고 세미와이드 느낌으로 너무 좋네요,5.0,False,BLACK · L,170.0,86.0,남성,2026-06-23 08:57:42,사이즈: 정사이즈 / 화면 대비 색감: 화면과 비슷 / 퀄리티: 보통 / 신축성: 적당함,False,0,filluminate,하의,L,BLACK,2026,6,23,화,5,응답,정사이즈,화면과 비슷,보통,,,적당함,,,3.0,,3.0,,,0.0,0.0,0.0,0.0,,,여름에 입기 딱 좋은 바지에요 시원하고 세미와이드 느낌으로 너무 좋네요,여름에입기딱좋은바지에요시원하고세미와이드느낌으로너무좋네요,0,0,0,0,0,False,39,30,39,True
5092725,85567904,style,안드레이타르코프스키,시원하고 편안해서 여름철 잘 입고 다닐 것 같아요^^,5.0,False,INDIGO · L,168.0,80.0,남성,2026-06-22 16:32:52,사이즈: 조금 큼 / 화면 대비 색감: 화면과 비슷 / 퀄리티: 보통 / 신축성: 적당함,True,0,filluminate,하의,L,INDIGO,2026,6,22,월,5,응답,조금 큼,화면과 비슷,보통,,,적당함,,,3.0,,3.0,,,1.0,1.0,0.0,0.0,,,시원하고 편안해서 여름철 잘 입고 다닐 것 같아요^^,시원하고편안해서여름철잘입고다닐것같아요,0,0,0,0,0,False,29,20,29,True
5092725,85567821,general,안드레이타르코프스키,시원하고 편해서 잘 입고 여름철 시원하게 입고 다닐 수 있을 것 같아요^^,4.0,False,INDIGO · L,168.0,80.0,남성,2026-06-22 16:30:53,사이즈: 조금 큼 / 화면 대비 색감: 화면과 비슷 / 퀄리티: 좋음 / 신축성: 적당함,False,0,filluminate,하의,L,INDIGO,2026,6,22,월,4,응답,조금 큼,화면과 비슷,좋음,,,적당함,,,4.0,,3.0,,,1.0,1.0,0.0,0.0,,,시원하고 편해서 잘 입고 여름철 시원하게 입고 다닐 수 있을 것 같아요^^,시원하고편해서잘입고여름철시원하게입고다닐수있을것같아요,0,0,0,0,0,False,41,28,41,True
5092725,85558382,general,jyh10,사이즈감도 좋고 생각보다 탄탄해서 좋아요 다른색도삽니딘,5.0,False,LIGHT BLUE · M,173.0,70.0,남성,2026-06-22 13:03:25,사이즈: 조금 큼 / 화면 대비 색감: 화면과 비슷 / 퀄리티: 보통 / 신축성: 적당함,False,0,filluminate,하의,M,LIGHT BLUE,2026,6,22,월,5,응답,조금 큼,화면과 비슷,보통,,,적당함,,,3.0,,3.0,,,1.0,1.0,0.0,0.0,,,사이즈감도 좋고 생각보다 탄탄해서 좋아요 다른색도삽니딘,사이즈감도좋고생각보다탄탄해서좋아요다른색도삽니딘,0,0,0,0,0,False,30,25,30,True
5092725,85546813,general,미니망두,세미와이드핏을 원했는데 그거보다는 더 와이드하지만 너무 이쁘고 좋아요,5.0,False,LIGHT BLUE · L,180.0,82.0,남성,2026-06-22 06:41:34,사이즈: 정사이즈 / 화면 대비 색감: 화면과 비슷 / 퀄리티: 보통 / 신축성: 적당함,True,0,filluminate,하의,L,LIGHT BLUE,2026,6,22,월,5,응답,정사이즈,화면과 비슷,보통,,,적당함,,,3.0,,3.0,,,0.0,0.0,0.0,0.0,,,세미와이드핏을 원했는데 그거보다는 더 와이드하지만 너무 이쁘고 좋아요,세미와이드핏을원했는데그거보다는더와이드하지만너무이쁘고좋아요,0,0,0,0,0,False,38,31,38,True
5092725,85546797,style,미니망두,옷 이쁘고 편하게 입을수는 있지만 완전 한여름에는 입기에는 살짝 두꺼윤 느낌입니다. 그래도 편하게 입기에 좋아요,5.0,False,LIGHT BLUE · L,180.0,82.0,남성,2026-06-22 06:39:43,사이즈: 정사이즈 / 화면 대비 색감: 화면과 비슷 / 퀄리티: 좋음 / 신축성: 적당함,True,1,filluminate,하의,L,LIGHT BLUE,2026,6,22,월,5,응답,정사이즈,화면과 비슷,좋음,,,적당함,,,4.0,,3.0,,,0.0,0.0,0.0,0.0,,,옷 이쁘고 편하게 입을수는 있지만 완전 한여름에는 입기에는 살짝 두꺼윤 느낌입니다. 그래도 편하게 입기에 좋아요,옷이쁘고편하게입을수는있지만완전한여름에는입기에는살짝두꺼윤느낌입니다그래도편하게입기에좋아요,0,0,0,0,0,False,62,47,62,True
﻿4728654,85934761,general,쇼트사랑,디자인은 맘에듭니다. 근데 사이즈가 다른브랜드와 비교하면 약간 작아용. 30입는데 m사이즈 꽉낌.,5.0,False,M,170.0,68.0,남성,2026-06-30 19:26:17,사이즈: 조금 작음 / 화면 대비 색감: 어두움 / 퀄리티: 좋음 / 신축성: 강함,False,0,filluminate,하의,M,,2026,6,30,화,5,응답,조금 작음,어두움,좋음,,,강함,,,4.0,,4.0,,,-1.0,1.0,-1.0,1.0,,,디자인은 맘에듭니다. 근데 사이즈가 다른브랜드와 비교하면 약간 작아용. 30입는데 m사이즈 꽉낌.,디자인은맘에듭니다근데사이즈가다른브랜드와비교하면약간작아용30입는데m사이즈꽉낌,0,0,0,0,0,False,54,38,54,True
4728654,85909590,general,양대리,바지가 탄탄하고 마감처리가 상당히 좋습니다아,5.0,False,M,170.0,70.0,남성,2026-06-29 20:50:52,사이즈: 정사이즈 / 화면 대비 색감: 밝음 / 퀄리티: 매우 좋음 / 신축성: 거의 없음,False,0,filluminate,하의,M,,2026,6,29,월,5,응답,정사이즈,밝음,매우 좋음,,,거의 없음,,,5.0,,2.0,,,0.0,0.0,1.0,1.0,,,바지가 탄탄하고 마감처리가 상당히 좋습니다아,바지가탄탄하고마감처리가상당히좋습니다아,0,0,0,0,0,False,24,20,24,True
4728654,85817723,general,연애중인도쿄키링,재질이 오래 입을 수 있는 쫀쫀한 재질이에요 지금 사입기엔 조금 더울 수 있는데 그래도 예뻐요 근데 밑위가 너무 길어서 허벅지 사이가 쓸리는 감이 있어요,5.0,False,S,170.0,63.0,남성,2026-06-27 01:43:35,사이즈: 정사이즈 / 화면 대비 색감: 화면과 비슷 / 퀄리티: 좋음 / 신축성: 전혀 없음,True,0,filluminate,하의,S,,2026,6,27,토,5,응답,정사이즈,화면과 비슷,좋음,,,전혀 없음,,,4.0,,1.0,,,0.0,0.0,0.0,0.0,,,재질이 오래 입을 수 있는 쫀쫀한 재질이에요 지금 사입기엔 조금 더울 수 있는데 그래도 예뻐요 근데 밑위가 너무 길어서 허벅지 사이가 쓸리는 감이 있어요,재질이오래입을수있는쫀쫀한재질이에요지금사입기엔조금더울수있는데그래도예뻐요근데밑위가너무길어서허벅지사이가쓸리는감이있어요,0,0,0,0,0,False,85,62,85,True
4728654,85761449,general,다다다호잇,키170이라 s랑m고민하다 s했는데 바닥안끌릴정도로 딱 맞는 느낌이라 조금 아쉬움 ㅠㅠ밑단 스트링 쓸일이 없..  블랙카모 치고는 패턴이 잘 보이는 느낌 은근 티 맞춰입기가 애매한듯해서 상의 쇼핑하러갑니당.. 주머니는 깊어서 좋아요!,4.0,False,S,170.0,53.0,여성,2026-06-25 21:51:09,사이즈: 정사이즈 / 화면 대비 색감: 화면과 비슷 / 퀄리티: 보통 / 신축성: 거의 없음,True,0,filluminate,하의,S,,2026,6,25,목,4,응답,정사이즈,화면과 비슷,보통,,,거의 없음,,,3.0,,2.0,,,0.0,0.0,0.0,0.0,,,키170이라 s랑m고민하다 s했는데 바닥안끌릴정도로 딱 맞는 느낌이라 조금 아쉬움 ㅠㅠ밑단 스트링 쓸일이 없.. 블랙카모 치고는 패턴이 잘 보이는 느낌 은근 티 맞춰입기가 애매한듯해서 상의 쇼핑하러갑니당.. 주머니는 깊어서 좋아요!,키170이라s랑m고민하다s했는데바닥안끌릴정도로딱맞는느낌이라조금아쉬움밑단스트링쓸일이없블랙카모치고는패턴이잘보이는느낌은근티맞춰입기가애매한듯해서상의쇼핑하러갑니당주머니는깊어서좋아요,0,2,1,0,0,False,130,89,129,True
4728654,85758193,style,케이넥,디자인 이쁘고 색감도 딱 원하는 정도고 카고바지? 밀리터리 바지 처음이면 딱 좋을 듯,5.0,False,M,173.0,74.0,남성,2026-06-25 21:01:54,사이즈: 정사이즈 / 화면 대비 색감: 화면과 비슷 / 퀄리티: 보통 / 신축성: 적당함,True,0,filluminate,하의,M,,2026,6,25,목,5,응답,정사이즈,화면과 비슷,보통,,,적당함,,,3.0,,3.0,,,0.0,0.0,0.0,0.0,,,디자인 이쁘고 색감도 딱 원하는 정도고 카고바지? 밀리터리 바지 처음이면 딱 좋을 듯,디자인이쁘고색감도딱원하는정도고카고바지밀리터리바지처음이면딱좋을듯,0,0,0,1,0,False,47,34,47,True
4728654,85758147,general,케이넥,밀리터리바지는 처음인데 너무 이뻐서 만족합니다,5.0,False,M,173.0,74.0,남성,2026-06-25 21:01:07,사이즈: 정사이즈 / 화면 대비 색감: 화면과 비슷 / 퀄리티: 보통 / 신축성: 적당함,True,0,filluminate,하의,M,,2026,6,25,목,5,응답,정사이즈,화면과 비슷,보통,,,적당함,,,3.0,,3.0,,,0.0,0.0,0.0,0.0,,,밀리터리바지는 처음인데 너무 이뻐서 만족합니다,밀리터리바지는처음인데너무이뻐서만족합니다,0,0,0,0,0,False,25,21,25,True
4728654,85670014,general,우헤하에헤,카모를 원래 좋아하는데 색감이나 핏 너무 맘에듭니다,5.0,False,S,168.0,68.0,남성,2026-06-24 11:20:05,사이즈: 정사이즈 / 화면 대비 색감: 화면과 비슷 / 퀄리티: 보통 / 신축성: 거의 없음,False,0,filluminate,하의,S,,2026,6,24,수,5,응답,정사이즈,화면과 비슷,보통,,,거의 없음,,,3.0,,2.0,,,0.0,0.0,0.0,0.0,,,카모를 원래 좋아하는데 색감이나 핏 너무 맘에듭니다,카모를원래좋아하는데색감이나핏너무맘에듭니다,0,0,0,0,0,False,28,22,28,True
﻿5911789,86058806,general,징욱,색감이 예뻐서 원래입던 베이지 치노 손이 잘안가네요! 사이즈도 와이드하게잘나왔어요,5.0,False,BEIGE · M,170.0,74.0,남성,2026-07-05 13:04:53,사이즈: 정사이즈 / 화면 대비 색감: 화면과 비슷 / 퀄리티: 보통 / 신축성: 적당함,False,0,filluminate,하의,M,BEIGE,2026,7,5,일,5,응답,정사이즈,화면과 비슷,보통,,,적당함,,,3.0,,3.0,,,0.0,0.0,0.0,0.0,,,색감이 예뻐서 원래입던 베이지 치노 손이 잘안가네요! 사이즈도 와이드하게잘나왔어요,색감이예뻐서원래입던베이지치노손이잘안가네요사이즈도와이드하게잘나왔어요,0,0,1,0,0,False,45,36,45,True
5911789,85993897,general,wisnoo,여행때문에 구매하였는데 콜라 흘려서 많이 더러워졌습니다. 비침은 엉덩이 내밀면 팬티가 좀 보이는정도입니다,5.0,False,CREAM · S,169.0,64.0,남성,2026-07-02 19:22:00,사이즈: 정사이즈 / 화면 대비 색감: 화면과 비슷 / 퀄리티: 보통 / 신축성: 적당함,False,0,filluminate,하의,S,CREAM,2026,7,2,목,5,응답,정사이즈,화면과 비슷,보통,,,적당함,,,3.0,,3.0,,,0.0,0.0,0.0,0.0,,,여행때문에 구매하였는데 콜라 흘려서 많이 더러워졌습니다. 비침은 엉덩이 내밀면 팬티가 좀 보이는정도입니다,여행때문에구매하였는데콜라흘려서많이더러워졌습니다비침은엉덩이내밀면팬티가좀보이는정도입니다,0,0,0,0,0,False,58,46,58,True
5911789,85962772,general,핫한라벤더옷장,너무편하고 예쁩니다 S에서M으로 변경했는데 저한테 딱입니다ㅎ,5.0,False,BEIGE · M,168.0,70.0,남성,2026-07-01 17:23:47,사이즈: 정사이즈 / 화면 대비 색감: 화면과 비슷 / 퀄리티: 보통 / 신축성: 적당함,True,0,filluminate,하의,M,BEIGE,2026,7,1,수,5,응답,정사이즈,화면과 비슷,보통,,,적당함,,,3.0,,3.0,,,0.0,0.0,0.0,0.0,,,너무편하고 예쁩니다 S에서M으로 변경했는데 저한테 딱입니다ㅎ,너무편하고예쁩니다s에서m으로변경했는데저한테딱입니다,1,0,0,0,0,False,33,25,33,True
5911789,85962289,style,도전적인독일재킷,약간 두꺼운 느낌이라 봄 가을에 입기좋아요 핏이조금더 딱 떨어지면 좋겠어요,5.0,False,CREAM · L,174.0,95.0,남성,2026-07-01 17:06:41,사이즈: 정사이즈 / 화면 대비 색감: 화면과 비슷 / 퀄리티: 보통 / 신축성: 적당함,True,0,filluminate,하의,L,CREAM,2026,7,1,수,5,응답,정사이즈,화면과 비슷,보통,,,적당함,,,3.0,,3.0,,,0.0,0.0,0.0,0.0,,,약간 두꺼운 느낌이라 봄 가을에 입기좋아요 핏이조금더 딱 떨어지면 좋겠어요,약간두꺼운느낌이라봄가을에입기좋아요핏이조금더딱떨어지면좋겠어요,0,0,0,0,0,False,41,32,41,True
5911789,85948236,general,숙련된대전캡모자,제가 원하던 핏의 바지입니다. 처음에는 너무 통이 큰거 아닌가 생각했는데 막상 입어보니깐 핏이 너무 좋아요  즐겨입는 아이템 될듯 합니다,5.0,False,BEIGE · M,173.0,70.0,남성,2026-07-01 07:27:00,사이즈: 정사이즈 / 화면 대비 색감: 화면과 비슷 / 퀄리티: 보통 / 신축성: 적당함,False,0,filluminate,하의,M,BEIGE,2026,7,1,수,5,응답,정사이즈,화면과 비슷,보통,,,적당함,,,3.0,,3.0,,,0.0,0.0,0.0,0.0,,,제가 원하던 핏의 바지입니다. 처음에는 너무 통이 큰거 아닌가 생각했는데 막상 입어보니깐 핏이 너무 좋아요 즐겨입는 아이템 될듯 합니다,제가원하던핏의바지입니다처음에는너무통이큰거아닌가생각했는데막상입어보니깐핏이너무좋아요즐겨입는아이템될듯합니다,0,0,0,0,0,False,76,56,75,True
5911789,85946108,general,앗타이어보다싸다,생각보다 더 크림크림한? 색이고 나머진 다 좋았습니다.,5.0,False,CREAM · S,170.0,56.0,남성,2026-07-01 01:26:48,사이즈: 정사이즈 / 화면 대비 색감: 화면과 비슷 / 퀄리티: 보통 / 신축성: 적당함,True,0,filluminate,하의,S,CREAM,2026,7,1,수,5,응답,정사이즈,화면과 비슷,보통,,,적당함,,,3.0,,3.0,,,0.0,0.0,0.0,0.0,,,생각보다 더 크림크림한? 색이고 나머진 다 좋았습니다.,생각보다더크림크림한색이고나머진다좋았습니다,0,0,0,1,0,False,30,22,30,True
5911789,85902239,general,JMSSB,이쁜 오버핏으로 괜찮은것같아요. 잘 입겟습니다,5.0,False,CREAM · S,175.0,60.0,남성,2026-06-29 16:06:41,사이즈: 정사이즈 / 화면 대비 색감: 화면과 비슷 / 퀄리티: 보통 / 신축성: 적당함,False,0,filluminate,하의,S,CREAM,2026,6,29,월,5,응답,정사이즈,화면과 비슷,보통,,,적당함,,,3.0,,3.0,,,0.0,0.0,0.0,0.0,,,이쁜 오버핏으로 괜찮은것같아요. 잘 입겟습니다,이쁜오버핏으로괜찮은것같아요잘입겟습니다,0,0,0,0,0,False,25,20,25,True
5911789,85902223,general,JMSSB,사이즈도 적당하고 이쁜것같아요. 와이드핏으로 잘 입겟습니다,5.0,False,BEIGE · S,175.0,60.0,남성,2026-06-29 16:06:06,사이즈: 정사이즈 / 화면 대비 색감: 화면과 비슷 / 퀄리티: 보통 / 신축성: 적당함,False,0,filluminate,하의,S,BEIGE,2026,6,29,월,5,응답,정사이즈,화면과 비슷,보통,,,적당함,,,3.0,,3.0,,,0.0,0.0,0.0,0.0,,,사이즈도 적당하고 이쁜것같아요. 와이드핏으로 잘 입겟습니다,사이즈도적당하고이쁜것같아요와이드핏으로잘입겟습니다,0,0,0,0,0,False,32,26,32,True
5911789,85893771,style,신출귀몰11월,말해 뭐합니까?? 예전에 데님을 하나 샀는데 그게 기준이 되어버려서  이번에서 코튼 팬츠를 사게 되었어요!! 거의 저한테 맞을거라고 확신에 산거라 만족도도 너무 좋고!! 핏과 디자인 모두 합격입니다!!,5.0,False,CREAM · L,174.0,85.0,남성,2026-06-29 10:16:29,사이즈: 조금 큼 / 화면 대비 색감: 화면과 비슷 / 퀄리티: 매우 좋음 / 신축성: 거의 없음,True,0,filluminate,하의,L,CREAM,2026,6,29,월,5,응답,조금 큼,화면과 비슷,매우 좋음,,,거의 없음,,,5.0,,2.0,,,1.0,1.0,0.0,0.0,,,말해 뭐합니까?? 예전에 데님을 하나 샀는데 그게 기준이 되어버려서 이번에서 코튼 팬츠를 사게 되었어요!! 거의 저한테 맞을거라고 확신에 산거라 만족도도 너무 좋고!! 핏과 디자인 모두 합격입니다!!,말해뭐합니까예전에데님을하나샀는데그게기준이되어버려서이번에서코튼팬츠를사게되었어요거의저한테맞을거라고확신에산거라만족도도너무좋고핏과디자인모두합격입니다,0,0,6,2,0,False,112,78,111,True
5911789,85893766,general,신출귀몰11월,말해 뭐합니까?? 예전에 데님을 하나 샀는데 그게 기준이 되어버려서  이번에서 코튼 팬츠를 사게 되었어요!! 거의 저한테 맞을거라고 확신에 산거라 만족도도 너무 좋고!! 핏과 디자인 모두 합격입니다!!,5.0,False,CREAM · L,174.0,85.0,남성,2026-06-29 10:16:00,사이즈: 조금 큼 / 화면 대비 색감: 화면과 비슷 / 퀄리티: 매우 좋음 / 신축성: 거의 없음,True,0,filluminate,하의,L,CREAM,2026,6,29,월,5,응답,조금 큼,화면과 비슷,매우 좋음,,,거의 없음,,,5.0,,2.0,,,1.0,1.0,0.0,0.0,,,말해 뭐합니까?? 예전에 데님을 하나 샀는데 그게 기준이 되어버려서 이번에서 코튼 팬츠를 사게 되었어요!! 거의 저한테 맞을거라고 확신에 산거라 만족도도 너무 좋고!! 핏과 디자인 모두 합격입니다!!,말해뭐합니까예전에데님을하나샀는데그게기준이되어버려서이번에서코튼팬츠를사게되었어요거의저한테맞을거라고확신에산거라만족도도너무좋고핏과디자인모두합격입니다,0,0,6,2,0,False,112,78,111,True
5911789,85893754,style,신출귀몰11월,말해 뭐합니까?? 예전에 데님을 하나 샀는데 그게 기준이 되어버려서  이번에서 코튼 팬츠를 사게 되었어요!! 거의 저한테 맞을거라고 확신에 산거라 만족도도 너무 좋고!! 핏과 디자인 모두 합격입니다!!,5.0,False,COTTON BLACK · L,174.0,85.0,남성,2026-06-29 10:15:29,사이즈: 조금 큼 / 화면 대비 색감: 화면과 비슷 / 퀄리티: 매우 좋음 / 신축성: 거의 없음,True,0,filluminate,하의,L,COTTON BLACK,2026,6,29,월,5,응답,조금 큼,화면과 비슷,매우 좋음,,,거의 없음,,,5.0,,2.0,,,1.0,1.0,0.0,0.0,,,말해 뭐합니까?? 예전에 데님을 하나 샀는데 그게 기준이 되어버려서 이번에서 코튼 팬츠를 사게 되었어요!! 거의 저한테 맞을거라고 확신에 산거라 만족도도 너무 좋고!! 핏과 디자인 모두 합격입니다!!,말해뭐합니까예전에데님을하나샀는데그게기준이되어버려서이번에서코튼팬츠를사게되었어요거의저한테맞을거라고확신에산거라만족도도너무좋고핏과디자인모두합격입니다,0,0,6,2,0,False,112,78,111,True
5911789,85893740,general,신출귀몰11월,말해 뭐합니까?? 예전에 데님을 하나 샀는데 그게 기준이 되어버려서  이번에서 코튼 팬츠를 사게 되었어요!! 거의 저한테 맞을거라고 확신에 산거라 만족도도 너무 좋고!! 핏과 디자인 모두 합격입니다!!,5.0,False,COTTON BLACK · L,174.0,85.0,남성,2026-06-29 10:14:41,사이즈: 조금 큼 / 화면 대비 색감: 화면과 비슷 / 퀄리티: 매우 좋음 / 신축성: 거의 없음,True,0,filluminate,하의,L,COTTON BLACK,2026,6,29,월,5,응답,조금 큼,화면과 비슷,매우 좋음,,,거의 없음,,,5.0,,2.0,,,1.0,1.0,0.0,0.0,,,말해 뭐합니까?? 예전에 데님을 하나 샀는데 그게 기준이 되어버려서 이번에서 코튼 팬츠를 사게 되었어요!! 거의 저한테 맞을거라고 확신에 산거라 만족도도 너무 좋고!! 핏과 디자인 모두 합격입니다!!,말해뭐합니까예전에데님을하나샀는데그게기준이되어버려서이번에서코튼팬츠를사게되었어요거의저한테맞을거라고확신에산거라만족도도너무좋고핏과디자인모두합격입니다,0,0,6,2,0,False,112,78,111,True
5911789,85867439,general,준호-,나쁘지않은거같아요 사는거 추천해요 좋아요 좋아용,5.0,False,BEIGE · XS,167.0,60.0,남성,2026-06-28 14:43:32,사이즈: 정사이즈 / 화면 대비 색감: 화면과 비슷 / 퀄리티: 보통 / 신축성: 적당함,True,0,filluminate,하의,XS,BEIGE,2026,6,28,일,5,응답,정사이즈,화면과 비슷,보통,,,적당함,,,3.0,,3.0,,,0.0,0.0,0.0,0.0,,,나쁘지않은거같아요 사는거 추천해요 좋아요 좋아용,나쁘지않은거같아요사는거추천해요좋아요좋아용,0,0,0,0,0,False,26,22,26,True
5911789,85867316,style,준호-,나쁘지않은거같아요 사는거 추천해요 좋아요 좋아용,5.0,False,BEIGE · XS,167.0,60.0,남성,2026-06-28 14:39:41,사이즈: 정사이즈 / 화면 대비 색감: 화면과 비슷 / 퀄리티: 보통 / 신축성: 적당함,True,0,filluminate,하의,XS,BEIGE,2026,6,28,일,5,응답,정사이즈,화면과 비슷,보통,,,적당함,,,3.0,,3.0,,,0.0,0.0,0.0,0.0,,,나쁘지않은거같아요 사는거 추천해요 좋아요 좋아용,나쁘지않은거같아요사는거추천해요좋아요좋아용,0,0,0,0,0,False,26,22,26,True
5911789,85763964,general,꼼데가르송,사이즈 딱 좋고 2번째 구매였어요! 핏도 맘에 들고 추천합니다,5.0,False,BEIGE · S,166.0,49.0,남성,2026-06-25 22:29:52,사이즈: 정사이즈 / 화면 대비 색감: 화면과 비슷 / 퀄리티: 매우 좋음 / 신축성: 매우 강함,False,0,filluminate,하의,S,BEIGE,2026,6,25,목,5,응답,정사이즈,화면과 비슷,매우 좋음,,,매우 강함,,,5.0,,5.0,,,0.0,0.0,0.0,0.0,,,사이즈 딱 좋고 2번째 구매였어요! 핏도 맘에 들고 추천합니다,사이즈딱좋고2번째구매였어요핏도맘에들고추천합니다,0,0,1,0,0,False,34,24,34,True
5911789,85760333,general,Luck.sh,꾸미기에 좋고 모든 옷에 다 잘 어울려서 좋아요요,5.0,False,CREAM · S,165.0,63.0,남성,2026-06-25 21:35:37,사이즈: 정사이즈 / 화면 대비 색감: 화면과 비슷 / 퀄리티: 보통 / 신축성: 적당함,False,0,filluminate,하의,S,CREAM,2026,6,25,목,5,응답,정사이즈,화면과 비슷,보통,,,적당함,,,3.0,,3.0,,,0.0,0.0,0.0,0.0,,,꾸미기에 좋고 모든 옷에 다 잘 어울려서 좋아요요,꾸미기에좋고모든옷에다잘어울려서좋아요요,0,0,0,0,0,False,27,20,27,True
5911789,85760290,general,Luck.sh,스타일링하기 매우 좋고 사이즈도 딱 맞아서 좋아요,5.0,False,COTTON BLACK · S,165.0,63.0,남성,2026-06-25 21:34:58,사이즈: 정사이즈 / 화면 대비 색감: 화면과 비슷 / 퀄리티: 보통 / 신축성: 적당함,False,0,filluminate,하의,S,COTTON BLACK,2026,6,25,목,5,응답,정사이즈,화면과 비슷,보통,,,적당함,,,3.0,,3.0,,,0.0,0.0,0.0,0.0,,,스타일링하기 매우 좋고 사이즈도 딱 맞아서 좋아요,스타일링하기매우좋고사이즈도딱맞아서좋아요,0,0,0,0,0,False,27,21,27,True
5911789,85755575,general,99.k,바지 길이감 두께감 너무 다 맘에들어서 애용하겠습니다,4.0,False,CREAM · S,163.0,61.0,남성,2026-06-25 20:16:53,사이즈: 정사이즈 / 화면 대비 색감: 화면과 비슷 / 퀄리티: 보통 / 신축성: 적당함,False,0,filluminate,하의,S,CREAM,2026,6,25,목,4,응답,정사이즈,화면과 비슷,보통,,,적당함,,,3.0,,3.0,,,0.0,0.0,0.0,0.0,,,바지 길이감 두께감 너무 다 맘에들어서 애용하겠습니다,바지길이감두께감너무다맘에들어서애용하겠습니다,0,0,0,0,0,False,29,23,29,True
5911789,85703040,general,조화로운유럽쿨톤,핏 좋고 스타일 좋고 두루두루 매우 만족합니다  추천 합니다,5.0,False,BEIGE · M,169.0,68.0,남성,2026-06-24 20:48:28,사이즈: 정사이즈 / 화면 대비 색감: 화면과 비슷 / 퀄리티: 좋음 / 신축성: 적당함,True,0,filluminate,하의,M,BEIGE,2026,6,24,수,5,응답,정사이즈,화면과 비슷,좋음,,,적당함,,,4.0,,3.0,,,0.0,0.0,0.0,0.0,,,핏 좋고 스타일 좋고 두루두루 매우 만족합니다 추천 합니다,핏좋고스타일좋고두루두루매우만족합니다추천합니다,0,0,0,0,0,False,33,24,32,True
5911789,85702916,style,조화로운유럽쿨톤,생각보다 이쁘고 핏도 좋아서 매우 만족합니다 감사합니다,5.0,False,BEIGE · M,169.0,68.0,남성,2026-06-24 20:46:55,사이즈: 정사이즈 / 화면 대비 색감: 화면과 비슷 / 퀄리티: 좋음 / 신축성: 적당함,True,0,filluminate,하의,M,BEIGE,2026,6,24,수,5,응답,정사이즈,화면과 비슷,좋음,,,적당함,,,4.0,,3.0,,,0.0,0.0,0.0,0.0,,,생각보다 이쁘고 핏도 좋아서 매우 만족합니다 감사합니다,생각보다이쁘고핏도좋아서매우만족합니다감사합니다,0,0,0,0,0,False,30,24,30,True
5911789,85671433,style,suvin18,실물 색상이 더 좋네요 두께감도 살짝 있어서 구김도 없어요,5.0,False,CREAM · L,179.0,74.0,남성,2026-06-24 11:47:06,사이즈: 정사이즈 / 화면 대비 색감: 화면과 비슷 / 퀄리티: 보통 / 신축성: 적당함,True,0,filluminate,하의,L,CREAM,2026,6,24,수,5,응답,정사이즈,화면과 비슷,보통,,,적당함,,,3.0,,3.0,,,0.0,0.0,0.0,0.0,,,실물 색상이 더 좋네요 두께감도 살짝 있어서 구김도 없어요,실물색상이더좋네요두께감도살짝있어서구김도없어요,0,0,0,0,0,False,32,24,32,True
5911789,85643997,general,good222,무난하게 잘 입을 수 있을 것 같습니다 만족합니다,5.0,False,BEIGE · XS,165.0,55.0,남성,2026-06-23 22:28:16,사이즈: 정사이즈 / 화면 대비 색감: 화면과 비슷 / 퀄리티: 보통 / 신축성: 적당함,True,0,filluminate,하의,XS,BEIGE,2026,6,23,화,5,응답,정사이즈,화면과 비슷,보통,,,적당함,,,3.0,,3.0,,,0.0,0.0,0.0,0.0,,,무난하게 잘 입을 수 있을 것 같습니다 만족합니다,무난하게잘입을수있을것같습니다만족합니다,0,0,0,0,0,False,27,20,27,True
5911789,85640822,style,평범한플럼머슬핏,두께감이 있어 한여름엔 입기 힘들겠고 핏이 생각했던만큼 와이드하게 잘나와 자주 입을것 같아요,4.0,False,BEIGE · M,169.0,75.0,남성,2026-06-23 21:52:21,사이즈: 조금 큼 / 화면 대비 색감: 화면과 비슷 / 퀄리티: 좋음 / 신축성: 적당함,True,0,filluminate,하의,M,BEIGE,2026,6,23,화,4,응답,조금 큼,화면과 비슷,좋음,,,적당함,,,4.0,,3.0,,,1.0,1.0,0.0,0.0,,,두께감이 있어 한여름엔 입기 힘들겠고 핏이 생각했던만큼 와이드하게 잘나와 자주 입을것 같아요,두께감이있어한여름엔입기힘들겠고핏이생각했던만큼와이드하게잘나와자주입을것같아요,0,0,0,0,0,False,51,40,51,True
5911789,85637966,general,suvin18,실물 색상이 훨씬 이뻐요 두께가 약간 있어서 구김이 없어요 핏이 좋네요,5.0,False,CREAM · L,179.0,74.0,남성,2026-06-23 21:17:18,사이즈: 정사이즈 / 화면 대비 색감: 화면과 비슷 / 퀄리티: 보통 / 신축성: 적당함,True,0,filluminate,하의,L,CREAM,2026,6,23,화,5,응답,정사이즈,화면과 비슷,보통,,,적당함,,,3.0,,3.0,,,0.0,0.0,0.0,0.0,,,실물 색상이 훨씬 이뻐요 두께가 약간 있어서 구김이 없어요 핏이 좋네요,실물색상이훨씬이뻐요두께가약간있어서구김이없어요핏이좋네요,0,0,0,0,0,False,39,29,39,True
5911789,85607658,style,웅키콩,색감이 생각보다 더 황토?빛이 꽤나 있네요 사실 분들은 참고하세요,4.0,False,BEIGE · M,173.0,73.0,남성,2026-06-23 12:23:31,사이즈: 정사이즈 / 화면 대비 색감: 밝음 / 퀄리티: 좋음 / 신축성: 적당함,True,0,filluminate,하의,M,BEIGE,2026,6,23,화,4,응답,정사이즈,밝음,좋음,,,적당함,,,4.0,,3.0,,,0.0,0.0,1.0,1.0,,,색감이 생각보다 더 황토?빛이 꽤나 있네요 사실 분들은 참고하세요,색감이생각보다더황토빛이꽤나있네요사실분들은참고하세요,0,0,0,1,0,False,36,27,36,True
5911789,85607627,general,웅키콩,색감이 생각보다 더 황토?빛이 꽤나 있네요 사실 분들은 참고하세요,4.0,False,BEIGE · M,173.0,73.0,남성,2026-06-23 12:22:59,사이즈: 정사이즈 / 화면 대비 색감: 밝음 / 퀄리티: 좋음 / 신축성: 적당함,True,0,filluminate,하의,M,BEIGE,2026,6,23,화,4,응답,정사이즈,밝음,좋음,,,적당함,,,4.0,,3.0,,,0.0,0.0,1.0,1.0,,,색감이 생각보다 더 황토?빛이 꽤나 있네요 사실 분들은 참고하세요,색감이생각보다더황토빛이꽤나있네요사실분들은참고하세요,0,0,0,1,0,False,36,27,36,True
5911789,85590934,general,퇴짜맞은서초더비,서이즈 잘 맞고 조금 두꺼운 원단이라 한 여름 빼고 괜찮아요.,4.0,False,BEIGE · M,175.0,64.0,여성,2026-06-22 23:42:14,사이즈: 정사이즈 / 화면 대비 색감: 화면과 비슷 / 퀄리티: 좋음 / 신축성: 적당함,True,0,filluminate,하의,M,BEIGE,2026,6,22,월,4,응답,정사이즈,화면과 비슷,좋음,,,적당함,,,4.0,,3.0,,,0.0,0.0,0.0,0.0,,,서이즈 잘 맞고 조금 두꺼운 원단이라 한 여름 빼고 괜찮아요.,서이즈잘맞고조금두꺼운원단이라한여름빼고괜찮아요,0,0,0,0,0,False,34,24,34,True
5911789,85580185,general,wsewse,약간 노란끼 들어가있는 색입니다!!재질 좋아용!생각보다 사이즈가 많이 큽니다,5.0,False,BEIGE · M,163.0,73.0,여성,2026-06-22 20:40:45,사이즈: 많이 큼 / 화면 대비 색감: 화면과 비슷 / 퀄리티: 보통 / 신축성: 적당함,False,0,filluminate,하의,M,BEIGE,2026,6,22,월,5,응답,많이 큼,화면과 비슷,보통,,,적당함,,,3.0,,3.0,,,2.0,2.0,0.0,0.0,,,약간 노란끼 들어가있는 색입니다!!재질 좋아용!생각보다 사이즈가 많이 큽니다,약간노란끼들어가있는색입니다재질좋아용생각보다사이즈가많이큽니다,0,0,3,0,0,False,42,32,42,True
5911789,85569901,general,탐나는울산캡슐,통바지여서 허체 커버가 된다는 게 장점인데 허리도 커서 차라리 통통하신 분들이 잘 맞겠네요,5.0,False,BEIGE · M,174.0,74.0,missing,2026-06-22 17:18:16,사이즈: 조금 큼 / 화면 대비 색감: 화면과 비슷 / 퀄리티: 좋음 / 신축성: 적당함,True,0,filluminate,하의,M,BEIGE,2026,6,22,월,5,응답,조금 큼,화면과 비슷,좋음,,,적당함,,,4.0,,3.0,,,1.0,1.0,0.0,0.0,,,통바지여서 허체 커버가 된다는 게 장점인데 허리도 커서 차라리 통통하신 분들이 잘 맞겠네요,통바지여서허체커버가된다는게장점인데허리도커서차라리통통하신분들이잘맞겠네요,0,0,0,0,0,False,50,38,50,True
5911789,85550691,style,차려입은블루초커,색이 부담없는 크림색이라 코디하기 괜찮은 것 같습니다 일반적인 와이드 보다 통이 좀 더 큰 것 같습니다 가격 대비 퀄리티가 나쁘지 않아서 잘 입고 다닙니다,5.0,False,CREAM · M,179.0,71.0,남성,2026-06-22 09:45:38,사이즈: 많이 큼 / 화면 대비 색감: 화면과 비슷 / 퀄리티: 보통 / 신축성: 적당함,True,0,filluminate,하의,M,CREAM,2026,6,22,월,5,응답,많이 큼,화면과 비슷,보통,,,적당함,,,3.0,,3.0,,,2.0,2.0,0.0,0.0,,,색이 부담없는 크림색이라 코디하기 괜찮은 것 같습니다 일반적인 와이드 보다 통이 좀 더 큰 것 같습니다 가격 대비 퀄리티가 나쁘지 않아서 잘 입고 다닙니다,색이부담없는크림색이라코디하기괜찮은것같습니다일반적인와이드보다통이좀더큰것같습니다가격대비퀄리티가나쁘지않아서잘입고다닙니다,0,0,0,0,0,False,86,63,86,True
﻿5314388,86016162,general,baechu,데일리로 입기 너무 좋습니다 두께감도 적당하고 밴딩도 짱짱하고 핏도 이쁘네요,5.0,False,BLACK · M,168.0,70.0,남성,2026-07-03 16:33:52,사이즈: 정사이즈 / 화면 대비 색감: 화면과 비슷 / 퀄리티: 보통 / 신축성: 적당함,False,0,filluminate,하의,M,BLACK,2026,7,3,금,5,응답,정사이즈,화면과 비슷,보통,,,적당함,,,3.0,,3.0,,,0.0,0.0,0.0,0.0,,,데일리로 입기 너무 좋습니다 두께감도 적당하고 밴딩도 짱짱하고 핏도 이쁘네요,데일리로입기너무좋습니다두께감도적당하고밴딩도짱짱하고핏도이쁘네요,0,0,0,0,0,False,42,33,42,True
5314388,85813782,general,거제도가숭어,허리 밴딩이 편하고 너무 두껍지 않아 좋습니다. 새 옷 냄새가 나서 한번 빨아입긴 해야될꺼 같습니다.,5.0,False,BLACK · M,169.0,63.0,남성,2026-06-26 23:31:12,사이즈: 정사이즈 / 화면 대비 색감: 화면과 비슷 / 퀄리티: 매우 좋음 / 신축성: 강함,True,0,filluminate,하의,M,BLACK,2026,6,26,금,5,응답,정사이즈,화면과 비슷,매우 좋음,,,강함,,,5.0,,4.0,,,0.0,0.0,0.0,0.0,,,허리 밴딩이 편하고 너무 두껍지 않아 좋습니다. 새 옷 냄새가 나서 한번 빨아입긴 해야될꺼 같습니다.,허리밴딩이편하고너무두껍지않아좋습니다새옷냄새가나서한번빨아입긴해야될꺼같습니다,0,0,0,0,0,False,56,40,56,True
﻿4911943,85938549,general,PaRkSuO,원하던 밝은 색상은 아니었지만 마감처리가 좋아서 종종 꺼내입을 것 같습니다,5.0,False,XS,162.0,49.0,여성,2026-06-30 21:16:33,사이즈: 조금 큼 / 화면 대비 색감: 어두움 / 퀄리티: 보통 / 신축성: 거의 없음,False,0,filluminate,하의,XS,,2026,6,30,화,5,응답,조금 큼,어두움,보통,,,거의 없음,,,3.0,,2.0,,,1.0,1.0,-1.0,1.0,,,원하던 밝은 색상은 아니었지만 마감처리가 좋아서 종종 꺼내입을 것 같습니다,원하던밝은색상은아니었지만마감처리가좋아서종종꺼내입을것같습니다,0,0,0,0,0,False,41,32,41,True
﻿5334006,86076397,general,선명한마포시크룩,색깔이랑 핏이 너무 딱 맞음요~~ 여러색깔바지에 다 잘어울릴듯 합니다,5.0,False,L,180.0,78.0,남성,2026-07-06 01:07:33,사이즈: 정사이즈 / 화면 대비 색감: 화면과 비슷 / 퀄리티: 보통 / 신축성: 적당함,False,0,filluminate,하의,L,,2026,7,6,월,5,응답,정사이즈,화면과 비슷,보통,,,적당함,,,3.0,,3.0,,,0.0,0.0,0.0,0.0,,,색깔이랑 핏이 너무 딱 맞음요~~ 여러색깔바지에 다 잘어울릴듯 합니다,색깔이랑핏이너무딱맞음요여러색깔바지에다잘어울릴듯합니다,0,0,0,0,0,False,38,28,38,True
5334006,86000032,general,타막이,이쁘고 재질도좋고 최곱니다 계속 이용 할 것 같습니다,5.0,False,L,178.0,73.0,남성,2026-07-02 22:54:57,사이즈: 정사이즈 / 화면 대비 색감: 화면과 비슷 / 퀄리티: 보통 / 신축성: 적당함,False,0,filluminate,하의,L,,2026,7,2,목,5,응답,정사이즈,화면과 비슷,보통,,,적당함,,,3.0,,3.0,,,0.0,0.0,0.0,0.0,,,이쁘고 재질도좋고 최곱니다 계속 이용 할 것 같습니다,이쁘고재질도좋고최곱니다계속이용할것같습니다,0,0,0,0,0,False,29,22,29,True
5334006,85971807,general,보수적인북촌힙합,우끼끼우끼끼우끼기우끼끼우끼끼우우끼끼(좋다는뜻),4.0,False,M,172.0,68.0,남성,2026-07-01 22:25:47,사이즈: 조금 큼 / 화면 대비 색감: 어두움 / 퀄리티: 매우 좋음 / 신축성: 매우 강함,False,0,filluminate,하의,M,,2026,7,1,수,4,응답,조금 큼,어두움,매우 좋음,,,매우 강함,,,5.0,,5.0,,,1.0,1.0,-1.0,1.0,,,우끼끼우끼끼우끼기우끼끼우끼끼우우끼끼(좋다는뜻),우끼끼우끼끼우끼기우끼끼우끼끼우우끼끼좋다는뜻,0,0,0,0,0,False,25,23,25,True
5334006,85938621,general,PaRkSuO,화면과 동일한 핏 나옵니다 통이 조금 커서 입으면 힙해요,5.0,False,XS,162.0,49.0,여성,2026-06-30 21:18:24,사이즈: 많이 큼 / 화면 대비 색감: 화면과 비슷 / 퀄리티: 보통 / 신축성: 적당함,False,0,filluminate,하의,XS,,2026,6,30,화,5,응답,많이 큼,화면과 비슷,보통,,,적당함,,,3.0,,3.0,,,2.0,2.0,0.0,0.0,,,화면과 동일한 핏 나옵니다 통이 조금 커서 입으면 힙해요,화면과동일한핏나옵니다통이조금커서입으면힙해요,0,0,0,0,0,False,31,23,31,True
5334006,85921077,general,몽달2,허리가 크긴한데 완전 와이드로 입고 싶어서 크게 주문햇어요 색 예뻐요!! 다른색으로 세개 더 잇어여,5.0,False,S,163.0,49.0,여성,2026-06-30 10:32:21,사이즈: 정사이즈 / 화면 대비 색감: 화면과 비슷 / 퀄리티: 보통 / 신축성: 적당함,False,0,filluminate,하의,S,,2026,6,30,화,5,응답,정사이즈,화면과 비슷,보통,,,적당함,,,3.0,,3.0,,,0.0,0.0,0.0,0.0,,,허리가 크긴한데 완전 와이드로 입고 싶어서 크게 주문햇어요 색 예뻐요!! 다른색으로 세개 더 잇어여,허리가크긴한데완전와이드로입고싶어서크게주문햇어요색예뻐요다른색으로세개더잇어여,0,0,2,0,0,False,55,40,55,True
5334006,85858483,general,소프트한잠실로퍼,핏이 정말 예쁘고 이 가격에 이정도 퀄리티인게 말이 안될정도로 좋아요,4.0,False,XS,165.0,60.0,남성,2026-06-28 09:14:12,사이즈: 정사이즈 / 화면 대비 색감: 화면과 비슷 / 퀄리티: 보통 / 신축성: 적당함,True,0,filluminate,하의,XS,,2026,6,28,일,4,응답,정사이즈,화면과 비슷,보통,,,적당함,,,3.0,,3.0,,,0.0,0.0,0.0,0.0,,,핏이 정말 예쁘고 이 가격에 이정도 퀄리티인게 말이 안될정도로 좋아요,핏이정말예쁘고이가격에이정도퀄리티인게말이안될정도로좋아요,0,0,0,0,0,False,38,29,38,True
5334006,85838674,general,찬란한대전브랜드,통이 좀 큰거같아보이는데 아들한테 잘 어울리네요 잘입고 다닐거 같아요,4.0,False,M,175.0,70.0,남성,2026-06-27 17:14:13,사이즈: 정사이즈 / 화면 대비 색감: 화면과 비슷 / 퀄리티: 보통 / 신축성: 적당함,False,0,filluminate,하의,M,,2026,6,27,토,4,응답,정사이즈,화면과 비슷,보통,,,적당함,,,3.0,,3.0,,,0.0,0.0,0.0,0.0,,,통이 좀 큰거같아보이는데 아들한테 잘 어울리네요 잘입고 다닐거 같아요,통이좀큰거같아보이는데아들한테잘어울리네요잘입고다닐거같아요,0,0,0,0,0,False,38,30,38,True
5334006,85757160,general,똑똑한블랙빅백,색상도 화면과 비슷하고 마감도 깔끔합니다. 데일리로 입기 좋아서 자주 손이 갈 것 같아요.,5.0,False,S,160.0,60.0,missing,2026-06-25 20:44:17,사이즈: 정사이즈 / 화면 대비 색감: 화면과 비슷 / 퀄리티: 보통 / 신축성: 적당함,True,0,filluminate,하의,S,,2026,6,25,목,5,응답,정사이즈,화면과 비슷,보통,,,적당함,,,3.0,,3.0,,,0.0,0.0,0.0,0.0,,,색상도 화면과 비슷하고 마감도 깔끔합니다. 데일리로 입기 좋아서 자주 손이 갈 것 같아요.,색상도화면과비슷하고마감도깔끔합니다데일리로입기좋아서자주손이갈것같아요,0,0,0,0,0,False,50,36,50,True
5334006,85722729,general,새벽2시11분,느낌은 똑같은데 생각보다 사이즈 큰 느낌이 있어서 루즈한 느낌 원하실 때 좋을 것 같아요,5.0,False,L,162.0,55.0,여성,2026-06-25 02:58:25,사이즈: 조금 큼 / 화면 대비 색감: 화면과 비슷 / 퀄리티: 보통 / 신축성: 적당함,False,0,filluminate,하의,L,,2026,6,25,목,5,응답,조금 큼,화면과 비슷,보통,,,적당함,,,3.0,,3.0,,,1.0,1.0,0.0,0.0,,,느낌은 똑같은데 생각보다 사이즈 큰 느낌이 있어서 루즈한 느낌 원하실 때 좋을 것 같아요,느낌은똑같은데생각보다사이즈큰느낌이있어서루즈한느낌원하실때좋을것같아요,0,0,0,0,0,False,49,36,49,True
5334006,85659211,general,모호한울산스트릿,요새.한참 멋부리기 직진중인 고딩아들이.링크보내서 사준건데 아주맘에 들어해요.,5.0,False,XS,170.0,55.0,여성,2026-06-24 06:16:08,사이즈: 정사이즈 / 화면 대비 색감: 화면과 비슷 / 퀄리티: 보통 / 신축성: 적당함,False,0,filluminate,하의,XS,,2026,6,24,수,5,응답,정사이즈,화면과 비슷,보통,,,적당함,,,3.0,,3.0,,,0.0,0.0,0.0,0.0,,,요새.한참 멋부리기 직진중인 고딩아들이.링크보내서 사준건데 아주맘에 들어해요.,요새한참멋부리기직진중인고딩아들이링크보내서사준건데아주맘에들어해요,0,0,0,0,0,False,43,34,43,True
5334006,85657473,general,초이안,바지 색상 재질 너무 좋은데 밑단이 너무 길어서 다리가 짧아보여요,5.0,False,M,175.0,75.0,남성,2026-06-24 02:46:59,사이즈: 정사이즈 / 화면 대비 색감: 화면과 비슷 / 퀄리티: 보통 / 신축성: 적당함,True,0,filluminate,하의,M,,2026,6,24,수,5,응답,정사이즈,화면과 비슷,보통,,,적당함,,,3.0,,3.0,,,0.0,0.0,0.0,0.0,,,바지 색상 재질 너무 좋은데 밑단이 너무 길어서 다리가 짧아보여요,바지색상재질너무좋은데밑단이너무길어서다리가짧아보여요,0,0,0,0,0,False,36,27,36,True
5334006,85630372,general,도라희원,바지가 통도 넓고 바람도 잘 통해서 여름에 입기 좋은 것 같습니다!!!,5.0,False,L,178.0,72.0,남성,2026-06-23 19:39:37,사이즈: 정사이즈 / 화면 대비 색감: 화면과 비슷 / 퀄리티: 보통 / 신축성: 적당함,True,0,filluminate,하의,L,,2026,6,23,화,5,응답,정사이즈,화면과 비슷,보통,,,적당함,,,3.0,,3.0,,,0.0,0.0,0.0,0.0,,,바지가 통도 넓고 바람도 잘 통해서 여름에 입기 좋은 것 같습니다!!!,바지가통도넓고바람도잘통해서여름에입기좋은것같습니다,0,0,3,0,0,True,39,26,39,True
5334006,85577477,general,깔끔한서초모던,전체적으로 넓은실루엣이라 쉐입 날카로운 신발이랑 매치하면 예쁠거같아요,3.0,False,S,173.0,55.0,남성,2026-06-22 19:46:53,사이즈: 정사이즈 / 화면 대비 색감: 화면과 비슷 / 퀄리티: 보통 / 신축성: 적당함,False,0,filluminate,하의,S,,2026,6,22,월,3,응답,정사이즈,화면과 비슷,보통,,,적당함,,,3.0,,3.0,,,0.0,0.0,0.0,0.0,,,전체적으로 넓은실루엣이라 쉐입 날카로운 신발이랑 매치하면 예쁠거같아요,전체적으로넓은실루엣이라쉐입날카로운신발이랑매치하면예쁠거같아요,0,0,0,0,0,False,38,32,38,True
5334006,85113878,general,유능한체코벌키,색상도 화면이랑 거의 흡사하고 아무데나 입기 좋은 것 같아요,5.0,False,S,162.0,56.0,여성,2026-06-21 21:57:25,사이즈: 조금 큼 / 화면 대비 색감: 화면과 비슷 / 퀄리티: 보통 / 신축성: 적당함,False,0,filluminate,하의,S,,2026,6,21,일,5,응답,조금 큼,화면과 비슷,보통,,,적당함,,,3.0,,3.0,,,1.0,1.0,0.0,0.0,,,색상도 화면이랑 거의 흡사하고 아무데나 입기 좋은 것 같아요,색상도화면이랑거의흡사하고아무데나입기좋은것같아요,0,0,0,0,0,False,33,25,33,True
5334006,85401654,style,콩콩이들,인디고 청바지에 제가 원하는 핏ㅋ 아주 맘에 듭니다,5.0,False,M,173.0,78.0,남성,2026-06-19 15:52:23,사이즈: 정사이즈 / 화면 대비 색감: 화면과 비슷 / 퀄리티: 보통 / 신축성: 적당함,True,0,filluminate,하의,M,,2026,6,19,금,5,응답,정사이즈,화면과 비슷,보통,,,적당함,,,3.0,,3.0,,,0.0,0.0,0.0,0.0,,,인디고 청바지에 제가 원하는 핏ㅋ 아주 맘에 듭니다,인디고청바지에제가원하는핏아주맘에듭니다,1,0,0,0,0,False,28,20,28,True
﻿4911954,85675095,style,팔랑행,마음에 들어서 다른 색깔로 2종류 더 샀어요 그런데 다른 색깔에 비해서 조금 짧아요,5.0,False,XS,165.0,48.0,여성,2026-06-24 12:58:02,사이즈: 많이 큼 / 화면 대비 색감: 화면과 비슷 / 퀄리티: 매우 좋음 / 신축성: 적당함,True,0,filluminate,하의,XS,,2026,6,24,수,5,응답,많이 큼,화면과 비슷,매우 좋음,,,적당함,,,5.0,,3.0,,,2.0,2.0,0.0,0.0,,,마음에 들어서 다른 색깔로 2종류 더 샀어요 그런데 다른 색깔에 비해서 조금 짧아요,마음에들어서다른색깔로2종류더샀어요그런데다른색깔에비해서조금짧아요,0,0,0,0,0,False,46,33,46,True
﻿6322928,86075310,general,불꽃남작2,생각보다 퀄리티가 좋아요 다음에도 계속 구매 할께요,5.0,False,M,178.0,88.0,남성,2026-07-06 00:15:16,사이즈: 정사이즈 / 화면 대비 색감: 화면과 비슷 / 퀄리티: 보통 / 신축성: 적당함,False,0,filluminate,하의,M,,2026,7,6,월,5,응답,정사이즈,화면과 비슷,보통,,,적당함,,,3.0,,3.0,,,0.0,0.0,0.0,0.0,,,생각보다 퀄리티가 좋아요 다음에도 계속 구매 할께요,생각보다퀄리티가좋아요다음에도계속구매할께요,0,0,0,0,0,False,28,22,28,True
6322928,86074079,general,키치한제주브로치,핏이 너무 예뻐요. 편하게 입기도 좋아요 다만 여름용이면 좀 더 얇았으면 좋겠어요,5.0,False,S,169.0,60.0,남성,2026-07-05 23:24:45,사이즈: 정사이즈 / 화면 대비 색감: 화면과 비슷 / 퀄리티: 보통 / 신축성: 적당함,False,0,filluminate,하의,S,,2026,7,5,일,5,응답,정사이즈,화면과 비슷,보통,,,적당함,,,3.0,,3.0,,,0.0,0.0,0.0,0.0,,,핏이 너무 예뻐요. 편하게 입기도 좋아요 다만 여름용이면 좀 더 얇았으면 좋겠어요,핏이너무예뻐요편하게입기도좋아요다만여름용이면좀더얇았으면좋겠어요,0,0,0,0,0,False,45,33,45,True
6322928,86058481,general,토목공학전공,린넨이며 커브드며 와이드해서 편하게 입기 좋음,5.0,False,M,171.0,68.0,남성,2026-07-05 12:51:17,사이즈: 정사이즈 / 화면 대비 색감: 화면과 비슷 / 퀄리티: 보통 / 신축성: 적당함,True,0,filluminate,하의,M,,2026,7,5,일,5,응답,정사이즈,화면과 비슷,보통,,,적당함,,,3.0,,3.0,,,0.0,0.0,0.0,0.0,,,린넨이며 커브드며 와이드해서 편하게 입기 좋음,린넨이며커브드며와이드해서편하게입기좋음,0,0,0,0,0,False,25,20,25,True
6322928,86055478,general,Atkdlep,기장도 마음에 들고 사이즈도 정말 마음에 들어서 자주 입고 다닐 거 같아요,5.0,False,M,164.0,65.0,남성,2026-07-05 10:22:53,사이즈: 정사이즈 / 화면 대비 색감: 화면과 비슷 / 퀄리티: 보통 / 신축성: 적당함,True,0,filluminate,하의,M,,2026,7,5,일,5,응답,정사이즈,화면과 비슷,보통,,,적당함,,,3.0,,3.0,,,0.0,0.0,0.0,0.0,,,기장도 마음에 들고 사이즈도 정말 마음에 들어서 자주 입고 다닐 거 같아요,기장도마음에들고사이즈도정말마음에들어서자주입고다닐거같아요,0,0,0,0,0,False,41,30,41,True
6322928,86049992,general,죵ㅇ,여름에 입을 긴바지로는 시원해서 딱이에요 앞에 허리조절 끈이 튀어나온게 호불호 포인트 일듯,5.0,False,L,173.0,82.0,남성,2026-07-04 23:52:42,사이즈: 조금 큼 / 화면 대비 색감: 화면과 비슷 / 퀄리티: 좋음 / 신축성: 적당함,True,0,filluminate,하의,L,,2026,7,4,토,5,응답,조금 큼,화면과 비슷,좋음,,,적당함,,,4.0,,3.0,,,1.0,1.0,0.0,0.0,,,여름에 입을 긴바지로는 시원해서 딱이에요 앞에 허리조절 끈이 튀어나온게 호불호 포인트 일듯,여름에입을긴바지로는시원해서딱이에요앞에허리조절끈이튀어나온게호불호포인트일듯,0,0,0,0,0,False,50,39,50,True
6322928,86049673,general,구너조,생각보다 약간 길기는하지만 가격대비 좋아요 구매하세요!,5.0,False,L,175.0,77.0,남성,2026-07-04 23:38:06,사이즈: 정사이즈 / 화면 대비 색감: 화면과 비슷 / 퀄리티: 보통 / 신축성: 적당함,False,0,filluminate,하의,L,,2026,7,4,토,5,응답,정사이즈,화면과 비슷,보통,,,적당함,,,3.0,,3.0,,,0.0,0.0,0.0,0.0,,,생각보다 약간 길기는하지만 가격대비 좋아요 구매하세요!,생각보다약간길기는하지만가격대비좋아요구매하세요,0,0,1,0,0,False,30,24,30,True
6322928,86042531,style,낡은피,여름에 시원하게 입기는 딱좋을 것 같습니다. 색감이 답답해보이는 베이지가 아니라 좋아요,5.0,False,M,177.0,77.0,남성,2026-07-04 18:13:59,사이즈: 정사이즈 / 화면 대비 색감: 화면과 비슷 / 퀄리티: 보통 / 신축성: 적당함,True,0,filluminate,하의,M,,2026,7,4,토,5,응답,정사이즈,화면과 비슷,보통,,,적당함,,,3.0,,3.0,,,0.0,0.0,0.0,0.0,,,여름에 시원하게 입기는 딱좋을 것 같습니다. 색감이 답답해보이는 베이지가 아니라 좋아요,여름에시원하게입기는딱좋을것같습니다색감이답답해보이는베이지가아니라좋아요,0,0,0,0,0,False,48,37,48,True
6322928,86042509,general,낡은피,디자인이하고 바지폭은 만족스럽습니다. 다만 예상치못하게 허리가 딱맞는데 이거 체형 문제같아요,5.0,False,M,177.0,77.0,남성,2026-07-04 18:13:02,사이즈: 정사이즈 / 화면 대비 색감: 화면과 비슷 / 퀄리티: 보통 / 신축성: 적당함,True,0,filluminate,하의,M,,2026,7,4,토,5,응답,정사이즈,화면과 비슷,보통,,,적당함,,,3.0,,3.0,,,0.0,0.0,0.0,0.0,,,디자인이하고 바지폭은 만족스럽습니다. 다만 예상치못하게 허리가 딱맞는데 이거 체형 문제같아요,디자인이하고바지폭은만족스럽습니다다만예상치못하게허리가딱맞는데이거체형문제같아요,0,0,0,0,0,False,51,41,51,True
6322928,86036698,general,흐뭇한로마마린룩,사진이랑 비슷한 것 같아요. 가격 대비 괜찮은 상품 같네요,3.0,False,M,175.0,56.0,남성,2026-07-04 14:16:34,사이즈: 정사이즈 / 화면 대비 색감: 화면과 비슷 / 퀄리티: 보통 / 신축성: 적당함,False,0,filluminate,하의,M,,2026,7,4,토,3,응답,정사이즈,화면과 비슷,보통,,,적당함,,,3.0,,3.0,,,0.0,0.0,0.0,0.0,,,사진이랑 비슷한 것 같아요. 가격 대비 괜찮은 상품 같네요,사진이랑비슷한것같아요가격대비괜찮은상품같네요,0,0,0,0,0,False,32,23,32,True
6322928,86031828,general,오병쟝,색감이 사진보다 좀 더 진한 베이지긴해요 근데 핏이 이쁘긴해서 그냥 입으려구요,5.0,False,L,175.0,70.0,남성,2026-07-04 10:02:25,사이즈: 정사이즈 / 화면 대비 색감: 화면과 비슷 / 퀄리티: 보통 / 신축성: 적당함,False,0,filluminate,하의,L,,2026,7,4,토,5,응답,정사이즈,화면과 비슷,보통,,,적당함,,,3.0,,3.0,,,0.0,0.0,0.0,0.0,,,색감이 사진보다 좀 더 진한 베이지긴해요 근데 핏이 이쁘긴해서 그냥 입으려구요,색감이사진보다좀더진한베이지긴해요근데핏이이쁘긴해서그냥입으려구요,0,0,0,0,0,False,43,33,43,True
6322928,86025790,general,스타베리!,베이지 색상이 이쁘고 린넨 소재라 여름에도 입을수 있을거같아요,4.0,False,M,180.0,66.0,남성,2026-07-03 23:04:28,사이즈: 정사이즈 / 화면 대비 색감: 밝음 / 퀄리티: 보통 / 신축성: 적당함,False,0,filluminate,하의,M,,2026,7,3,금,4,응답,정사이즈,밝음,보통,,,적당함,,,3.0,,3.0,,,0.0,0.0,1.0,1.0,,,베이지 색상이 이쁘고 린넨 소재라 여름에도 입을수 있을거같아요,베이지색상이이쁘고린넨소재라여름에도입을수있을거같아요,0,0,0,0,0,False,34,27,34,True
6322928,86024239,style,얌전한벌키,핏도 좋고 여름에 자주 입을거 같아요! 무조건 구매하세요!,5.0,False,M,177.0,68.0,남성,2026-07-03 22:03:06,사이즈: 정사이즈 / 화면 대비 색감: 화면과 비슷 / 퀄리티: 보통 / 신축성: 적당함,True,0,filluminate,하의,M,,2026,7,3,금,5,응답,정사이즈,화면과 비슷,보통,,,적당함,,,3.0,,3.0,,,0.0,0.0,0.0,0.0,,,핏도 좋고 여름에 자주 입을거 같아요! 무조건 구매하세요!,핏도좋고여름에자주입을거같아요무조건구매하세요,0,0,2,0,0,False,32,23,32,True
6322928,86022775,general,소프트한잠실로퍼,핏도 너무 좋고 허리도 밴딩이라서 너무 너무 편하고 가격 대비 퀄리티가 너무 좋아서 만족했어요,5.0,False,S,165.0,60.0,남성,2026-07-03 20:58:03,사이즈: 정사이즈 / 화면 대비 색감: 화면과 비슷 / 퀄리티: 매우 좋음 / 신축성: 적당함,True,0,filluminate,하의,S,,2026,7,3,금,5,응답,정사이즈,화면과 비슷,매우 좋음,,,적당함,,,5.0,,3.0,,,0.0,0.0,0.0,0.0,,,핏도 너무 좋고 허리도 밴딩이라서 너무 너무 편하고 가격 대비 퀄리티가 너무 좋아서 만족했어요,핏도너무좋고허리도밴딩이라서너무너무편하고가격대비퀄리티가너무좋아서만족했어요,0,0,0,0,0,False,52,39,52,True
6322928,86005412,general,치즈규돈,"소재도 그렇고, 기장이나 통이나 다 괜찮은데 허리가 밴딩인데도 작은감이 있습니다. 보통 체형인데도 꽤나 꽉껴서 이 부분 감안하시고 주문하면 좋을 것 같아요.",5.0,False,S,168.0,63.0,남성,2026-07-03 07:51:50,사이즈: 정사이즈 / 화면 대비 색감: 화면과 비슷 / 퀄리티: 보통 / 신축성: 적당함,False,0,filluminate,하의,S,,2026,7,3,금,5,응답,정사이즈,화면과 비슷,보통,,,적당함,,,3.0,,3.0,,,0.0,0.0,0.0,0.0,,,"소재도 그렇고, 기장이나 통이나 다 괜찮은데 허리가 밴딩인데도 작은감이 있습니다. 보통 체형인데도 꽤나 꽉껴서 이 부분 감안하시고 주문하면 좋을 것 같아요.",소재도그렇고기장이나통이나다괜찮은데허리가밴딩인데도작은감이있습니다보통체형인데도꽤나꽉껴서이부분감안하시고주문하면좋을것같아요,0,0,0,0,0,False,87,64,87,True
6322928,85996704,general,김승현입니당,바지 소재가 시원하고 단추와 허리끈이 둘 다 있어서 핏 조절하기 좋아요,5.0,False,M,173.0,70.0,남성,2026-07-02 21:09:57,사이즈: 정사이즈 / 화면 대비 색감: 화면과 비슷 / 퀄리티: 좋음 / 신축성: 강함,True,0,filluminate,하의,M,,2026,7,2,목,5,응답,정사이즈,화면과 비슷,좋음,,,강함,,,4.0,,4.0,,,0.0,0.0,0.0,0.0,,,바지 소재가 시원하고 단추와 허리끈이 둘 다 있어서 핏 조절하기 좋아요,바지소재가시원하고단추와허리끈이둘다있어서핏조절하기좋아요,0,0,0,0,0,False,39,29,39,True
6322928,85994493,general,유익한주황스틸,린넨팬츠 하얀색이랑 고민하다 베이지색 샀는데 만족스러워요.,5.0,False,M,178.0,63.0,남성,2026-07-02 19:42:48,사이즈: 정사이즈 / 화면 대비 색감: 화면과 비슷 / 퀄리티: 보통 / 신축성: 적당함,True,0,filluminate,하의,M,,2026,7,2,목,5,응답,정사이즈,화면과 비슷,보통,,,적당함,,,3.0,,3.0,,,0.0,0.0,0.0,0.0,,,린넨팬츠 하얀색이랑 고민하다 베이지색 샀는데 만족스러워요.,린넨팬츠하얀색이랑고민하다베이지색샀는데만족스러워요,0,0,0,0,0,False,32,26,32,True
6322928,85979052,style,불맛치킨,베이지 팬츠 하나쯤 사고싶었는데 여름이기도 해서 얇은걸로 도전했는데 이거 입기도 편하고 색도 되게 이쁘네요 잘입을게여😆,5.0,False,M,175.0,67.0,남성,2026-07-02 08:33:45,사이즈: 정사이즈 / 화면 대비 색감: 화면과 비슷 / 퀄리티: 보통 / 신축성: 적당함,True,6,filluminate,하의,M,,2026,7,2,목,5,응답,정사이즈,화면과 비슷,보통,,,적당함,,,3.0,,3.0,,,0.0,0.0,0.0,0.0,,,베이지 팬츠 하나쯤 사고싶었는데 여름이기도 해서 얇은걸로 도전했는데 이거 입기도 편하고 색도 되게 이쁘네요 잘입을게여,베이지팬츠하나쯤사고싶었는데여름이기도해서얇은걸로도전했는데이거입기도편하고색도되게이쁘네요잘입을게여,0,0,0,0,1,False,66,51,65,True
6322928,85974441,general,미묘한LA찢청,색도 이쁘고 가볍고 쉬원해요 여름에 입기 딱 좋슴다,5.0,False,M,176.0,73.0,남성,2026-07-01 23:47:03,사이즈: 정사이즈 / 화면 대비 색감: 화면과 비슷 / 퀄리티: 보통 / 신축성: 적당함,False,0,filluminate,하의,M,,2026,7,1,수,5,응답,정사이즈,화면과 비슷,보통,,,적당함,,,3.0,,3.0,,,0.0,0.0,0.0,0.0,,,색도 이쁘고 가볍고 쉬원해요 여름에 입기 딱 좋슴다,색도이쁘고가볍고쉬원해요여름에입기딱좋슴다,0,0,0,0,0,False,28,21,28,True
6322928,85967547,style,세심한그린로브,시원한 소재라 여름에 입기 좋고 커브드 핏이라 예뻐요 잘 입겠습니다,5.0,False,M,169.0,63.0,남성,2026-07-01 20:15:50,사이즈: 정사이즈 / 화면 대비 색감: 화면과 비슷 / 퀄리티: 보통 / 신축성: 적당함,True,4,filluminate,하의,M,,2026,7,1,수,5,응답,정사이즈,화면과 비슷,보통,,,적당함,,,3.0,,3.0,,,0.0,0.0,0.0,0.0,,,시원한 소재라 여름에 입기 좋고 커브드 핏이라 예뻐요 잘 입겠습니다,시원한소재라여름에입기좋고커브드핏이라예뻐요잘입겠습니다,0,0,0,0,0,False,37,28,37,True
6322928,85967523,general,세심한그린로브,시원한 소재라 여름에 입기 좋고 커브드 핏이라 예뻐요 잘 입겠습니다,5.0,False,M,169.0,63.0,남성,2026-07-01 20:14:44,사이즈: 정사이즈 / 화면 대비 색감: 화면과 비슷 / 퀄리티: 보통 / 신축성: 적당함,True,0,filluminate,하의,M,,2026,7,1,수,5,응답,정사이즈,화면과 비슷,보통,,,적당함,,,3.0,,3.0,,,0.0,0.0,0.0,0.0,,,시원한 소재라 여름에 입기 좋고 커브드 핏이라 예뻐요 잘 입겠습니다,시원한소재라여름에입기좋고커브드핏이라예뻐요잘입겠습니다,0,0,0,0,0,False,37,28,37,True
6322928,85939061,general,지타쓰,가성비로 입기 좋아요 ㅎㅎ 여름에 시원하게 입음 ㅋㅋ 다른 색 구매 각,4.0,False,M,174.0,72.0,남성,2026-06-30 21:30:40,사이즈: 정사이즈 / 화면 대비 색감: 화면과 비슷 / 퀄리티: 보통 / 신축성: 적당함,False,0,filluminate,하의,M,,2026,6,30,화,4,응답,정사이즈,화면과 비슷,보통,,,적당함,,,3.0,,3.0,,,0.0,0.0,0.0,0.0,,,가성비로 입기 좋아요 ㅎㅎ 여름에 시원하게 입음 ㅋㅋ 다른 색 구매 각,가성비로입기좋아요여름에시원하게입음다른색구매각,2,0,0,0,0,False,39,24,39,True
6322928,85918310,general,누룽지와숭늉이,긴바지에 면소재인데 나름 시원해서 손이 자주 갈거 같아요,5.0,False,L,183.0,85.0,남성,2026-06-30 07:02:52,사이즈: 정사이즈 / 화면 대비 색감: 화면과 비슷 / 퀄리티: 보통 / 신축성: 적당함,False,0,filluminate,하의,L,,2026,6,30,화,5,응답,정사이즈,화면과 비슷,보통,,,적당함,,,3.0,,3.0,,,0.0,0.0,0.0,0.0,,,긴바지에 면소재인데 나름 시원해서 손이 자주 갈거 같아요,긴바지에면소재인데나름시원해서손이자주갈거같아요,0,0,0,0,0,False,31,24,31,True
6322928,85905027,general,모던한부산샌들,활동하기 편하고 핏도 깔끔해서 데일리로 입기 좋습니다,5.0,False,M,174.0,73.0,남성,2026-06-29 17:50:02,사이즈: 정사이즈 / 화면 대비 색감: 화면과 비슷 / 퀄리티: 보통 / 신축성: 적당함,True,0,filluminate,하의,M,,2026,6,29,월,5,응답,정사이즈,화면과 비슷,보통,,,적당함,,,3.0,,3.0,,,0.0,0.0,0.0,0.0,,,활동하기 편하고 핏도 깔끔해서 데일리로 입기 좋습니다,활동하기편하고핏도깔끔해서데일리로입기좋습니다,0,0,0,0,0,False,29,23,29,True
6322928,85905016,style,모던한부산샌들,활동하기 편하고 핏도 깔끔해서 데일리로 입기 좋습니다,5.0,False,M,174.0,73.0,남성,2026-06-29 17:49:28,사이즈: 정사이즈 / 화면 대비 색감: 화면과 비슷 / 퀄리티: 보통 / 신축성: 적당함,True,0,filluminate,하의,M,,2026,6,29,월,5,응답,정사이즈,화면과 비슷,보통,,,적당함,,,3.0,,3.0,,,0.0,0.0,0.0,0.0,,,활동하기 편하고 핏도 깔끔해서 데일리로 입기 좋습니다,활동하기편하고핏도깔끔해서데일리로입기좋습니다,0,0,0,0,0,False,29,23,29,True
6322928,85884031,general,활발한시카고단화,오래 앉아있거나 하면 무릎발사가 좀 있긴하지만 꽤 얇고 핏도 잘나옵니다,5.0,False,S,170.0,68.0,남성,2026-06-28 22:35:59,사이즈: 정사이즈 / 화면 대비 색감: 화면과 비슷 / 퀄리티: 보통 / 신축성: 적당함,False,0,filluminate,하의,S,,2026,6,28,일,5,응답,정사이즈,화면과 비슷,보통,,,적당함,,,3.0,,3.0,,,0.0,0.0,0.0,0.0,,,오래 앉아있거나 하면 무릎발사가 좀 있긴하지만 꽤 얇고 핏도 잘나옵니다,오래앉아있거나하면무릎발사가좀있긴하지만꽤얇고핏도잘나옵니다,0,0,0,0,0,False,39,30,39,True
6322928,85883166,general,크유,"시원하고 가벼운 린넨 소재에 트렌디하게 둥글게 떨어지는 커브드 실루엣, 그리고 전면의 원턱 디테일이 돋보이는 팬츠예요. ​직접 입고 외출해 보니 통기성이 좋고 다리에 끈적하게 달라붙지 않아서 한여름 야외에서도 아주 쾌적하게 착용하기 좋았어요. 과하지 않은 커브드 핏 덕분에 다리 체형 커버도 자연스럽게 잘 되고, 화사하고 부드러운 베이지 색감이라 다양한 상의에 무난하게 코디하기 편해서 무척 만족스러웠어요. ​다만 허리에 들어간 밴딩이 생각보다 조금 타이트하게 나온 편이라, 장시간 앉아있거나 활동할 때 허리가 약간 조인다는 느낌을 받아서 살짝 아쉬웠어요. 사이즈를 고를 때 허리 실측을 꼭 꼼꼼히 확인해 보는 걸 권해요. 한여름에도 답답함 없이 시원하고 트렌디하게 커브드 와이드 핏을 연출하고 싶은 분들에게 데일리 바지로 추천해요.",5.0,False,S,172.0,58.0,남성,2026-06-28 22:15:20,사이즈: 정사이즈 / 화면 대비 색감: 화면과 비슷 / 퀄리티: 보통 / 신축성: 적당함,True,1,filluminate,하의,S,,2026,6,28,일,5,응답,정사이즈,화면과 비슷,보통,,,적당함,,,3.0,,3.0,,,0.0,0.0,0.0,0.0,,,"시원하고 가벼운 린넨 소재에 트렌디하게 둥글게 떨어지는 커브드 실루엣, 그리고 전면의 원턱 디테일이 돋보이는 팬츠예요. ​직접 입고 외출해 보니 통기성이 좋고 다리에 끈적하게 달라붙지 않아서 한여름 야외에서도 아주 쾌적하게 착용하기 좋았어요. 과하지 않은 커브드 핏 덕분에 다리 체형 커버도 자연스럽게 잘 되고, 화사하고 부드러운 베이지 색감이라 다양한 상의에 무난하게 코디하기 편해서 무척 만족스러웠어요. ​다만 허리에 들어간 밴딩이 생각보다 조금 타이트하게 나온 편이라, 장시간 앉아있거나 활동할 때 허리가 약간 조인다는 느낌을 받아서 살짝 아쉬웠어요. 사이즈를 고를 때 허리 실측을 꼭 꼼꼼히 확인해 보는 걸 권해요. 한여름에도 답답함 없이 시원하고 트렌디하게 커브드 와이드 핏을 연출하고 싶은 분들에게 데일리 바지로 추천해요.",시원하고가벼운린넨소재에트렌디하게둥글게떨어지는커브드실루엣그리고전면의원턱디테일이돋보이는팬츠예요직접입고외출해보니통기성이좋고다리에끈적하게달라붙지않아서한여름야외에서도아주쾌적하게착용하기좋았어요과하지않은커브드핏덕분에다리체형커버도자연스럽게잘되고화사하고부드러운베이지색감이라다양한상의에무난하게코디하기편해서무척만족스러웠어요다만허리에들어간밴딩이생각보다조금타이트하게나온편이라장시간앉아있거나활동할때허리가약간조인다는느낌을받아서살짝아쉬웠어요사이즈를고를때허리실측을꼭꼼꼼히확인해보는걸권해요한여름에도답답함없이시원하고트렌디하게커브드와이드핏을연출하고싶은분들에게데일리바지로추천해요,0,0,0,0,0,False,410,302,410,True
6322928,85876562,general,논됭곰,여름에 입기에 시원한 원단에 색감이라 좋았어요,5.0,False,S,167.0,57.0,여성,2026-06-28 19:09:21,사이즈: 정사이즈 / 화면 대비 색감: 화면과 비슷 / 퀄리티: 보통 / 신축성: 적당함,False,0,filluminate,하의,S,,2026,6,28,일,5,응답,정사이즈,화면과 비슷,보통,,,적당함,,,3.0,,3.0,,,0.0,0.0,0.0,0.0,,,여름에 입기에 시원한 원단에 색감이라 좋았어요,여름에입기에시원한원단에색감이라좋았어요,0,0,0,0,0,False,25,20,25,True
6322928,85856745,style,숙련된대치동실크,허리가 27인데 딱 맞네요 키작녀라서 당연히 길이는 길어요 바지 밑에 똑딱이 큰 역활을 못하는듯 소재는 시원하고 좋아요,4.0,False,M,152.0,51.0,여성,2026-06-28 04:52:47,사이즈: 정사이즈 / 화면 대비 색감: 화면과 비슷 / 퀄리티: 나쁨 / 신축성: 적당함,True,0,filluminate,하의,M,,2026,6,28,일,4,응답,정사이즈,화면과 비슷,나쁨,,,적당함,,,2.0,,3.0,,,0.0,0.0,0.0,0.0,,,허리가 27인데 딱 맞네요 키작녀라서 당연히 길이는 길어요 바지 밑에 똑딱이 큰 역활을 못하는듯 소재는 시원하고 좋아요,허리가27인데딱맞네요키작녀라서당연히길이는길어요바지밑에똑딱이큰역활을못하는듯소재는시원하고좋아요,0,0,0,0,0,False,66,48,66,True
6322928,85853331,general,보이지않는사랑,너무 멋스러워요 허리가 밴드인데 앞지퍼가 있어서 편하면서도 핏이 좋아요 너무 얇지않아서 맘에 들어요,5.0,False,L,184.0,70.0,남성,2026-06-28 00:22:31,사이즈: 정사이즈 / 화면 대비 색감: 화면과 비슷 / 퀄리티: 좋음 / 신축성: 적당함,False,0,filluminate,하의,L,,2026,6,28,일,5,응답,정사이즈,화면과 비슷,좋음,,,적당함,,,4.0,,3.0,,,0.0,0.0,0.0,0.0,,,너무 멋스러워요 허리가 밴드인데 앞지퍼가 있어서 편하면서도 핏이 좋아요 너무 얇지않아서 맘에 들어요,너무멋스러워요허리가밴드인데앞지퍼가있어서편하면서도핏이좋아요너무얇지않아서맘에들어요,0,0,0,0,0,False,55,43,55,True
6322928,85848886,style,암것도 안하는중,여름에 입기 괜찮을거 같습니다. 색깔도 좋습니다.,5.0,False,M,172.0,61.0,남성,2026-06-27 22:09:13,사이즈: 정사이즈 / 화면 대비 색감: 화면과 비슷 / 퀄리티: 보통 / 신축성: 적당함,True,1,filluminate,하의,M,,2026,6,27,토,5,응답,정사이즈,화면과 비슷,보통,,,적당함,,,3.0,,3.0,,,0.0,0.0,0.0,0.0,,,여름에 입기 괜찮을거 같습니다. 색깔도 좋습니다.,여름에입기괜찮을거같습니다색깔도좋습니다,0,0,0,0,0,False,27,20,27,True
6322928,85848562,general,암것도 안하는중,여름에 입기 괜찮을거 같습니다. 색깔도 좋습니다.,5.0,False,M,172.0,61.0,남성,2026-06-27 21:59:12,사이즈: 조금 큼 / 화면 대비 색감: 화면과 비슷 / 퀄리티: 보통 / 신축성: 적당함,True,0,filluminate,하의,M,,2026,6,27,토,5,응답,조금 큼,화면과 비슷,보통,,,적당함,,,3.0,,3.0,,,1.0,1.0,0.0,0.0,,,여름에 입기 괜찮을거 같습니다. 색깔도 좋습니다.,여름에입기괜찮을거같습니다색깔도좋습니다,0,0,0,0,0,False,27,20,27,True
6322928,85821484,general,개운한옥색로고백,많이 오버핏이긴 하지만 편하며 색이 화면과 같이 실망스럽지 않네요.,4.0,False,S,167.0,63.0,남성,2026-06-27 08:51:00,사이즈: 정사이즈 / 화면 대비 색감: 화면과 비슷 / 퀄리티: 보통 / 신축성: 적당함,False,0,filluminate,하의,S,,2026,6,27,토,4,응답,정사이즈,화면과 비슷,보통,,,적당함,,,3.0,,3.0,,,0.0,0.0,0.0,0.0,,,많이 오버핏이긴 하지만 편하며 색이 화면과 같이 실망스럽지 않네요.,많이오버핏이긴하지만편하며색이화면과같이실망스럽지않네요,0,0,0,0,0,False,37,28,37,True
6322928,85775852,general,Hayeye,생각보다는 허리를 딱 잡아줘요 널널할 줄 알았는데! 길이는 딱이에용,4.0,False,S,159.0,48.0,여성,2026-06-26 08:50:38,사이즈: 정사이즈 / 화면 대비 색감: 화면과 비슷 / 퀄리티: 보통 / 신축성: 적당함,True,0,filluminate,하의,S,,2026,6,26,금,4,응답,정사이즈,화면과 비슷,보통,,,적당함,,,3.0,,3.0,,,0.0,0.0,0.0,0.0,,,생각보다는 허리를 딱 잡아줘요 널널할 줄 알았는데! 길이는 딱이에용,생각보다는허리를딱잡아줘요널널할줄알았는데길이는딱이에용,0,0,1,0,0,False,37,28,37,True
6322928,85773220,general,낮은한강리본,핏이 꽤 예쁘다는 것이 가장 큰 장점이구요! 밑에 똑딱이까지 좋았습니다. 밴딩이다보니 어쩔 수 없이 허리가 살짝 조이는 느낌은 받는 거 같아요,5.0,False,M,171.0,56.0,남성,2026-06-26 05:09:44,사이즈: 정사이즈 / 화면 대비 색감: 화면과 비슷 / 퀄리티: 보통 / 신축성: 적당함,True,0,filluminate,하의,M,,2026,6,26,금,5,응답,정사이즈,화면과 비슷,보통,,,적당함,,,3.0,,3.0,,,0.0,0.0,0.0,0.0,,,핏이 꽤 예쁘다는 것이 가장 큰 장점이구요! 밑에 똑딱이까지 좋았습니다. 밴딩이다보니 어쩔 수 없이 허리가 살짝 조이는 느낌은 받는 거 같아요,핏이꽤예쁘다는것이가장큰장점이구요밑에똑딱이까지좋았습니다밴딩이다보니어쩔수없이허리가살짝조이는느낌은받는거같아요,0,0,1,0,0,False,79,57,79,True
6322928,85721823,general,라루으,사진보다는 살짝 더 베이지색인거같아요 밴딩이라 허리도 편하고 좋아요,5.0,False,M,174.0,62.0,남성,2026-06-25 01:48:25,사이즈: 정사이즈 / 화면 대비 색감: 화면과 비슷 / 퀄리티: 보통 / 신축성: 적당함,True,0,filluminate,하의,M,,2026,6,25,목,5,응답,정사이즈,화면과 비슷,보통,,,적당함,,,3.0,,3.0,,,0.0,0.0,0.0,0.0,,,사진보다는 살짝 더 베이지색인거같아요 밴딩이라 허리도 편하고 좋아요,사진보다는살짝더베이지색인거같아요밴딩이라허리도편하고좋아요,0,0,0,0,0,False,37,30,37,True
6322928,85721701,style,라루으,약간 더 연했으면 좋았을거같은데 제 기준에선 좀 진한 베이지에여 핏이나 다 무난합니다,5.0,False,M,174.0,62.0,남성,2026-06-25 01:41:23,사이즈: 정사이즈 / 화면 대비 색감: 어두움 / 퀄리티: 보통 / 신축성: 적당함,True,8,filluminate,하의,M,,2026,6,25,목,5,응답,정사이즈,어두움,보통,,,적당함,,,3.0,,3.0,,,0.0,0.0,-1.0,1.0,,,약간 더 연했으면 좋았을거같은데 제 기준에선 좀 진한 베이지에여 핏이나 다 무난합니다,약간더연했으면좋았을거같은데제기준에선좀진한베이지에여핏이나다무난합니다,0,0,0,0,0,False,47,36,47,True
6322928,85681759,general,jshjsh2739,우선 옷이 예쁘고 가벼워서 여름에 입기 좋을 것 같아요,5.0,False,L,175.0,80.0,남성,2026-06-24 15:03:02,사이즈: 정사이즈 / 화면 대비 색감: 화면과 비슷 / 퀄리티: 보통 / 신축성: 적당함,True,0,filluminate,하의,L,,2026,6,24,수,5,응답,정사이즈,화면과 비슷,보통,,,적당함,,,3.0,,3.0,,,0.0,0.0,0.0,0.0,,,우선 옷이 예쁘고 가벼워서 여름에 입기 좋을 것 같아요,우선옷이예쁘고가벼워서여름에입기좋을것같아요,0,0,0,0,0,False,30,22,30,True
6322928,85670562,general,뉴올리언스가방,직접 봤을 때와 화면으로 봤을 때 유사해서 큰 차이가 없어요,5.0,False,S,170.0,72.0,남성,2026-06-24 11:30:07,사이즈: 정사이즈 / 화면 대비 색감: 화면과 비슷 / 퀄리티: 보통 / 신축성: 적당함,False,0,filluminate,하의,S,,2026,6,24,수,5,응답,정사이즈,화면과 비슷,보통,,,적당함,,,3.0,,3.0,,,0.0,0.0,0.0,0.0,,,직접 봤을 때와 화면으로 봤을 때 유사해서 큰 차이가 없어요,직접봤을때와화면으로봤을때유사해서큰차이가없어요,0,0,0,0,0,False,33,24,33,True
6322928,85660675,general,정확한제주터틀넥,색감 옷감 사이즈 모두 사진 설명 그대로입니다. 괜찮아요,5.0,False,L,178.0,80.0,남성,2026-06-24 07:43:03,사이즈: 정사이즈 / 화면 대비 색감: 화면과 비슷 / 퀄리티: 보통 / 신축성: 적당함,False,0,filluminate,하의,L,,2026,6,24,수,5,응답,정사이즈,화면과 비슷,보통,,,적당함,,,3.0,,3.0,,,0.0,0.0,0.0,0.0,,,색감 옷감 사이즈 모두 사진 설명 그대로입니다. 괜찮아요,색감옷감사이즈모두사진설명그대로입니다괜찮아요,0,0,0,0,0,False,31,23,31,True
6322928,85649082,general,프레들리,허리가 조금 쪼이긴 하네요!! 전체적으로 핏이나 옷은 예쁩니다!,5.0,False,S,168.0,62.0,남성,2026-06-23 23:28:55,사이즈: 조금 작음 / 화면 대비 색감: 밝음 / 퀄리티: 매우 좋음 / 신축성: 적당함,True,0,filluminate,하의,S,,2026,6,23,화,5,응답,조금 작음,밝음,매우 좋음,,,적당함,,,5.0,,3.0,,,-1.0,1.0,1.0,1.0,,,허리가 조금 쪼이긴 하네요!! 전체적으로 핏이나 옷은 예쁩니다!,허리가조금쪼이긴하네요전체적으로핏이나옷은예쁩니다,0,0,3,0,0,False,35,25,35,True
6322928,85634615,style,영혼없는로마의상,앏아서 한여름에도 입을 수 있을 것 같아요. 편합니다.,5.0,False,S,170.0,53.0,남성,2026-06-23 20:36:44,사이즈: 정사이즈 / 화면 대비 색감: 화면과 비슷 / 퀄리티: 보통 / 신축성: 적당함,True,0,filluminate,하의,S,,2026,6,23,화,5,응답,정사이즈,화면과 비슷,보통,,,적당함,,,3.0,,3.0,,,0.0,0.0,0.0,0.0,,,앏아서 한여름에도 입을 수 있을 것 같아요. 편합니다.,앏아서한여름에도입을수있을것같아요편합니다,0,0,0,0,0,False,30,21,30,True
6322928,85634546,general,영혼없는로마의상,앏아서 한여름에도 입을 수 있을 것 같아요. 편합니다.,5.0,False,S,170.0,53.0,남성,2026-06-23 20:35:47,사이즈: 정사이즈 / 화면 대비 색감: 화면과 비슷 / 퀄리티: 보통 / 신축성: 적당함,True,0,filluminate,하의,S,,2026,6,23,화,5,응답,정사이즈,화면과 비슷,보통,,,적당함,,,3.0,,3.0,,,0.0,0.0,0.0,0.0,,,앏아서 한여름에도 입을 수 있을 것 같아요. 편합니다.,앏아서한여름에도입을수있을것같아요편합니다,0,0,0,0,0,False,30,21,30,True
6322928,85622238,style,표주석,여름에 입기 시원하고 색감이 적당해서 좋네요 잘입을 게요,5.0,False,L,192.0,92.0,남성,2026-06-23 17:28:34,사이즈: 정사이즈 / 화면 대비 색감: 밝음 / 퀄리티: 보통 / 신축성: 강함,True,0,filluminate,하의,L,,2026,6,23,화,5,응답,정사이즈,밝음,보통,,,강함,,,3.0,,4.0,,,0.0,0.0,1.0,1.0,,,여름에 입기 시원하고 색감이 적당해서 좋네요 잘입을 게요,여름에입기시원하고색감이적당해서좋네요잘입을게요,0,0,0,0,0,False,31,24,31,True
6322928,85615548,style,감성적인대구향수,너무 예쁘고 편하고 두께도 많이 얇지 않아 좋습니다 ! 하지만 조금 아쉬운 것은 밑단 둘래가 조금 좁은게 아쉽네요 ㅎㅎ,5.0,False,S,173.0,68.0,남성,2026-06-23 15:14:29,사이즈: 정사이즈 / 화면 대비 색감: 화면과 비슷 / 퀄리티: 보통 / 신축성: 적당함,True,5,filluminate,하의,S,,2026,6,23,화,5,응답,정사이즈,화면과 비슷,보통,,,적당함,,,3.0,,3.0,,,0.0,0.0,0.0,0.0,,,너무 예쁘고 편하고 두께도 많이 얇지 않아 좋습니다 ! 하지만 조금 아쉬운 것은 밑단 둘래가 조금 좁은게 아쉽네요 ㅎㅎ,너무예쁘고편하고두께도많이얇지않아좋습니다하지만조금아쉬운것은밑단둘래가조금좁은게아쉽네요,2,0,1,0,0,False,66,45,66,True
6322928,85602547,general,환한시카고비니,여름에 시원하게 잘입을 수 있을거같아요. 저렴하게 잘 구매했습니다.,5.0,False,L,176.0,90.0,missing,2026-06-23 10:16:48,사이즈: 정사이즈 / 화면 대비 색감: 화면과 비슷 / 퀄리티: 보통 / 신축성: 적당함,True,0,filluminate,하의,L,,2026,6,23,화,5,응답,정사이즈,화면과 비슷,보통,,,적당함,,,3.0,,3.0,,,0.0,0.0,0.0,0.0,,,여름에 시원하게 잘입을 수 있을거같아요. 저렴하게 잘 구매했습니다.,여름에시원하게잘입을수있을거같아요저렴하게잘구매했습니다,0,0,0,0,0,False,37,28,37,True
6322928,85592914,general,Seo04,신축성이 거의 없긴 하지만 커브드 팬츠라 활동할 때 입기 매우 편합니다! 린넨소재라 그런지 한 여름에도 시원하게 입을 수 있을 거 같네요,5.0,False,M,170.0,58.0,여성,2026-06-23 00:22:17,사이즈: 정사이즈 / 화면 대비 색감: 화면과 비슷 / 퀄리티: 보통 / 신축성: 거의 없음,True,1,filluminate,하의,M,,2026,6,23,화,5,응답,정사이즈,화면과 비슷,보통,,,거의 없음,,,3.0,,2.0,,,0.0,0.0,0.0,0.0,,,신축성이 거의 없긴 하지만 커브드 팬츠라 활동할 때 입기 매우 편합니다! 린넨소재라 그런지 한 여름에도 시원하게 입을 수 있을 거 같네요,신축성이거의없긴하지만커브드팬츠라활동할때입기매우편합니다린넨소재라그런지한여름에도시원하게입을수있을거같네요,0,0,1,0,0,False,76,55,76,True
6322928,85591394,style,beomick,딱 가격값 하는 거 같습니다 기장이 좀만 더 길었으면 좋겠네요,3.0,False,L,188.0,90.0,남성,2026-06-22 23:51:28,사이즈: 정사이즈 / 화면 대비 색감: 화면과 비슷 / 퀄리티: 보통 / 신축성: 적당함,True,1,filluminate,하의,L,,2026,6,22,월,3,응답,정사이즈,화면과 비슷,보통,,,적당함,,,3.0,,3.0,,,0.0,0.0,0.0,0.0,,,딱 가격값 하는 거 같습니다 기장이 좀만 더 길었으면 좋겠네요,딱가격값하는거같습니다기장이좀만더길었으면좋겠네요,0,0,0,0,0,False,34,25,34,True
6322928,85591382,general,beomick,딱 가격값 하는 거 같습니다 기장이 좀만 더 길었으면 좋겠네요,3.0,False,L,188.0,90.0,남성,2026-06-22 23:51:10,사이즈: 정사이즈 / 화면 대비 색감: 화면과 비슷 / 퀄리티: 보통 / 신축성: 적당함,True,0,filluminate,하의,L,,2026,6,22,월,3,응답,정사이즈,화면과 비슷,보통,,,적당함,,,3.0,,3.0,,,0.0,0.0,0.0,0.0,,,딱 가격값 하는 거 같습니다 기장이 좀만 더 길었으면 좋겠네요,딱가격값하는거같습니다기장이좀만더길었으면좋겠네요,0,0,0,0,0,False,34,25,34,True
6322928,85580053,general,신중한그레이캡,단정하게 입기 좋아요  출근룩으로도 괜찮아요 추천 근데 좀 길긴해요,5.0,False,S,162.0,53.0,여성,2026-06-22 20:37:45,사이즈: 조금 큼 / 화면 대비 색감: 화면과 비슷 / 퀄리티: 보통 / 신축성: 거의 없음,False,0,filluminate,하의,S,,2026,6,22,월,5,응답,조금 큼,화면과 비슷,보통,,,거의 없음,,,3.0,,2.0,,,1.0,1.0,0.0,0.0,,,단정하게 입기 좋아요 출근룩으로도 괜찮아요 추천 근데 좀 길긴해요,단정하게입기좋아요출근룩으로도괜찮아요추천근데좀길긴해요,0,0,0,0,0,False,37,28,36,True
6322928,85576940,general,얀덩,핏은 좋아보이나 많이 얇은만큼 시원해요 근데 주름이 좀 많이 져요.,5.0,False,M,174.0,85.0,남성,2026-06-22 19:35:31,사이즈: 정사이즈 / 화면 대비 색감: 밝음 / 퀄리티: 나쁨 / 신축성: 적당함,True,0,filluminate,하의,M,,2026,6,22,월,5,응답,정사이즈,밝음,나쁨,,,적당함,,,2.0,,3.0,,,0.0,0.0,1.0,1.0,,,핏은 좋아보이나 많이 얇은만큼 시원해요 근데 주름이 좀 많이 져요.,핏은좋아보이나많이얇은만큼시원해요근데주름이좀많이져요,0,0,0,0,0,False,37,27,37,True
6322928,85574815,general,최애의파리캡모자,소재가 소재다 보니 여름에 시원하게 입을 것 같아요,5.0,False,S,173.0,58.0,missing,2026-06-22 18:51:40,사이즈: 조금 작음 / 화면 대비 색감: 화면과 비슷 / 퀄리티: 보통 / 신축성: 적당함,True,0,filluminate,하의,S,,2026,6,22,월,5,응답,조금 작음,화면과 비슷,보통,,,적당함,,,3.0,,3.0,,,-1.0,1.0,0.0,0.0,,,소재가 소재다 보니 여름에 시원하게 입을 것 같아요,소재가소재다보니여름에시원하게입을것같아요,0,0,0,0,0,False,28,21,28,True
6322928,85572077,general,View74,밑위가 길어서 그런지 기장이 생각보다 짧아서 좀,3.0,False,M,180.0,72.0,남성,2026-06-22 18:01:57,사이즈: 정사이즈 / 화면 대비 색감: 화면과 비슷 / 퀄리티: 보통 / 신축성: 적당함,True,0,filluminate,하의,M,,2026,6,22,월,3,응답,정사이즈,화면과 비슷,보통,,,적당함,,,3.0,,3.0,,,0.0,0.0,0.0,0.0,,,밑위가 길어서 그런지 기장이 생각보다 짧아서 좀,밑위가길어서그런지기장이생각보다짧아서좀,0,0,0,0,0,False,26,20,26,True
6322928,85567658,general,내꿈은 백만장자,리뷰들 보면서 샀는데 생각했던대로 와서 다행이네요! 잘 입겠습니다:),5.0,False,S,170.0,69.0,남성,2026-06-22 16:27:28,사이즈: 정사이즈 / 화면 대비 색감: 화면과 비슷 / 퀄리티: 보통 / 신축성: 적당함,True,1,filluminate,하의,S,,2026,6,22,월,5,응답,정사이즈,화면과 비슷,보통,,,적당함,,,3.0,,3.0,,,0.0,0.0,0.0,0.0,,,리뷰들 보면서 샀는데 생각했던대로 와서 다행이네요! 잘 입겠습니다:),리뷰들보면서샀는데생각했던대로와서다행이네요잘입겠습니다,0,0,1,0,0,False,38,28,38,True
6322928,85560094,general,minsung0,바지 걍 이쁨 핏좋음. 여름이 입기 좋은 바지임 가성비라고 생각함,5.0,False,L,178.0,78.0,남성,2026-06-22 13:38:50,사이즈: 정사이즈 / 화면 대비 색감: 화면과 비슷 / 퀄리티: 매우 좋음 / 신축성: 매우 강함,False,0,filluminate,하의,L,,2026,6,22,월,5,응답,정사이즈,화면과 비슷,매우 좋음,,,매우 강함,,,5.0,,5.0,,,0.0,0.0,0.0,0.0,,,바지 걍 이쁨 핏좋음. 여름이 입기 좋은 바지임 가성비라고 생각함,바지걍이쁨핏좋음여름이입기좋은바지임가성비라고생각함,0,0,0,0,0,False,36,26,36,True
6322928,85556476,general,후니워니우니,바지 핏이 이쁘구요. 여름에는 와이드하고 얇아야 입기 좋은데 딱 좋은 두께입니다. 허리가 조금 작아서 이부분을 참고하시면 좋을듯합니다.,5.0,False,M,180.0,70.0,남성,2026-06-22 12:19:15,사이즈: 정사이즈 / 화면 대비 색감: 화면과 비슷 / 퀄리티: 보통 / 신축성: 적당함,True,1,filluminate,하의,M,,2026,6,22,월,5,응답,정사이즈,화면과 비슷,보통,,,적당함,,,3.0,,3.0,,,0.0,0.0,0.0,0.0,,,바지 핏이 이쁘구요. 여름에는 와이드하고 얇아야 입기 좋은데 딱 좋은 두께입니다. 허리가 조금 작아서 이부분을 참고하시면 좋을듯합니다.,바지핏이이쁘구요여름에는와이드하고얇아야입기좋은데딱좋은두께입니다허리가조금작아서이부분을참고하시면좋을듯합니다,0,0,0,0,0,False,75,56,75,True
6322928,85556344,style,후니워니우니,바지 핏이 이쁘구요. 하단에 똑딱이가 있어서 다르게 연출할수도 있을것 같네요. 여름에도 입기에 좋은 두깨감입니다. 다만 허리가 조금 작아요. 밴드형이라 늘어나긴하는데 제가 허리가 얇은 편인데도 불구하고 좀 작은 느낌이었습니다. 그 부분 참고해서 구매하시면 될둣해요.,5.0,False,M,180.0,70.0,남성,2026-06-22 12:16:16,사이즈: 정사이즈 / 화면 대비 색감: 화면과 비슷 / 퀄리티: 보통 / 신축성: 적당함,True,1,filluminate,하의,M,,2026,6,22,월,5,응답,정사이즈,화면과 비슷,보통,,,적당함,,,3.0,,3.0,,,0.0,0.0,0.0,0.0,,,바지 핏이 이쁘구요. 하단에 똑딱이가 있어서 다르게 연출할수도 있을것 같네요. 여름에도 입기에 좋은 두깨감입니다. 다만 허리가 조금 작아요. 밴드형이라 늘어나긴하는데 제가 허리가 얇은 편인데도 불구하고 좀 작은 느낌이었습니다. 그 부분 참고해서 구매하시면 될둣해요.,바지핏이이쁘구요하단에똑딱이가있어서다르게연출할수도있을것같네요여름에도입기에좋은두깨감입니다다만허리가조금작아요밴드형이라늘어나긴하는데제가허리가얇은편인데도불구하고좀작은느낌이었습니다그부분참고해서구매하시면될둣해요,0,0,0,0,0,False,148,110,148,True
﻿5911790,86053014,general,재욱222,스타일 좋고 기장 좋고 색감 좋고 재질 좋고 잘입겠습니다,5.0,False,M,180.0,54.0,남성,2026-07-05 04:24:00,사이즈: 조금 큼 / 화면 대비 색감: 밝음 / 퀄리티: 좋음 / 신축성: 적당함,False,0,filluminate,하의,M,,2026,7,5,일,5,응답,조금 큼,밝음,좋음,,,적당함,,,4.0,,3.0,,,1.0,1.0,1.0,1.0,,,스타일 좋고 기장 좋고 색감 좋고 재질 좋고 잘입겠습니다,스타일좋고기장좋고색감좋고재질좋고잘입겠습니다,0,0,0,0,0,False,31,23,31,True
5911790,85995980,general,몽환적인부산데님,이쁜데 l 샀더니 배가 좀 낑김 핏은 이쁜듯 오버핏 좋아하는 사람은 정사이즈 사세요,3.0,False,L,182.0,85.0,남성,2026-07-02 20:42:51,사이즈: 조금 작음 / 화면 대비 색감: 화면과 비슷 / 퀄리티: 보통 / 신축성: 적당함,True,0,filluminate,하의,L,,2026,7,2,목,3,응답,조금 작음,화면과 비슷,보통,,,적당함,,,3.0,,3.0,,,-1.0,1.0,0.0,0.0,,,이쁜데 l 샀더니 배가 좀 낑김 핏은 이쁜듯 오버핏 좋아하는 사람은 정사이즈 사세요,이쁜데l샀더니배가좀낑김핏은이쁜듯오버핏좋아하는사람은정사이즈사세요,0,0,0,0,0,False,46,33,46,True
5911790,85995926,style,몽환적인부산데님,이쁜데 l 샀더니 배가 좀 낑김 핏은 이쁜듯 오버핏 좋아하는 사람은 정사이즈 사세요,3.0,False,L,182.0,85.0,남성,2026-07-02 20:40:37,사이즈: 조금 작음 / 화면 대비 색감: 화면과 비슷 / 퀄리티: 보통 / 신축성: 적당함,True,0,filluminate,하의,L,,2026,7,2,목,3,응답,조금 작음,화면과 비슷,보통,,,적당함,,,3.0,,3.0,,,-1.0,1.0,0.0,0.0,,,이쁜데 l 샀더니 배가 좀 낑김 핏은 이쁜듯 오버핏 좋아하는 사람은 정사이즈 사세요,이쁜데l샀더니배가좀낑김핏은이쁜듯오버핏좋아하는사람은정사이즈사세요,0,0,0,0,0,False,46,33,46,True
5911790,85981079,general,thddudrms,옷이 깔끔하고 데일리룩에 입기 좋아요.여름에 입기도 좋아요,4.0,False,S,170.0,66.0,남성,2026-07-02 10:24:32,사이즈: 정사이즈 / 화면 대비 색감: 화면과 비슷 / 퀄리티: 보통 / 신축성: 적당함,False,0,filluminate,하의,S,,2026,7,2,목,4,응답,정사이즈,화면과 비슷,보통,,,적당함,,,3.0,,3.0,,,0.0,0.0,0.0,0.0,,,옷이 깔끔하고 데일리룩에 입기 좋아요.여름에 입기도 좋아요,옷이깔끔하고데일리룩에입기좋아요여름에입기도좋아요,0,0,0,0,0,False,32,25,32,True
5911790,85965250,general,눈치없는발리뿔테,빠르게 잘받았습니다. 같이 주문한 다른것들도 오면  입어볼게요,5.0,False,L,177.0,70.0,남성,2026-07-01 18:52:58,사이즈: 정사이즈 / 화면 대비 색감: 화면과 비슷 / 퀄리티: 보통 / 신축성: 적당함,True,0,filluminate,하의,L,,2026,7,1,수,5,응답,정사이즈,화면과 비슷,보통,,,적당함,,,3.0,,3.0,,,0.0,0.0,0.0,0.0,,,빠르게 잘받았습니다. 같이 주문한 다른것들도 오면 입어볼게요,빠르게잘받았습니다같이주문한다른것들도오면입어볼게요,0,0,0,0,0,False,34,26,33,True
5911790,85805358,general,무정한서울모자,할인할때 샀는데 개이쁘네요 잘입겠습니다 여름에도 입을수있을듯요,5.0,False,S,179.0,65.0,남성,2026-06-26 20:33:11,사이즈: 정사이즈 / 화면 대비 색감: 화면과 비슷 / 퀄리티: 좋음 / 신축성: 적당함,True,0,filluminate,하의,S,,2026,6,26,금,5,응답,정사이즈,화면과 비슷,좋음,,,적당함,,,4.0,,3.0,,,0.0,0.0,0.0,0.0,,,할인할때 샀는데 개이쁘네요 잘입겠습니다 여름에도 입을수있을듯요,할인할때샀는데개이쁘네요잘입겠습니다여름에도입을수있을듯요,0,0,0,0,0,False,34,29,34,True
5911790,85660365,general,뚜렷한잠실와이드,얇고 입기 좋은데 사이즈가 생각보다 많이 커요… 그래도 지금날씨엔 편하게 입고 다니기 좋을 것 같아요 길이괜찮은데 통이 좀 생각보다 많이 크게와서 수선 해야할거같아요,4.0,False,XL,181.0,78.0,남성,2026-06-24 07:31:20,사이즈: 많이 큼 / 화면 대비 색감: 화면과 비슷 / 퀄리티: 보통 / 신축성: 적당함,False,0,filluminate,하의,XL,,2026,6,24,수,4,응답,많이 큼,화면과 비슷,보통,,,적당함,,,3.0,,3.0,,,2.0,2.0,0.0,0.0,,,얇고 입기 좋은데 사이즈가 생각보다 많이 커요… 그래도 지금날씨엔 편하게 입고 다니기 좋을 것 같아요 길이괜찮은데 통이 좀 생각보다 많이 크게와서 수선 해야할거같아요,얇고입기좋은데사이즈가생각보다많이커요그래도지금날씨엔편하게입고다니기좋을것같아요길이괜찮은데통이좀생각보다많이크게와서수선해야할거같아요,0,0,0,0,0,False,92,69,92,True
5911790,85659833,style,계획없는회색프릴,오버핏으로 입는 요즘애들  입기 좋아요.  아이가 좋아합니다.,5.0,False,M,165.0,65.0,여성,2026-06-24 07:03:10,사이즈: 정사이즈 / 화면 대비 색감: 화면과 비슷 / 퀄리티: 보통 / 신축성: 적당함,True,0,filluminate,하의,M,,2026,6,24,수,5,응답,정사이즈,화면과 비슷,보통,,,적당함,,,3.0,,3.0,,,0.0,0.0,0.0,0.0,,,오버핏으로 입는 요즘애들 입기 좋아요. 아이가 좋아합니다.,오버핏으로입는요즘애들입기좋아요아이가좋아합니다,0,0,0,0,0,False,34,24,32,True
5911790,85552255,general,말랑공,바지가 겁나 커요 그래도 편하게 입고다니기 좋아요,5.0,False,M,170.0,80.0,남성,2026-06-22 10:33:49,사이즈: 정사이즈 / 화면 대비 색감: 화면과 비슷 / 퀄리티: 보통 / 신축성: 적당함,False,0,filluminate,하의,M,,2026,6,22,월,5,응답,정사이즈,화면과 비슷,보통,,,적당함,,,3.0,,3.0,,,0.0,0.0,0.0,0.0,,,바지가 겁나 커요 그래도 편하게 입고다니기 좋아요,바지가겁나커요그래도편하게입고다니기좋아요,0,0,0,0,0,False,27,21,27,True
﻿6322931,86058611,general,뭉싱상횡웡,개편함 여름에 입기 딱 좋음 근데 좀 크게 사는것도 추천함,5.0,False,M,178.0,71.0,남성,2026-07-05 12:55:16,사이즈: 정사이즈 / 화면 대비 색감: 화면과 비슷 / 퀄리티: 보통 / 신축성: 적당함,False,0,filluminate,하의,M,,2026,7,5,일,5,응답,정사이즈,화면과 비슷,보통,,,적당함,,,3.0,,3.0,,,0.0,0.0,0.0,0.0,,,개편함 여름에 입기 딱 좋음 근데 좀 크게 사는것도 추천함,개편함여름에입기딱좋음근데좀크게사는것도추천함,0,0,0,0,0,False,32,23,32,True
6322931,86058113,general,토목공학전공,여름에 입을 바지 찾는데 커브드에 와이드에 린넨이라 굿,5.0,False,M,171.0,68.0,남성,2026-07-05 12:37:51,사이즈: 정사이즈 / 화면 대비 색감: 화면과 비슷 / 퀄리티: 보통 / 신축성: 적당함,True,0,filluminate,하의,M,,2026,7,5,일,5,응답,정사이즈,화면과 비슷,보통,,,적당함,,,3.0,,3.0,,,0.0,0.0,0.0,0.0,,,여름에 입을 바지 찾는데 커브드에 와이드에 린넨이라 굿,여름에입을바지찾는데커브드에와이드에린넨이라굿,0,0,0,0,0,False,30,23,30,True
6322931,86051005,general,돈쥬앙님,이정도 린넨 바지는 편하게 입고 댕길거 같네요~ 길이도 적당하고 린넨이라 시원합니다 만족~굿~,5.0,False,L,178.0,85.0,남성,2026-07-05 00:34:21,사이즈: 정사이즈 / 화면 대비 색감: 화면과 비슷 / 퀄리티: 보통 / 신축성: 적당함,True,0,filluminate,하의,L,,2026,7,5,일,5,응답,정사이즈,화면과 비슷,보통,,,적당함,,,3.0,,3.0,,,0.0,0.0,0.0,0.0,,,이정도 린넨 바지는 편하게 입고 댕길거 같네요~ 길이도 적당하고 린넨이라 시원합니다 만족~굿~,이정도린넨바지는편하게입고댕길거같네요길이도적당하고린넨이라시원합니다만족굿,0,0,0,0,0,False,52,38,52,True
6322931,86050102,general,희소한미국부츠컷,긴바지 치고 얇고 디자인이 무난해서 편하게 입기 좋아요.,5.0,False,S,164.0,62.0,missing,2026-07-05 00:00:05,사이즈: 조금 작음 / 화면 대비 색감: 화면과 비슷 / 퀄리티: 보통 / 신축성: 적당함,True,0,filluminate,하의,S,,2026,7,5,일,5,응답,조금 작음,화면과 비슷,보통,,,적당함,,,3.0,,3.0,,,-1.0,1.0,0.0,0.0,,,긴바지 치고 얇고 디자인이 무난해서 편하게 입기 좋아요.,긴바지치고얇고디자인이무난해서편하게입기좋아요,0,0,0,0,0,False,31,23,31,True
6322931,86030708,general,윤대원,다 좋은데 기장이 생각보다 짧아요 복숭아뼈 정도 오네요 저한테는 너무 짧아서 아는사람 선물 주기로 했어요,3.0,False,L,183.0,74.0,남성,2026-07-04 08:32:14,사이즈: 조금 작음 / 화면 대비 색감: 화면과 비슷 / 퀄리티: 보통 / 신축성: 적당함,False,0,filluminate,하의,L,,2026,7,4,토,3,응답,조금 작음,화면과 비슷,보통,,,적당함,,,3.0,,3.0,,,-1.0,1.0,0.0,0.0,,,다 좋은데 기장이 생각보다 짧아요 복숭아뼈 정도 오네요 저한테는 너무 짧아서 아는사람 선물 주기로 했어요,다좋은데기장이생각보다짧아요복숭아뼈정도오네요저한테는너무짧아서아는사람선물주기로했어요,0,0,0,0,0,False,58,44,58,True
6322931,85999067,style,작곡과대학생,소재가 얇아서 바람이 엄청 잘 통합니다. 나일론 재질 바지들 보다도 여름에 훨씬 시원하게 입을 수 있을 거 같아요. 핏도 턱이 잡혀 있어서 깔끔하니 이쁩니다.,5.0,False,M,178.0,69.0,남성,2026-07-02 22:25:26,사이즈: 정사이즈 / 화면 대비 색감: 화면과 비슷 / 퀄리티: 보통 / 신축성: 적당함,True,1,filluminate,하의,M,,2026,7,2,목,5,응답,정사이즈,화면과 비슷,보통,,,적당함,,,3.0,,3.0,,,0.0,0.0,0.0,0.0,,,소재가 얇아서 바람이 엄청 잘 통합니다. 나일론 재질 바지들 보다도 여름에 훨씬 시원하게 입을 수 있을 거 같아요. 핏도 턱이 잡혀 있어서 깔끔하니 이쁩니다.,소재가얇아서바람이엄청잘통합니다나일론재질바지들보다도여름에훨씬시원하게입을수있을거같아요핏도턱이잡혀있어서깔끔하니이쁩니다,0,0,0,0,0,False,88,62,88,True
6322931,85999053,general,작곡과대학생,소재가 얇아서 바람이 엄청 잘 통합니다. 나일론 재질 바지들 보다도 여름에 훨씬 시원하게 입을 수 있을 거 같아요. 핏도 턱이 잡혀 있어서 깔끔하니 이쁩니다.,5.0,False,M,178.0,69.0,남성,2026-07-02 22:24:48,사이즈: 정사이즈 / 화면 대비 색감: 화면과 비슷 / 퀄리티: 보통 / 신축성: 적당함,True,0,filluminate,하의,M,,2026,7,2,목,5,응답,정사이즈,화면과 비슷,보통,,,적당함,,,3.0,,3.0,,,0.0,0.0,0.0,0.0,,,소재가 얇아서 바람이 엄청 잘 통합니다. 나일론 재질 바지들 보다도 여름에 훨씬 시원하게 입을 수 있을 거 같아요. 핏도 턱이 잡혀 있어서 깔끔하니 이쁩니다.,소재가얇아서바람이엄청잘통합니다나일론재질바지들보다도여름에훨씬시원하게입을수있을거같아요핏도턱이잡혀있어서깔끔하니이쁩니다,0,0,0,0,0,False,88,62,88,True
6322931,85994575,general,ull004,느낌있음 여름에 편하게 입을 바지로는 딱임 좋아요,5.0,False,M,176.0,69.0,남성,2026-07-02 19:46:50,사이즈: 정사이즈 / 화면 대비 색감: 화면과 비슷 / 퀄리티: 보통 / 신축성: 적당함,False,0,filluminate,하의,M,,2026,7,2,목,5,응답,정사이즈,화면과 비슷,보통,,,적당함,,,3.0,,3.0,,,0.0,0.0,0.0,0.0,,,느낌있음 여름에 편하게 입을 바지로는 딱임 좋아요,느낌있음여름에편하게입을바지로는딱임좋아요,0,0,0,0,0,False,27,21,27,True
6322931,85985791,general,jae$,고무줄이여서 너무 편하고 핏도 너무 편한 릴렉스핏이여서 너무 좋아요,5.0,False,S,170.0,59.0,남성,2026-07-02 14:04:00,사이즈: 정사이즈 / 화면 대비 색감: 화면과 비슷 / 퀄리티: 보통 / 신축성: 적당함,False,0,filluminate,하의,S,,2026,7,2,목,5,응답,정사이즈,화면과 비슷,보통,,,적당함,,,3.0,,3.0,,,0.0,0.0,0.0,0.0,,,고무줄이여서 너무 편하고 핏도 너무 편한 릴렉스핏이여서 너무 좋아요,고무줄이여서너무편하고핏도너무편한릴렉스핏이여서너무좋아요,0,0,0,0,0,False,37,29,37,True
6322931,85981137,style,생기있는코랄샌들,모델분처럼 핏이 안나오는 이유가 제가 M을 시키고 키가 176이라서 그런건가요 모델분은 178에 L사이즈라서...커브드 느낌이 전혀없는거같고... 허리가 괭장히 타이트한데 고무줄있어서 그나마 입을 순 있는데....L시키면 길이가 너무 길고같고.....,3.0,False,M,176.0,71.0,남성,2026-07-02 10:27:59,사이즈: 조금 작음 / 화면 대비 색감: 화면과 비슷 / 퀄리티: 보통 / 신축성: 적당함,True,0,filluminate,하의,M,,2026,7,2,목,3,응답,조금 작음,화면과 비슷,보통,,,적당함,,,3.0,,3.0,,,-1.0,1.0,0.0,0.0,,,모델분처럼 핏이 안나오는 이유가 제가 M을 시키고 키가 176이라서 그런건가요 모델분은 178에 L사이즈라서...커브드 느낌이 전혀없는거같고... 허리가 괭장히 타이트한데 고무줄있어서 그나마 입을 순 있는데...L시키면 길이가 너무 길고같고...,모델분처럼핏이안나오는이유가제가m을시키고키가176이라서그런건가요모델분은178에l사이즈라서커브드느낌이전혀없는거같고허리가괭장히타이트한데고무줄있어서그나마입을순있는데l시키면길이가너무길고같고,0,0,0,0,0,True,140,91,137,True
6322931,85964986,style,광주퍼프소매,볼때는 너쿠 커보였는데 입어보니깐 체형보완되면서 살짝 커브드한게 이뻤어요 제질도 여름에 입기 좋을것같구요,5.0,False,M,174.0,70.0,남성,2026-07-01 18:43:57,사이즈: 정사이즈 / 화면 대비 색감: 화면과 비슷 / 퀄리티: 좋음 / 신축성: 적당함,True,0,filluminate,하의,M,,2026,7,1,수,5,응답,정사이즈,화면과 비슷,좋음,,,적당함,,,4.0,,3.0,,,0.0,0.0,0.0,0.0,,,볼때는 너쿠 커보였는데 입어보니깐 체형보완되면서 살짝 커브드한게 이뻤어요 제질도 여름에 입기 좋을것같구요,볼때는너쿠커보였는데입어보니깐체형보완되면서살짝커브드한게이뻤어요제질도여름에입기좋을것같구요,0,0,0,0,0,False,58,47,58,True
6322931,85956759,general,순수한종로힙본,마감이 좀 별로였지만 평소 외출할 때 대충 입기 편해요,3.0,False,M,172.0,68.0,남성,2026-07-01 13:38:53,사이즈: 정사이즈 / 화면 대비 색감: 화면과 비슷 / 퀄리티: 나쁨 / 신축성: 적당함,False,0,filluminate,하의,M,,2026,7,1,수,3,응답,정사이즈,화면과 비슷,나쁨,,,적당함,,,2.0,,3.0,,,0.0,0.0,0.0,0.0,,,마감이 좀 별로였지만 평소 외출할 때 대충 입기 편해요,마감이좀별로였지만평소외출할때대충입기편해요,0,0,0,0,0,False,30,22,30,True
6322931,85953399,style,강한헝가리댄디룩,"사이즈가 너무 잘 맞고 린넨 소재라 시원해서 좋아요. 검정과 아이보리 색상을 주문했는데, 아이보리는 소재가 조금 까끌거리는 느낌이 있네요.",5.0,False,L,188.0,83.0,남성,2026-07-01 11:24:34,사이즈: 정사이즈 / 화면 대비 색감: 화면과 비슷 / 퀄리티: 보통 / 신축성: 적당함,True,0,filluminate,하의,L,,2026,7,1,수,5,응답,정사이즈,화면과 비슷,보통,,,적당함,,,3.0,,3.0,,,0.0,0.0,0.0,0.0,,,"사이즈가 너무 잘 맞고 린넨 소재라 시원해서 좋아요. 검정과 아이보리 색상을 주문했는데, 아이보리는 소재가 조금 까끌거리는 느낌이 있네요.",사이즈가너무잘맞고린넨소재라시원해서좋아요검정과아이보리색상을주문했는데아이보리는소재가조금까끌거리는느낌이있네요,0,0,0,0,0,False,77,57,77,True
6322931,85917629,general,투뎌묘숴쉐JUNI_V102,핏은 좋은데 단추가 포장 뜯자마자 떨어지네요 교환 하려다가 품절이라서 꿰메 입습니다. 핏은 좋아여,2.0,False,M,173.0,62.0,남성,2026-06-30 03:07:11,사이즈: 정사이즈 / 화면 대비 색감: 화면과 비슷 / 퀄리티: 매우 나쁨 / 신축성: 거의 없음,True,0,filluminate,하의,M,,2026,6,30,화,2,응답,정사이즈,화면과 비슷,매우 나쁨,,,거의 없음,,,1.0,,2.0,,,0.0,0.0,0.0,0.0,,,핏은 좋은데 단추가 포장 뜯자마자 떨어지네요 교환 하려다가 품절이라서 꿰메 입습니다. 핏은 좋아여,핏은좋은데단추가포장뜯자마자떨어지네요교환하려다가품절이라서꿰메입습니다핏은좋아여,0,0,0,0,0,False,54,41,54,True
6322931,85882016,style,까리한수원,블프때 샀는데 가격싸기 잘샀습니다 추천드려요,5.0,False,M,168.0,68.0,남성,2026-06-28 21:48:56,사이즈: 조금 큼 / 화면 대비 색감: 화면과 비슷 / 퀄리티: 좋음 / 신축성: 강함,True,0,filluminate,하의,M,,2026,6,28,일,5,응답,조금 큼,화면과 비슷,좋음,,,강함,,,4.0,,4.0,,,1.0,1.0,0.0,0.0,,,블프때 샀는데 가격싸기 잘샀습니다 추천드려요,블프때샀는데가격싸기잘샀습니다추천드려요,0,0,0,0,0,False,24,20,24,True
6322931,85882000,general,까리한수원,블프때 샀는데 가격싸기 잘샀습니다 추천드려요,5.0,False,M,168.0,68.0,남성,2026-06-28 21:48:29,사이즈: 조금 큼 / 화면 대비 색감: 어두움 / 퀄리티: 좋음 / 신축성: 강함,True,0,filluminate,하의,M,,2026,6,28,일,5,응답,조금 큼,어두움,좋음,,,강함,,,4.0,,4.0,,,1.0,1.0,-1.0,1.0,,,블프때 샀는데 가격싸기 잘샀습니다 추천드려요,블프때샀는데가격싸기잘샀습니다추천드려요,0,0,0,0,0,False,24,20,24,True
6322931,85867716,general,안전한미국티셔츠,전에도 한번 샀었는데 진짜 입고다니기 좋은거같아요,5.0,False,L,174.0,87.0,남성,2026-06-28 14:50:44,사이즈: 조금 큼 / 화면 대비 색감: 화면과 비슷 / 퀄리티: 좋음 / 신축성: 강함,False,0,filluminate,하의,L,,2026,6,28,일,5,응답,조금 큼,화면과 비슷,좋음,,,강함,,,4.0,,4.0,,,1.0,1.0,0.0,0.0,,,전에도 한번 샀었는데 진짜 입고다니기 좋은거같아요,전에도한번샀었는데진짜입고다니기좋은거같아요,0,0,0,0,0,False,27,22,27,True
6322931,85853367,general,보이지않는사랑,베이지사고 맘에 들어서 블랙도 추가 구매했어요 부담없이 어떤상의와도 잘어울려서 자주 입어요,5.0,False,L,184.0,70.0,남성,2026-06-28 00:24:19,사이즈: 정사이즈 / 화면 대비 색감: 화면과 비슷 / 퀄리티: 좋음 / 신축성: 적당함,False,0,filluminate,하의,L,,2026,6,28,일,5,응답,정사이즈,화면과 비슷,좋음,,,적당함,,,4.0,,3.0,,,0.0,0.0,0.0,0.0,,,베이지사고 맘에 들어서 블랙도 추가 구매했어요 부담없이 어떤상의와도 잘어울려서 자주 입어요,베이지사고맘에들어서블랙도추가구매했어요부담없이어떤상의와도잘어울려서자주입어요,0,0,0,0,0,False,50,40,50,True
6322931,85748719,general,호우으,"옷감이부드러워요 길이도적담함,,색상 도좋아요",5.0,False,L,178.0,99.0,여성,2026-06-25 18:22:21,사이즈: 정사이즈 / 화면 대비 색감: 화면과 비슷 / 퀄리티: 보통 / 신축성: 적당함,False,0,filluminate,하의,L,,2026,6,25,목,5,응답,정사이즈,화면과 비슷,보통,,,적당함,,,3.0,,3.0,,,0.0,0.0,0.0,0.0,,,"옷감이부드러워요 길이도적담함,,색상 도좋아요",옷감이부드러워요길이도적담함색상도좋아요,0,0,0,0,0,False,24,20,24,True
6322931,85651862,general,오늘부터남산키링,무난하고 가볍고 시원한데 핏도 이뻐요 편하게 자주 입기 좋아요 옷이 헤지면 다시 구매할 의향도 있어요 여름 긴바지가 필요하다면 강추하요,4.0,False,L,177.0,60.0,남성,2026-06-24 00:07:28,사이즈: 정사이즈 / 화면 대비 색감: 화면과 비슷 / 퀄리티: 보통 / 신축성: 강함,False,0,filluminate,하의,L,,2026,6,24,수,4,응답,정사이즈,화면과 비슷,보통,,,강함,,,3.0,,4.0,,,0.0,0.0,0.0,0.0,,,무난하고 가볍고 시원한데 핏도 이뻐요 편하게 자주 입기 좋아요 옷이 헤지면 다시 구매할 의향도 있어요 여름 긴바지가 필요하다면 강추하요,무난하고가볍고시원한데핏도이뻐요편하게자주입기좋아요옷이헤지면다시구매할의향도있어요여름긴바지가필요하다면강추하요,0,0,0,0,0,False,75,57,75,True
6322931,85579969,general,신중한그레이캡,단정하게 입기 좋아요  출근룩으로도 괜찮아요 추천,5.0,False,L,193.0,77.0,남성,2026-06-22 20:35:41,사이즈: 정사이즈 / 화면 대비 색감: 화면과 비슷 / 퀄리티: 좋음 / 신축성: 적당함,False,0,filluminate,하의,L,,2026,6,22,월,5,응답,정사이즈,화면과 비슷,좋음,,,적당함,,,4.0,,3.0,,,0.0,0.0,0.0,0.0,,,단정하게 입기 좋아요 출근룩으로도 괜찮아요 추천,단정하게입기좋아요출근룩으로도괜찮아요추천,0,0,0,0,0,False,27,21,26,True
6322931,85575376,style,99현규,생각보다 와이드하진 않네요 허리밴딩 없엇으면 허리 안 맞앗을듯 집앞 마실 나갈때 입을려고 삿는데 자주 입을 듯,5.0,False,S,171.0,64.0,남성,2026-06-22 19:03:21,사이즈: 조금 작음 / 화면 대비 색감: 화면과 비슷 / 퀄리티: 보통 / 신축성: 적당함,True,0,filluminate,하의,S,,2026,6,22,월,5,응답,조금 작음,화면과 비슷,보통,,,적당함,,,3.0,,3.0,,,-1.0,1.0,0.0,0.0,,,생각보다 와이드하진 않네요 허리밴딩 없엇으면 허리 안 맞앗을듯 집앞 마실 나갈때 입을려고 삿는데 자주 입을 듯,생각보다와이드하진않네요허리밴딩없엇으면허리안맞앗을듯집앞마실나갈때입을려고삿는데자주입을듯,0,0,0,0,0,False,61,46,61,True
6322931,85575350,general,99현규,생각보다 와이드하진 않네요 허리밴딩 없엇으면 허리 안 맞앗을듯 집앞 마실 나갈때 입을려고 삿는데 자주 입을 듯,5.0,False,S,171.0,64.0,남성,2026-06-22 19:02:48,사이즈: 정사이즈 / 화면 대비 색감: 화면과 비슷 / 퀄리티: 보통 / 신축성: 적당함,True,0,filluminate,하의,S,,2026,6,22,월,5,응답,정사이즈,화면과 비슷,보통,,,적당함,,,3.0,,3.0,,,0.0,0.0,0.0,0.0,,,생각보다 와이드하진 않네요 허리밴딩 없엇으면 허리 안 맞앗을듯 집앞 마실 나갈때 입을려고 삿는데 자주 입을 듯,생각보다와이드하진않네요허리밴딩없엇으면허리안맞앗을듯집앞마실나갈때입을려고삿는데자주입을듯,0,0,0,0,0,False,61,46,61,True
﻿6322922,86068259,general,jcso,저렴한 가격 대비 옷이 입을만 합니다 엄청 좋은 품질은 아닙니다,5.0,False,S,165.0,65.0,남성,2026-07-05 19:53:49,사이즈: 정사이즈 / 화면 대비 색감: 화면과 비슷 / 퀄리티: 보통 / 신축성: 적당함,False,0,filluminate,하의,S,,2026,7,5,일,5,응답,정사이즈,화면과 비슷,보통,,,적당함,,,3.0,,3.0,,,0.0,0.0,0.0,0.0,,,저렴한 가격 대비 옷이 입을만 합니다 엄청 좋은 품질은 아닙니다,저렴한가격대비옷이입을만합니다엄청좋은품질은아닙니다,0,0,0,0,0,False,35,26,35,True
6322922,86053414,general,난불주먹에이스,사이즈가 딱 맞아서 너무 좋고 전체적인 디자인이 훌륭합니다,5.0,False,S,172.0,65.0,남성,2026-07-05 06:50:25,사이즈: 정사이즈 / 화면 대비 색감: 화면과 비슷 / 퀄리티: 보통 / 신축성: 적당함,True,0,filluminate,하의,S,,2026,7,5,일,5,응답,정사이즈,화면과 비슷,보통,,,적당함,,,3.0,,3.0,,,0.0,0.0,0.0,0.0,,,사이즈가 딱 맞아서 너무 좋고 전체적인 디자인이 훌륭합니다,사이즈가딱맞아서너무좋고전체적인디자인이훌륭합니다,0,0,0,0,0,False,32,25,32,True
6322922,86044063,general,성숙한광주모자,이정도 가격에 이만한 퀄러티면 꽤 만족하면서 입을거같습니다. 디만 밴딩폭이 생각보다 적어서 허리가 제법 타이트하네요... 요즘 살짝 살이 오르긴 했지만... 평소에 32~34를 입는데요 이사이즈는 얼추 간신히 32정도 되는듯..,3.0,False,L,178.0,73.0,남성,2026-07-04 19:31:25,사이즈: 조금 작음 / 화면 대비 색감: 화면과 비슷 / 퀄리티: 보통 / 신축성: 거의 없음,True,0,filluminate,하의,L,,2026,7,4,토,3,응답,조금 작음,화면과 비슷,보통,,,거의 없음,,,3.0,,2.0,,,-1.0,1.0,0.0,0.0,,,이정도 가격에 이만한 퀄러티면 꽤 만족하면서 입을거같습니다. 디만 밴딩폭이 생각보다 적어서 허리가 제법 타이트하네요... 요즘 살짝 살이 오르긴 했지만... 평소에 32~34를 입는데요 이사이즈는 얼추 간신히 32정도 되는듯..,이정도가격에이만한퀄러티면꽤만족하면서입을거같습니다디만밴딩폭이생각보다적어서허리가제법타이트하네요요즘살짝살이오르긴했지만평소에3234를입는데요이사이즈는얼추간신히32정도되는듯,0,0,0,0,0,True,127,85,127,True
6322922,86039564,style,김도훈9,이런 계열의 바지가 없어서 여름에 입으려고 샀는데 색감도 이쁘고 재질이 괜찮아요 다른옷들이랑도 잘 어울리는거같아요,5.0,False,M,173.0,78.0,남성,2026-07-04 16:13:30,사이즈: 정사이즈 / 화면 대비 색감: 화면과 비슷 / 퀄리티: 보통 / 신축성: 적당함,True,0,filluminate,하의,M,,2026,7,4,토,5,응답,정사이즈,화면과 비슷,보통,,,적당함,,,3.0,,3.0,,,0.0,0.0,0.0,0.0,,,이런 계열의 바지가 없어서 여름에 입으려고 샀는데 색감도 이쁘고 재질이 괜찮아요 다른옷들이랑도 잘 어울리는거같아요,이런계열의바지가없어서여름에입으려고샀는데색감도이쁘고재질이괜찮아요다른옷들이랑도잘어울리는거같아요,0,0,0,0,0,False,63,50,63,True
6322922,86039513,general,김도훈9,이런 계열의 바지가 없어서 여름에 입으려고 샀는데 색감도 이쁘고 재질이 괜찮아요 다른옷들이랑도 잘 어울리는거같아요,5.0,False,M,173.0,78.0,남성,2026-07-04 16:11:51,사이즈: 정사이즈 / 화면 대비 색감: 화면과 비슷 / 퀄리티: 보통 / 신축성: 적당함,True,0,filluminate,하의,M,,2026,7,4,토,5,응답,정사이즈,화면과 비슷,보통,,,적당함,,,3.0,,3.0,,,0.0,0.0,0.0,0.0,,,이런 계열의 바지가 없어서 여름에 입으려고 샀는데 색감도 이쁘고 재질이 괜찮아요 다른옷들이랑도 잘 어울리는거같아요,이런계열의바지가없어서여름에입으려고샀는데색감도이쁘고재질이괜찮아요다른옷들이랑도잘어울리는거같아요,0,0,0,0,0,False,63,50,63,True
6322922,86039395,general,jihwan23,커브드 핏 제대로 나오고 얇은데 핏이 안 흐트러져서 좋아요,5.0,False,S,171.0,70.0,남성,2026-07-04 16:07:12,사이즈: 정사이즈 / 화면 대비 색감: 화면과 비슷 / 퀄리티: 보통 / 신축성: 적당함,False,0,filluminate,하의,S,,2026,7,4,토,5,응답,정사이즈,화면과 비슷,보통,,,적당함,,,3.0,,3.0,,,0.0,0.0,0.0,0.0,,,커브드 핏 제대로 나오고 얇은데 핏이 안 흐트러져서 좋아요,커브드핏제대로나오고얇은데핏이안흐트러져서좋아요,0,0,0,0,0,False,32,24,32,True
6322922,86005385,general,갱이9719,린넨이라 여름에 입기 좋고 핏도 좋아요 보풀 살짝있음,5.0,False,L,179.0,80.0,남성,2026-07-03 07:48:40,사이즈: 정사이즈 / 화면 대비 색감: 화면과 비슷 / 퀄리티: 보통 / 신축성: 적당함,True,0,filluminate,하의,L,,2026,7,3,금,5,응답,정사이즈,화면과 비슷,보통,,,적당함,,,3.0,,3.0,,,0.0,0.0,0.0,0.0,,,린넨이라 여름에 입기 좋고 핏도 좋아요 보풀 살짝있음,린넨이라여름에입기좋고핏도좋아요보풀살짝있음,0,0,0,0,0,False,29,22,29,True
6322922,85971292,general,나는 문어 꿈을 꾸는 문어,색상도 생각한 그대로고 어두운색 속옷을 착용해도 크게 비치지 않아요 다만 첫 착용 때 원단이 조금 까끌까끌하고 덩치크신 분들은 허리가 타이트할듯 합니다,4.0,False,L,187.0,88.0,남성,2026-07-01 22:11:20,사이즈: 정사이즈 / 화면 대비 색감: 화면과 비슷 / 퀄리티: 보통 / 신축성: 거의 없음,False,0,filluminate,하의,L,,2026,7,1,수,4,응답,정사이즈,화면과 비슷,보통,,,거의 없음,,,3.0,,2.0,,,0.0,0.0,0.0,0.0,,,색상도 생각한 그대로고 어두운색 속옷을 착용해도 크게 비치지 않아요 다만 첫 착용 때 원단이 조금 까끌까끌하고 덩치크신 분들은 허리가 타이트할듯 합니다,색상도생각한그대로고어두운색속옷을착용해도크게비치지않아요다만첫착용때원단이조금까끌까끌하고덩치크신분들은허리가타이트할듯합니다,0,0,0,0,0,False,84,64,84,True
6322922,85966896,general,으어으아으에,옷 너무 이뻐요 재질도 여름에 딱이고 제일 좋아하는 바지가 될 것 같아여,5.0,False,M,167.0,69.0,남성,2026-07-01 19:50:54,사이즈: 조금 큼 / 화면 대비 색감: 밝음 / 퀄리티: 매우 좋음 / 신축성: 강함,False,0,filluminate,하의,M,,2026,7,1,수,5,응답,조금 큼,밝음,매우 좋음,,,강함,,,5.0,,4.0,,,1.0,1.0,1.0,1.0,,,옷 너무 이뻐요 재질도 여름에 딱이고 제일 좋아하는 바지가 될 것 같아여,옷너무이뻐요재질도여름에딱이고제일좋아하는바지가될것같아여,0,0,0,0,0,False,40,29,40,True
6322922,85943685,general,기쁜니스개강룩,핏 이뻐요 색도 화면과 똑같고 꾸미기 귀찮을 때 상의랑 잘 매치해서 입으면 남친룩 완성입니다 생각보다 보풀이 좀 생긴다는 점은 좀 아쉽습니다,3.0,False,M,175.0,63.0,남성,2026-06-30 23:41:02,사이즈: 정사이즈 / 화면 대비 색감: 화면과 비슷 / 퀄리티: 보통 / 신축성: 거의 없음,False,0,filluminate,하의,M,,2026,6,30,화,3,응답,정사이즈,화면과 비슷,보통,,,거의 없음,,,3.0,,2.0,,,0.0,0.0,0.0,0.0,,,핏 이뻐요 색도 화면과 똑같고 꾸미기 귀찮을 때 상의랑 잘 매치해서 입으면 남친룩 완성입니다 생각보다 보풀이 좀 생긴다는 점은 좀 아쉽습니다,핏이뻐요색도화면과똑같고꾸미기귀찮을때상의랑잘매치해서입으면남친룩완성입니다생각보다보풀이좀생긴다는점은좀아쉽습니다,0,0,0,0,0,False,78,58,78,True
6322922,85941237,general,냠쩝떡볶이,사이즈도 적당하고 재질도 시원하고 색상도 딱 맘에 들어요,5.0,False,M,165.0,58.0,여성,2026-06-30 22:29:54,사이즈: 정사이즈 / 화면 대비 색감: 화면과 비슷 / 퀄리티: 보통 / 신축성: 적당함,True,0,filluminate,하의,M,,2026,6,30,화,5,응답,정사이즈,화면과 비슷,보통,,,적당함,,,3.0,,3.0,,,0.0,0.0,0.0,0.0,,,사이즈도 적당하고 재질도 시원하고 색상도 딱 맘에 들어요,사이즈도적당하고재질도시원하고색상도딱맘에들어요,0,0,0,0,0,False,31,24,31,True
6322922,85912890,style,기 to the 웅,바지 신축성이 좋았고 밝기정도와 얇은 텍스처가 맘에 들었어요,4.0,False,M,180.0,74.0,남성,2026-06-29 22:36:21,사이즈: 정사이즈 / 화면 대비 색감: 어두움 / 퀄리티: 보통 / 신축성: 적당함,True,2,filluminate,하의,M,,2026,6,29,월,4,응답,정사이즈,어두움,보통,,,적당함,,,3.0,,3.0,,,0.0,0.0,-1.0,1.0,,,바지 신축성이 좋았고 밝기정도와 얇은 텍스처가 맘에 들었어요,바지신축성이좋았고밝기정도와얇은텍스처가맘에들었어요,0,0,0,0,0,False,33,26,33,True
6322922,85912866,general,기 to the 웅,가성비에 여름 린넨 바지로 제일 적당한 것 같아요,4.0,False,M,180.0,74.0,남성,2026-06-29 22:35:36,사이즈: 정사이즈 / 화면 대비 색감: 어두움 / 퀄리티: 보통 / 신축성: 강함,True,0,filluminate,하의,M,,2026,6,29,월,4,응답,정사이즈,어두움,보통,,,강함,,,3.0,,4.0,,,0.0,0.0,-1.0,1.0,,,가성비에 여름 린넨 바지로 제일 적당한 것 같아요,가성비에여름린넨바지로제일적당한것같아요,0,0,0,0,0,False,27,20,27,True
6322922,85891668,general,votusdmsdjfudnj,나쁘지 않습니다 편하게 입기 좋고 비침도 적은 것 같습니다,5.0,False,L,172.0,76.0,남성,2026-06-29 08:17:40,사이즈: 정사이즈 / 화면 대비 색감: 화면과 비슷 / 퀄리티: 보통 / 신축성: 적당함,False,0,filluminate,하의,L,,2026,6,29,월,5,응답,정사이즈,화면과 비슷,보통,,,적당함,,,3.0,,3.0,,,0.0,0.0,0.0,0.0,,,나쁘지 않습니다 편하게 입기 좋고 비침도 적은 것 같습니다,나쁘지않습니다편하게입기좋고비침도적은것같습니다,0,0,0,0,0,False,32,24,32,True
6322922,85886485,general,활동적인신촌라펠,색감 좋고 핏 이쁜데 편하기까지 해서 손이 자주 가는 옷이에요,5.0,False,M,170.0,70.0,남성,2026-06-28 23:39:13,사이즈: 정사이즈 / 화면 대비 색감: 화면과 비슷 / 퀄리티: 보통 / 신축성: 적당함,False,0,filluminate,하의,M,,2026,6,28,일,5,응답,정사이즈,화면과 비슷,보통,,,적당함,,,3.0,,3.0,,,0.0,0.0,0.0,0.0,,,색감 좋고 핏 이쁜데 편하기까지 해서 손이 자주 가는 옷이에요,색감좋고핏이쁜데편하기까지해서손이자주가는옷이에요,0,0,0,0,0,False,34,25,34,True
6322922,85855892,general,현명한노란색심플,베이지 색상을 미리 샀는데 재질도 좋고 구김도 없어서 편하게 입고 다니기 좋을꺼같아서 하나 더 샀습니다.,5.0,False,M,161.0,55.0,여성,2026-06-28 02:41:26,사이즈: 정사이즈 / 화면 대비 색감: 화면과 비슷 / 퀄리티: 보통 / 신축성: 적당함,False,1,filluminate,하의,M,,2026,6,28,일,5,응답,정사이즈,화면과 비슷,보통,,,적당함,,,3.0,,3.0,,,0.0,0.0,0.0,0.0,,,베이지 색상을 미리 샀는데 재질도 좋고 구김도 없어서 편하게 입고 다니기 좋을꺼같아서 하나 더 샀습니다.,베이지색상을미리샀는데재질도좋고구김도없어서편하게입고다니기좋을꺼같아서하나더샀습니다,0,0,0,0,0,False,58,43,58,True
6322922,85821540,style,화핡병,허리에 밴딩이 있어서 편하고 밑단에 버튼이 있어서 실루엣도 예쁘게 떨어집니다.,5.0,False,L,171.0,68.0,남성,2026-06-27 08:53:07,사이즈: 정사이즈 / 화면 대비 색감: 화면과 비슷 / 퀄리티: 보통 / 신축성: 적당함,True,0,filluminate,하의,L,,2026,6,27,토,5,응답,정사이즈,화면과 비슷,보통,,,적당함,,,3.0,,3.0,,,0.0,0.0,0.0,0.0,,,허리에 밴딩이 있어서 편하고 밑단에 버튼이 있어서 실루엣도 예쁘게 떨어집니다.,허리에밴딩이있어서편하고밑단에버튼이있어서실루엣도예쁘게떨어집니다,0,0,0,0,0,False,43,33,43,True
6322922,85821525,general,화핡병,허리에 밴딩이 있어서 편하고. 밑단에 버튼이 있어서 실루엣도 잘 잡아줍니다.,5.0,False,L,171.0,68.0,남성,2026-06-27 08:52:36,사이즈: 정사이즈 / 화면 대비 색감: 화면과 비슷 / 퀄리티: 보통 / 신축성: 적당함,True,0,filluminate,하의,L,,2026,6,27,토,5,응답,정사이즈,화면과 비슷,보통,,,적당함,,,3.0,,3.0,,,0.0,0.0,0.0,0.0,,,허리에 밴딩이 있어서 편하고. 밑단에 버튼이 있어서 실루엣도 잘 잡아줍니다.,허리에밴딩이있어서편하고밑단에버튼이있어서실루엣도잘잡아줍니다,0,0,0,0,0,False,42,31,42,True
6322922,85721540,general,토맛토토맛,소재가 가벼워서 여름에도 입을 수 있을 것 같아요,5.0,False,M,166.0,65.0,여성,2026-06-25 01:33:07,사이즈: 정사이즈 / 화면 대비 색감: 화면과 비슷 / 퀄리티: 보통 / 신축성: 적당함,True,0,filluminate,하의,M,,2026,6,25,목,5,응답,정사이즈,화면과 비슷,보통,,,적당함,,,3.0,,3.0,,,0.0,0.0,0.0,0.0,,,소재가 가벼워서 여름에도 입을 수 있을 것 같아요,소재가가벼워서여름에도입을수있을것같아요,0,0,0,0,0,False,27,20,27,True
6322922,85718944,style,오케이오,생각보다 더움 그래도 무난하게 입을 수 있을듯함,4.0,False,L,175.0,70.0,남성,2026-06-25 00:12:03,사이즈: 정사이즈 / 화면 대비 색감: 화면과 비슷 / 퀄리티: 보통 / 신축성: 적당함,True,0,filluminate,하의,L,,2026,6,25,목,4,응답,정사이즈,화면과 비슷,보통,,,적당함,,,3.0,,3.0,,,0.0,0.0,0.0,0.0,,,생각보다 더움 그래도 무난하게 입을 수 있을듯함,생각보다더움그래도무난하게입을수있을듯함,0,0,0,0,0,False,26,20,26,True
6322922,85718924,general,오케이오,생각보다 더움 그래도 무난하게 입을 수 있을듯함,4.0,False,L,175.0,70.0,남성,2026-06-25 00:11:42,사이즈: 정사이즈 / 화면 대비 색감: 화면과 비슷 / 퀄리티: 보통 / 신축성: 적당함,True,0,filluminate,하의,L,,2026,6,25,목,4,응답,정사이즈,화면과 비슷,보통,,,적당함,,,3.0,,3.0,,,0.0,0.0,0.0,0.0,,,생각보다 더움 그래도 무난하게 입을 수 있을듯함,생각보다더움그래도무난하게입을수있을듯함,0,0,0,0,0,False,26,20,26,True
6322922,85615974,style,린자씨,얇아서 입고 다녀도 시원할 것 같아염 핏도 이쁘고 잘 샀음,5.0,False,M,178.0,67.0,남성,2026-06-23 15:24:02,사이즈: 정사이즈 / 화면 대비 색감: 화면과 비슷 / 퀄리티: 보통 / 신축성: 적당함,True,0,filluminate,하의,M,,2026,6,23,화,5,응답,정사이즈,화면과 비슷,보통,,,적당함,,,3.0,,3.0,,,0.0,0.0,0.0,0.0,,,얇아서 입고 다녀도 시원할 것 같아염 핏도 이쁘고 잘 샀음,얇아서입고다녀도시원할것같아염핏도이쁘고잘샀음,0,0,0,0,0,False,32,23,32,True
6322922,85598039,general,그저크기만한곰한마리,"생각보다 허리가 타이트하고, 구김도 린넨처럼 잘 가는 편 그래도 옷은 이쁘고 품질이 괜찮습니다. 그냥 린넨느낌 슬랙스다 생각하시면 될 듯요",4.0,False,L,187.0,90.0,남성,2026-06-23 07:24:47,사이즈: 조금 작음 / 화면 대비 색감: 화면과 비슷 / 퀄리티: 좋음 / 신축성: 거의 없음,False,0,filluminate,하의,L,,2026,6,23,화,4,응답,조금 작음,화면과 비슷,좋음,,,거의 없음,,,4.0,,2.0,,,-1.0,1.0,0.0,0.0,,,"생각보다 허리가 타이트하고, 구김도 린넨처럼 잘 가는 편 그래도 옷은 이쁘고 품질이 괜찮습니다. 그냥 린넨느낌 슬랙스다 생각하시면 될 듯요",생각보다허리가타이트하고구김도린넨처럼잘가는편그래도옷은이쁘고품질이괜찮습니다그냥린넨느낌슬랙스다생각하시면될듯요,0,0,0,0,0,False,77,57,77,True
6322922,85594054,general,돈쥬앙님,린넨이라 시원하고 흐물거리지 않아 좋네요 편하게 입을 수 있겠어요~ 굿~,5.0,False,L,178.0,85.0,남성,2026-06-23 00:54:13,사이즈: 조금 작음 / 화면 대비 색감: 화면과 비슷 / 퀄리티: 보통 / 신축성: 거의 없음,True,0,filluminate,하의,L,,2026,6,23,화,5,응답,조금 작음,화면과 비슷,보통,,,거의 없음,,,3.0,,2.0,,,-1.0,1.0,0.0,0.0,,,린넨이라 시원하고 흐물거리지 않아 좋네요 편하게 입을 수 있겠어요~ 굿~,린넨이라시원하고흐물거리지않아좋네요편하게입을수있겠어요굿,0,0,0,0,0,False,40,29,40,True
﻿5911822,86046471,general,충실한대학로벨트,가볍게 나와서 편하게 입기 너무 좋고 스타일도 힙합니다,5.0,False,S,177.0,66.0,남성,2026-07-04 21:30:50,사이즈: 많이 큼 / 화면 대비 색감: 매우 어두움 / 퀄리티: 매우 좋음 / 신축성: 매우 강함,True,0,filluminate,하의,S,,2026,7,4,토,5,응답,많이 큼,매우 어두움,매우 좋음,,,매우 강함,,,5.0,,5.0,,,2.0,2.0,-2.0,2.0,,,가볍게 나와서 편하게 입기 너무 좋고 스타일도 힙합니다,가볍게나와서편하게입기너무좋고스타일도힙합니다,0,0,0,0,0,False,30,23,30,True
5911822,86046462,style,충실한대학로벨트,가벼워서 너무 편하고 스타일도 힙하게 잘 나왔습니다,5.0,False,S,177.0,66.0,남성,2026-07-04 21:30:21,사이즈: 많이 큼 / 화면 대비 색감: 매우 어두움 / 퀄리티: 매우 좋음 / 신축성: 매우 강함,True,0,filluminate,하의,S,,2026,7,4,토,5,응답,많이 큼,매우 어두움,매우 좋음,,,매우 강함,,,5.0,,5.0,,,2.0,2.0,-2.0,2.0,,,가벼워서 너무 편하고 스타일도 힙하게 잘 나왔습니다,가벼워서너무편하고스타일도힙하게잘나왔습니다,0,0,0,0,0,False,28,22,28,True
5911822,86028670,general,정직한청년,"생각보다 얇아서 편하고 시원하게 입을 수 있고 디자인이 마음에 들어 좋다고 생각하지만, 사이즈를 작게 샀는데 허리가 좀 크네요. 그거 말고는 다 만족합니다.",5.0,False,S,173.0,60.0,남성,2026-07-04 01:42:19,사이즈: 조금 큼 / 화면 대비 색감: 화면과 비슷 / 퀄리티: 보통 / 신축성: 적당함,False,0,filluminate,하의,S,,2026,7,4,토,5,응답,조금 큼,화면과 비슷,보통,,,적당함,,,3.0,,3.0,,,1.0,1.0,0.0,0.0,,,"생각보다 얇아서 편하고 시원하게 입을 수 있고 디자인이 마음에 들어 좋다고 생각하지만, 사이즈를 작게 샀는데 허리가 좀 크네요. 그거 말고는 다 만족합니다.",생각보다얇아서편하고시원하게입을수있고디자인이마음에들어좋다고생각하지만사이즈를작게샀는데허리가좀크네요그거말고는다만족합니다,0,0,0,0,0,False,87,63,87,True
5911822,86019134,general,우어어ㅓㅇ,블랙구매했다가 너무 좋아서 바로 네이비도 구매 갈갸버립니다... 툭 떨어지지만 핏이 예쁘고 시원해서 올여름 제 교복 당첨입니다 후후,5.0,False,L,171.0,68.0,여성,2026-07-03 18:30:34,사이즈: 많이 큼 / 화면 대비 색감: 매우 어두움 / 퀄리티: 매우 좋음 / 신축성: 적당함,True,0,filluminate,하의,L,,2026,7,3,금,5,응답,많이 큼,매우 어두움,매우 좋음,,,적당함,,,5.0,,3.0,,,2.0,2.0,-2.0,2.0,,,블랙구매했다가 너무 좋아서 바로 네이비도 구매 갈갸버립니다... 툭 떨어지지만 핏이 예쁘고 시원해서 올여름 제 교복 당첨입니다 후후,블랙구매했다가너무좋아서바로네이비도구매갈갸버립니다툭떨어지지만핏이예쁘고시원해서올여름제교복당첨입니다후후,0,0,0,0,0,True,73,54,73,True
5911822,85999550,style,차나박,"✅ 구매 이유  클라이밍할 때 항상 편하게 입고 있는 브랜드인데, 이번에 새롭게 디자인 및 색상이 바뀐 거 같아서 검정색 빼고 다시 색상별로 구매했습니다.  ✅ 특징  가볍고 내구성 강한 나일론 소재, 투 턱 디자인으로 편하게 입을 수 있음, 밴딩이 있어 발목 및 허리 충분히 조절 가능, 차분하고 고급스러운 네이비 톤  ✅ 장점  핏이 좋아서 지나치게 펑퍼짐한 느낌은 들지 않고, 체형 보완에 좋습니다. 활동성 또한 자유로워서 클라이밍할 때 편합니다.  ✅ 단점  클라이밍 할 때 입다보니 쉽게 바지가 헤져서 가격 할인할 때 사면 좋아요.  ✅ 이런 분들께 추천  체형 보완이 되는 와이드 핏 팬츠를 찾으시는 분 '꾸안꾸' 스타일을 선호하시는 분 관리가 편하고 가벼운 소재의 바지를 찾으시는 분 다양한 상의와 두루 어울리는 편한 하의가 필요하신 분",5.0,False,XS,182.0,62.0,남성,2026-07-02 22:38:51,사이즈: 많이 큼 / 화면 대비 색감: 화면과 비슷 / 퀄리티: 좋음 / 신축성: 강함,True,1,filluminate,하의,XS,,2026,7,2,목,5,응답,많이 큼,화면과 비슷,좋음,,,강함,,,4.0,,4.0,,,2.0,2.0,0.0,0.0,,,"구매 이유 클라이밍할 때 항상 편하게 입고 있는 브랜드인데, 이번에 새롭게 디자인 및 색상이 바뀐 거 같아서 검정색 빼고 다시 색상별로 구매했습니다. 특징 가볍고 내구성 강한 나일론 소재, 투 턱 디자인으로 편하게 입을 수 있음, 밴딩이 있어 발목 및 허리 충분히 조절 가능, 차분하고 고급스러운 네이비 톤 장점 핏이 좋아서 지나치게 펑퍼짐한 느낌은 들지 않고, 체형 보완에 좋습니다. 활동성 또한 자유로워서 클라이밍할 때 편합니다. 단점 클라이밍 할 때 입다보니 쉽게 바지가 헤져서 가격 할인할 때 사면 좋아요. 이런 분들께 추천 체형 보완이 되는 와이드 핏 팬츠를 찾으시는 분 '꾸안꾸' 스타일을 선호하시는 분 관리가 편하고 가벼운 소재의 바지를 찾으시는 분 다양한 상의와 두루 어울리는 편한 하의가 필요하신 분",구매이유클라이밍할때항상편하게입고있는브랜드인데이번에새롭게디자인및색상이바뀐거같아서검정색빼고다시색상별로구매했습니다특징가볍고내구성강한나일론소재투턱디자인으로편하게입을수있음밴딩이있어발목및허리충분히조절가능차분하고고급스러운네이비톤장점핏이좋아서지나치게펑퍼짐한느낌은들지않고체형보완에좋습니다활동성또한자유로워서클라이밍할때편합니다단점클라이밍할때입다보니쉽게바지가헤져서가격할인할때사면좋아요이런분들께추천체형보완이되는와이드핏팬츠를찾으시는분꾸안꾸스타일을선호하시는분관리가편하고가벼운소재의바지를찾으시는분다양한상의와두루어울리는편한하의가필요하신분,0,0,0,0,5,False,419,283,400,True
5911822,85999531,general,차나박,"✅ 구매 이유  클라이밍할 때 항상 편하게 입고 있는 브랜드인데, 이번에 새롭게 디자인 및 색상이 바뀐 거 같아서 검정색 빼고 다시 색상별로 구매했습니다.  ✅ 특징  가볍고 내구성 강한 나일론 소재, 투 턱 디자인으로 편하게 입을 수 있음, 밴딩이 있어 발목 및 허리 충분히 조절 가능, 차분하고 고급스러운 네이비 톤  ✅ 장점  핏이 좋아서 지나치게 펑퍼짐한 느낌은 들지 않고, 체형 보완에 좋습니다. 활동성 또한 자유로워서 클라이밍할 때 편합니다.  ✅ 단점  클라이밍 할 때 입다보니 쉽게 바지가 헤져서 가격 할인할 때 사면 좋아요.  ✅ 이런 분들께 추천  체형 보완이 되는 와이드 핏 팬츠를 찾으시는 분 '꾸안꾸' 스타일을 선호하시는 분 관리가 편하고 가벼운 소재의 바지를 찾으시는 분 다양한 상의와 두루 어울리는 편한 하의가 필요하신 분",5.0,False,XS,182.0,62.0,남성,2026-07-02 22:38:26,사이즈: 많이 큼 / 화면 대비 색감: 화면과 비슷 / 퀄리티: 좋음 / 신축성: 강함,True,1,filluminate,하의,XS,,2026,7,2,목,5,응답,많이 큼,화면과 비슷,좋음,,,강함,,,4.0,,4.0,,,2.0,2.0,0.0,0.0,,,"구매 이유 클라이밍할 때 항상 편하게 입고 있는 브랜드인데, 이번에 새롭게 디자인 및 색상이 바뀐 거 같아서 검정색 빼고 다시 색상별로 구매했습니다. 특징 가볍고 내구성 강한 나일론 소재, 투 턱 디자인으로 편하게 입을 수 있음, 밴딩이 있어 발목 및 허리 충분히 조절 가능, 차분하고 고급스러운 네이비 톤 장점 핏이 좋아서 지나치게 펑퍼짐한 느낌은 들지 않고, 체형 보완에 좋습니다. 활동성 또한 자유로워서 클라이밍할 때 편합니다. 단점 클라이밍 할 때 입다보니 쉽게 바지가 헤져서 가격 할인할 때 사면 좋아요. 이런 분들께 추천 체형 보완이 되는 와이드 핏 팬츠를 찾으시는 분 '꾸안꾸' 스타일을 선호하시는 분 관리가 편하고 가벼운 소재의 바지를 찾으시는 분 다양한 상의와 두루 어울리는 편한 하의가 필요하신 분",구매이유클라이밍할때항상편하게입고있는브랜드인데이번에새롭게디자인및색상이바뀐거같아서검정색빼고다시색상별로구매했습니다특징가볍고내구성강한나일론소재투턱디자인으로편하게입을수있음밴딩이있어발목및허리충분히조절가능차분하고고급스러운네이비톤장점핏이좋아서지나치게펑퍼짐한느낌은들지않고체형보완에좋습니다활동성또한자유로워서클라이밍할때편합니다단점클라이밍할때입다보니쉽게바지가헤져서가격할인할때사면좋아요이런분들께추천체형보완이되는와이드핏팬츠를찾으시는분꾸안꾸스타일을선호하시는분관리가편하고가벼운소재의바지를찾으시는분다양한상의와두루어울리는편한하의가필요하신분,0,0,0,0,5,False,419,283,400,True
5911822,85999503,style,차나박,"✅ 구매 이유  클라이밍할 때 항상 편하게 입고 있는 브랜드인데, 이번에 새롭게 디자인 및 색상이 바뀐 거 같아서 검정색 빼고 다시 색상별로 구매했습니다.  ✅ 특징  가볍고 내구성 강한 나일론 소재, 투 턱 디자인으로 편하게 입을 수 있음, 밴딩이 있어 발목 및 허리 충분히 조절 가능, 차분하고 고급스러운 네이비 톤  ✅ 장점  핏이 좋아서 지나치게 펑퍼짐한 느낌은 들지 않고, 체형 보완에 좋습니다. 활동성 또한 자유로워서 클라이밍할 때 편합니다.  ✅ 단점  클라이밍 할 때 입다보니 쉽게 바지가 헤져서 가격 할인할 때 사면 좋아요.  ✅ 이런 분들께 추천  체형 보완이 되는 와이드 핏 팬츠를 찾으시는 분 '꾸안꾸' 스타일을 선호하시는 분 관리가 편하고 가벼운 소재의 바지를 찾으시는 분 다양한 상의와 두루 어울리는 편한 하의가 필요하신 분",5.0,False,S,182.0,62.0,남성,2026-07-02 22:37:42,사이즈: 많이 큼 / 화면 대비 색감: 화면과 비슷 / 퀄리티: 좋음 / 신축성: 강함,True,1,filluminate,하의,S,,2026,7,2,목,5,응답,많이 큼,화면과 비슷,좋음,,,강함,,,4.0,,4.0,,,2.0,2.0,0.0,0.0,,,"구매 이유 클라이밍할 때 항상 편하게 입고 있는 브랜드인데, 이번에 새롭게 디자인 및 색상이 바뀐 거 같아서 검정색 빼고 다시 색상별로 구매했습니다. 특징 가볍고 내구성 강한 나일론 소재, 투 턱 디자인으로 편하게 입을 수 있음, 밴딩이 있어 발목 및 허리 충분히 조절 가능, 차분하고 고급스러운 네이비 톤 장점 핏이 좋아서 지나치게 펑퍼짐한 느낌은 들지 않고, 체형 보완에 좋습니다. 활동성 또한 자유로워서 클라이밍할 때 편합니다. 단점 클라이밍 할 때 입다보니 쉽게 바지가 헤져서 가격 할인할 때 사면 좋아요. 이런 분들께 추천 체형 보완이 되는 와이드 핏 팬츠를 찾으시는 분 '꾸안꾸' 스타일을 선호하시는 분 관리가 편하고 가벼운 소재의 바지를 찾으시는 분 다양한 상의와 두루 어울리는 편한 하의가 필요하신 분",구매이유클라이밍할때항상편하게입고있는브랜드인데이번에새롭게디자인및색상이바뀐거같아서검정색빼고다시색상별로구매했습니다특징가볍고내구성강한나일론소재투턱디자인으로편하게입을수있음밴딩이있어발목및허리충분히조절가능차분하고고급스러운네이비톤장점핏이좋아서지나치게펑퍼짐한느낌은들지않고체형보완에좋습니다활동성또한자유로워서클라이밍할때편합니다단점클라이밍할때입다보니쉽게바지가헤져서가격할인할때사면좋아요이런분들께추천체형보완이되는와이드핏팬츠를찾으시는분꾸안꾸스타일을선호하시는분관리가편하고가벼운소재의바지를찾으시는분다양한상의와두루어울리는편한하의가필요하신분,0,0,0,0,5,False,419,283,400,True
5911822,85999454,general,차나박,"✅ 구매 이유  클라이밍할 때 항상 편하게 입고 있는 브랜드인데, 이번에 새롭게 디자인 및 색상이 바뀐 거 같아서 검정색 빼고 다시 색상별로 구매했습니다.  ✅ 특징  가볍고 내구성 강한 나일론 소재, 투 턱 디자인으로 편하게 입을 수 있음, 밴딩이 있어 발목 및 허리 충분히 조절 가능, 차분하고 고급스러운 네이비 톤  ✅ 장점  핏이 좋아서 지나치게 펑퍼짐한 느낌은 들지 않고, 체형 보완에 좋습니다. 활동성 또한 자유로워서 클라이밍할 때 편합니다.  ✅ 단점  클라이밍 할 때 입다보니 쉽게 바지가 헤져서 가격 할인할 때 사면 좋아요.  ✅ 이런 분들께 추천  체형 보완이 되는 와이드 핏 팬츠를 찾으시는 분 '꾸안꾸' 스타일을 선호하시는 분 관리가 편하고 가벼운 소재의 바지를 찾으시는 분 다양한 상의와 두루 어울리는 편한 하의가 필요하신 분",5.0,False,S,182.0,62.0,남성,2026-07-02 22:36:45,사이즈: 많이 큼 / 화면 대비 색감: 화면과 비슷 / 퀄리티: 좋음 / 신축성: 강함,True,1,filluminate,하의,S,,2026,7,2,목,5,응답,많이 큼,화면과 비슷,좋음,,,강함,,,4.0,,4.0,,,2.0,2.0,0.0,0.0,,,"구매 이유 클라이밍할 때 항상 편하게 입고 있는 브랜드인데, 이번에 새롭게 디자인 및 색상이 바뀐 거 같아서 검정색 빼고 다시 색상별로 구매했습니다. 특징 가볍고 내구성 강한 나일론 소재, 투 턱 디자인으로 편하게 입을 수 있음, 밴딩이 있어 발목 및 허리 충분히 조절 가능, 차분하고 고급스러운 네이비 톤 장점 핏이 좋아서 지나치게 펑퍼짐한 느낌은 들지 않고, 체형 보완에 좋습니다. 활동성 또한 자유로워서 클라이밍할 때 편합니다. 단점 클라이밍 할 때 입다보니 쉽게 바지가 헤져서 가격 할인할 때 사면 좋아요. 이런 분들께 추천 체형 보완이 되는 와이드 핏 팬츠를 찾으시는 분 '꾸안꾸' 스타일을 선호하시는 분 관리가 편하고 가벼운 소재의 바지를 찾으시는 분 다양한 상의와 두루 어울리는 편한 하의가 필요하신 분",구매이유클라이밍할때항상편하게입고있는브랜드인데이번에새롭게디자인및색상이바뀐거같아서검정색빼고다시색상별로구매했습니다특징가볍고내구성강한나일론소재투턱디자인으로편하게입을수있음밴딩이있어발목및허리충분히조절가능차분하고고급스러운네이비톤장점핏이좋아서지나치게펑퍼짐한느낌은들지않고체형보완에좋습니다활동성또한자유로워서클라이밍할때편합니다단점클라이밍할때입다보니쉽게바지가헤져서가격할인할때사면좋아요이런분들께추천체형보완이되는와이드핏팬츠를찾으시는분꾸안꾸스타일을선호하시는분관리가편하고가벼운소재의바지를찾으시는분다양한상의와두루어울리는편한하의가필요하신분,0,0,0,0,5,False,419,283,400,True
5911822,85991697,general,빠꾸킹,제 키에 딱 맞고 허리도 편해서 자주 입고 디닐 것 같아요,5.0,False,XS,175.0,74.0,남성,2026-07-02 17:58:24,사이즈: 정사이즈 / 화면 대비 색감: 화면과 비슷 / 퀄리티: 보통 / 신축성: 적당함,False,0,filluminate,하의,XS,,2026,7,2,목,5,응답,정사이즈,화면과 비슷,보통,,,적당함,,,3.0,,3.0,,,0.0,0.0,0.0,0.0,,,제 키에 딱 맞고 허리도 편해서 자주 입고 디닐 것 같아요,제키에딱맞고허리도편해서자주입고디닐것같아요,0,0,0,0,0,False,32,22,32,True
5911822,85990314,general,참신한오스틴백팩,기장이 조금 긴 느낌이지만 조절하는 것들이 있어서 좋아요,5.0,False,S,176.0,76.0,남성,2026-07-02 17:07:52,사이즈: 조금 큼 / 화면 대비 색감: 화면과 비슷 / 퀄리티: 보통 / 신축성: 적당함,True,0,filluminate,하의,S,,2026,7,2,목,5,응답,조금 큼,화면과 비슷,보통,,,적당함,,,3.0,,3.0,,,1.0,1.0,0.0,0.0,,,기장이 조금 긴 느낌이지만 조절하는 것들이 있어서 좋아요,기장이조금긴느낌이지만조절하는것들이있어서좋아요,0,0,0,0,0,False,31,24,31,True
5911822,85971214,general,명랑한블루미니,운동할때 이 브랜드만 5개 착용하고 있어요. 편하고 핏감도 좋습니다,5.0,False,L,185.0,72.0,missing,2026-07-01 22:09:35,사이즈: 정사이즈 / 화면 대비 색감: 화면과 비슷 / 퀄리티: 보통 / 신축성: 적당함,True,0,filluminate,하의,L,,2026,7,1,수,5,응답,정사이즈,화면과 비슷,보통,,,적당함,,,3.0,,3.0,,,0.0,0.0,0.0,0.0,,,운동할때 이 브랜드만 5개 착용하고 있어요. 편하고 핏감도 좋습니다,운동할때이브랜드만5개착용하고있어요편하고핏감도좋습니다,0,0,0,0,0,False,37,27,37,True
5911822,85796923,style,자제못함,바지 통이 엄청 커요 총장이나 허리단면은 괜찮은데 통이 너무 크네요 그래도 예쁘긴합니다,4.0,False,S,174.0,76.0,남성,2026-07-01 00:18:48,사이즈: 조금 큼 / 화면 대비 색감: 화면과 비슷 / 퀄리티: 보통 / 신축성: 적당함,True,0,filluminate,하의,S,,2026,7,1,수,4,응답,조금 큼,화면과 비슷,보통,,,적당함,,,3.0,,3.0,,,1.0,1.0,0.0,0.0,,,바지 통이 엄청 커요 총장이나 허리단면은 괜찮은데 통이 너무 크네요 그래도 예쁘긴합니다,바지통이엄청커요총장이나허리단면은괜찮은데통이너무크네요그래도예쁘긴합니다,0,0,0,0,0,False,48,37,48,True
5911822,85944111,general,jiseok,진짜 이렇게 편한 바지 오랜만에 입어요 디자인도 예쁘고 어느 옷이랑 입어도 다 잘 어울릴거같아요,5.0,False,XS,168.0,66.0,남성,2026-06-30 23:57:03,사이즈: 정사이즈 / 화면 대비 색감: 화면과 비슷 / 퀄리티: 매우 좋음 / 신축성: 적당함,False,0,filluminate,하의,XS,,2026,6,30,화,5,응답,정사이즈,화면과 비슷,매우 좋음,,,적당함,,,5.0,,3.0,,,0.0,0.0,0.0,0.0,,,진짜 이렇게 편한 바지 오랜만에 입어요 디자인도 예쁘고 어느 옷이랑 입어도 다 잘 어울릴거같아요,진짜이렇게편한바지오랜만에입어요디자인도예쁘고어느옷이랑입어도다잘어울릴거같아요,0,0,0,0,0,False,53,40,53,True
5911822,85924837,style,리바이헨쵸,블프때 싸게삿어용 이런 트랙팬츠 네이비컬러로 사고싶었는데 너무예쁘고 핏 최고입니당,5.0,False,XS,157.0,48.0,여성,2026-06-30 13:30:26,사이즈: 조금 큼 / 화면 대비 색감: 화면과 비슷 / 퀄리티: 보통 / 신축성: 적당함,True,2,filluminate,하의,XS,,2026,6,30,화,5,응답,조금 큼,화면과 비슷,보통,,,적당함,,,3.0,,3.0,,,1.0,1.0,0.0,0.0,,,블프때 싸게삿어용 이런 트랙팬츠 네이비컬러로 사고싶었는데 너무예쁘고 핏 최고입니당,블프때싸게삿어용이런트랙팬츠네이비컬러로사고싶었는데너무예쁘고핏최고입니당,0,0,0,0,0,False,45,37,45,True
5911822,85902164,general,카할,사이즈표 보고 구입했는데 기장이 살짝 짧습니다. 통은 생각보다 넓고 디자인은 괜찮네요. 두께도 얇아서 여름용으로 가성비 있습니다.,4.0,False,S,177.0,78.0,남성,2026-06-29 16:03:57,사이즈: 조금 작음 / 화면 대비 색감: 화면과 비슷 / 퀄리티: 보통 / 신축성: 적당함,True,0,filluminate,하의,S,,2026,6,29,월,4,응답,조금 작음,화면과 비슷,보통,,,적당함,,,3.0,,3.0,,,-1.0,1.0,0.0,0.0,,,사이즈표 보고 구입했는데 기장이 살짝 짧습니다. 통은 생각보다 넓고 디자인은 괜찮네요. 두께도 얇아서 여름용으로 가성비 있습니다.,사이즈표보고구입했는데기장이살짝짧습니다통은생각보다넓고디자인은괜찮네요두께도얇아서여름용으로가성비있습니다,0,0,0,0,0,False,72,54,72,True
5911822,85891187,general,ttorrri,이 바지 질좋고 편하고 핏좋고 짱이예요 완전 만족합니다,5.0,False,S,162.0,68.0,여성,2026-06-29 07:52:45,사이즈: 정사이즈 / 화면 대비 색감: 화면과 비슷 / 퀄리티: 보통 / 신축성: 적당함,False,0,filluminate,하의,S,,2026,6,29,월,5,응답,정사이즈,화면과 비슷,보통,,,적당함,,,3.0,,3.0,,,0.0,0.0,0.0,0.0,,,이 바지 질좋고 편하고 핏좋고 짱이예요 완전 만족합니다,이바지질좋고편하고핏좋고짱이예요완전만족합니다,0,0,0,0,0,False,30,23,30,True
5911822,85888439,general,이아이안,생각한 핏에 편하고 얇아서 좋아요! 사이즈가 꽤커서 m~l입는편인데도 s샀고 그렇게 사길 잘했네요,5.0,False,S,173.0,70.0,남성,2026-06-29 00:51:55,사이즈: 조금 큼 / 화면 대비 색감: 화면과 비슷 / 퀄리티: 보통 / 신축성: 적당함,True,0,filluminate,하의,S,,2026,6,29,월,5,응답,조금 큼,화면과 비슷,보통,,,적당함,,,3.0,,3.0,,,1.0,1.0,0.0,0.0,,,생각한 핏에 편하고 얇아서 좋아요! 사이즈가 꽤커서 m~l입는편인데도 s샀고 그렇게 사길 잘했네요,생각한핏에편하고얇아서좋아요사이즈가꽤커서ml입는편인데도s샀고그렇게사길잘했네요,0,0,1,0,0,False,54,38,54,True
5911822,85842257,general,원활한칠레포멀룩,사이즈 꽤 커서 여성분들은 제일 작은 사이즈 추천합니다!! 핏도 예쁘고 디자인도 예뻐용,5.0,False,XS,163.0,55.0,여성,2026-06-27 18:45:49,사이즈: 정사이즈 / 화면 대비 색감: 화면과 비슷 / 퀄리티: 보통 / 신축성: 적당함,False,0,filluminate,하의,XS,,2026,6,27,토,5,응답,정사이즈,화면과 비슷,보통,,,적당함,,,3.0,,3.0,,,0.0,0.0,0.0,0.0,,,사이즈 꽤 커서 여성분들은 제일 작은 사이즈 추천합니다!! 핏도 예쁘고 디자인도 예뻐용,사이즈꽤커서여성분들은제일작은사이즈추천합니다핏도예쁘고디자인도예뻐용,0,0,2,0,0,False,48,35,48,True
5911822,85836110,style,헤이준스비,여름이라 더워서 시켰는데 재질도 나일론이라 땀이 나도 안심되고 통풍도 잘 되서 시원해서 좋습니다 참고로 전 바지를 L로 입는데 얘는 S가 딱 맞아요,5.0,False,S,178.0,74.0,남성,2026-06-27 16:08:42,사이즈: 조금 큼 / 화면 대비 색감: 화면과 비슷 / 퀄리티: 좋음 / 신축성: 강함,True,0,filluminate,하의,S,,2026,6,27,토,5,응답,조금 큼,화면과 비슷,좋음,,,강함,,,4.0,,4.0,,,1.0,1.0,0.0,0.0,,,여름이라 더워서 시켰는데 재질도 나일론이라 땀이 나도 안심되고 통풍도 잘 되서 시원해서 좋습니다 참고로 전 바지를 L로 입는데 얘는 S가 딱 맞아요,여름이라더워서시켰는데재질도나일론이라땀이나도안심되고통풍도잘되서시원해서좋습니다참고로전바지를l로입는데얘는s가딱맞아요,0,0,0,0,0,False,82,59,82,True
5911822,85836073,general,릱운,사이즈가 생각보다 크긴한데 널널하게 입으면 좋아요,3.0,False,S,174.0,68.0,남성,2026-06-27 16:07:44,사이즈: 많이 큼 / 화면 대비 색감: 어두움 / 퀄리티: 좋음 / 신축성: 매우 강함,False,0,filluminate,하의,S,,2026,6,27,토,3,응답,많이 큼,어두움,좋음,,,매우 강함,,,4.0,,5.0,,,2.0,2.0,-1.0,1.0,,,사이즈가 생각보다 크긴한데 널널하게 입으면 좋아요,사이즈가생각보다크긴한데널널하게입으면좋아요,0,0,0,0,0,False,27,22,27,True
5911822,85704196,style,래전설,"베기 핏으로 편하고 신축성있고 가볍고 시원한편입니다. 초가을까지 잘 입을 수 있는 두께입니다. 하의를 평소 31인치 M을 주로 입는데, 허리는 XS이 잘 맞고 길이는 조금 짧은 거 같습니다.",4.0,False,XS,175.0,65.0,남성,2026-06-26 20:00:27,사이즈: 정사이즈 / 화면 대비 색감: 화면과 비슷 / 퀄리티: 나쁨 / 신축성: 강함,True,0,filluminate,하의,XS,,2026,6,26,금,4,응답,정사이즈,화면과 비슷,나쁨,,,강함,,,2.0,,4.0,,,0.0,0.0,0.0,0.0,,,"베기 핏으로 편하고 신축성있고 가볍고 시원한편입니다. 초가을까지 잘 입을 수 있는 두께입니다. 하의를 평소 31인치 M을 주로 입는데, 허리는 XS이 잘 맞고 길이는 조금 짧은 거 같습니다.",베기핏으로편하고신축성있고가볍고시원한편입니다초가을까지잘입을수있는두께입니다하의를평소31인치m을주로입는데허리는xs이잘맞고길이는조금짧은거같습니다,0,0,0,0,0,False,106,71,106,True
5911822,85801646,general,hiyen92,배송 빠르고 좋아요 네이비 컬러 차분하면서 예뻐요 사이즈가 하도 크다길래 xs 주문했는데 적당한 오버핏이에요 s 시켜도 될 걸 그랬어요 키 165 정도 여성분들 힙한 오버핏 원하시면 s 하세용,5.0,False,XS,166.0,55.0,여성,2026-06-26 19:05:00,사이즈: 조금 큼 / 화면 대비 색감: 화면과 비슷 / 퀄리티: 매우 좋음 / 신축성: 적당함,True,1,filluminate,하의,XS,,2026,6,26,금,5,응답,조금 큼,화면과 비슷,매우 좋음,,,적당함,,,5.0,,3.0,,,1.0,1.0,0.0,0.0,,,배송 빠르고 좋아요 네이비 컬러 차분하면서 예뻐요 사이즈가 하도 크다길래 xs 주문했는데 적당한 오버핏이에요 s 시켜도 될 걸 그랬어요 키 165 정도 여성분들 힙한 오버핏 원하시면 s 하세용,배송빠르고좋아요네이비컬러차분하면서예뻐요사이즈가하도크다길래xs주문했는데적당한오버핏이에요s시켜도될걸그랬어요키165정도여성분들힙한오버핏원하시면s하세용,0,0,0,0,0,False,107,73,107,True
5911822,85796909,general,자제못함,바지 통이 엄청 커요 총장이나 허리단면은 괜찮은데 통이 너무 크네요 그래도 예쁘긴합니다,4.0,False,S,174.0,76.0,남성,2026-06-26 17:28:34,사이즈: 조금 큼 / 화면 대비 색감: 화면과 비슷 / 퀄리티: 보통 / 신축성: 적당함,True,0,filluminate,하의,S,,2026,6,26,금,4,응답,조금 큼,화면과 비슷,보통,,,적당함,,,3.0,,3.0,,,1.0,1.0,0.0,0.0,,,바지 통이 엄청 커요 총장이나 허리단면은 괜찮은데 통이 너무 크네요 그래도 예쁘긴합니다,바지통이엄청커요총장이나허리단면은괜찮은데통이너무크네요그래도예쁘긴합니다,0,0,0,0,0,False,48,37,48,True
5911822,85726315,general,배달의민족은배민,"워낙 크다는 후기가 많아서 걱정하면서 구매했습니다.  S와 XS 중에 고민하다가 S를 구매했어요! 그런데 허리도 별로 안 컸고 딱 기장감이나 핏이 좋았습니다.  M을 샀으면 전체 다 컸을것 같고, 저랑 비슷한 체형이라면 원래 와이드, 벌룬핏 잘 입으시는 분들은 저처럼 XS 말고 S로 가는게 핏이나 기장 측면에서 더 나을 것 같습니다.  디자인도 이쁘고 얇아서 애용하고 있습니다! 추천합니다",5.0,False,S,177.0,70.0,남성,2026-06-25 08:49:29,사이즈: 조금 큼 / 화면 대비 색감: 화면과 비슷 / 퀄리티: 보통 / 신축성: 적당함,True,1,filluminate,하의,S,,2026,6,25,목,5,응답,조금 큼,화면과 비슷,보통,,,적당함,,,3.0,,3.0,,,1.0,1.0,0.0,0.0,,,"워낙 크다는 후기가 많아서 걱정하면서 구매했습니다. S와 XS 중에 고민하다가 S를 구매했어요! 그런데 허리도 별로 안 컸고 딱 기장감이나 핏이 좋았습니다. M을 샀으면 전체 다 컸을것 같고, 저랑 비슷한 체형이라면 원래 와이드, 벌룬핏 잘 입으시는 분들은 저처럼 XS 말고 S로 가는게 핏이나 기장 측면에서 더 나을 것 같습니다. 디자인도 이쁘고 얇아서 애용하고 있습니다! 추천합니다",워낙크다는후기가많아서걱정하면서구매했습니다s와xs중에고민하다가s를구매했어요그런데허리도별로안컸고딱기장감이나핏이좋았습니다m을샀으면전체다컸을것같고저랑비슷한체형이라면원래와이드벌룬핏잘입으시는분들은저처럼xs말고s로가는게핏이나기장측면에서더나을것같습니다디자인도이쁘고얇아서애용하고있습니다추천합니다,0,0,2,0,0,False,218,147,215,True
5911822,85709812,style,용기있는합정정장,172 키 53키로 xs사이즈가 딱 좋아요 비가 와서 허리 한번 접어 입었어요 S는 허리가 커서 엄마가 입을 예정,5.0,False,XS,172.0,53.0,남성,2026-06-24 22:14:19,사이즈: 많이 큼 / 화면 대비 색감: 화면과 비슷 / 퀄리티: 보통 / 신축성: 적당함,True,0,filluminate,하의,XS,,2026,6,24,수,5,응답,많이 큼,화면과 비슷,보통,,,적당함,,,3.0,,3.0,,,2.0,2.0,0.0,0.0,,,172 키 53키로 xs사이즈가 딱 좋아요 비가 와서 허리 한번 접어 입었어요 S는 허리가 커서 엄마가 입을 예정,172키53키로xs사이즈가딱좋아요비가와서허리한번접어입었어요s는허리가커서엄마가입을예정,0,0,0,0,0,False,63,38,63,True
5911822,85709671,general,용기있는합정정장,S사이즈 구매후 커서 xs로 재주문 했어요 옷스타일은 예뻐서 강추,5.0,False,XS,172.0,53.0,남성,2026-06-24 22:12:42,사이즈: 많이 큼 / 화면 대비 색감: 화면과 비슷 / 퀄리티: 보통 / 신축성: 적당함,True,0,filluminate,하의,XS,,2026,6,24,수,5,응답,많이 큼,화면과 비슷,보통,,,적당함,,,3.0,,3.0,,,2.0,2.0,0.0,0.0,,,S사이즈 구매후 커서 xs로 재주문 했어요 옷스타일은 예뻐서 강추,s사이즈구매후커서xs로재주문했어요옷스타일은예뻐서강추,0,0,0,0,0,False,36,25,36,True
5911822,85708142,general,석류봉봉,가볍게 입기 좋고 라인이 들어가서 포인트가 되니 좋네요,5.0,False,L,185.0,81.0,남성,2026-06-24 21:53:59,사이즈: 조금 큼 / 화면 대비 색감: 어두움 / 퀄리티: 좋음 / 신축성: 적당함,True,0,filluminate,하의,L,,2026,6,24,수,5,응답,조금 큼,어두움,좋음,,,적당함,,,4.0,,3.0,,,1.0,1.0,-1.0,1.0,,,가볍게 입기 좋고 라인이 들어가서 포인트가 되니 좋네요,가볍게입기좋고라인이들어가서포인트가되니좋네요,0,0,0,0,0,False,30,23,30,True
5911822,85671847,general,감미로운발리팬츠,"기장이 길고, 끝쪽에 고무줄이 있어서 힙한 신발이랑 같이 신으면 완전 스타일이 살아요 짱",5.0,False,S,173.0,71.0,남성,2026-06-24 11:54:13,사이즈: 정사이즈 / 화면 대비 색감: 화면과 비슷 / 퀄리티: 보통 / 신축성: 적당함,False,0,filluminate,하의,S,,2026,6,24,수,5,응답,정사이즈,화면과 비슷,보통,,,적당함,,,3.0,,3.0,,,0.0,0.0,0.0,0.0,,,"기장이 길고, 끝쪽에 고무줄이 있어서 힙한 신발이랑 같이 신으면 완전 스타일이 살아요 짱",기장이길고끝쪽에고무줄이있어서힙한신발이랑같이신으면완전스타일이살아요짱,0,0,0,0,0,False,49,36,49,True
5911822,85564849,general,하하하하핳핳하,여름에 입기 너무 좋은 바지입니다! 시원하고 편해서 자주 입어용,5.0,False,M,170.0,70.0,여성,2026-06-22 15:25:18,사이즈: 정사이즈 / 화면 대비 색감: 화면과 비슷 / 퀄리티: 좋음 / 신축성: 적당함,False,0,filluminate,하의,M,,2026,6,22,월,5,응답,정사이즈,화면과 비슷,좋음,,,적당함,,,4.0,,3.0,,,0.0,0.0,0.0,0.0,,,여름에 입기 너무 좋은 바지입니다! 시원하고 편해서 자주 입어용,여름에입기너무좋은바지입니다시원하고편해서자주입어용,0,0,1,0,0,False,35,26,35,True
﻿6394371,86071892,general,넓은마르세유뿔테,오버핏으로 힙하게 입을수있는 바지 무릎부분에 뽀인트가 있어 밋밋하지 않고 이쁨 길이가 길어 허리 접어서 입으니 딱 바스락 거려서 시원하고 살에 붙지않아 좋음,5.0,False,CHARCOAL · S,157.0,50.0,여성,2026-07-05 22:12:23,사이즈: 정사이즈 / 화면 대비 색감: 화면과 비슷 / 퀄리티: 좋음 / 신축성: 적당함,False,0,filluminate,하의,S,CHARCOAL,2026,7,5,일,5,응답,정사이즈,화면과 비슷,좋음,,,적당함,,,4.0,,3.0,,,0.0,0.0,0.0,0.0,,,오버핏으로 힙하게 입을수있는 바지 무릎부분에 뽀인트가 있어 밋밋하지 않고 이쁨 길이가 길어 허리 접어서 입으니 딱 바스락 거려서 시원하고 살에 붙지않아 좋음,오버핏으로힙하게입을수있는바지무릎부분에뽀인트가있어밋밋하지않고이쁨길이가길어허리접어서입으니딱바스락거려서시원하고살에붙지않아좋음,0,0,0,0,0,False,87,66,87,True
6394371,86071595,style,넓은마르세유뿔테,바스락 거리는 재질로 시원하고 편함 길이도 적당하고 사이즈도 적당함 마른체형이지만 이상하지 않고 이쁜핏,5.0,False,CHARCOAL · M,180.0,60.0,남성,2026-07-05 22:00:47,사이즈: 정사이즈 / 화면 대비 색감: 화면과 비슷 / 퀄리티: 좋음 / 신축성: 적당함,True,0,filluminate,하의,M,CHARCOAL,2026,7,5,일,5,응답,정사이즈,화면과 비슷,좋음,,,적당함,,,4.0,,3.0,,,0.0,0.0,0.0,0.0,,,바스락 거리는 재질로 시원하고 편함 길이도 적당하고 사이즈도 적당함 마른체형이지만 이상하지 않고 이쁜핏,바스락거리는재질로시원하고편함길이도적당하고사이즈도적당함마른체형이지만이상하지않고이쁜핏,0,0,0,0,0,False,57,45,57,True
6394371,86071538,general,넓은마르세유뿔테,아주 마른 편인데도 잘 어울림 편하고 시원해서 손이 자주감,5.0,False,CHARCOAL · M,180.0,60.0,missing,2026-07-05 21:59:04,사이즈: 정사이즈 / 화면 대비 색감: 화면과 비슷 / 퀄리티: 보통 / 신축성: 적당함,False,0,filluminate,하의,M,CHARCOAL,2026,7,5,일,5,응답,정사이즈,화면과 비슷,보통,,,적당함,,,3.0,,3.0,,,0.0,0.0,0.0,0.0,,,아주 마른 편인데도 잘 어울림 편하고 시원해서 손이 자주감,아주마른편인데도잘어울림편하고시원해서손이자주감,0,0,0,0,0,False,32,24,32,True
6394371,86071440,style,넓은마르세유뿔테,"키 157cm 몸무게 50kg 바스락 거리는 재질로 시원하고, 사이즈도 적당하고 편해서 손이 자주 갈거같음. 다만 마감이 조금 좋지 않은데 그냥 무시하고 입을 정도 (실밥이 한두개 정도 나와있음) 길이가 조금 길어서 허리 접어서 입는중",5.0,False,CHARCOAL · S,157.0,50.0,여성,2026-07-05 21:55:34,사이즈: 정사이즈 / 화면 대비 색감: 화면과 비슷 / 퀄리티: 좋음 / 신축성: 적당함,True,0,filluminate,하의,S,CHARCOAL,2026,7,5,일,5,응답,정사이즈,화면과 비슷,좋음,,,적당함,,,4.0,,3.0,,,0.0,0.0,0.0,0.0,,,"키 157cm 몸무게 50kg 바스락 거리는 재질로 시원하고, 사이즈도 적당하고 편해서 손이 자주 갈거같음. 다만 마감이 조금 좋지 않은데 그냥 무시하고 입을 정도 (실밥이 한두개 정도 나와있음) 길이가 조금 길어서 허리 접어서 입는중",키157cm몸무게50kg바스락거리는재질로시원하고사이즈도적당하고편해서손이자주갈거같음다만마감이조금좋지않은데그냥무시하고입을정도실밥이한두개정도나와있음길이가조금길어서허리접어서입는중,0,0,0,0,0,False,131,86,131,True
6394371,86022853,general,gxgw,기장이 길까봐 걱정했는 생각보다 많이 안길어서 좋네요,5.0,False,BLACK · S,168.0,58.0,남성,2026-07-03 21:01:25,사이즈: 정사이즈 / 화면 대비 색감: 화면과 비슷 / 퀄리티: 보통 / 신축성: 적당함,True,0,filluminate,하의,S,BLACK,2026,7,3,금,5,응답,정사이즈,화면과 비슷,보통,,,적당함,,,3.0,,3.0,,,0.0,0.0,0.0,0.0,,,기장이 길까봐 걱정했는 생각보다 많이 안길어서 좋네요,기장이길까봐걱정했는생각보다많이안길어서좋네요,0,0,0,0,0,False,29,23,29,True
6394371,85998971,style,작곡과대학생,"일단, 핏이 너무 이쁘고 색감도 딱 적당한 어둡기에 차콜 입니다. 다만 생각보다 두께감이 좀 있어서 한 여름에는 좀 더울 수도 있을 거 같아요. 그래도 가격대비 추천합니다.",5.0,False,CHARCOAL · M,178.0,69.0,남성,2026-07-02 22:21:56,사이즈: 정사이즈 / 화면 대비 색감: 화면과 비슷 / 퀄리티: 보통 / 신축성: 전혀 없음,True,0,filluminate,하의,M,CHARCOAL,2026,7,2,목,5,응답,정사이즈,화면과 비슷,보통,,,전혀 없음,,,3.0,,1.0,,,0.0,0.0,0.0,0.0,,,"일단, 핏이 너무 이쁘고 색감도 딱 적당한 어둡기에 차콜 입니다. 다만 생각보다 두께감이 좀 있어서 한 여름에는 좀 더울 수도 있을 거 같아요. 그래도 가격대비 추천합니다.",일단핏이너무이쁘고색감도딱적당한어둡기에차콜입니다다만생각보다두께감이좀있어서한여름에는좀더울수도있을거같아요그래도가격대비추천합니다,0,0,0,0,0,False,96,67,96,True
6394371,85998895,general,작곡과대학생,"일단, 핏이 너무 이쁘고 색감도 딱 적당한 어둡기에 차콜 입니다. 다만 생각보다 두께감이 좀 있어서 한 여름에는 좀 더울 수도 있을 거 같아요. 그래도 가격대비 추천합니다.",5.0,False,CHARCOAL · M,178.0,69.0,남성,2026-07-02 22:19:52,사이즈: 정사이즈 / 화면 대비 색감: 화면과 비슷 / 퀄리티: 좋음 / 신축성: 전혀 없음,True,0,filluminate,하의,M,CHARCOAL,2026,7,2,목,5,응답,정사이즈,화면과 비슷,좋음,,,전혀 없음,,,4.0,,1.0,,,0.0,0.0,0.0,0.0,,,"일단, 핏이 너무 이쁘고 색감도 딱 적당한 어둡기에 차콜 입니다. 다만 생각보다 두께감이 좀 있어서 한 여름에는 좀 더울 수도 있을 거 같아요. 그래도 가격대비 추천합니다.",일단핏이너무이쁘고색감도딱적당한어둡기에차콜입니다다만생각보다두께감이좀있어서한여름에는좀더울수도있을거같아요그래도가격대비추천합니다,0,0,0,0,0,False,96,67,96,True
6394371,85848907,general,비범한연보라룩,처음 주문할땐 L사이즈로 주문했다가 옷이 너무 커서 M사이즈로 교환했습니다 후기가 다양하지 못해서 사이즈 구매하기 힘들었네요 77사이즈 여성분들 충분히 m사이즈 가능하십니다 저도 뱃살이 좀 있는편인데도 m사이즈 충분히 잘 맞습니다 바지 길이나 허리부분 m사이즈 아주 만족스럽습니다 참고로 키 165입니다 힙하게 입으실꺼면 L사이즈 추천드립니다 교환하기전 바지 마감상태 따로 손질 안해도 될만큼 아주 만족스러웠습니다 근데 교환한 제품은 마감상태가 좋지 않네요 여러번 확인하면서 실밥정리했습니다 급하게 만든 느낌이랄까 교환한 제품이더라도 좀더 신경써 주시면 좋겠네요,3.0,False,GREY · M,165.0,65.0,여성,2026-06-27 22:09:42,사이즈: 조금 큼 / 화면 대비 색감: 화면과 비슷 / 퀄리티: 나쁨 / 신축성: 적당함,False,0,filluminate,하의,M,GREY,2026,6,27,토,3,응답,조금 큼,화면과 비슷,나쁨,,,적당함,,,2.0,,3.0,,,1.0,1.0,0.0,0.0,,,처음 주문할땐 L사이즈로 주문했다가 옷이 너무 커서 M사이즈로 교환했습니다 후기가 다양하지 못해서 사이즈 구매하기 힘들었네요 77사이즈 여성분들 충분히 m사이즈 가능하십니다 저도 뱃살이 좀 있는편인데도 m사이즈 충분히 잘 맞습니다 바지 길이나 허리부분 m사이즈 아주 만족스럽습니다 참고로 키 165입니다 힙하게 입으실꺼면 L사이즈 추천드립니다 교환하기전 바지 마감상태 따로 손질 안해도 될만큼 아주 만족스러웠습니다 근데 교환한 제품은 마감상태가 좋지 않네요 여러번 확인하면서 실밥정리했습니다 급하게 만든 느낌이랄까 교환한 제품이더라도 좀더 신경써 주시면 좋겠네요,처음주문할땐l사이즈로주문했다가옷이너무커서m사이즈로교환했습니다후기가다양하지못해서사이즈구매하기힘들었네요77사이즈여성분들충분히m사이즈가능하십니다저도뱃살이좀있는편인데도m사이즈충분히잘맞습니다바지길이나허리부분m사이즈아주만족스럽습니다참고로키165입니다힙하게입으실꺼면l사이즈추천드립니다교환하기전바지마감상태따로손질안해도될만큼아주만족스러웠습니다근데교환한제품은마감상태가좋지않네요여러번확인하면서실밥정리했습니다급하게만든느낌이랄까교환한제품이더라도좀더신경써주시면좋겠네요,0,0,0,0,0,False,314,236,314,True
6394371,85701090,general,Tbnnyh,무난하고 얇아서 여름 내내 시원하게 입기 좋아보여요! 가격 너무 깡패,5.0,False,KHAKI · M,170.0,59.0,남성,2026-06-24 20:20:30,사이즈: 정사이즈 / 화면 대비 색감: 화면과 비슷 / 퀄리티: 보통 / 신축성: 적당함,True,1,filluminate,하의,M,KHAKI,2026,6,24,수,5,응답,정사이즈,화면과 비슷,보통,,,적당함,,,3.0,,3.0,,,0.0,0.0,0.0,0.0,,,무난하고 얇아서 여름 내내 시원하게 입기 좋아보여요! 가격 너무 깡패,무난하고얇아서여름내내시원하게입기좋아보여요가격너무깡패,0,0,1,0,0,False,38,28,38,True
﻿5797619,85946145,general,앗타이어보다싸다,허리도 괜찮고 옷도 사진하고 같아서 좋았습니다.,5.0,False,BLACK · S,170.0,56.0,남성,2026-07-01 01:28:50,사이즈: 정사이즈 / 화면 대비 색감: 화면과 비슷 / 퀄리티: 보통 / 신축성: 적당함,True,0,filluminate,하의,S,BLACK,2026,7,1,수,5,응답,정사이즈,화면과 비슷,보통,,,적당함,,,3.0,,3.0,,,0.0,0.0,0.0,0.0,,,허리도 괜찮고 옷도 사진하고 같아서 좋았습니다.,허리도괜찮고옷도사진하고같아서좋았습니다,0,0,0,0,0,False,26,20,26,True
﻿5340217,85704638,general,환한카프리마린룩,생각했던 디자인이랑 같아요 앞으로 잘 입고다닐 것같아요,5.0,False,S,162.0,52.0,여성,2026-06-24 21:09:24,사이즈: 정사이즈 / 화면 대비 색감: 화면과 비슷 / 퀄리티: 보통 / 신축성: 거의 없음,False,0,filluminate,하의,S,,2026,6,24,수,5,응답,정사이즈,화면과 비슷,보통,,,거의 없음,,,3.0,,2.0,,,0.0,0.0,0.0,0.0,,,생각했던 디자인이랑 같아요 앞으로 잘 입고다닐 것같아요,생각했던디자인이랑같아요앞으로잘입고다닐것같아요,0,0,0,0,0,False,30,24,30,True
﻿6352768,86020918,general,아늑한LA대란템,딱 깔끔한 스타일의  반바지에요 배송도빠릅니다 원단 부드럽고 지퍼도 부드럽습니다 실밥처리도잘되어있어요,5.0,False,M,171.0,66.0,남성,2026-07-03 19:36:08,사이즈: 정사이즈 / 화면 대비 색감: 화면과 비슷 / 퀄리티: 좋음 / 신축성: 적당함,True,0,filluminate,하의,M,,2026,7,3,금,5,응답,정사이즈,화면과 비슷,좋음,,,적당함,,,4.0,,3.0,,,0.0,0.0,0.0,0.0,,,딱 깔끔한 스타일의 반바지에요 배송도빠릅니다 원단 부드럽고 지퍼도 부드럽습니다 실밥처리도잘되어있어요,딱깔끔한스타일의반바지에요배송도빠릅니다원단부드럽고지퍼도부드럽습니다실밥처리도잘되어있어요,0,0,0,0,0,False,56,46,55,True
6352768,85885430,general,정상적인대만레더,다른 상의와 어울림 정도나 길이 기장 통 완벽한거 같아요,5.0,False,L,179.0,66.0,남성,2026-06-28 23:08:34,사이즈: 정사이즈 / 화면 대비 색감: 화면과 비슷 / 퀄리티: 매우 좋음 / 신축성: 적당함,False,0,filluminate,하의,L,,2026,6,28,일,5,응답,정사이즈,화면과 비슷,매우 좋음,,,적당함,,,5.0,,3.0,,,0.0,0.0,0.0,0.0,,,다른 상의와 어울림 정도나 길이 기장 통 완벽한거 같아요,다른상의와어울림정도나길이기장통완벽한거같아요,0,0,0,0,0,False,31,23,31,True
6352768,85735169,general,청량한피치색부츠,사이즈 잘 맞아서 이쁨.  디자인도 이쁨 중1 남자아이 입었는데 이쁨,5.0,False,S,160.0,48.0,남성,2026-06-25 13:07:40,사이즈: 정사이즈 / 화면 대비 색감: 화면과 비슷 / 퀄리티: 매우 좋음 / 신축성: 적당함,False,1,filluminate,하의,S,,2026,6,25,목,5,응답,정사이즈,화면과 비슷,매우 좋음,,,적당함,,,5.0,,3.0,,,0.0,0.0,0.0,0.0,,,사이즈 잘 맞아서 이쁨. 디자인도 이쁨 중1 남자아이 입었는데 이쁨,사이즈잘맞아서이쁨디자인도이쁨중1남자아이입었는데이쁨,0,0,0,0,0,False,38,26,37,True
6352768,85598967,general,슥자,배송 빠르고 포장 좋습니다 면바지 치노 느낌 보단 골덴 느낌이에요,5.0,False,M,170.0,72.0,남성,2026-06-23 08:12:14,사이즈: 조금 큼 / 화면 대비 색감: 밝음 / 퀄리티: 보통 / 신축성: 적당함,True,0,filluminate,하의,M,,2026,6,23,화,5,응답,조금 큼,밝음,보통,,,적당함,,,3.0,,3.0,,,1.0,1.0,1.0,1.0,,,배송 빠르고 포장 좋습니다 면바지 치노 느낌 보단 골덴 느낌이에요,배송빠르고포장좋습니다면바지치노느낌보단골덴느낌이에요,0,0,0,0,0,False,36,27,36,True
﻿5911821,86038183,general,Flex@~@,"소재가 얇아서 여름에 입기 좋아요! 그레이 색깔인데 아주살짝 연보라색도 보입니다 실제로 보면, 신축성이 좋아서 활동적인 거 할때도 충분히 입을 수 있어요",5.0,False,S,178.0,76.0,남성,2026-07-04 15:15:38,사이즈: 정사이즈 / 화면 대비 색감: 화면과 비슷 / 퀄리티: 보통 / 신축성: 강함,True,0,filluminate,하의,S,,2026,7,4,토,5,응답,정사이즈,화면과 비슷,보통,,,강함,,,3.0,,4.0,,,0.0,0.0,0.0,0.0,,,"소재가 얇아서 여름에 입기 좋아요! 그레이 색깔인데 아주살짝 연보라색도 보입니다 실제로 보면, 신축성이 좋아서 활동적인 거 할때도 충분히 입을 수 있어요",소재가얇아서여름에입기좋아요그레이색깔인데아주살짝연보라색도보입니다실제로보면신축성이좋아서활동적인거할때도충분히입을수있어요,0,0,1,0,0,False,85,63,85,True
5911821,85970966,general,잉라도스,남녀공용인가요? 잘 안보고 핏이랑 디자인만 보고 샀는데 많이 커용! 제 키가 159인데 좀 많이 올려입고 굽 높은 운동화 신어야 바닥에 좀 덜 끌릴거 같아요! 핏이랑 디자인은 예뻐용 전 수선하거나 그냥 입겠지만  저보다 키 작은 분들은 참고하셨으면 좋겠어요!,4.0,False,XS,159.0,48.0,여성,2026-07-01 22:02:13,사이즈: 많이 큼 / 화면 대비 색감: 화면과 비슷 / 퀄리티: 매우 좋음 / 신축성: 매우 강함,False,0,filluminate,하의,XS,,2026,7,1,수,4,응답,많이 큼,화면과 비슷,매우 좋음,,,매우 강함,,,5.0,,5.0,,,2.0,2.0,0.0,0.0,,,남녀공용인가요? 잘 안보고 핏이랑 디자인만 보고 샀는데 많이 커용! 제 키가 159인데 좀 많이 올려입고 굽 높은 운동화 신어야 바닥에 좀 덜 끌릴거 같아요! 핏이랑 디자인은 예뻐용 전 수선하거나 그냥 입겠지만 저보다 키 작은 분들은 참고하셨으면 좋겠어요!,남녀공용인가요잘안보고핏이랑디자인만보고샀는데많이커용제키가159인데좀많이올려입고굽높은운동화신어야바닥에좀덜끌릴거같아요핏이랑디자인은예뻐용전수선하거나그냥입겠지만저보다키작은분들은참고하셨으면좋겠어요,0,0,3,1,0,False,144,100,143,True
5911821,85897610,general,쾌남시대,아디다스 구입하기엔 가격이 좀 높아서 비슷한 느낌으로 없을까해서 찾아보니 있길래 구입했습니다. 너무 더운날은 야외에서 입는 것은 힘들지만... 적당히 덥고 실내 에어컨이 빵빵한 곳에서 입기엔 너무 좋더라구요.. 요거랑 흰색티 입고 다니면 게임 끝!!!,5.0,False,S,178.0,76.0,남성,2026-06-29 13:05:57,사이즈: 정사이즈 / 화면 대비 색감: 화면과 비슷 / 퀄리티: 매우 좋음 / 신축성: 적당함,True,0,filluminate,하의,S,,2026,6,29,월,5,응답,정사이즈,화면과 비슷,매우 좋음,,,적당함,,,5.0,,3.0,,,0.0,0.0,0.0,0.0,,,아디다스 구입하기엔 가격이 좀 높아서 비슷한 느낌으로 없을까해서 찾아보니 있길래 구입했습니다. 너무 더운날은 야외에서 입는 것은 힘들지만... 적당히 덥고 실내 에어컨이 빵빵한 곳에서 입기엔 너무 좋더라구요.. 요거랑 흰색티 입고 다니면 게임 끝!!!,아디다스구입하기엔가격이좀높아서비슷한느낌으로없을까해서찾아보니있길래구입했습니다너무더운날은야외에서입는것은힘들지만적당히덥고실내에어컨이빵빵한곳에서입기엔너무좋더라구요요거랑흰색티입고다니면게임끝,0,0,3,0,0,True,140,100,140,True
5911821,85769549,style,로만 피어스,편하게 입을 수 있는 나일론 팬츠 입니다! 평소 L사이즈 입는데 본 제품은 m 구매하였는데도 조금 큰 느낌 있어요,5.0,False,M,179.0,80.0,남성,2026-06-26 00:27:46,사이즈: 많이 큼 / 화면 대비 색감: 화면과 비슷 / 퀄리티: 보통 / 신축성: 적당함,True,2,filluminate,하의,M,,2026,6,26,금,5,응답,많이 큼,화면과 비슷,보통,,,적당함,,,3.0,,3.0,,,2.0,2.0,0.0,0.0,,,편하게 입을 수 있는 나일론 팬츠 입니다! 평소 L사이즈 입는데 본 제품은 m 구매하였는데도 조금 큰 느낌 있어요,편하게입을수있는나일론팬츠입니다평소l사이즈입는데본제품은m구매하였는데도조금큰느낌있어요,0,0,1,0,0,False,63,43,63,True
5911821,85732903,general,내가처음만져본강아지,여름 장마 대비용 바지로 구매했는데 평소에도 잘 입을 거 같음,5.0,False,XS,161.0,65.0,남성,2026-06-25 12:12:20,사이즈: 정사이즈 / 화면 대비 색감: 화면과 비슷 / 퀄리티: 보통 / 신축성: 거의 없음,False,0,filluminate,하의,XS,,2026,6,25,목,5,응답,정사이즈,화면과 비슷,보통,,,거의 없음,,,3.0,,2.0,,,0.0,0.0,0.0,0.0,,,여름 장마 대비용 바지로 구매했는데 평소에도 잘 입을 거 같음,여름장마대비용바지로구매했는데평소에도잘입을거같음,0,0,0,0,0,False,34,25,34,True
5911821,85683467,general,절묘한대만피케티,핏이나 재질과 원단은 다 좋아요!! 하지만 사이즈를 적당하게 시켰는데 기장이 좀 기네요 한 사이즈 작게 하시는 거 추천드립니다! 다른건 다 괜찮아요 얇아서 여름에도 입기 좋습니다,5.0,False,S,173.0,67.0,남성,2026-06-24 15:34:29,사이즈: 조금 큼 / 화면 대비 색감: 화면과 비슷 / 퀄리티: 좋음 / 신축성: 적당함,False,0,filluminate,하의,S,,2026,6,24,수,5,응답,조금 큼,화면과 비슷,좋음,,,적당함,,,4.0,,3.0,,,1.0,1.0,0.0,0.0,,,핏이나 재질과 원단은 다 좋아요!! 하지만 사이즈를 적당하게 시켰는데 기장이 좀 기네요 한 사이즈 작게 하시는 거 추천드립니다! 다른건 다 괜찮아요 얇아서 여름에도 입기 좋습니다,핏이나재질과원단은다좋아요하지만사이즈를적당하게시켰는데기장이좀기네요한사이즈작게하시는거추천드립니다다른건다괜찮아요얇아서여름에도입기좋습니다,0,0,3,0,0,False,99,72,99,True
5911821,85676193,general,아무거나 구매,배송도 빠르고 제품도 아주 마음에 듭니다! 체형 커버도 잘 되고 착용감이 편해서 자주 입게 될 것 같아요,5.0,False,L,183.0,88.0,남성,2026-06-24 13:19:47,사이즈: 정사이즈 / 화면 대비 색감: 화면과 비슷 / 퀄리티: 보통 / 신축성: 적당함,True,0,filluminate,하의,L,,2026,6,24,수,5,응답,정사이즈,화면과 비슷,보통,,,적당함,,,3.0,,3.0,,,0.0,0.0,0.0,0.0,,,배송도 빠르고 제품도 아주 마음에 듭니다! 체형 커버도 잘 되고 착용감이 편해서 자주 입게 될 것 같아요,배송도빠르고제품도아주마음에듭니다체형커버도잘되고착용감이편해서자주입게될것같아요,0,0,1,0,0,False,58,41,58,True
5911821,85676172,style,아무거나 구매,배송도 빠르고 제품도 아주 마음에 듭니다! 체형 커버도 잘 되고 착용감이 편해서 자주 입게 될 것 같아요,5.0,False,L,183.0,88.0,남성,2026-06-24 13:19:30,사이즈: 정사이즈 / 화면 대비 색감: 화면과 비슷 / 퀄리티: 보통 / 신축성: 적당함,True,0,filluminate,하의,L,,2026,6,24,수,5,응답,정사이즈,화면과 비슷,보통,,,적당함,,,3.0,,3.0,,,0.0,0.0,0.0,0.0,,,배송도 빠르고 제품도 아주 마음에 듭니다! 체형 커버도 잘 되고 착용감이 편해서 자주 입게 될 것 같아요,배송도빠르고제품도아주마음에듭니다체형커버도잘되고착용감이편해서자주입게될것같아요,0,0,1,0,0,False,58,41,58,True
5911821,85674326,general,⍤⃝⍤⃝⍤⃝,상세페이지랑 색상도 똑같고 편해서 좋아요. 검은색은 날이 더워서 회색으로 시켜봤어요.,5.0,False,M,171.0,90.0,여성,2026-06-24 12:41:54,사이즈: 정사이즈 / 화면 대비 색감: 화면과 비슷 / 퀄리티: 보통 / 신축성: 적당함,True,0,filluminate,하의,M,,2026,6,24,수,5,응답,정사이즈,화면과 비슷,보통,,,적당함,,,3.0,,3.0,,,0.0,0.0,0.0,0.0,,,상세페이지랑 색상도 똑같고 편해서 좋아요. 검은색은 날이 더워서 회색으로 시켜봤어요.,상세페이지랑색상도똑같고편해서좋아요검은색은날이더워서회색으로시켜봤어요,0,0,0,0,0,False,47,36,47,True
5911821,85603087,style,wid2023,이전에 이미 구입했었는데 마음에 들어서 다른 컬러로 하나 더 구매했어요ㅎㅎ 편하게 입기 좋습니다,5.0,False,S,166.0,80.0,여성,2026-06-23 10:34:07,사이즈: 조금 큼 / 화면 대비 색감: 화면과 비슷 / 퀄리티: 좋음 / 신축성: 적당함,True,0,filluminate,하의,S,,2026,6,23,화,5,응답,조금 큼,화면과 비슷,좋음,,,적당함,,,4.0,,3.0,,,1.0,1.0,0.0,0.0,,,이전에 이미 구입했었는데 마음에 들어서 다른 컬러로 하나 더 구매했어요ㅎㅎ 편하게 입기 좋습니다,이전에이미구입했었는데마음에들어서다른컬러로하나더구매했어요편하게입기좋습니다,2,0,0,0,0,False,53,39,53,True
5911821,85498782,style,차나박,"✅ 구매 이유  클라이밍할 때 입기 위해 구매했습니다. 필루미네이트 제품이 가성비 좋고 편한 것 같아서 자주 구매합니다.  ✅ 제품 특징  1. 소재: 탄탄하면서도 가벼운 나일론 100% 원단으로 제작되어 생활 방수와 쾌적한 착용감을 제공합니다. 2. 디자인: 허리 부분의 투 턱(Two-tuck) 디테일이 포인트로, 입었을 때 자연스럽게 잡히는 주름이 세련된 와이드 핏을 완성합니다. 3. 디테일: 허리 밴딩과 스트링 처리가 되어 있어 사이즈 조절이 자유롭고, 밑단 스트링을 통해 조거 팬츠로도 연출이 가능한 투웨이(2-way) 스타일입니다.  ✅ 장점  1. 핏: 투 턱 디테일 덕분에 다리가 길어 보이고, 허벅지 라인이 여유로워 체형 보완에 아주 탁월합니다. 2. 활동성: 소재가 워낙 가볍고 신축성이 좋아 장시간 운전하거나 여행갈 때 착용해도 피로감이 거의 없습니다. 3. 내구성: 나일론 특유의 바스락거리는 소재감 덕분에 세탁 후 건조가 매우 빠르고 구김이 잘 가지 않습니다.  ✅ 단점  1. 소재감: 나일론 소재 특유의 '바스락'거리는 소리가 초반에 다소 어색할 수 있습니다. 2. 계절감: 한겨울에는 단독 착용 시 다소 춥게 느껴질 수 있어 내복이나 레깅스 레이어드가 필요합니다.  ✅ 총평  디자인과 실용성을 완벽하게 챙긴 제품입니다. 특히 그레이 컬러는 어떤 컬러의 상의(블랙, 화이트, 네이비 등)와도 톤온톤으로 잘 어우러져 코디 고민을 덜어줍니다.",5.0,False,S,182.0,62.0,남성,2026-06-21 11:53:57,사이즈: 조금 큼 / 화면 대비 색감: 화면과 비슷 / 퀄리티: 보통 / 신축성: 강함,True,1,filluminate,하의,S,,2026,6,21,일,5,응답,조금 큼,화면과 비슷,보통,,,강함,,,3.0,,4.0,,,1.0,1.0,0.0,0.0,,,"구매 이유 클라이밍할 때 입기 위해 구매했습니다. 필루미네이트 제품이 가성비 좋고 편한 것 같아서 자주 구매합니다. 제품 특징 1. 소재: 탄탄하면서도 가벼운 나일론 100% 원단으로 제작되어 생활 방수와 쾌적한 착용감을 제공합니다. 2. 디자인: 허리 부분의 투 턱(Two-tuck) 디테일이 포인트로, 입었을 때 자연스럽게 잡히는 주름이 세련된 와이드 핏을 완성합니다. 3. 디테일: 허리 밴딩과 스트링 처리가 되어 있어 사이즈 조절이 자유롭고, 밑단 스트링을 통해 조거 팬츠로도 연출이 가능한 투웨이(2-way) 스타일입니다. 장점 1. 핏: 투 턱 디테일 덕분에 다리가 길어 보이고, 허벅지 라인이 여유로워 체형 보완에 아주 탁월합니다. 2. 활동성: 소재가 워낙 가볍고 신축성이 좋아 장시간 운전하거나 여행갈 때 착용해도 피로감이 거의 없습니다. 3. 내구성: 나일론 특유의 바스락거리는 소재감 덕분에 세탁 후 건조가 매우 빠르고 구김이 잘 가지 않습니다. 단점 1. 소재감: 나일론 소재 특유의 '바스락'거리는 소리가 초반에 다소 어색할 수 있습니다. 2. 계절감: 한겨울에는 단독 착용 시 다소 춥게 느껴질 수 있어 내복이나 레깅스 레이어드가 필요합니다. 총평 디자인과 실용성을 완벽하게 챙긴 제품입니다. 특히 그레이 컬러는 어떤 컬러의 상의(블랙, 화이트, 네이비 등)와도 톤온톤으로 잘 어우러져 코디 고민을 덜어줍니다.",구매이유클라이밍할때입기위해구매했습니다필루미네이트제품이가성비좋고편한것같아서자주구매합니다제품특징1소재탄탄하면서도가벼운나일론100원단으로제작되어생활방수와쾌적한착용감을제공합니다2디자인허리부분의투턱twotuck디테일이포인트로입었을때자연스럽게잡히는주름이세련된와이드핏을완성합니다3디테일허리밴딩과스트링처리가되어있어사이즈조절이자유롭고밑단스트링을통해조거팬츠로도연출이가능한투웨이2way스타일입니다장점1핏투턱디테일덕분에다리가길어보이고허벅지라인이여유로워체형보완에아주탁월합니다2활동성소재가워낙가볍고신축성이좋아장시간운전하거나여행갈때착용해도피로감이거의없습니다3내구성나일론특유의바스락거리는소재감덕분에세탁후건조가매우빠르고구김이잘가지않습니다단점1소재감나일론소재특유의바스락거리는소리가초반에다소어색할수있습니다2계절감한겨울에는단독착용시다소춥게느껴질수있어내복이나레깅스레이어드가필요합니다총평디자인과실용성을완벽하게챙긴제품입니다특히그레이컬러는어떤컬러의상의블랙화이트네이비등와도톤온톤으로잘어우러져코디고민을덜어줍니다,0,0,0,0,5,False,710,461,691,True
﻿6352770,85634184,style,silicon,바지가 구김이 안가서 조아요. 허리통은 제법 커서 벨트해야됏어요,5.0,False,M,172.0,64.0,남성,2026-06-23 20:30:49,사이즈: 정사이즈 / 화면 대비 색감: 화면과 비슷 / 퀄리티: 좋음 / 신축성: 전혀 없음,True,0,filluminate,하의,M,,2026,6,23,화,5,응답,정사이즈,화면과 비슷,좋음,,,전혀 없음,,,4.0,,1.0,,,0.0,0.0,0.0,0.0,,,바지가 구김이 안가서 조아요. 허리통은 제법 커서 벨트해야됏어요,바지가구김이안가서조아요허리통은제법커서벨트해야됏어요,0,0,0,0,0,False,35,27,35,True
﻿6352772,85975975,style,kjyoungd,무난하게 핏 좋고 여기저기 잘 입을 것 같아요 추천합니다!,5.0,False,L,180.0,86.0,남성,2026-07-02 00:56:01,사이즈: 정사이즈 / 화면 대비 색감: 화면과 비슷 / 퀄리티: 보통 / 신축성: 적당함,True,0,filluminate,하의,L,,2026,7,2,목,5,응답,정사이즈,화면과 비슷,보통,,,적당함,,,3.0,,3.0,,,0.0,0.0,0.0,0.0,,,무난하게 핏 좋고 여기저기 잘 입을 것 같아요 추천합니다!,무난하게핏좋고여기저기잘입을것같아요추천합니다,0,0,1,0,0,False,32,23,32,True
6352772,85975962,general,kjyoungd,무난하게 깔끔하고 핏 좋아요 여가저기 잘 입을것 같아요 추천해요,5.0,False,L,180.0,86.0,남성,2026-07-02 00:55:09,사이즈: 정사이즈 / 화면 대비 색감: 화면과 비슷 / 퀄리티: 보통 / 신축성: 적당함,True,0,filluminate,하의,L,,2026,7,2,목,5,응답,정사이즈,화면과 비슷,보통,,,적당함,,,3.0,,3.0,,,0.0,0.0,0.0,0.0,,,무난하게 깔끔하고 핏 좋아요 여가저기 잘 입을것 같아요 추천해요,무난하게깔끔하고핏좋아요여가저기잘입을것같아요추천해요,0,0,0,0,0,False,35,27,35,True
6352772,85703713,general,sagu4,차콜에 이어 검정도 구매했어요. 제품이 참 좋아요. 만족합니다.,5.0,False,S,163.0,53.0,여성,2026-06-24 20:57:25,사이즈: 정사이즈 / 화면 대비 색감: 화면과 비슷 / 퀄리티: 매우 좋음 / 신축성: 적당함,False,0,filluminate,하의,S,,2026,6,24,수,5,응답,정사이즈,화면과 비슷,매우 좋음,,,적당함,,,5.0,,3.0,,,0.0,0.0,0.0,0.0,,,차콜에 이어 검정도 구매했어요. 제품이 참 좋아요. 만족합니다.,차콜에이어검정도구매했어요제품이참좋아요만족합니다,0,0,0,0,0,False,35,25,35,True
﻿6140784,86013676,general,gks0878,가성비가 너무 괜찮아요 그레이 잘 입고 있어서 카키도 겟 카키는 실물이 훨씬 맘에 드네요,4.0,False,S,160.0,54.0,여성,2026-07-03 14:58:03,사이즈: 정사이즈 / 화면 대비 색감: 어두움 / 퀄리티: 보통 / 신축성: 전혀 없음,True,0,filluminate,하의,S,,2026,7,3,금,4,응답,정사이즈,어두움,보통,,,전혀 없음,,,3.0,,1.0,,,0.0,0.0,-1.0,1.0,,,가성비가 너무 괜찮아요 그레이 잘 입고 있어서 카키도 겟 카키는 실물이 훨씬 맘에 드네요,가성비가너무괜찮아요그레이잘입고있어서카키도겟카키는실물이훨씬맘에드네요,0,0,0,0,0,False,49,36,49,True
6140784,85933686,general,단단한신촌코트,재구매 했어요 디자인 핏 모두 이뻐요 자ㅓㅇ여두느라 한개 더샀네요,5.0,False,M,155.0,58.0,여성,2026-06-30 18:52:30,사이즈: 정사이즈 / 화면 대비 색감: 화면과 비슷 / 퀄리티: 좋음 / 신축성: 전혀 없음,True,0,filluminate,하의,M,,2026,6,30,화,5,응답,정사이즈,화면과 비슷,좋음,,,전혀 없음,,,4.0,,1.0,,,0.0,0.0,0.0,0.0,,,재구매 했어요 디자인 핏 모두 이뻐요 자ㅓㅇ여두느라 한개 더샀네요,재구매했어요디자인핏모두이뻐요자여두느라한개더샀네요,0,0,0,0,0,False,36,26,36,True
﻿5333948,85682342,style,구매왕,옷이 예뻐요 덕분에 사람 흉내를 낼 수 있었습니다,5.0,False,S,177.0,72.0,남성,2026-06-24 15:12:45,사이즈: 정사이즈 / 화면 대비 색감: 화면과 비슷 / 퀄리티: 보통 / 신축성: 적당함,True,0,filluminate,하의,S,,2026,6,24,수,5,응답,정사이즈,화면과 비슷,보통,,,적당함,,,3.0,,3.0,,,0.0,0.0,0.0,0.0,,,옷이 예뻐요 덕분에 사람 흉내를 낼 수 있었습니다,옷이예뻐요덕분에사람흉내를낼수있었습니다,0,0,0,0,0,False,27,20,27,True
﻿6352769,86047642,general,햄토잉,베이직한 바지로 딱 좋은것같아요. 일단 바지 자체가 너무 편해서 좋아요.,4.0,False,L,174.0,80.0,남성,2026-07-04 22:16:29,사이즈: 조금 큼 / 화면 대비 색감: 화면과 비슷 / 퀄리티: 좋음 / 신축성: 적당함,False,0,filluminate,하의,L,,2026,7,4,토,4,응답,조금 큼,화면과 비슷,좋음,,,적당함,,,4.0,,3.0,,,1.0,1.0,0.0,0.0,,,베이직한 바지로 딱 좋은것같아요. 일단 바지 자체가 너무 편해서 좋아요.,베이직한바지로딱좋은것같아요일단바지자체가너무편해서좋아요,0,0,0,0,0,False,40,29,40,True
﻿6140877,85855913,general,현명한노란색심플,저한테는 생각했던 핏이 안 나와서 남동생한테 줬는데 딱 맞아서 대신 입어라고 줬습니다. 여자들분한테는 좀 클거같습니다.,5.0,False,S,161.0,55.0,여성,2026-06-28 02:42:49,사이즈: 정사이즈 / 화면 대비 색감: 화면과 비슷 / 퀄리티: 보통 / 신축성: 적당함,False,1,filluminate,하의,S,,2026,6,28,일,5,응답,정사이즈,화면과 비슷,보통,,,적당함,,,3.0,,3.0,,,0.0,0.0,0.0,0.0,,,저한테는 생각했던 핏이 안 나와서 남동생한테 줬는데 딱 맞아서 대신 입어라고 줬습니다. 여자들분한테는 좀 클거같습니다.,저한테는생각했던핏이안나와서남동생한테줬는데딱맞아서대신입어라고줬습니다여자들분한테는좀클거같습니다,0,0,0,0,0,False,66,50,66,True
6140877,85661629,style,Junhi,필루미네이트 버뮤다 카고팬츠 두께가 좀 있는편이라 한여름에는 더울듯한데 스타일 각이 잘 나오네요.,5.0,False,L,178.0,78.0,남성,2026-06-24 08:14:42,사이즈: 조금 큼 / 화면 대비 색감: 화면과 비슷 / 퀄리티: 좋음 / 신축성: 강함,True,0,filluminate,하의,L,,2026,6,24,수,5,응답,조금 큼,화면과 비슷,좋음,,,강함,,,4.0,,4.0,,,1.0,1.0,0.0,0.0,,,필루미네이트 버뮤다 카고팬츠 두께가 좀 있는편이라 한여름에는 더울듯한데 스타일 각이 잘 나오네요.,필루미네이트버뮤다카고팬츠두께가좀있는편이라한여름에는더울듯한데스타일각이잘나오네요,0,0,0,0,0,False,54,42,54,True
6140877,85661585,general,Junhi,필루미네이트 버뮤다 카고팬츠 두께가 좀 있는편이라 한여름에는 더울듯한데 스타일 각이 잘 나오네요.,5.0,False,L,178.0,78.0,남성,2026-06-24 08:13:48,사이즈: 조금 큼 / 화면 대비 색감: 화면과 비슷 / 퀄리티: 좋음 / 신축성: 적당함,True,0,filluminate,하의,L,,2026,6,24,수,5,응답,조금 큼,화면과 비슷,좋음,,,적당함,,,4.0,,3.0,,,1.0,1.0,0.0,0.0,,,필루미네이트 버뮤다 카고팬츠 두께가 좀 있는편이라 한여름에는 더울듯한데 스타일 각이 잘 나오네요.,필루미네이트버뮤다카고팬츠두께가좀있는편이라한여름에는더울듯한데스타일각이잘나오네요,0,0,0,0,0,False,54,42,54,True
﻿5345752,85692128,general,상쾌한카멜일자핏,색감 너무너무 맘에들고 핏도 예쁩니다. 다만 보통 M사이즈에 비해 허리가 작은 편이에요. 허리 맞추려면 한치수 업 해도 될거같네요.,5.0,False,M,171.0,70.0,남성,2026-06-24 17:59:16,사이즈: 정사이즈 / 화면 대비 색감: 어두움 / 퀄리티: 좋음 / 신축성: 거의 없음,True,0,filluminate,하의,M,,2026,6,24,수,5,응답,정사이즈,어두움,좋음,,,거의 없음,,,4.0,,2.0,,,0.0,0.0,-1.0,1.0,,,색감 너무너무 맘에들고 핏도 예쁩니다. 다만 보통 M사이즈에 비해 허리가 작은 편이에요. 허리 맞추려면 한치수 업 해도 될거같네요.,색감너무너무맘에들고핏도예쁩니다다만보통m사이즈에비해허리가작은편이에요허리맞추려면한치수업해도될거같네요,0,0,0,0,0,False,73,52,73,True
﻿6140880,85661671,style,Junhi,필루미네이트 버뮤다 카고팬츠 두께가 좀 있는편이라 한여름에는 더울듯한데 스타일 각이 잘 나오네요.,5.0,False,L,178.0,78.0,남성,2026-06-24 08:16:02,사이즈: 조금 큼 / 화면 대비 색감: 화면과 비슷 / 퀄리티: 좋음 / 신축성: 강함,True,0,filluminate,하의,L,,2026,6,24,수,5,응답,조금 큼,화면과 비슷,좋음,,,강함,,,4.0,,4.0,,,1.0,1.0,0.0,0.0,,,필루미네이트 버뮤다 카고팬츠 두께가 좀 있는편이라 한여름에는 더울듯한데 스타일 각이 잘 나오네요.,필루미네이트버뮤다카고팬츠두께가좀있는편이라한여름에는더울듯한데스타일각이잘나오네요,0,0,0,0,0,False,54,42,54,True
6140880,85661653,general,Junhi,필루미네이트 버뮤다 카고팬츠 두께가 좀 있는편이라 한여름에는 더울듯한데 스타일 각이 잘 나오네요.,5.0,False,L,178.0,78.0,남성,2026-06-24 08:15:27,사이즈: 조금 큼 / 화면 대비 색감: 화면과 비슷 / 퀄리티: 좋음 / 신축성: 강함,True,0,filluminate,하의,L,,2026,6,24,수,5,응답,조금 큼,화면과 비슷,좋음,,,강함,,,4.0,,4.0,,,1.0,1.0,0.0,0.0,,,필루미네이트 버뮤다 카고팬츠 두께가 좀 있는편이라 한여름에는 더울듯한데 스타일 각이 잘 나오네요.,필루미네이트버뮤다카고팬츠두께가좀있는편이라한여름에는더울듯한데스타일각이잘나오네요,0,0,0,0,0,False,54,42,54,True
﻿5972864,85875124,general,풔로리야,완전 야들야들한 소재라 여름에도 입을수있어요~블랙도 고민중입니다,5.0,False,M,166.0,67.0,여성,2026-06-28 18:30:51,사이즈: 정사이즈 / 화면 대비 색감: 화면과 비슷 / 퀄리티: 보통 / 신축성: 적당함,True,0,filluminate,하의,M,,2026,6,28,일,5,응답,정사이즈,화면과 비슷,보통,,,적당함,,,3.0,,3.0,,,0.0,0.0,0.0,0.0,,,완전 야들야들한 소재라 여름에도 입을수있어요~블랙도 고민중입니다,완전야들야들한소재라여름에도입을수있어요블랙도고민중입니다,0,0,0,0,0,False,35,29,35,True
﻿5900194,85604197,general,L홍,필루미네이트 코튼 사이드 턱 벌룬 팬츠-블랙 긋 좋아,3.0,False,M,158.0,45.0,여성,2026-06-23 11:04:54,사이즈: 정사이즈 / 화면 대비 색감: 화면과 비슷 / 퀄리티: 보통 / 신축성: 적당함,False,0,filluminate,하의,M,,2026,6,23,화,3,응답,정사이즈,화면과 비슷,보통,,,적당함,,,3.0,,3.0,,,0.0,0.0,0.0,0.0,,,필루미네이트 코튼 사이드 턱 벌룬 팬츠-블랙 긋 좋아,필루미네이트코튼사이드턱벌룬팬츠블랙긋좋아,0,0,0,0,0,False,29,21,29,True
﻿6140741,85962974,general,탐나는카키체크,딱 원하던 기장이라 맘에 들어요!! 핏도 예뻐서 다른 색상도 구매했어요,5.0,False,M,160.0,68.0,여성,2026-07-01 17:30:01,사이즈: 정사이즈 / 화면 대비 색감: 화면과 비슷 / 퀄리티: 보통 / 신축성: 적당함,True,0,filluminate,하의,M,,2026,7,1,수,5,응답,정사이즈,화면과 비슷,보통,,,적당함,,,3.0,,3.0,,,0.0,0.0,0.0,0.0,,,딱 원하던 기장이라 맘에 들어요!! 핏도 예뻐서 다른 색상도 구매했어요,딱원하던기장이라맘에들어요핏도예뻐서다른색상도구매했어요,0,0,2,0,0,False,39,28,39,True
6140741,85918107,general,풍성한제주벨라인,스타일은 귀엽고 길이도 적당하지만 M사이즈가 생각보다 많이 작네요.,3.0,False,M,160.0,58.0,여성,2026-06-30 06:21:51,사이즈: 매우 작음 / 화면 대비 색감: 화면과 비슷 / 퀄리티: 보통 / 신축성: 전혀 없음,False,0,filluminate,하의,M,,2026,6,30,화,3,응답,매우 작음,화면과 비슷,보통,,,전혀 없음,,,3.0,,1.0,,,-2.0,2.0,0.0,0.0,,,스타일은 귀엽고 길이도 적당하지만 M사이즈가 생각보다 많이 작네요.,스타일은귀엽고길이도적당하지만m사이즈가생각보다많이작네요,0,0,0,0,0,False,37,28,37,True
﻿5333995,85946266,general,앗타이어보다싸다,편하고 마감상태나 핏도 사진과 동일하여 좋았습니다.,5.0,False,S,170.0,56.0,남성,2026-07-01 01:38:32,사이즈: 정사이즈 / 화면 대비 색감: 화면과 비슷 / 퀄리티: 보통 / 신축성: 적당함,True,0,filluminate,하의,S,,2026,7,1,수,5,응답,정사이즈,화면과 비슷,보통,,,적당함,,,3.0,,3.0,,,0.0,0.0,0.0,0.0,,,편하고 마감상태나 핏도 사진과 동일하여 좋았습니다.,편하고마감상태나핏도사진과동일하여좋았습니다,0,0,0,0,0,False,28,22,28,True
﻿6140763,86039877,general,김엘사동생,"161~162 기준 기장감 여유 있게 떨어지고, 핏은 과하지 않은 와이드라 다리 일자로 예쁘게 떨어져요. 다만 아이보리 색상이라 속옷 색은 신경 써야 할 것 같아요.",5.0,False,S,161.0,51.0,여성,2026-07-04 16:26:24,사이즈: 정사이즈 / 화면 대비 색감: 화면과 비슷 / 퀄리티: 보통 / 신축성: 적당함,True,0,filluminate,하의,S,,2026,7,4,토,5,응답,정사이즈,화면과 비슷,보통,,,적당함,,,3.0,,3.0,,,0.0,0.0,0.0,0.0,,,"161~162 기준 기장감 여유 있게 떨어지고, 핏은 과하지 않은 와이드라 다리 일자로 예쁘게 떨어져요. 다만 아이보리 색상이라 속옷 색은 신경 써야 할 것 같아요.",161162기준기장감여유있게떨어지고핏은과하지않은와이드라다리일자로예쁘게떨어져요다만아이보리색상이라속옷색은신경써야할것같아요,0,0,0,0,0,False,92,59,92,True
﻿6135454,85748753,general,튜엄,두껍지 않고 얇은 데님. 팔락팔락 데님. 생각보다 허리도 여유롭고 바지통도 큰편  사이즈다운 추천드림,4.0,False,M,160.0,59.0,여성,2026-06-25 18:23:08,사이즈: 조금 큼 / 화면 대비 색감: 화면과 비슷 / 퀄리티: 매우 좋음 / 신축성: 적당함,True,0,filluminate,하의,M,,2026,6,25,목,4,응답,조금 큼,화면과 비슷,매우 좋음,,,적당함,,,5.0,,3.0,,,1.0,1.0,0.0,0.0,,,두껍지 않고 얇은 데님. 팔락팔락 데님. 생각보다 허리도 여유롭고 바지통도 큰편 사이즈다운 추천드림,두껍지않고얇은데님팔락팔락데님생각보다허리도여유롭고바지통도큰편사이즈다운추천드림,0,0,0,0,0,False,56,41,55,True
6135454,85748676,style,튜엄,뱃살 많은 66사이즈 인데  나한테도 넉넉한 사이즈임 원단이 얇아서 66사이즈 포함 s가셔도 될듯 66반사이즈이상인분들은 gogo m,5.0,False,M,160.0,59.0,여성,2026-06-25 18:21:21,사이즈: 조금 큼 / 화면 대비 색감: 화면과 비슷 / 퀄리티: 매우 좋음 / 신축성: 적당함,True,0,filluminate,하의,M,,2026,6,25,목,5,응답,조금 큼,화면과 비슷,매우 좋음,,,적당함,,,5.0,,3.0,,,1.0,1.0,0.0,0.0,,,뱃살 많은 66사이즈 인데 나한테도 넉넉한 사이즈임 원단이 얇아서 66사이즈 포함 s가셔도 될듯 66반사이즈이상인분들은 gogo m,뱃살많은66사이즈인데나한테도넉넉한사이즈임원단이얇아서66사이즈포함s가셔도될듯66반사이즈이상인분들은gogom,0,0,0,0,0,False,74,46,73,True
﻿5900190,86010445,general,먼산얹저리,바지핏 너무너무 이쁩니다!! 라지사이즈 하나 남은거  고민하다가 구매했는데 ㅜㅜ 완전 만족해요,5.0,False,L,168.0,59.0,여성,2026-07-03 12:19:35,사이즈: 조금 큼 / 화면 대비 색감: 어두움 / 퀄리티: 매우 좋음 / 신축성: 매우 강함,True,0,filluminate,하의,L,,2026,7,3,금,5,응답,조금 큼,어두움,매우 좋음,,,매우 강함,,,5.0,,5.0,,,1.0,1.0,-1.0,1.0,,,바지핏 너무너무 이쁩니다!! 라지사이즈 하나 남은거 고민하다가 구매했는데 ㅜㅜ 완전 만족해요,바지핏너무너무이쁩니다라지사이즈하나남은거고민하다가구매했는데완전만족해요,0,2,2,0,0,False,52,37,51,True
﻿987149,86048176,general,플랜팅,자주 애용하고있는 브랜드예요 역시 퀄리티 좋구요 다름색상도 구매해야겠네요,5.0,False,차콜 · 2XL,185.0,95.0,남성,2026-07-04 22:36:25,사이즈: 정사이즈 / 화면 대비 색감: 화면과 비슷 / 두께감: 적당함 / 신축성: 적당함,True,0,jemut,상의,2XL,차콜,2026,7,4,토,5,응답,정사이즈,화면과 비슷,,,,적당함,적당함,,,,3.0,3.0,,0.0,0.0,0.0,0.0,,,자주 애용하고있는 브랜드예요 역시 퀄리티 좋구요 다름색상도 구매해야겠네요,자주애용하고있는브랜드예요역시퀄리티좋구요다름색상도구매해야겠네요,0,0,0,0,0,False,40,33,40,True
987149,85942143,style,꿀철,여름마다 2개씩 구매합니다 두툼해서 더 손이 자주가요,5.0,False,크림 · 2XL,184.0,90.0,남성,2026-06-30 22:58:24,사이즈: 정사이즈 / 화면 대비 색감: 화면과 비슷 / 두께감: 적당함 / 신축성: 적당함,True,0,jemut,상의,2XL,크림,2026,6,30,화,5,응답,정사이즈,화면과 비슷,,,,적당함,적당함,,,,3.0,3.0,,0.0,0.0,0.0,0.0,,,여름마다 2개씩 구매합니다 두툼해서 더 손이 자주가요,여름마다2개씩구매합니다두툼해서더손이자주가요,0,0,0,0,0,False,29,22,29,True
987149,85942124,general,꿀철,여름마다 2장씩 꼭 구매합니다 두툼해서 더 맘에들어요,5.0,False,크림 · 2XL,184.0,90.0,남성,2026-06-30 22:57:54,사이즈: 정사이즈 / 화면 대비 색감: 화면과 비슷 / 두께감: 적당함 / 신축성: 적당함,True,0,jemut,상의,2XL,크림,2026,6,30,화,5,응답,정사이즈,화면과 비슷,,,,적당함,적당함,,,,3.0,3.0,,0.0,0.0,0.0,0.0,,,여름마다 2장씩 꼭 구매합니다 두툼해서 더 맘에들어요,여름마다2장씩꼭구매합니다두툼해서더맘에들어요,0,0,0,0,0,False,29,22,29,True
987149,85846673,style,SSU**,사이즈도 넉넉하고 더운 여름 많이 두껍지않아서 만족합니다 감사합니다,5.0,False,다크그레이 · 2XL,183.0,100.0,남성,2026-06-27 21:01:03,사이즈: 정사이즈 / 화면 대비 색감: 어두움 / 두께감: 적당함 / 신축성: 적당함,True,0,jemut,상의,2XL,다크그레이,2026,6,27,토,5,응답,정사이즈,어두움,,,,적당함,적당함,,,,3.0,3.0,,0.0,0.0,-1.0,1.0,,,사이즈도 넉넉하고 더운 여름 많이 두껍지않아서 만족합니다 감사합니다,사이즈도넉넉하고더운여름많이두껍지않아서만족합니다감사합니다,0,0,0,0,0,False,37,30,37,True
987149,85846622,general,SSU**,사이즈도 넉넉하고 더운 여름 많이 두껍지않아서 만족합니다,5.0,False,다크그레이 · 2XL,183.0,100.0,남성,2026-06-27 20:59:30,사이즈: 정사이즈 / 화면 대비 색감: 어두움 / 두께감: 얇음 / 신축성: 적당함,True,0,jemut,상의,2XL,다크그레이,2026,6,27,토,5,응답,정사이즈,어두움,,,,적당함,얇음,,,,3.0,2.0,,0.0,0.0,-1.0,1.0,,,사이즈도 넉넉하고 더운 여름 많이 두껍지않아서 만족합니다,사이즈도넉넉하고더운여름많이두껍지않아서만족합니다,0,0,0,0,0,False,31,25,31,True
987149,85741225,general,팍현우,음 좀 두껍긴하지만 체형보완이 됩니다  잘 입을게요,5.0,False,블랙 · XL,171.0,90.0,남성,2026-06-25 15:23:26,사이즈: 많이 큼 / 화면 대비 색감: 화면과 비슷 / 두께감: 매우 두꺼움 / 신축성: 적당함,False,0,jemut,상의,XL,블랙,2026,6,25,목,5,응답,많이 큼,화면과 비슷,,,,적당함,매우 두꺼움,,,,3.0,5.0,,2.0,2.0,0.0,0.0,,,음 좀 두껍긴하지만 체형보완이 됩니다 잘 입을게요,음좀두껍긴하지만체형보완이됩니다잘입을게요,0,0,0,0,0,False,28,21,27,True
987149,85697971,general,릴릭스,여름때마다 매번 재구매해서 잘 입고다니고있습니다,5.0,False,블랙 · M,176.0,72.0,남성,2026-06-24 19:36:04,사이즈: 정사이즈 / 화면 대비 색감: 화면과 비슷 / 두께감: 적당함 / 신축성: 적당함,True,0,jemut,상의,M,블랙,2026,6,24,수,5,응답,정사이즈,화면과 비슷,,,,적당함,적당함,,,,3.0,3.0,,0.0,0.0,0.0,0.0,,,여름때마다 매번 재구매해서 잘 입고다니고있습니다,여름때마다매번재구매해서잘입고다니고있습니다,0,0,0,0,0,False,26,22,26,True
987149,85653948,general,근찬맨,자주 이용하는 브랜드인데 늘 입기에 좋습니다 추천이에요!,5.0,False,차콜 · XL,176.0,72.0,남성,2026-06-24 00:43:07,사이즈: 정사이즈 / 화면 대비 색감: 화면과 비슷 / 두께감: 적당함 / 신축성: 적당함,False,0,jemut,상의,XL,차콜,2026,6,24,수,5,응답,정사이즈,화면과 비슷,,,,적당함,적당함,,,,3.0,3.0,,0.0,0.0,0.0,0.0,,,자주 이용하는 브랜드인데 늘 입기에 좋습니다 추천이에요!,자주이용하는브랜드인데늘입기에좋습니다추천이에요,0,0,1,0,0,False,31,24,31,True
﻿552760,86016055,general,PakrD,이너로 입기에 딱 좋은 두께감과 오버사이즈 티셔츠와 레이어드하기에 좋은 기장이여서 아주 만족합니다,5.0,False,화이트 · XL,181.0,78.0,남성,2026-07-03 16:28:51,사이즈: 많이 큼 / 화면 대비 색감: 화면과 비슷 / 두께감: 매우 얇음 / 신축성: 적당함,False,0,jemut,상의,XL,화이트,2026,7,3,금,5,응답,많이 큼,화면과 비슷,,,,적당함,매우 얇음,,,,3.0,1.0,,2.0,2.0,0.0,0.0,,,이너로 입기에 딱 좋은 두께감과 오버사이즈 티셔츠와 레이어드하기에 좋은 기장이여서 아주 만족합니다,이너로입기에딱좋은두께감과오버사이즈티셔츠와레이어드하기에좋은기장이여서아주만족합니다,0,0,0,0,0,False,54,43,54,True
552760,85429252,style,아디다스 짱,서너번 세틱하면 이렇게되서 잠옷으로 활용중  그래도 이너용으로 파임이나 핏이 좋음,5.0,False,화이트 · XL,181.0,85.0,남성,2026-06-20 00:24:56,사이즈: 정사이즈 / 화면 대비 색감: 화면과 비슷 / 두께감: 적당함 / 신축성: 적당함,True,0,jemut,상의,XL,화이트,2026,6,20,토,5,응답,정사이즈,화면과 비슷,,,,적당함,적당함,,,,3.0,3.0,,0.0,0.0,0.0,0.0,,,서너번 세틱하면 이렇게되서 잠옷으로 활용중 그래도 이너용으로 파임이나 핏이 좋음,서너번세틱하면이렇게되서잠옷으로활용중그래도이너용으로파임이나핏이좋음,0,0,0,0,0,False,45,35,44,True
552760,85429194,general,아디다스 짱,열장넘게 구매해서 입는중  가격이가격이니만큼 서너번 세탁하면 잠옷됨,5.0,False,화이트 · XL,181.0,85.0,남성,2026-06-20 00:23:39,사이즈: 정사이즈 / 화면 대비 색감: 화면과 비슷 / 두께감: 적당함 / 신축성: 적당함,True,0,jemut,상의,XL,화이트,2026,6,20,토,5,응답,정사이즈,화면과 비슷,,,,적당함,적당함,,,,3.0,3.0,,0.0,0.0,0.0,0.0,,,열장넘게 구매해서 입는중 가격이가격이니만큼 서너번 세탁하면 잠옷됨,열장넘게구매해서입는중가격이가격이니만큼서너번세탁하면잠옷됨,0,0,0,0,0,False,37,30,36,True
﻿1911516,85968812,general,내마음속몽이,예전부터 입던 카라티 두껍지만 여름에 입기도 좋아요,5.0,False,네이비 · M,175.0,95.0,남성,2026-07-01 21:00:05,사이즈: 조금 작음 / 화면 대비 색감: 밝음 / 두께감: 얇음 / 신축성: 거의 없음,False,0,jemut,상의,M,네이비,2026,7,1,수,5,응답,조금 작음,밝음,,,,거의 없음,얇음,,,,2.0,2.0,,-1.0,1.0,1.0,1.0,,,예전부터 입던 카라티 두껍지만 여름에 입기도 좋아요,예전부터입던카라티두껍지만여름에입기도좋아요,0,0,0,0,0,False,28,22,28,True
﻿4987047,86065578,general,winbean,스타일은 괜찮은데 마감이 너무 구림 다시는 안살듯;;,1.0,False,블랙 · L,177.0,63.0,남성,2026-07-05 18:03:12,사이즈: 정사이즈 / 화면 대비 색감: 화면과 비슷 / 두께감: 두꺼움 / 신축성: 적당함,False,0,jemut,상의,L,블랙,2026,7,5,일,1,응답,정사이즈,화면과 비슷,,,,적당함,두꺼움,,,,3.0,4.0,,0.0,0.0,0.0,0.0,,,스타일은 괜찮은데 마감이 너무 구림 다시는 안살듯;;,스타일은괜찮은데마감이너무구림다시는안살듯,0,0,0,0,0,False,29,21,29,True
4987047,86051556,general,키도,가격대비 퀄리티가 좋습니다. 아쉬운점은 봉제 쪽에 실밥을 좀 제거해쥬셔야합니다. 그거말곤 짱짱하고 넥라인도 짱짱합니다. 강추,5.0,False,다크브라운 · XL,174.0,78.0,남성,2026-07-05 01:00:30,사이즈: 정사이즈 / 화면 대비 색감: 화면과 비슷 / 두께감: 적당함 / 신축성: 적당함,True,0,jemut,상의,XL,다크브라운,2026,7,5,일,5,응답,정사이즈,화면과 비슷,,,,적당함,적당함,,,,3.0,3.0,,0.0,0.0,0.0,0.0,,,가격대비 퀄리티가 좋습니다. 아쉬운점은 봉제 쪽에 실밥을 좀 제거해쥬셔야합니다. 그거말곤 짱짱하고 넥라인도 짱짱합니다. 강추,가격대비퀄리티가좋습니다아쉬운점은봉제쪽에실밥을좀제거해쥬셔야합니다그거말곤짱짱하고넥라인도짱짱합니다강추,0,0,0,0,0,False,69,53,69,True
4987047,86020700,general,yesmanus,저랑 신체정보 비슷하신 분들은 L사이즈 구매하시면 적당히 크롭하고 좋습니다,5.0,False,브릭레드 · L,172.0,57.0,남성,2026-07-03 19:28:03,사이즈: 정사이즈 / 화면 대비 색감: 화면과 비슷 / 두께감: 적당함 / 신축성: 적당함,True,0,jemut,상의,L,브릭레드,2026,7,3,금,5,응답,정사이즈,화면과 비슷,,,,적당함,적당함,,,,3.0,3.0,,0.0,0.0,0.0,0.0,,,저랑 신체정보 비슷하신 분들은 L사이즈 구매하시면 적당히 크롭하고 좋습니다,저랑신체정보비슷하신분들은l사이즈구매하시면적당히크롭하고좋습니다,0,0,0,0,0,False,41,32,41,True
4987047,86003521,general,ye_yejun,편하게 입기 좋아요. 깔끔하고 눈에 띄지 않아서 편하게 입어요.,5.0,False,그레이 · 2XL,183.0,73.0,남성,2026-07-03 01:34:02,사이즈: 정사이즈 / 화면 대비 색감: 화면과 비슷 / 두께감: 적당함 / 신축성: 적당함,True,0,jemut,상의,2XL,그레이,2026,7,3,금,5,응답,정사이즈,화면과 비슷,,,,적당함,적당함,,,,3.0,3.0,,0.0,0.0,0.0,0.0,,,편하게 입기 좋아요. 깔끔하고 눈에 띄지 않아서 편하게 입어요.,편하게입기좋아요깔끔하고눈에띄지않아서편하게입어요,0,0,0,0,0,False,35,25,35,True
4987047,85968661,general,뜌버지,적당하게 크롭해서 단독으로 입어도 꽤 이뻐요 원단도 딴딴 굳,5.0,False,블랙 · XL,165.0,69.0,남성,2026-07-01 20:55:03,사이즈: 정사이즈 / 화면 대비 색감: 화면과 비슷 / 두께감: 적당함 / 신축성: 적당함,False,0,jemut,상의,XL,블랙,2026,7,1,수,5,응답,정사이즈,화면과 비슷,,,,적당함,적당함,,,,3.0,3.0,,0.0,0.0,0.0,0.0,,,적당하게 크롭해서 단독으로 입어도 꽤 이뻐요 원단도 딴딴 굳,적당하게크롭해서단독으로입어도꽤이뻐요원단도딴딴굳,0,0,0,0,0,False,33,25,33,True
4987047,85965728,style,상냥한글로시룩북,핏이 예쁘고 길이도 정말 잘나왔습니다 목도 잘늘어나지 않아서 좋습니다,5.0,False,화이트 · M,172.0,56.0,남성,2026-07-01 19:08:45,사이즈: 정사이즈 / 화면 대비 색감: 화면과 비슷 / 두께감: 적당함 / 신축성: 적당함,True,0,jemut,상의,M,화이트,2026,7,1,수,5,응답,정사이즈,화면과 비슷,,,,적당함,적당함,,,,3.0,3.0,,0.0,0.0,0.0,0.0,,,핏이 예쁘고 길이도 정말 잘나왔습니다 목도 잘늘어나지 않아서 좋습니다,핏이예쁘고길이도정말잘나왔습니다목도잘늘어나지않아서좋습니다,0,0,0,0,0,False,38,30,38,True
4987047,85965725,general,한감자옷산다,귀여운 반팔티 한여름에 입기엔 좀 덥긴하지만 적당한 핏 긋굿,5.0,False,그레이 · 2XL,183.0,88.0,남성,2026-07-01 19:08:39,사이즈: 정사이즈 / 화면 대비 색감: 화면과 비슷 / 두께감: 적당함 / 신축성: 적당함,False,0,jemut,상의,2XL,그레이,2026,7,1,수,5,응답,정사이즈,화면과 비슷,,,,적당함,적당함,,,,3.0,3.0,,0.0,0.0,0.0,0.0,,,귀여운 반팔티 한여름에 입기엔 좀 덥긴하지만 적당한 핏 긋굿,귀여운반팔티한여름에입기엔좀덥긴하지만적당한핏긋굿,0,0,0,0,0,False,33,25,33,True
4987047,85963438,style,가보자고오오오옹,크롭 반팔은 그냥 바로 제멋 사면 됩니다 최고입니다,5.0,False,블랙 · L,170.0,65.0,남성,2026-07-01 17:47:05,사이즈: 정사이즈 / 화면 대비 색감: 화면과 비슷 / 두께감: 적당함 / 신축성: 적당함,True,0,jemut,상의,L,블랙,2026,7,1,수,5,응답,정사이즈,화면과 비슷,,,,적당함,적당함,,,,3.0,3.0,,0.0,0.0,0.0,0.0,,,크롭 반팔은 그냥 바로 제멋 사면 됩니다 최고입니다,크롭반팔은그냥바로제멋사면됩니다최고입니다,0,0,0,0,0,False,28,21,28,True
4987047,85963417,general,가보자고오오오옹,입고 만족해서 재구매했습니다 제멋은 짱입니다,5.0,False,블랙 · L,170.0,65.0,남성,2026-07-01 17:46:19,사이즈: 정사이즈 / 화면 대비 색감: 화면과 비슷 / 두께감: 적당함 / 신축성: 적당함,True,0,jemut,상의,L,블랙,2026,7,1,수,5,응답,정사이즈,화면과 비슷,,,,적당함,적당함,,,,3.0,3.0,,0.0,0.0,0.0,0.0,,,입고 만족해서 재구매했습니다 제멋은 짱입니다,입고만족해서재구매했습니다제멋은짱입니다,0,0,0,0,0,False,24,20,24,True
4987047,85935041,style,s우기s,배송도 빠르고 핏도 좋고 가격도 저렴해서 가성비 있어서 좋았어요,5.0,False,화이트 · XL,175.0,71.0,남성,2026-06-30 19:36:12,사이즈: 정사이즈 / 화면 대비 색감: 화면과 비슷 / 두께감: 적당함 / 신축성: 적당함,True,0,jemut,상의,XL,화이트,2026,6,30,화,5,응답,정사이즈,화면과 비슷,,,,적당함,적당함,,,,3.0,3.0,,0.0,0.0,0.0,0.0,,,배송도 빠르고 핏도 좋고 가격도 저렴해서 가성비 있어서 좋았어요,배송도빠르고핏도좋고가격도저렴해서가성비있어서좋았어요,0,0,0,0,0,False,35,27,35,True
4987047,85926625,general,Yk0511,옷이 되게 시원하구 간편하게 입을 수 있어서 좋아요,5.0,False,블랙 · L,175.0,59.0,남성,2026-06-30 14:44:10,사이즈: 정사이즈 / 화면 대비 색감: 화면과 비슷 / 두께감: 적당함 / 신축성: 적당함,False,0,jemut,상의,L,블랙,2026,6,30,화,5,응답,정사이즈,화면과 비슷,,,,적당함,적당함,,,,3.0,3.0,,0.0,0.0,0.0,0.0,,,옷이 되게 시원하구 간편하게 입을 수 있어서 좋아요,옷이되게시원하구간편하게입을수있어서좋아요,0,0,0,0,0,False,28,21,28,True
4987047,85911241,general,Woong_P,믿고 사는 제멋 크롭 무지티입니다 이미 여러차례 사서 입을 정도로 마음에 듭니다 특히나 체형 보완이 좋아요,5.0,False,화이트 · 2XL,181.0,88.0,남성,2026-06-29 21:45:24,사이즈: 정사이즈 / 화면 대비 색감: 화면과 비슷 / 두께감: 적당함 / 신축성: 적당함,False,0,jemut,상의,2XL,화이트,2026,6,29,월,5,응답,정사이즈,화면과 비슷,,,,적당함,적당함,,,,3.0,3.0,,0.0,0.0,0.0,0.0,,,믿고 사는 제멋 크롭 무지티입니다 이미 여러차례 사서 입을 정도로 마음에 듭니다 특히나 체형 보완이 좋아요,믿고사는제멋크롭무지티입니다이미여러차례사서입을정도로마음에듭니다특히나체형보완이좋아요,0,0,0,0,0,False,59,44,59,True
4987047,85911211,style,yesmanus,크롭이라 다리가 길어보이는 효과가 있어 좋습니다,5.0,False,화이트 · L,172.0,57.0,남성,2026-06-29 21:44:29,사이즈: 정사이즈 / 화면 대비 색감: 화면과 비슷 / 두께감: 적당함 / 신축성: 적당함,True,0,jemut,상의,L,화이트,2026,6,29,월,5,응답,정사이즈,화면과 비슷,,,,적당함,적당함,,,,3.0,3.0,,0.0,0.0,0.0,0.0,,,크롭이라 다리가 길어보이는 효과가 있어 좋습니다,크롭이라다리가길어보이는효과가있어좋습니다,0,0,0,0,0,False,26,21,26,True
4987047,85911193,general,yesmanus,크롭이라 다리가 길어보이는 효과가 있어 좋습니다,5.0,False,화이트 · L,172.0,57.0,남성,2026-06-29 21:44:04,사이즈: 정사이즈 / 화면 대비 색감: 화면과 비슷 / 두께감: 적당함 / 신축성: 적당함,True,0,jemut,상의,L,화이트,2026,6,29,월,5,응답,정사이즈,화면과 비슷,,,,적당함,적당함,,,,3.0,3.0,,0.0,0.0,0.0,0.0,,,크롭이라 다리가 길어보이는 효과가 있어 좋습니다,크롭이라다리가길어보이는효과가있어좋습니다,0,0,0,0,0,False,26,21,26,True
4987047,85910396,style,임금별,"요즘 크롭한 상의가 유행이라서 이너제품으로 생각했는데, 단독으로 입어도 괜찮은 제품인 것 같아요. 정사이즈로 구매하시면 제일 예쁘게 입을 수 있어요!   👍 장점  - 크롭한 기장  - 적당한 두께감 (비침 없음)  - 늘어짐 없는 재질  - 가성비 최고 제품  - 다양한 색상  👎 단점  - 한여름에는 살짝 두꺼울수 있음",5.0,False,화이트 · L,178.0,71.0,남성,2026-06-29 21:19:09,사이즈: 정사이즈 / 화면 대비 색감: 화면과 비슷 / 두께감: 적당함 / 신축성: 적당함,True,0,jemut,상의,L,화이트,2026,6,29,월,5,응답,정사이즈,화면과 비슷,,,,적당함,적당함,,,,3.0,3.0,,0.0,0.0,0.0,0.0,,,"요즘 크롭한 상의가 유행이라서 이너제품으로 생각했는데, 단독으로 입어도 괜찮은 제품인 것 같아요. 정사이즈로 구매하시면 제일 예쁘게 입을 수 있어요! 장점 - 크롭한 기장 - 적당한 두께감 (비침 없음) - 늘어짐 없는 재질 - 가성비 최고 제품 - 다양한 색상 단점 - 한여름에는 살짝 두꺼울수 있음",요즘크롭한상의가유행이라서이너제품으로생각했는데단독으로입어도괜찮은제품인것같아요정사이즈로구매하시면제일예쁘게입을수있어요장점크롭한기장적당한두께감비침없음늘어짐없는재질가성비최고제품다양한색상단점한여름에는살짝두꺼울수있음,0,0,1,0,2,True,181,113,168,True
4987047,85908750,general,미래적인퀸스코디,사진과 색깔이 거의 비슷하고 원단이 정말 탄탄해요,4.0,False,브릭레드 · 2XL,173.0,90.0,남성,2026-06-29 20:25:57,사이즈: 정사이즈 / 화면 대비 색감: 화면과 비슷 / 두께감: 적당함 / 신축성: 적당함,False,0,jemut,상의,2XL,브릭레드,2026,6,29,월,4,응답,정사이즈,화면과 비슷,,,,적당함,적당함,,,,3.0,3.0,,0.0,0.0,0.0,0.0,,,사진과 색깔이 거의 비슷하고 원단이 정말 탄탄해요,사진과색깔이거의비슷하고원단이정말탄탄해요,0,0,0,0,0,False,27,21,27,True
4987047,85905807,general,히히하하호호후후흐흐,"어디든 잘어울리고, 편하게 입을수 있어서 좋아요.",5.0,False,그레이 · M,170.0,56.0,남성,2026-06-29 18:23:18,사이즈: 정사이즈 / 화면 대비 색감: 화면과 비슷 / 두께감: 적당함 / 신축성: 적당함,False,0,jemut,상의,M,그레이,2026,6,29,월,5,응답,정사이즈,화면과 비슷,,,,적당함,적당함,,,,3.0,3.0,,0.0,0.0,0.0,0.0,,,"어디든 잘어울리고, 편하게 입을수 있어서 좋아요.",어디든잘어울리고편하게입을수있어서좋아요,0,0,0,0,0,False,27,20,27,True
4987047,85886349,style,양하파엉,맘에듭니다 두번째 구매인데 만족스러워 재구매합니다,5.0,False,블랙 · XL,171.0,75.0,남성,2026-06-28 23:34:42,사이즈: 매우 작음 / 화면 대비 색감: 매우 밝음 / 두께감: 매우 얇음 / 신축성: 전혀 없음,True,0,jemut,상의,XL,블랙,2026,6,28,일,5,응답,매우 작음,매우 밝음,,,,전혀 없음,매우 얇음,,,,1.0,1.0,,-2.0,2.0,2.0,2.0,,,맘에듭니다 두번째 구매인데 만족스러워 재구매합니다,맘에듭니다두번째구매인데만족스러워재구매합니다,0,0,0,0,0,False,27,23,27,True
4987047,85860390,style,삼겹살에소주한병,크롭하기 때문에 빼입기도 좋고 넣어 입어도 좋아요. 옷 자체가 원단이 힘이 있어서 어깨라인도 잘 잡아주는 편입니다.,5.0,False,화이트 · XL,179.0,73.0,남성,2026-06-28 10:51:23,사이즈: 정사이즈 / 화면 대비 색감: 화면과 비슷 / 두께감: 두꺼움 / 신축성: 거의 없음,True,0,jemut,상의,XL,화이트,2026,6,28,일,5,응답,정사이즈,화면과 비슷,,,,거의 없음,두꺼움,,,,2.0,4.0,,0.0,0.0,0.0,0.0,,,크롭하기 때문에 빼입기도 좋고 넣어 입어도 좋아요. 옷 자체가 원단이 힘이 있어서 어깨라인도 잘 잡아주는 편입니다.,크롭하기때문에빼입기도좋고넣어입어도좋아요옷자체가원단이힘이있어서어깨라인도잘잡아주는편입니다,0,0,0,0,0,False,64,47,64,True
4987047,85857072,style,한화우승~,허리까지오는 기장이 너무맘이들고 색깔듀 이뻐요,5.0,False,다크브라운 · 2XL,180.0,82.0,남성,2026-06-28 06:39:42,사이즈: 정사이즈 / 화면 대비 색감: 화면과 비슷 / 두께감: 적당함 / 신축성: 강함,True,0,jemut,상의,2XL,다크브라운,2026,6,28,일,5,응답,정사이즈,화면과 비슷,,,,강함,적당함,,,,4.0,3.0,,0.0,0.0,0.0,0.0,,,허리까지오는 기장이 너무맘이들고 색깔듀 이뻐요,허리까지오는기장이너무맘이들고색깔듀이뻐요,0,0,0,0,0,False,25,21,25,True
4987047,85826833,general,욱이누,배송 잘 빠르게 왔고 괜찬아 보입니다 잘 입어볼게요~,4.0,False,화이트 · L,170.0,52.0,남성,2026-06-27 11:53:24,사이즈: 정사이즈 / 화면 대비 색감: 화면과 비슷 / 두께감: 적당함 / 신축성: 적당함,True,0,jemut,상의,L,화이트,2026,6,27,토,4,응답,정사이즈,화면과 비슷,,,,적당함,적당함,,,,3.0,3.0,,0.0,0.0,0.0,0.0,,,배송 잘 빠르게 왔고 괜찬아 보입니다 잘 입어볼게요~,배송잘빠르게왔고괜찬아보입니다잘입어볼게요,0,0,0,0,0,False,29,21,29,True
4987047,85804956,general,겸손한세종시계,반팔 색좋고 질감이나 이런것도 매우매우 좋음 기장감도 좋음,5.0,False,그레이 · L,180.0,70.0,남성,2026-06-26 20:23:39,사이즈: 정사이즈 / 화면 대비 색감: 화면과 비슷 / 두께감: 적당함 / 신축성: 적당함,False,0,jemut,상의,L,그레이,2026,6,26,금,5,응답,정사이즈,화면과 비슷,,,,적당함,적당함,,,,3.0,3.0,,0.0,0.0,0.0,0.0,,,반팔 색좋고 질감이나 이런것도 매우매우 좋음 기장감도 좋음,반팔색좋고질감이나이런것도매우매우좋음기장감도좋음,0,0,0,0,0,False,32,25,32,True
4987047,85793430,style,이호성777,깔끔하고 안내에 나온것과 상품의 퀄리티가 똑같아요,5.0,False,그레이 · XL,177.0,83.0,남성,2026-06-26 16:24:47,사이즈: 매우 작음 / 화면 대비 색감: 매우 밝음 / 두께감: 매우 얇음 / 신축성: 전혀 없음,True,0,jemut,상의,XL,그레이,2026,6,26,금,5,응답,매우 작음,매우 밝음,,,,전혀 없음,매우 얇음,,,,1.0,1.0,,-2.0,2.0,2.0,2.0,,,깔끔하고 안내에 나온것과 상품의 퀄리티가 똑같아요,깔끔하고안내에나온것과상품의퀄리티가똑같아요,0,0,0,0,0,False,27,22,27,True
4987047,85772617,style,긴꼬리고양이,재질 튼튼하고 기장감 딱 좋아서 막 입기 좋아요. 활용도가 높습니다,5.0,False,블랙 · L,173.0,64.0,남성,2026-06-26 03:06:36,사이즈: 정사이즈 / 화면 대비 색감: 화면과 비슷 / 두께감: 적당함 / 신축성: 적당함,True,0,jemut,상의,L,블랙,2026,6,26,금,5,응답,정사이즈,화면과 비슷,,,,적당함,적당함,,,,3.0,3.0,,0.0,0.0,0.0,0.0,,,재질 튼튼하고 기장감 딱 좋아서 막 입기 좋아요. 활용도가 높습니다,재질튼튼하고기장감딱좋아서막입기좋아요활용도가높습니다,0,0,0,0,0,False,37,27,37,True
4987047,85771409,style,alt88,"완벽합니다. 옷 재질 좋은건 둘째치고, 색감 이쁘고 핏도 이쁩니다. 저랑 스펙 비슷하신분은 그냥 m 구매하세요.",5.0,False,블랙 · M,167.0,61.0,남성,2026-06-26 01:34:32,사이즈: 정사이즈 / 화면 대비 색감: 화면과 비슷 / 두께감: 적당함 / 신축성: 적당함,True,0,jemut,상의,M,블랙,2026,6,26,금,5,응답,정사이즈,화면과 비슷,,,,적당함,적당함,,,,3.0,3.0,,0.0,0.0,0.0,0.0,,,"완벽합니다. 옷 재질 좋은건 둘째치고, 색감 이쁘고 핏도 이쁩니다. 저랑 스펙 비슷하신분은 그냥 m 구매하세요.",완벽합니다옷재질좋은건둘째치고색감이쁘고핏도이쁩니다저랑스펙비슷하신분은그냥m구매하세요,0,0,0,0,0,False,62,43,62,True
4987047,85743902,general,충실한로마골프화,기본티로 적당히 크롭하고 마음에 들어요 잘 입을께요,5.0,False,다크그레이 · 2XL,186.0,77.0,남성,2026-06-25 16:27:24,사이즈: 정사이즈 / 화면 대비 색감: 밝음 / 두께감: 두꺼움 / 신축성: 적당함,True,0,jemut,상의,2XL,다크그레이,2026,6,25,목,5,응답,정사이즈,밝음,,,,적당함,두꺼움,,,,3.0,4.0,,0.0,0.0,1.0,1.0,,,기본티로 적당히 크롭하고 마음에 들어요 잘 입을께요,기본티로적당히크롭하고마음에들어요잘입을께요,0,0,0,0,0,False,28,22,28,True
4987047,85743889,style,충실한로마골프화,기본티로 적당히 크롭하고 마음에 들어요 잘 입을께요,5.0,False,다크그레이 · 2XL,186.0,77.0,남성,2026-06-25 16:26:59,사이즈: 정사이즈 / 화면 대비 색감: 밝음 / 두께감: 두꺼움 / 신축성: 적당함,True,0,jemut,상의,2XL,다크그레이,2026,6,25,목,5,응답,정사이즈,밝음,,,,적당함,두꺼움,,,,3.0,4.0,,0.0,0.0,1.0,1.0,,,기본티로 적당히 크롭하고 마음에 들어요 잘 입을께요,기본티로적당히크롭하고마음에들어요잘입을께요,0,0,0,0,0,False,28,22,28,True
4987047,85727161,general,오산역1호선,딱 기본느낌 잘 하고요오 깔끔해서 재구매했어요~~,4.0,False,다크그레이 · L,173.0,66.0,남성,2026-06-25 09:19:08,사이즈: 정사이즈 / 화면 대비 색감: 화면과 비슷 / 두께감: 적당함 / 신축성: 적당함,False,0,jemut,상의,L,다크그레이,2026,6,25,목,4,응답,정사이즈,화면과 비슷,,,,적당함,적당함,,,,3.0,3.0,,0.0,0.0,0.0,0.0,,,딱 기본느낌 잘 하고요오 깔끔해서 재구매했어요~~,딱기본느낌잘하고요오깔끔해서재구매했어요,0,0,0,0,0,False,27,20,27,True
4987047,85726704,general,맨투맨은로파,가격에비해 퀄리티가 나쁘지 않습니다. 핏도 예쁘고 가성비 좋아요,5.0,False,그레이 · L,177.0,63.0,남성,2026-06-25 09:03:44,사이즈: 정사이즈 / 화면 대비 색감: 화면과 비슷 / 두께감: 적당함 / 신축성: 적당함,False,0,jemut,상의,L,그레이,2026,6,25,목,5,응답,정사이즈,화면과 비슷,,,,적당함,적당함,,,,3.0,3.0,,0.0,0.0,0.0,0.0,,,가격에비해 퀄리티가 나쁘지 않습니다. 핏도 예쁘고 가성비 좋아요,가격에비해퀄리티가나쁘지않습니다핏도예쁘고가성비좋아요,0,0,0,0,0,False,35,27,35,True
4987047,85712975,style,훈훈한퀸스츄리닝,옷 두께나 신축성 색감 다 좋은데 진짜 기장이 짧습니다. XL 사니까 딱 맞았습니다. 택 때서 환불을 못했습니다,4.0,False,블랙 · L,174.0,67.0,남성,2026-06-24 22:50:31,사이즈: 매우 작음 / 화면 대비 색감: 화면과 비슷 / 두께감: 적당함 / 신축성: 적당함,True,0,jemut,상의,L,블랙,2026,6,24,수,4,응답,매우 작음,화면과 비슷,,,,적당함,적당함,,,,3.0,3.0,,-2.0,2.0,0.0,0.0,,,옷 두께나 신축성 색감 다 좋은데 진짜 기장이 짧습니다. XL 사니까 딱 맞았습니다. 택 때서 환불을 못했습니다,옷두께나신축성색감다좋은데진짜기장이짧습니다xl사니까딱맞았습니다택때서환불을못했습니다,0,0,0,0,0,False,62,42,62,True
4987047,85712841,style,훈훈한퀸스츄리닝,기장도 딱 맞고 옷 재질도 괜찮아서 여름에 더울 때도 입기 좋아요,5.0,False,블랙 · XL,174.0,67.0,남성,2026-06-24 22:48:55,사이즈: 정사이즈 / 화면 대비 색감: 화면과 비슷 / 두께감: 적당함 / 신축성: 적당함,True,0,jemut,상의,XL,블랙,2026,6,24,수,5,응답,정사이즈,화면과 비슷,,,,적당함,적당함,,,,3.0,3.0,,0.0,0.0,0.0,0.0,,,기장도 딱 맞고 옷 재질도 괜찮아서 여름에 더울 때도 입기 좋아요,기장도딱맞고옷재질도괜찮아서여름에더울때도입기좋아요,0,0,0,0,0,False,36,26,36,True
4987047,85690351,general,이색적인멕시코룩,회색 검정 사고 재구매했습니다 원단이 토독하고 기장도 좋고 입기 딱 좋습니다,5.0,False,화이트 · M,166.0,51.0,남성,2026-06-24 17:31:10,사이즈: 정사이즈 / 화면 대비 색감: 화면과 비슷 / 두께감: 적당함 / 신축성: 적당함,False,0,jemut,상의,M,화이트,2026,6,24,수,5,응답,정사이즈,화면과 비슷,,,,적당함,적당함,,,,3.0,3.0,,0.0,0.0,0.0,0.0,,,회색 검정 사고 재구매했습니다 원단이 토독하고 기장도 좋고 입기 딱 좋습니다,회색검정사고재구매했습니다원단이토독하고기장도좋고입기딱좋습니다,0,0,0,0,0,False,42,32,42,True
4987047,85685722,general,여의도인,재재구매입니다 그냥 국밥으로 입기 좋아요 재질은 가격대비입니다,4.0,False,블랙 · L,165.0,68.0,남성,2026-06-24 16:16:54,사이즈: 정사이즈 / 화면 대비 색감: 화면과 비슷 / 두께감: 적당함 / 신축성: 적당함,True,0,jemut,상의,L,블랙,2026,6,24,수,4,응답,정사이즈,화면과 비슷,,,,적당함,적당함,,,,3.0,3.0,,0.0,0.0,0.0,0.0,,,재재구매입니다 그냥 국밥으로 입기 좋아요 재질은 가격대비입니다,재재구매입니다그냥국밥으로입기좋아요재질은가격대비입니다,0,0,0,0,0,False,34,28,34,True
4987047,85674839,style,흐뭇한토렌토아트,사이즈가 본문에 기재된것과 동일합니다 적당히 크롭 기장이라 좋습니다,5.0,False,화이트 · XL,174.0,75.0,남성,2026-06-24 12:52:48,사이즈: 정사이즈 / 화면 대비 색감: 화면과 비슷 / 두께감: 적당함 / 신축성: 적당함,True,0,jemut,상의,XL,화이트,2026,6,24,수,5,응답,정사이즈,화면과 비슷,,,,적당함,적당함,,,,3.0,3.0,,0.0,0.0,0.0,0.0,,,사이즈가 본문에 기재된것과 동일합니다 적당히 크롭 기장이라 좋습니다,사이즈가본문에기재된것과동일합니다적당히크롭기장이라좋습니다,0,0,0,0,0,False,37,30,37,True
4987047,85674779,general,흐뭇한토렌토아트,원단이 얇아서 좋습니다 여름에도 덥지 않게 입을수 있어요,5.0,False,화이트 · XL,174.0,75.0,남성,2026-06-24 12:51:35,사이즈: 정사이즈 / 화면 대비 색감: 화면과 비슷 / 두께감: 적당함 / 신축성: 적당함,True,0,jemut,상의,XL,화이트,2026,6,24,수,5,응답,정사이즈,화면과 비슷,,,,적당함,적당함,,,,3.0,3.0,,0.0,0.0,0.0,0.0,,,원단이 얇아서 좋습니다 여름에도 덥지 않게 입을수 있어요,원단이얇아서좋습니다여름에도덥지않게입을수있어요,0,0,0,0,0,False,31,24,31,True
4987047,85616785,general,Yenyur,거의 반 머슬핏 느낌이 되긴했는데 길이도 좋고 핏도 타이트하니 마음에 들어요!,5.0,False,다크그레이 · M,167.0,69.0,남성,2026-06-23 15:42:41,사이즈: 정사이즈 / 화면 대비 색감: 화면과 비슷 / 두께감: 적당함 / 신축성: 적당함,False,0,jemut,상의,M,다크그레이,2026,6,23,화,5,응답,정사이즈,화면과 비슷,,,,적당함,적당함,,,,3.0,3.0,,0.0,0.0,0.0,0.0,,,거의 반 머슬핏 느낌이 되긴했는데 길이도 좋고 핏도 타이트하니 마음에 들어요!,거의반머슬핏느낌이되긴했는데길이도좋고핏도타이트하니마음에들어요,0,0,1,0,0,False,43,32,43,True
4987047,85606606,general,ㅈ2ㄴ,기대했던 핏이라 마음에 들어요! 자주 입을 것 같습니다!!,5.0,False,블랙 · XL,176.0,75.0,남성,2026-06-23 12:05:37,사이즈: 정사이즈 / 화면 대비 색감: 화면과 비슷 / 두께감: 두꺼움 / 신축성: 강함,False,0,jemut,상의,XL,블랙,2026,6,23,화,5,응답,정사이즈,화면과 비슷,,,,강함,두꺼움,,,,4.0,4.0,,0.0,0.0,0.0,0.0,,,기대했던 핏이라 마음에 들어요! 자주 입을 것 같습니다!!,기대했던핏이라마음에들어요자주입을것같습니다,0,0,3,0,0,False,32,22,32,True
4987047,85603644,general,dgetsgf,두번째 재구매입니다 옷이 편하고 사이즈딱마음에들어요,5.0,False,그레이 · L,165.0,65.0,남성,2026-06-23 10:48:56,사이즈: 정사이즈 / 화면 대비 색감: 화면과 비슷 / 두께감: 적당함 / 신축성: 적당함,False,0,jemut,상의,L,그레이,2026,6,23,화,5,응답,정사이즈,화면과 비슷,,,,적당함,적당함,,,,3.0,3.0,,0.0,0.0,0.0,0.0,,,두번째 재구매입니다 옷이 편하고 사이즈딱마음에들어요,두번째재구매입니다옷이편하고사이즈딱마음에들어요,0,0,0,0,0,False,28,24,28,True
4987047,85578762,style,소주마신맥주,"옷이 부드러운 편은 아니나 핏이 좋습니다만, 실밥이 너무 많이 나왔어요",4.0,False,블랙 · 2XL,186.0,89.0,남성,2026-06-22 20:12:15,사이즈: 정사이즈 / 화면 대비 색감: 화면과 비슷 / 두께감: 두꺼움 / 신축성: 강함,True,0,jemut,상의,2XL,블랙,2026,6,22,월,4,응답,정사이즈,화면과 비슷,,,,강함,두꺼움,,,,4.0,4.0,,0.0,0.0,0.0,0.0,,,"옷이 부드러운 편은 아니나 핏이 좋습니다만, 실밥이 너무 많이 나왔어요",옷이부드러운편은아니나핏이좋습니다만실밥이너무많이나왔어요,0,0,0,0,0,False,39,29,39,True
4987047,85557147,general,완벽한블루안경테,사이즈 정사이즈로 딱 예쁘게 맞아요. 너무 두껍거나 얇지 않고 딱 적당한 두께감이라 요즘 입기 정말 좋습니다. 신축성도 적당히 있어서 활동할 때 편해요,5.0,False,블랙 · M,169.0,62.0,남성,2026-06-22 12:35:31,사이즈: 정사이즈 / 화면 대비 색감: 화면과 비슷 / 두께감: 적당함 / 신축성: 적당함,False,0,jemut,상의,M,블랙,2026,6,22,월,5,응답,정사이즈,화면과 비슷,,,,적당함,적당함,,,,3.0,3.0,,0.0,0.0,0.0,0.0,,,사이즈 정사이즈로 딱 예쁘게 맞아요. 너무 두껍거나 얇지 않고 딱 적당한 두께감이라 요즘 입기 정말 좋습니다. 신축성도 적당히 있어서 활동할 때 편해요,사이즈정사이즈로딱예쁘게맞아요너무두껍거나얇지않고딱적당한두께감이라요즘입기정말좋습니다신축성도적당히있어서활동할때편해요,0,0,0,0,0,False,84,61,84,True
4987047,85554902,general,아아가최고지,마감이 좀 별로네요. 실밥이 좀 튿어져있는게 아쉬워요,4.0,False,화이트 · M,170.0,55.0,남성,2026-06-22 11:40:18,사이즈: 정사이즈 / 화면 대비 색감: 화면과 비슷 / 두께감: 적당함 / 신축성: 적당함,False,0,jemut,상의,M,화이트,2026,6,22,월,4,응답,정사이즈,화면과 비슷,,,,적당함,적당함,,,,3.0,3.0,,0.0,0.0,0.0,0.0,,,마감이 좀 별로네요. 실밥이 좀 튿어져있는게 아쉬워요,마감이좀별로네요실밥이좀튿어져있는게아쉬워요,0,0,0,0,0,False,29,22,29,True
4987047,85552071,style,대세는발리타월,가성비 크롭 무지 티셔츠중 가장 괜찮은 것 같습니다.,5.0,False,브릭레드 · L,176.0,60.0,남성,2026-06-22 10:28:41,사이즈: 정사이즈 / 화면 대비 색감: 화면과 비슷 / 두께감: 적당함 / 신축성: 적당함,True,0,jemut,상의,L,브릭레드,2026,6,22,월,5,응답,정사이즈,화면과 비슷,,,,적당함,적당함,,,,3.0,3.0,,0.0,0.0,0.0,0.0,,,가성비 크롭 무지 티셔츠중 가장 괜찮은 것 같습니다.,가성비크롭무지티셔츠중가장괜찮은것같습니다,0,0,0,0,0,False,29,21,29,True
4987047,85541889,general,rhwnstj0411,기본티로 딱 좋은거같고 튼튼해요. 앞으로 더 사입을듯,5.0,False,다크브라운 · M,175.0,65.0,남성,2026-06-22 00:36:49,사이즈: 정사이즈 / 화면 대비 색감: 화면과 비슷 / 두께감: 적당함 / 신축성: 적당함,True,0,jemut,상의,M,다크브라운,2026,6,22,월,5,응답,정사이즈,화면과 비슷,,,,적당함,적당함,,,,3.0,3.0,,0.0,0.0,0.0,0.0,,,기본티로 딱 좋은거같고 튼튼해요. 앞으로 더 사입을듯,기본티로딱좋은거같고튼튼해요앞으로더사입을듯,0,0,0,0,0,False,29,22,29,True
4987047,85541600,style,아갈처,핏좋고 살짝 몸좋아보이는 티네요 기본티로좋아요,5.0,False,그레이 · XL,168.0,75.0,남성,2026-06-22 00:31:05,사이즈: 정사이즈 / 화면 대비 색감: 화면과 비슷 / 두께감: 적당함 / 신축성: 적당함,True,0,jemut,상의,XL,그레이,2026,6,22,월,5,응답,정사이즈,화면과 비슷,,,,적당함,적당함,,,,3.0,3.0,,0.0,0.0,0.0,0.0,,,핏좋고 살짝 몸좋아보이는 티네요 기본티로좋아요,핏좋고살짝몸좋아보이는티네요기본티로좋아요,0,0,0,0,0,False,25,21,25,True
4987047,85541569,general,아갈처,단단하고 요새 인기있는 크롭티네요 기본으로 조항요,5.0,False,그레이 · XL,168.0,75.0,남성,2026-06-22 00:30:33,사이즈: 정사이즈 / 화면 대비 색감: 화면과 비슷 / 두께감: 적당함 / 신축성: 적당함,True,0,jemut,상의,XL,그레이,2026,6,22,월,5,응답,정사이즈,화면과 비슷,,,,적당함,적당함,,,,3.0,3.0,,0.0,0.0,0.0,0.0,,,단단하고 요새 인기있는 크롭티네요 기본으로 조항요,단단하고요새인기있는크롭티네요기본으로조항요,0,0,0,0,0,False,27,22,27,True
﻿1015136,85853328,general,투명한발리아트,사진으로 보는것과 매우 똑같고 디자인도 이쁘고 자주 입고 다닐수있을거같습니다,5.0,False,카키 · L,178.0,88.0,남성,2026-06-28 00:22:26,사이즈: 정사이즈 / 화면 대비 색감: 화면과 비슷 / 퀄리티: 매우 좋음 / 구김: 전혀 없음,False,0,jemut,상의,L,카키,2026,6,28,일,5,응답,정사이즈,화면과 비슷,매우 좋음,전혀 없음,,,,,5.0,,,,5.0,0.0,0.0,0.0,0.0,,,사진으로 보는것과 매우 똑같고 디자인도 이쁘고 자주 입고 다닐수있을거같습니다,사진으로보는것과매우똑같고디자인도이쁘고자주입고다닐수있을거같습니다,0,0,0,0,0,False,42,34,42,True
﻿745347,85837425,general,이만히,이번에 싸게 잘 산거 같아요. 예쁘게 잘 입겠습니다.,5.0,False,네이비 · L,168.0,76.0,남성,2026-06-27 16:43:31,사이즈: 정사이즈 / 화면 대비 색감: 화면과 비슷 / 두께감: 적당함 / 신축성: 적당함,True,0,jemut,상의,L,네이비,2026,6,27,토,5,응답,정사이즈,화면과 비슷,,,,적당함,적당함,,,,3.0,3.0,,0.0,0.0,0.0,0.0,,,이번에 싸게 잘 산거 같아요. 예쁘게 잘 입겠습니다.,이번에싸게잘산거같아요예쁘게잘입겠습니다,0,0,0,0,0,False,29,20,29,True
﻿557450,86012397,general,유연한검정골프채,두께도 적당하고 컬러가 비비드해서 이뻐요 매일 입고 있어요,4.0,False,네이비 · L,171.0,80.0,missing,2026-07-03 14:05:26,사이즈: 정사이즈 / 화면 대비 색감: 밝음 / 두께감: 적당함 / 신축성: 적당함,False,0,jemut,상의,L,네이비,2026,7,3,금,4,응답,정사이즈,밝음,,,,적당함,적당함,,,,3.0,3.0,,0.0,0.0,1.0,1.0,,,두께도 적당하고 컬러가 비비드해서 이뻐요 매일 입고 있어요,두께도적당하고컬러가비비드해서이뻐요매일입고있어요,0,0,0,0,0,False,32,25,32,True
557450,85968445,general,장식적인신촌플랫,깔끔하고 비침 없이 딱 생각했던 대로 왔네요 감사합니다,5.0,False,네이비 · XL,178.0,82.0,남성,2026-07-01 20:47:18,사이즈: 조금 큼 / 화면 대비 색감: 화면과 비슷 / 두께감: 얇음 / 신축성: 강함,False,0,jemut,상의,XL,네이비,2026,7,1,수,5,응답,조금 큼,화면과 비슷,,,,강함,얇음,,,,4.0,2.0,,1.0,1.0,0.0,0.0,,,깔끔하고 비침 없이 딱 생각했던 대로 왔네요 감사합니다,깔끔하고비침없이딱생각했던대로왔네요감사합니다,0,0,0,0,0,False,30,23,30,True
557450,85851907,general,포동olol,색감도 사진이랑 비슷하고 깔끔하니 이뻐서 더 구매하려고 합니다,5.0,False,네이비 · XL,175.0,82.0,남성,2026-06-27 23:34:44,사이즈: 조금 큼 / 화면 대비 색감: 화면과 비슷 / 두께감: 적당함 / 신축성: 매우 강함,True,0,jemut,상의,XL,네이비,2026,6,27,토,5,응답,조금 큼,화면과 비슷,,,,매우 강함,적당함,,,,5.0,3.0,,1.0,1.0,0.0,0.0,,,색감도 사진이랑 비슷하고 깔끔하니 이뻐서 더 구매하려고 합니다,색감도사진이랑비슷하고깔끔하니이뻐서더구매하려고합니다,0,0,0,0,0,False,34,27,34,True
﻿1911512,85978998,general,이번삶은처음이라,재질이 부드럽고 고급스러워요. 가격 대비 퀄리티 최고네요,2.0,False,블랙 · 2XL,178.0,104.0,남성,2026-07-02 08:29:45,사이즈: 많이 큼 / 화면 대비 색감: 화면과 비슷 / 두께감: 적당함 / 신축성: 적당함,False,0,jemut,상의,2XL,블랙,2026,7,2,목,2,응답,많이 큼,화면과 비슷,,,,적당함,적당함,,,,3.0,3.0,,2.0,2.0,0.0,0.0,,,재질이 부드럽고 고급스러워요. 가격 대비 퀄리티 최고네요,재질이부드럽고고급스러워요가격대비퀄리티최고네요,0,0,0,0,0,False,31,24,31,True
1911512,84844155,style,맑은보라색새틴,아주 이쁘고 핏이 좋아요. 색감까지 좋아서 최고에여 자주입는중 ㅎㅎ,5.0,False,블랙 · 2XL,175.0,85.0,남성,2026-06-24 22:53:38,사이즈: 정사이즈 / 화면 대비 색감: 화면과 비슷 / 두께감: 적당함 / 신축성: 적당함,True,0,jemut,상의,2XL,블랙,2026,6,24,수,5,응답,정사이즈,화면과 비슷,,,,적당함,적당함,,,,3.0,3.0,,0.0,0.0,0.0,0.0,,,아주 이쁘고 핏이 좋아요. 색감까지 좋아서 최고에여 자주입는중 ㅎㅎ,아주이쁘고핏이좋아요색감까지좋아서최고에여자주입는중,2,0,0,0,0,False,37,26,37,True
﻿557448,85892708,style,진중한코랄코어,루즈핏이라 여유있고 여름티 치고는 두꺼워요 디자인은 예쁘네요,5.0,False,블랙 · M,175.0,63.0,남성,2026-06-29 09:17:43,사이즈: 조금 큼 / 화면 대비 색감: 화면과 비슷 / 두께감: 두꺼움 / 신축성: 적당함,True,0,jemut,상의,M,블랙,2026,6,29,월,5,응답,조금 큼,화면과 비슷,,,,적당함,두꺼움,,,,3.0,4.0,,1.0,1.0,0.0,0.0,,,루즈핏이라 여유있고 여름티 치고는 두꺼워요 디자인은 예쁘네요,루즈핏이라여유있고여름티치고는두꺼워요디자인은예쁘네요,0,0,0,0,0,False,33,27,33,True
557448,85892681,general,진중한코랄코어,생각보다 두꺼운 재질이에요 m사이즈도 약간 크지만 루즈핏이라 괜찮네요,5.0,False,블랙 · M,175.0,63.0,남성,2026-06-29 09:16:34,사이즈: 조금 큼 / 화면 대비 색감: 화면과 비슷 / 두께감: 두꺼움 / 신축성: 적당함,True,0,jemut,상의,M,블랙,2026,6,29,월,5,응답,조금 큼,화면과 비슷,,,,적당함,두꺼움,,,,3.0,4.0,,1.0,1.0,0.0,0.0,,,생각보다 두꺼운 재질이에요 m사이즈도 약간 크지만 루즈핏이라 괜찮네요,생각보다두꺼운재질이에요m사이즈도약간크지만루즈핏이라괜찮네요,0,0,0,0,0,False,38,30,38,True
557448,85877703,general,쿨한오스틴글램펌,색깔별로 다 사시입고있어요 색상도이쁘고 오버핏입니다,5.0,False,블랙 · L,173.0,73.0,남성,2026-06-28 19:48:27,사이즈: 정사이즈 / 화면 대비 색감: 화면과 비슷 / 두께감: 적당함 / 신축성: 적당함,False,0,jemut,상의,L,블랙,2026,6,28,일,5,응답,정사이즈,화면과 비슷,,,,적당함,적당함,,,,3.0,3.0,,0.0,0.0,0.0,0.0,,,색깔별로 다 사시입고있어요 색상도이쁘고 오버핏입니다,색깔별로다사시입고있어요색상도이쁘고오버핏입니다,0,0,0,0,0,False,28,24,28,True
557448,85217558,style,맑은보라색새틴,아주 이뻐요 색상도 그렇궁 핏두용!! 부드러운 소재라 어주 좋습니다용,5.0,False,블랙 · 2XL,175.0,85.0,남성,2026-06-24 22:53:10,사이즈: 정사이즈 / 화면 대비 색감: 화면과 비슷 / 두께감: 적당함 / 신축성: 적당함,True,0,jemut,상의,2XL,블랙,2026,6,24,수,5,응답,정사이즈,화면과 비슷,,,,적당함,적당함,,,,3.0,3.0,,0.0,0.0,0.0,0.0,,,아주 이뻐요 색상도 그렇궁 핏두용!! 부드러운 소재라 어주 좋습니다용,아주이뻐요색상도그렇궁핏두용부드러운소재라어주좋습니다용,0,0,2,0,0,False,38,28,38,True
﻿4044428,86019174,general,희망찬노랑글램펌,다 좋은데 사이즈 큰게 입고가 잘 안됩니다 그거빼곤 옷은 이쁩니다,4.0,False,애쉬카키 · 2XL,185.0,85.0,남성,2026-07-03 18:32:29,사이즈: 정사이즈 / 화면 대비 색감: 화면과 비슷 / 두께감: 적당함 / 신축성: 적당함,False,0,jemut,상의,2XL,애쉬카키,2026,7,3,금,4,응답,정사이즈,화면과 비슷,,,,적당함,적당함,,,,3.0,3.0,,0.0,0.0,0.0,0.0,,,다 좋은데 사이즈 큰게 입고가 잘 안됩니다 그거빼곤 옷은 이쁩니다,다좋은데사이즈큰게입고가잘안됩니다그거빼곤옷은이쁩니다,0,0,0,0,0,False,36,27,36,True
4044428,85663181,general,힐링미,딱 정사이즈에 무난깔끔하고 좋네요😊 편하게 입기 좋은 옷 입니다,5.0,False,애쉬카키 · XL,183.0,77.0,남성,2026-06-24 08:55:54,사이즈: 정사이즈 / 화면 대비 색감: 화면과 비슷 / 두께감: 적당함 / 신축성: 적당함,False,0,jemut,상의,XL,애쉬카키,2026,6,24,수,5,응답,정사이즈,화면과 비슷,,,,적당함,적당함,,,,3.0,3.0,,0.0,0.0,0.0,0.0,,,딱 정사이즈에 무난깔끔하고 좋네요 편하게 입기 좋은 옷 입니다,딱정사이즈에무난깔끔하고좋네요편하게입기좋은옷입니다,0,0,0,0,1,False,35,26,34,True
﻿4022791,86028025,general,blu-ming,좋은 티셔츠이지만 한가지 아쉬운점은 쿨 제품 치고 그렇게 시원한 원단은 아니네요.,5.0,False,화이트 · L,174.0,73.0,남성,2026-07-04 00:55:30,사이즈: 정사이즈 / 화면 대비 색감: 화면과 비슷 / 두께감: 적당함 / 신축성: 적당함,False,0,jemut,상의,L,화이트,2026,7,4,토,5,응답,정사이즈,화면과 비슷,,,,적당함,적당함,,,,3.0,3.0,,0.0,0.0,0.0,0.0,,,좋은 티셔츠이지만 한가지 아쉬운점은 쿨 제품 치고 그렇게 시원한 원단은 아니네요.,좋은티셔츠이지만한가지아쉬운점은쿨제품치고그렇게시원한원단은아니네요,0,0,0,0,0,False,45,34,45,True
4022791,85936288,general,GoosePark,옷감 재질이 부드럽고 사이즈가 정핏입니다. 가볍게 입기좋고 면재질이라 엄청 얇은건 아닙니다.,5.0,False,화이트 · XL,180.0,82.0,남성,2026-06-30 20:12:09,사이즈: 정사이즈 / 화면 대비 색감: 화면과 비슷 / 두께감: 적당함 / 신축성: 적당함,True,0,jemut,상의,XL,화이트,2026,6,30,화,5,응답,정사이즈,화면과 비슷,,,,적당함,적당함,,,,3.0,3.0,,0.0,0.0,0.0,0.0,,,옷감 재질이 부드럽고 사이즈가 정핏입니다. 가볍게 입기좋고 면재질이라 엄청 얇은건 아닙니다.,옷감재질이부드럽고사이즈가정핏입니다가볍게입기좋고면재질이라엄청얇은건아닙니다,0,0,0,0,0,False,51,39,51,True
4022791,85936276,style,GoosePark,옷감 재질이 부드럽고 사이즈가 정핏입니다. 가볍게 입기좋고 면재질이라 엄청 얇은건 아닙니다.,5.0,False,화이트 · XL,180.0,82.0,남성,2026-06-30 20:11:50,사이즈: 정사이즈 / 화면 대비 색감: 화면과 비슷 / 두께감: 적당함 / 신축성: 적당함,True,0,jemut,상의,XL,화이트,2026,6,30,화,5,응답,정사이즈,화면과 비슷,,,,적당함,적당함,,,,3.0,3.0,,0.0,0.0,0.0,0.0,,,옷감 재질이 부드럽고 사이즈가 정핏입니다. 가볍게 입기좋고 면재질이라 엄청 얇은건 아닙니다.,옷감재질이부드럽고사이즈가정핏입니다가볍게입기좋고면재질이라엄청얇은건아닙니다,0,0,0,0,0,False,51,39,51,True
4022791,85598281,general,shsh_j,좋습니다 좋아요 ㅎㅎ 잘입고있슴니다 재구매합니다,5.0,False,블랙 · L,171.0,78.0,남성,2026-06-23 07:41:40,사이즈: 정사이즈 / 화면 대비 색감: 화면과 비슷 / 두께감: 적당함 / 신축성: 적당함,True,0,jemut,상의,L,블랙,2026,6,23,화,5,응답,정사이즈,화면과 비슷,,,,적당함,적당함,,,,3.0,3.0,,0.0,0.0,0.0,0.0,,,좋습니다 좋아요 ㅎㅎ 잘입고있슴니다 재구매합니다,좋습니다좋아요잘입고있슴니다재구매합니다,2,0,0,0,0,False,26,20,26,True
﻿5407086,86003936,general,푸바오당근도둑,크롭치고는 많이 짧지 않아 정핏 느낌이 들고 어느정도 두께감이 있는편인거같습니다,5.0,False,블랙 · M,170.0,71.0,남성,2026-07-03 02:18:54,사이즈: 정사이즈 / 화면 대비 색감: 화면과 비슷 / 두께감: 두꺼움 / 신축성: 적당함,False,0,jemut,상의,M,블랙,2026,7,3,금,5,응답,정사이즈,화면과 비슷,,,,적당함,두꺼움,,,,3.0,4.0,,0.0,0.0,0.0,0.0,,,크롭치고는 많이 짧지 않아 정핏 느낌이 들고 어느정도 두께감이 있는편인거같습니다,크롭치고는많이짧지않아정핏느낌이들고어느정도두께감이있는편인거같습니다,0,0,0,0,0,False,44,35,44,True
5407086,85730387,general,mnihy,"크롭이라 해도 딱 적당한 기장이고, 넣입 안하면 보기 좋은 정도. 색감하고 팔길이가 너무 맘에 듭니다.",5.0,False,블랙 · 2XL,188.0,75.0,남성,2026-06-25 11:08:17,사이즈: 정사이즈 / 화면 대비 색감: 화면과 비슷 / 두께감: 적당함 / 신축성: 적당함,False,0,jemut,상의,2XL,블랙,2026,6,25,목,5,응답,정사이즈,화면과 비슷,,,,적당함,적당함,,,,3.0,3.0,,0.0,0.0,0.0,0.0,,,"크롭이라 해도 딱 적당한 기장이고, 넣입 안하면 보기 좋은 정도. 색감하고 팔길이가 너무 맘에 듭니다.",크롭이라해도딱적당한기장이고넣입안하면보기좋은정도색감하고팔길이가너무맘에듭니다,0,0,0,0,0,False,57,40,57,True
﻿557449,86041255,general,열뚱셧,"잘입을게요 재구매 가성비굿입니다 수고요 번창,",5.0,False,아이보리 · 2XL,183.0,80.0,여성,2026-07-04 17:19:07,사이즈: 정사이즈 / 화면 대비 색감: 화면과 비슷 / 두께감: 얇음 / 신축성: 적당함,False,0,jemut,상의,2XL,아이보리,2026,7,4,토,5,응답,정사이즈,화면과 비슷,,,,적당함,얇음,,,,3.0,2.0,,0.0,0.0,0.0,0.0,,,"잘입을게요 재구매 가성비굿입니다 수고요 번창,",잘입을게요재구매가성비굿입니다수고요번창,0,0,0,0,0,False,25,20,25,True
﻿4987046,85629888,general,정규민02,너무 얇지도 너무 두껍지도 않아서 데일리로 입기 딱 좋아요,5.0,False,그레이 · M,172.0,63.0,남성,2026-06-23 19:32:18,사이즈: 정사이즈 / 화면 대비 색감: 화면과 비슷 / 두께감: 적당함 / 신축성: 적당함,True,0,jemut,상의,M,그레이,2026,6,23,화,5,응답,정사이즈,화면과 비슷,,,,적당함,적당함,,,,3.0,3.0,,0.0,0.0,0.0,0.0,,,너무 얇지도 너무 두껍지도 않아서 데일리로 입기 딱 좋아요,너무얇지도너무두껍지도않아서데일리로입기딱좋아요,0,0,0,0,0,False,32,24,32,True
4987046,85629841,style,정규민02,엄청 얇지도 엄청 두껍지도 않아서 데일리로 입기 딱 좋아요,5.0,False,그레이 · M,172.0,63.0,남성,2026-06-23 19:31:38,사이즈: 정사이즈 / 화면 대비 색감: 화면과 비슷 / 두께감: 적당함 / 신축성: 적당함,True,0,jemut,상의,M,그레이,2026,6,23,화,5,응답,정사이즈,화면과 비슷,,,,적당함,적당함,,,,3.0,3.0,,0.0,0.0,0.0,0.0,,,엄청 얇지도 엄청 두껍지도 않아서 데일리로 입기 딱 좋아요,엄청얇지도엄청두껍지도않아서데일리로입기딱좋아요,0,0,0,0,0,False,32,24,32,True
﻿2487107,86035571,general,영리한인사동의상,구김생겨도 어두워서 큰 티는 안나요 색이 약간 초록빛 돕니다 참고하세요,5.0,False,네이비 · XL,175.0,77.0,남성,2026-07-04 13:32:41,사이즈: 정사이즈 / 화면 대비 색감: 밝음 / 퀄리티: 보통 / 구김: 많음,True,0,jemut,상의,XL,네이비,2026,7,4,토,5,응답,정사이즈,밝음,보통,많음,,,,,3.0,,,,2.0,0.0,0.0,1.0,1.0,,,구김생겨도 어두워서 큰 티는 안나요 색이 약간 초록빛 돕니다 참고하세요,구김생겨도어두워서큰티는안나요색이약간초록빛돕니다참고하세요,0,0,0,0,0,False,39,30,39,True
2487107,85777963,general,박깍꿍,좋은가격에 잘 구매했습니다 다만 마감 먼지가 너무많아서 아쉬워요 돌돌이필수,5.0,False,네이비 · 2XL,184.0,93.0,남성,2026-06-26 09:54:39,사이즈: 정사이즈 / 화면 대비 색감: 화면과 비슷 / 퀄리티: 보통 / 구김: 많음,False,0,jemut,상의,2XL,네이비,2026,6,26,금,5,응답,정사이즈,화면과 비슷,보통,많음,,,,,3.0,,,,2.0,0.0,0.0,0.0,0.0,,,좋은가격에 잘 구매했습니다 다만 마감 먼지가 너무많아서 아쉬워요 돌돌이필수,좋은가격에잘구매했습니다다만마감먼지가너무많아서아쉬워요돌돌이필수,0,0,0,0,0,False,41,33,41,True
﻿3181951,85832182,style,vitaminC,역시 제멋스럽게 탄탄하고 기본에 충실한 제품이네요 옷 정말 예쁩니다 살짝 한여름엔 힘들지도ㅜㅜ,5.0,False,다크네이비 · M,177.0,74.0,남성,2026-06-27 14:24:30,사이즈: 조금 큼 / 화면 대비 색감: 화면과 비슷 / 두께감: 매우 두꺼움 / 신축성: 강함,True,0,jemut,상의,M,다크네이비,2026,6,27,토,5,응답,조금 큼,화면과 비슷,,,,강함,매우 두꺼움,,,,4.0,5.0,,1.0,1.0,0.0,0.0,,,역시 제멋스럽게 탄탄하고 기본에 충실한 제품이네요 옷 정말 예쁩니다 살짝 한여름엔 힘들지도ㅜㅜ,역시제멋스럽게탄탄하고기본에충실한제품이네요옷정말예쁩니다살짝한여름엔힘들지도,0,2,0,0,0,False,52,39,52,True
3181951,85832169,general,vitaminC,역시 제멋스럽게 탄탄하고 기본에 충실한 제품이네요 옷 정말 예쁩니다 살짝 한여름엔 힘들지도ㅜㅜ,5.0,False,다크네이비 · M,177.0,74.0,남성,2026-06-27 14:24:11,사이즈: 조금 큼 / 화면 대비 색감: 화면과 비슷 / 두께감: 매우 두꺼움 / 신축성: 강함,False,0,jemut,상의,M,다크네이비,2026,6,27,토,5,응답,조금 큼,화면과 비슷,,,,강함,매우 두꺼움,,,,4.0,5.0,,1.0,1.0,0.0,0.0,,,역시 제멋스럽게 탄탄하고 기본에 충실한 제품이네요 옷 정말 예쁩니다 살짝 한여름엔 힘들지도ㅜㅜ,역시제멋스럽게탄탄하고기본에충실한제품이네요옷정말예쁩니다살짝한여름엔힘들지도,0,2,0,0,0,False,52,39,52,True
﻿4073393,85973733,general,마초막둥,오버핏을 원했는데 진짜 딱 재질과 핏을 완벽히 구현해준 옷입니다,5.0,False,딥그레이 · 2XL,177.0,82.0,남성,2026-07-01 23:24:23,사이즈: 조금 큼 / 화면 대비 색감: 어두움 / 두께감: 적당함 / 신축성: 적당함,False,0,jemut,상의,2XL,딥그레이,2026,7,1,수,5,응답,조금 큼,어두움,,,,적당함,적당함,,,,3.0,3.0,,1.0,1.0,-1.0,1.0,,,오버핏을 원했는데 진짜 딱 재질과 핏을 완벽히 구현해준 옷입니다,오버핏을원했는데진짜딱재질과핏을완벽히구현해준옷입니다,0,0,0,0,0,False,35,27,35,True
4073393,85809639,general,달ㅋ듬,"목 부분이 튼튼한 거 같아요. 잘 안늘어날 거 같음. 색감도, 사이즈도 만족",5.0,False,딥그레이 · L,168.0,60.0,남성,2026-06-26 22:02:27,사이즈: 정사이즈 / 화면 대비 색감: 화면과 비슷 / 두께감: 적당함 / 신축성: 적당함,False,0,jemut,상의,L,딥그레이,2026,6,26,금,5,응답,정사이즈,화면과 비슷,,,,적당함,적당함,,,,3.0,3.0,,0.0,0.0,0.0,0.0,,,"목 부분이 튼튼한 거 같아요. 잘 안늘어날 거 같음. 색감도, 사이즈도 만족",목부분이튼튼한거같아요잘안늘어날거같음색감도사이즈도만족,0,0,0,0,0,False,42,28,42,True
﻿4073361,85917644,style,옐로우피코트,편하게 입을옷니 필요했는데 무난하니 괜찮은것 같아요!,5.0,False,딥그레이 · XL,178.0,84.0,남성,2026-06-30 03:10:10,사이즈: 정사이즈 / 화면 대비 색감: 화면과 비슷 / 두께감: 적당함 / 신축성: 적당함,True,0,jemut,상의,XL,딥그레이,2026,6,30,화,5,응답,정사이즈,화면과 비슷,,,,적당함,적당함,,,,3.0,3.0,,0.0,0.0,0.0,0.0,,,편하게 입을옷니 필요했는데 무난하니 괜찮은것 같아요!,편하게입을옷니필요했는데무난하니괜찮은것같아요,0,0,1,0,0,False,29,23,29,True
4073361,85870169,general,드론타구슝슝,편하게 입기 좋은 옷 입니다. 무난하게 스타일링해서 즐길 수 있을 것 같습니다,5.0,False,딥그레이 · M,177.0,76.0,남성,2026-06-28 16:01:21,사이즈: 정사이즈 / 화면 대비 색감: 화면과 비슷 / 두께감: 적당함 / 신축성: 적당함,True,0,jemut,상의,M,딥그레이,2026,6,28,일,5,응답,정사이즈,화면과 비슷,,,,적당함,적당함,,,,3.0,3.0,,0.0,0.0,0.0,0.0,,,편하게 입기 좋은 옷 입니다. 무난하게 스타일링해서 즐길 수 있을 것 같습니다,편하게입기좋은옷입니다무난하게스타일링해서즐길수있을것같습니다,0,0,0,0,0,False,43,31,43,True
﻿2476156,85719170,general,Lukinz,여름에 무난하게 입기 좋아요 탄탄한 재질입니다,4.0,False,화이트 · M,175.0,70.0,남성,2026-06-25 00:16:28,사이즈: 조금 큼 / 화면 대비 색감: 화면과 비슷 / 두께감: 두꺼움 / 신축성: 적당함,False,0,jemut,상의,M,화이트,2026,6,25,목,4,응답,조금 큼,화면과 비슷,,,,적당함,두꺼움,,,,3.0,4.0,,1.0,1.0,0.0,0.0,,,여름에 무난하게 입기 좋아요 탄탄한 재질입니다,여름에무난하게입기좋아요탄탄한재질입니다,0,0,0,0,0,False,25,20,25,True
﻿4084463,85775411,general,화사한오스틴장갑,"원단이 탄탄하면서도 부드러워서 착용감이 정말 좋아요. 오버핏이라 편하게 입기 좋고 나그랑 디자인이라 캐주얼하면서도 핏이 예쁩니다. 세탁 후에도 크게 변형이 없어서 만족스럽고, 데일리 티셔츠로 자주 손이 가네요.^^",5.0,False,오트밀버건디 · M,159.0,45.0,여성,2026-06-26 08:32:25,사이즈: 많이 큼 / 화면 대비 색감: 화면과 비슷 / 두께감: 매우 두꺼움 / 신축성: 적당함,True,0,jemut,상의,M,오트밀버건디,2026,6,26,금,5,응답,많이 큼,화면과 비슷,,,,적당함,매우 두꺼움,,,,3.0,5.0,,2.0,2.0,0.0,0.0,,,"원단이 탄탄하면서도 부드러워서 착용감이 정말 좋아요. 오버핏이라 편하게 입기 좋고 나그랑 디자인이라 캐주얼하면서도 핏이 예쁩니다. 세탁 후에도 크게 변형이 없어서 만족스럽고, 데일리 티셔츠로 자주 손이 가네요.^^",원단이탄탄하면서도부드러워서착용감이정말좋아요오버핏이라편하게입기좋고나그랑디자인이라캐주얼하면서도핏이예쁩니다세탁후에도크게변형이없어서만족스럽고데일리티셔츠로자주손이가네요,0,0,0,0,0,False,119,88,119,True
﻿4044413,85469448,style,포도맛망고,캐주얼하게 편하게입고싶어서 구매했는데 넥카라가 포인트라 좋습니다,5.0,False,크림 · L,177.0,80.0,남성,2026-06-20 19:33:17,사이즈: 정사이즈 / 화면 대비 색감: 화면과 비슷 / 두께감: 적당함 / 신축성: 적당함,True,0,jemut,상의,L,크림,2026,6,20,토,5,응답,정사이즈,화면과 비슷,,,,적당함,적당함,,,,3.0,3.0,,0.0,0.0,0.0,0.0,,,캐주얼하게 편하게입고싶어서 구매했는데 넥카라가 포인트라 좋습니다,캐주얼하게편하게입고싶어서구매했는데넥카라가포인트라좋습니다,0,0,0,0,0,False,35,30,35,True
﻿4987044,85657529,general,LYCA0N,지금 세번째 구매입니다..너무 좋아요 신축성 두께 모두,5.0,False,브릭레드 · L,174.0,69.0,남성,2026-06-24 02:50:53,사이즈: 정사이즈 / 화면 대비 색감: 화면과 비슷 / 두께감: 적당함 / 신축성: 적당함,False,0,jemut,상의,L,브릭레드,2026,6,24,수,5,응답,정사이즈,화면과 비슷,,,,적당함,적당함,,,,3.0,3.0,,0.0,0.0,0.0,0.0,,,지금 세번째 구매입니다..너무 좋아요 신축성 두께 모두,지금세번째구매입니다너무좋아요신축성두께모두,0,0,0,0,0,False,30,22,30,True
﻿4044420,85778362,general,유익한대전양복,카키색 반팔티로 아주 적당하고 색깔도 예뻐요. 흰색 카라가 포인트라서 좋아요,5.0,False,애쉬카키 · L,182.0,83.0,남성,2026-06-26 10:06:35,사이즈: 정사이즈 / 화면 대비 색감: 화면과 비슷 / 두께감: 적당함 / 신축성: 적당함,True,0,jemut,상의,L,애쉬카키,2026,6,26,금,5,응답,정사이즈,화면과 비슷,,,,적당함,적당함,,,,3.0,3.0,,0.0,0.0,0.0,0.0,,,카키색 반팔티로 아주 적당하고 색깔도 예뻐요. 흰색 카라가 포인트라서 좋아요,카키색반팔티로아주적당하고색깔도예뻐요흰색카라가포인트라서좋아요,0,0,0,0,0,False,42,32,42,True
﻿6175818,86029879,general,리미티드에디숑,딱 기본 유넥 크롭으로 깔끔하게 입을 수 있어요 배송이 좀 걸렸지만 만족 합니다,5.0,False,화이트 · L,182.0,67.0,남성,2026-07-04 05:54:45,사이즈: 정사이즈 / 화면 대비 색감: 화면과 비슷 / 두께감: 적당함 / 신축성: 적당함,False,0,jemut,상의,L,화이트,2026,7,4,토,5,응답,정사이즈,화면과 비슷,,,,적당함,적당함,,,,3.0,3.0,,0.0,0.0,0.0,0.0,,,딱 기본 유넥 크롭으로 깔끔하게 입을 수 있어요 배송이 좀 걸렸지만 만족 합니다,딱기본유넥크롭으로깔끔하게입을수있어요배송이좀걸렸지만만족합니다,0,0,0,0,0,False,44,32,44,True
6175818,85946759,general,사나이문영우,u 일단 핏이 너무 마음에 들어요 적당히 크롭하고 구ㅛ굿,5.0,False,레드와인 · 2XL,185.0,120.0,남성,2026-07-01 02:23:53,사이즈: 조금 작음 / 화면 대비 색감: 화면과 비슷 / 두께감: 적당함 / 신축성: 적당함,False,0,jemut,상의,2XL,레드와인,2026,7,1,수,5,응답,조금 작음,화면과 비슷,,,,적당함,적당함,,,,3.0,3.0,,-1.0,1.0,0.0,0.0,,,u 일단 핏이 너무 마음에 들어요 적당히 크롭하고 구ㅛ굿,u일단핏이너무마음에들어요적당히크롭하고구굿,0,0,0,0,0,False,31,21,31,True
6175818,85856197,style,LaSen,"170cm 기준 L 사이즈로 선택했는데 적당히 여유 있는 핏이라 부담 없이 입기 좋습니다. 크롭 기장도 과하지 않아서 와이드 팬츠나 슬랙스와 매치하기 좋네요.  원단이 부드럽고 신축성이 있어서 착용감이 편안하고, U넥도 너무 깊지 않아 데일리로 입기 좋습니다. 그레이 컬러라 여기저기 코디하기 쉽고 2팩이라 가성비도 만족스럽습니다. 깔끔한 기본 반팔을 찾는 분들에게 추천합니다.",5.0,False,그레이 · L,170.0,70.0,남성,2026-06-28 03:05:37,사이즈: 정사이즈 / 화면 대비 색감: 화면과 비슷 / 두께감: 적당함 / 신축성: 적당함,True,1,jemut,상의,L,그레이,2026,6,28,일,5,응답,정사이즈,화면과 비슷,,,,적당함,적당함,,,,3.0,3.0,,0.0,0.0,0.0,0.0,,,"170cm 기준 L 사이즈로 선택했는데 적당히 여유 있는 핏이라 부담 없이 입기 좋습니다. 크롭 기장도 과하지 않아서 와이드 팬츠나 슬랙스와 매치하기 좋네요. 원단이 부드럽고 신축성이 있어서 착용감이 편안하고, U넥도 너무 깊지 않아 데일리로 입기 좋습니다. 그레이 컬러라 여기저기 코디하기 쉽고 2팩이라 가성비도 만족스럽습니다. 깔끔한 기본 반팔을 찾는 분들에게 추천합니다.",170cm기준l사이즈로선택했는데적당히여유있는핏이라부담없이입기좋습니다크롭기장도과하지않아서와이드팬츠나슬랙스와매치하기좋네요원단이부드럽고신축성이있어서착용감이편안하고u넥도너무깊지않아데일리로입기좋습니다그레이컬러라여기저기코디하기쉽고2팩이라가성비도만족스럽습니다깔끔한기본반팔을찾는분들에게추천합니다,0,0,0,0,0,False,211,148,210,True
6175818,85572421,style,아마제일멋진놈,늘필요하다고 생각했던 기장의 반팔티네요 좋습니다,4.0,False,화이트 · XL,176.0,85.0,남성,2026-06-22 18:08:07,사이즈: 정사이즈 / 화면 대비 색감: 화면과 비슷 / 두께감: 적당함 / 신축성: 적당함,True,0,jemut,상의,XL,화이트,2026,6,22,월,4,응답,정사이즈,화면과 비슷,,,,적당함,적당함,,,,3.0,3.0,,0.0,0.0,0.0,0.0,,,늘필요하다고 생각했던 기장의 반팔티네요 좋습니다,늘필요하다고생각했던기장의반팔티네요좋습니다,0,0,0,0,0,False,26,22,26,True
6175818,85544053,general,냉담한스웨덴조끼,이너로 입기 좋아요 팔부분은 좀 긴거같긴한데 이너로 입을땐 큰 문제는 없음,5.0,False,화이트 · M,169.0,60.0,남성,2026-06-22 01:43:33,사이즈: 정사이즈 / 화면 대비 색감: 화면과 비슷 / 두께감: 적당함 / 신축성: 거의 없음,True,0,jemut,상의,M,화이트,2026,6,22,월,5,응답,정사이즈,화면과 비슷,,,,거의 없음,적당함,,,,2.0,3.0,,0.0,0.0,0.0,0.0,,,이너로 입기 좋아요 팔부분은 좀 긴거같긴한데 이너로 입을땐 큰 문제는 없음,이너로입기좋아요팔부분은좀긴거같긴한데이너로입을땐큰문제는없음,0,0,0,0,0,False,41,31,41,True
﻿4391290,85893457,general,스웨터98,세일할때 저렴한 가격에 잘 샀어요 가을에 잘 입고 다니려구요,5.0,False,브라운 · 2XL,170.0,94.0,남성,2026-06-29 09:59:55,사이즈: 조금 작음 / 화면 대비 색감: 화면과 비슷 / 퀄리티: 매우 좋음 / 구김: 약간 있음,False,0,jemut,상의,2XL,브라운,2026,6,29,월,5,응답,조금 작음,화면과 비슷,매우 좋음,약간 있음,,,,,5.0,,,,3.0,-1.0,1.0,0.0,0.0,,,세일할때 저렴한 가격에 잘 샀어요 가을에 잘 입고 다니려구요,세일할때저렴한가격에잘샀어요가을에잘입고다니려구요,0,0,0,0,0,False,33,25,33,True
﻿4044417,86017492,style,참신한살구색백팩,스트리므 무드 느낌으로 다른 옷들이랑 레이어드 하기 좋았어요. 카라 덕분에 밋밋한 느낌이 없어요.,4.0,False,브라운 · M,169.0,48.0,남성,2026-07-03 17:22:55,사이즈: 정사이즈 / 화면 대비 색감: 밝음 / 두께감: 적당함 / 신축성: 적당함,True,0,jemut,상의,M,브라운,2026,7,3,금,4,응답,정사이즈,밝음,,,,적당함,적당함,,,,3.0,3.0,,0.0,0.0,1.0,1.0,,,스트리므 무드 느낌으로 다른 옷들이랑 레이어드 하기 좋았어요. 카라 덕분에 밋밋한 느낌이 없어요.,스트리므무드느낌으로다른옷들이랑레이어드하기좋았어요카라덕분에밋밋한느낌이없어요,0,0,0,0,0,False,54,40,54,True
4044417,85585273,general,리틀고스트,예쁜 투톤의 카라 티셔츠에요 카라 색상도 크림 ~ 아이보리에 가까워서 브라운이랑 잘 어울려요.,5.0,False,브라운 · L,176.0,77.0,남성,2026-06-22 22:10:33,사이즈: 조금 큼 / 화면 대비 색감: 화면과 비슷 / 두께감: 적당함 / 신축성: 적당함,True,0,jemut,상의,L,브라운,2026,6,22,월,5,응답,조금 큼,화면과 비슷,,,,적당함,적당함,,,,3.0,3.0,,1.0,1.0,0.0,0.0,,,예쁜 투톤의 카라 티셔츠에요 카라 색상도 크림 ~ 아이보리에 가까워서 브라운이랑 잘 어울려요.,예쁜투톤의카라티셔츠에요카라색상도크림아이보리에가까워서브라운이랑잘어울려요,0,0,0,0,0,False,52,38,52,True
﻿4073381,85844168,general,짱귀요미혁,옷이 좋아요 편하고 다음에도 기회가 된다면 구매할거같습니다,5.0,False,브라운 · 2XL,179.0,90.0,남성,2026-06-27 19:50:21,사이즈: 정사이즈 / 화면 대비 색감: 화면과 비슷 / 두께감: 적당함 / 신축성: 적당함,False,0,jemut,상의,2XL,브라운,2026,6,27,토,5,응답,정사이즈,화면과 비슷,,,,적당함,적당함,,,,3.0,3.0,,0.0,0.0,0.0,0.0,,,옷이 좋아요 편하고 다음에도 기회가 된다면 구매할거같습니다,옷이좋아요편하고다음에도기회가된다면구매할거같습니다,0,0,0,0,0,False,32,26,32,True
4073381,85806736,general,ppeumpp,전에 그레이 구매해서 입었는데 만족해서 다른색구매했어요! 그린도 다시 들어오면 사고싶네요,5.0,False,브라운 · XL,173.0,99.0,남성,2026-06-26 21:04:20,사이즈: 정사이즈 / 화면 대비 색감: 화면과 비슷 / 두께감: 적당함 / 신축성: 적당함,True,0,jemut,상의,XL,브라운,2026,6,26,금,5,응답,정사이즈,화면과 비슷,,,,적당함,적당함,,,,3.0,3.0,,0.0,0.0,0.0,0.0,,,전에 그레이 구매해서 입었는데 만족해서 다른색구매했어요! 그린도 다시 들어오면 사고싶네요,전에그레이구매해서입었는데만족해서다른색구매했어요그린도다시들어오면사고싶네요,0,0,1,0,0,False,49,39,49,True
﻿6017007,85781216,style,박동지,약간 뻣뻣한 질감의 가성비 좋은 긴팔 티셔츠입니다. 색감도 예뻐요,5.0,False,다크그레이 · 2XL,185.0,87.0,남성,2026-06-26 11:26:35,사이즈: 정사이즈 / 화면 대비 색감: 화면과 비슷 / 두께감: 적당함 / 신축성: 적당함,True,0,jemut,상의,2XL,다크그레이,2026,6,26,금,5,응답,정사이즈,화면과 비슷,,,,적당함,적당함,,,,3.0,3.0,,0.0,0.0,0.0,0.0,,,약간 뻣뻣한 질감의 가성비 좋은 긴팔 티셔츠입니다. 색감도 예뻐요,약간뻣뻣한질감의가성비좋은긴팔티셔츠입니다색감도예뻐요,0,0,0,0,0,False,36,27,36,True
6017007,85730375,general,mnihy,"크롭이라 해도 딱 적당한 기장이고, 넣입 안하면 보기 좋은 정도. 색감하고 팔길이가 너무 맘에 듭니다.",5.0,False,다크그레이 · 2XL,188.0,75.0,남성,2026-06-25 11:08:00,사이즈: 정사이즈 / 화면 대비 색감: 화면과 비슷 / 두께감: 적당함 / 신축성: 적당함,False,0,jemut,상의,2XL,다크그레이,2026,6,25,목,5,응답,정사이즈,화면과 비슷,,,,적당함,적당함,,,,3.0,3.0,,0.0,0.0,0.0,0.0,,,"크롭이라 해도 딱 적당한 기장이고, 넣입 안하면 보기 좋은 정도. 색감하고 팔길이가 너무 맘에 듭니다.",크롭이라해도딱적당한기장이고넣입안하면보기좋은정도색감하고팔길이가너무맘에듭니다,0,0,0,0,0,False,57,40,57,True
6017007,85660810,general,박동지,핏이 좋고 색감도 좋네요. 무진장 세일 기간중에 싸게 잘 샀습니다,5.0,False,다크그레이 · 2XL,185.0,87.0,남성,2026-06-24 07:48:24,사이즈: 정사이즈 / 화면 대비 색감: 화면과 비슷 / 두께감: 얇음 / 신축성: 적당함,True,0,jemut,상의,2XL,다크그레이,2026,6,24,수,5,응답,정사이즈,화면과 비슷,,,,적당함,얇음,,,,3.0,2.0,,0.0,0.0,0.0,0.0,,,핏이 좋고 색감도 좋네요. 무진장 세일 기간중에 싸게 잘 샀습니다,핏이좋고색감도좋네요무진장세일기간중에싸게잘샀습니다,0,0,0,0,0,False,36,26,36,True
﻿5129631,85984706,general,쿨한이집트뽀글이,사이즈감 좋고 하늘하늘 거리는 소재라 단품으로 입기 좋아요,5.0,False,블랙 · L,170.0,73.0,남성,2026-07-02 13:19:08,사이즈: 정사이즈 / 화면 대비 색감: 화면과 비슷 / 두께감: 적당함 / 신축성: 적당함,False,0,jemut,상의,L,블랙,2026,7,2,목,5,응답,정사이즈,화면과 비슷,,,,적당함,적당함,,,,3.0,3.0,,0.0,0.0,0.0,0.0,,,사이즈감 좋고 하늘하늘 거리는 소재라 단품으로 입기 좋아요,사이즈감좋고하늘하늘거리는소재라단품으로입기좋아요,0,0,0,0,0,False,32,25,32,True
5129631,85941684,general,구수마을,품은 적당히 넉넉한데 소매는 꽤 길어요. 흰색인데 비침이 적어서 좋습니다,5.0,False,다크그레이 · M,166.0,65.0,여성,2026-06-30 22:45:06,사이즈: 정사이즈 / 화면 대비 색감: 화면과 비슷 / 두께감: 적당함 / 신축성: 적당함,False,0,jemut,상의,M,다크그레이,2026,6,30,화,5,응답,정사이즈,화면과 비슷,,,,적당함,적당함,,,,3.0,3.0,,0.0,0.0,0.0,0.0,,,품은 적당히 넉넉한데 소매는 꽤 길어요. 흰색인데 비침이 적어서 좋습니다,품은적당히넉넉한데소매는꽤길어요흰색인데비침이적어서좋습니다,0,0,0,0,0,False,40,30,40,True
﻿4042936,85009206,style,알찬자색머슬핏,여름에 덥다고 느낄수있는 두께감이지만 그덕에 옷이 후즐근해 보이지않고 고급스러워 보입니다 생각했던것보다 훨씬 마음에 드네요 사이즈도 좋아요,5.0,False,아이보리 · XL,185.0,72.0,남성,2026-06-21 16:42:04,사이즈: 정사이즈 / 화면 대비 색감: 화면과 비슷 / 두께감: 두꺼움 / 신축성: 적당함,True,0,jemut,상의,XL,아이보리,2026,6,21,일,5,응답,정사이즈,화면과 비슷,,,,적당함,두꺼움,,,,3.0,4.0,,0.0,0.0,0.0,0.0,,,여름에 덥다고 느낄수있는 두께감이지만 그덕에 옷이 후즐근해 보이지않고 고급스러워 보입니다 생각했던것보다 훨씬 마음에 드네요 사이즈도 좋아요,여름에덥다고느낄수있는두께감이지만그덕에옷이후즐근해보이지않고고급스러워보입니다생각했던것보다훨씬마음에드네요사이즈도좋아요,0,0,0,0,0,False,77,62,77,True
﻿5182484,85561710,general,리라로롸라,거의 색깔별로 무채색 다샀네요 잘입을게요 배송도 굿,5.0,False,다크그레이 · XL,182.0,76.0,남성,2026-06-22 14:18:49,사이즈: 정사이즈 / 화면 대비 색감: 화면과 비슷 / 두께감: 적당함 / 신축성: 적당함,False,0,jemut,상의,XL,다크그레이,2026,6,22,월,5,응답,정사이즈,화면과 비슷,,,,적당함,적당함,,,,3.0,3.0,,0.0,0.0,0.0,0.0,,,거의 색깔별로 무채색 다샀네요 잘입을게요 배송도 굿,거의색깔별로무채색다샀네요잘입을게요배송도굿,0,0,0,0,0,False,28,22,28,True
﻿3226686,85719298,general,Lukinz,적당한 프린팅이라 여름에 대청 휘뚜리루리 입기 좋을듯여,4.0,False,화이트 · L,175.0,70.0,남성,2026-06-25 00:18:43,사이즈: 조금 큼 / 화면 대비 색감: 화면과 비슷 / 두께감: 적당함 / 신축성: 적당함,False,0,jemut,상의,L,화이트,2026,6,25,목,4,응답,조금 큼,화면과 비슷,,,,적당함,적당함,,,,3.0,3.0,,1.0,1.0,0.0,0.0,,,적당한 프린팅이라 여름에 대청 휘뚜리루리 입기 좋을듯여,적당한프린팅이라여름에대청휘뚜리루리입기좋을듯여,0,0,0,0,0,False,30,24,30,True
﻿6175817,85867455,general,괴로운프라하자켓,생각보다 탄탄하지도 않고 구김이 많이가는 재질이라 싼티가좀 납니다,3.0,False,화이트 · L,167.0,65.0,남성,2026-06-28 14:44:04,사이즈: 정사이즈 / 화면 대비 색감: 화면과 비슷 / 두께감: 얇음 / 신축성: 거의 없음,False,0,jemut,상의,L,화이트,2026,6,28,일,3,응답,정사이즈,화면과 비슷,,,,거의 없음,얇음,,,,2.0,2.0,,0.0,0.0,0.0,0.0,,,생각보다 탄탄하지도 않고 구김이 많이가는 재질이라 싼티가좀 납니다,생각보다탄탄하지도않고구김이많이가는재질이라싼티가좀납니다,0,0,0,0,0,False,36,29,36,True
﻿5060352,85837707,style,맛초킹이최고야,오버핏이라서 하나 작게 가는게좋고 한여름 전에는 좋은 두께라 잘 입을거 같아요 깔끔해서 좋은듯,5.0,False,블랙 · M,170.0,71.0,남성,2026-06-27 16:51:00,사이즈: 조금 큼 / 화면 대비 색감: 화면과 비슷 / 퀄리티: 좋음 / 구김: 거의 없음,True,0,jemut,상의,M,블랙,2026,6,27,토,5,응답,조금 큼,화면과 비슷,좋음,거의 없음,,,,,4.0,,,,4.0,1.0,1.0,0.0,0.0,,,오버핏이라서 하나 작게 가는게좋고 한여름 전에는 좋은 두께라 잘 입을거 같아요 깔끔해서 좋은듯,오버핏이라서하나작게가는게좋고한여름전에는좋은두께라잘입을거같아요깔끔해서좋은듯,0,0,0,0,0,False,52,40,52,True
5060352,85837645,general,맛초킹이최고야,옷이 오버핏이어서 사이즈 하나 작게해도 전혀 문제없고 색감이나 촉감도 좋아용,5.0,False,블랙 · M,170.0,71.0,남성,2026-06-27 16:49:30,사이즈: 조금 큼 / 화면 대비 색감: 화면과 비슷 / 퀄리티: 좋음 / 구김: 거의 없음,True,0,jemut,상의,M,블랙,2026,6,27,토,5,응답,조금 큼,화면과 비슷,좋음,거의 없음,,,,,4.0,,,,4.0,1.0,1.0,0.0,0.0,,,옷이 오버핏이어서 사이즈 하나 작게해도 전혀 문제없고 색감이나 촉감도 좋아용,옷이오버핏이어서사이즈하나작게해도전혀문제없고색감이나촉감도좋아용,0,0,0,0,0,False,42,33,42,True
﻿5045662,85680889,style,SQR666,"색상은 사이트에 나와 있는 것하고 똑같네요. 디자인. 핏, 색상 모든 것이 마음에 들어요.",5.0,False,블랙 · L,170.0,85.0,남성,2026-06-24 14:46:42,사이즈: 정사이즈 / 화면 대비 색감: 화면과 비슷 / 두께감: 적당함 / 신축성: 적당함,True,0,jemut,상의,L,블랙,2026,6,24,수,5,응답,정사이즈,화면과 비슷,,,,적당함,적당함,,,,3.0,3.0,,0.0,0.0,0.0,0.0,,,"색상은 사이트에 나와 있는 것하고 똑같네요. 디자인. 핏, 색상 모든 것이 마음에 들어요.",색상은사이트에나와있는것하고똑같네요디자인핏색상모든것이마음에들어요,0,0,0,0,0,False,50,34,50,True
﻿5045660,85634852,general,행복한뉴델리쇼핑,가격대비 상태 좋습니다. 정사이즈로 추천 합니다,5.0,False,네이비 · L,180.0,82.0,남성,2026-06-23 20:39:34,사이즈: 정사이즈 / 화면 대비 색감: 화면과 비슷 / 두께감: 적당함 / 신축성: 적당함,False,0,jemut,상의,L,네이비,2026,6,23,화,5,응답,정사이즈,화면과 비슷,,,,적당함,적당함,,,,3.0,3.0,,0.0,0.0,0.0,0.0,,,가격대비 상태 좋습니다. 정사이즈로 추천 합니다,가격대비상태좋습니다정사이즈로추천합니다,0,0,0,0,0,False,26,20,26,True
﻿3330958,85708537,general,전문적인대구향수,평소에 엑스라지 입는데 M 밖에 안남아서 반신 많이 하면서 샀는데 아주 잘 맞습니다. 크게 잘 나왔네요. 주저하지 말고 사세요. 정말 예뻐요.,5.0,False,네이비 · M,164.0,72.0,여성,2026-06-24 21:58:37,사이즈: 많이 큼 / 화면 대비 색감: 화면과 비슷 / 두께감: 적당함 / 신축성: 강함,False,0,jemut,상의,M,네이비,2026,6,24,수,5,응답,많이 큼,화면과 비슷,,,,강함,적당함,,,,4.0,3.0,,2.0,2.0,0.0,0.0,,,평소에 엑스라지 입는데 M 밖에 안남아서 반신 많이 하면서 샀는데 아주 잘 맞습니다. 크게 잘 나왔네요. 주저하지 말고 사세요. 정말 예뻐요.,평소에엑스라지입는데m밖에안남아서반신많이하면서샀는데아주잘맞습니다크게잘나왔네요주저하지말고사세요정말예뻐요,0,0,0,0,0,False,79,54,79,True
﻿6410387,86065831,general,병아리2백마리,2팩이라 가성비도 좋고 이쁩니다 여자친구가 좋아하네요,5.0,False,브릭레드 · L,170.0,65.0,남성,2026-07-05 18:13:38,사이즈: 정사이즈 / 화면 대비 색감: 화면과 비슷 / 두께감: 적당함 / 신축성: 적당함,True,0,jemut,상의,L,브릭레드,2026,7,5,일,5,응답,정사이즈,화면과 비슷,,,,적당함,적당함,,,,3.0,3.0,,0.0,0.0,0.0,0.0,,,2팩이라 가성비도 좋고 이쁩니다 여자친구가 좋아하네요,2팩이라가성비도좋고이쁩니다여자친구가좋아하네요,0,0,0,0,0,False,29,23,29,True
6410387,86030718,general,격렬한헝가리정장,기장이 길지 않아서 좋고 색깔이 너무 이쁜거같아요,5.0,False,크림 · L,172.0,75.0,남성,2026-07-04 08:33:04,사이즈: 정사이즈 / 화면 대비 색감: 화면과 비슷 / 두께감: 적당함 / 신축성: 적당함,False,0,jemut,상의,L,크림,2026,7,4,토,5,응답,정사이즈,화면과 비슷,,,,적당함,적당함,,,,3.0,3.0,,0.0,0.0,0.0,0.0,,,기장이 길지 않아서 좋고 색깔이 너무 이쁜거같아요,기장이길지않아서좋고색깔이너무이쁜거같아요,0,0,0,0,0,False,27,21,27,True
6410387,85838552,general,XXMZLL,이벤트라서 샀는데 가성비 진짜 좋고 전투복으로 입고있어요,5.0,False,네이비 · M,171.0,67.0,남성,2026-06-27 17:12:04,사이즈: 정사이즈 / 화면 대비 색감: 화면과 비슷 / 두께감: 적당함 / 신축성: 적당함,False,0,jemut,상의,M,네이비,2026,6,27,토,5,응답,정사이즈,화면과 비슷,,,,적당함,적당함,,,,3.0,3.0,,0.0,0.0,0.0,0.0,,,이벤트라서 샀는데 가성비 진짜 좋고 전투복으로 입고있어요,이벤트라서샀는데가성비진짜좋고전투복으로입고있어요,0,0,0,0,0,False,31,25,31,True
﻿5129621,85764082,general,놀라운이대토트백,가격대비 퀄리티가 좋아요~ 통풍잘되는 재질이라 좋습니다,5.0,False,카키 · L,173.0,66.0,missing,2026-06-25 22:32:01,사이즈: 정사이즈 / 화면 대비 색감: 화면과 비슷 / 퀄리티: 보통 / 구김: 약간 있음,False,0,jemut,상의,L,카키,2026,6,25,목,5,응답,정사이즈,화면과 비슷,보통,약간 있음,,,,,3.0,,,,3.0,0.0,0.0,0.0,0.0,,,가격대비 퀄리티가 좋아요~ 통풍잘되는 재질이라 좋습니다,가격대비퀄리티가좋아요통풍잘되는재질이라좋습니다,0,0,0,0,0,False,30,24,30,True
﻿4084470,85692844,style,유혹적인홍대시크,배송이 아주 빠르고 좋은가격에 좋은상품 구입햇네요.,4.0,False,베이지브라운 · XL,177.0,76.0,남성,2026-06-24 18:11:07,사이즈: 정사이즈 / 화면 대비 색감: 화면과 비슷 / 두께감: 적당함 / 신축성: 적당함,True,0,jemut,상의,XL,베이지브라운,2026,6,24,수,4,응답,정사이즈,화면과 비슷,,,,적당함,적당함,,,,3.0,3.0,,0.0,0.0,0.0,0.0,,,배송이 아주 빠르고 좋은가격에 좋은상품 구입햇네요.,배송이아주빠르고좋은가격에좋은상품구입햇네요,0,0,0,0,0,False,28,22,28,True
4084470,85692776,general,유혹적인홍대시크,배송이 빠르고 가격대비 만족스런 상품입니다. 래글런이라 그런지 목은 좀 조아는..,4.0,False,베이지브라운 · XL,177.0,76.0,남성,2026-06-24 18:10:13,사이즈: 정사이즈 / 화면 대비 색감: 화면과 비슷 / 두께감: 적당함 / 신축성: 적당함,True,0,jemut,상의,XL,베이지브라운,2026,6,24,수,4,응답,정사이즈,화면과 비슷,,,,적당함,적당함,,,,3.0,3.0,,0.0,0.0,0.0,0.0,,,배송이 빠르고 가격대비 만족스런 상품입니다. 래글런이라 그런지 목은 좀 조아는..,배송이빠르고가격대비만족스런상품입니다래글런이라그런지목은좀조아는,0,0,0,0,0,False,45,33,45,True
﻿3330950,85902856,general,우수한아이보리뮬,배가 최근에 갑자기 너무 나와서 기존에 입던 옷들이 도저히 맞지않아서 새로 구입했는데 맞는사이즈가 있어서 다행입니다. 원단도 좋고 가성비 좋아보입니다.,5.0,False,스카이블루 · 2XL,178.0,100.0,남성,2026-06-29 16:31:28,사이즈: 조금 큼 / 화면 대비 색감: 화면과 비슷 / 퀄리티: 좋음 / 구김: 약간 있음,False,0,jemut,상의,2XL,스카이블루,2026,6,29,월,5,응답,조금 큼,화면과 비슷,좋음,약간 있음,,,,,4.0,,,,3.0,1.0,1.0,0.0,0.0,,,배가 최근에 갑자기 너무 나와서 기존에 입던 옷들이 도저히 맞지않아서 새로 구입했는데 맞는사이즈가 있어서 다행입니다. 원단도 좋고 가성비 좋아보입니다.,배가최근에갑자기너무나와서기존에입던옷들이도저히맞지않아서새로구입했는데맞는사이즈가있어서다행입니다원단도좋고가성비좋아보입니다,0,0,0,0,0,False,84,64,84,True
﻿3348292,86010776,general,수건남,사이즈는 좋은데 색깔이 좀 쨍해서 바지를 잘 입어야 할 것 같아요,5.0,False,소프트핑크 · L,173.0,77.0,남성,2026-07-03 12:38:55,사이즈: 정사이즈 / 화면 대비 색감: 화면과 비슷 / 퀄리티: 보통 / 구김: 약간 있음,False,0,jemut,상의,L,소프트핑크,2026,7,3,금,5,응답,정사이즈,화면과 비슷,보통,약간 있음,,,,,3.0,,,,3.0,0.0,0.0,0.0,0.0,,,사이즈는 좋은데 색깔이 좀 쨍해서 바지를 잘 입어야 할 것 같아요,사이즈는좋은데색깔이좀쨍해서바지를잘입어야할것같아요,0,0,0,0,0,False,36,26,36,True
﻿5060355,85777888,general,박깍꿍,"다좋은데 옷마감이랑 안에 실밥이랑 찌거기가 너무많네요, 세탁전에 돌돌이 필수에요",5.0,False,네이비 · XL,184.0,93.0,남성,2026-06-26 09:51:58,사이즈: 정사이즈 / 화면 대비 색감: 화면과 비슷 / 퀄리티: 나쁨 / 구김: 많음,False,0,jemut,상의,XL,네이비,2026,6,26,금,5,응답,정사이즈,화면과 비슷,나쁨,많음,,,,,2.0,,,,2.0,0.0,0.0,0.0,0.0,,,"다좋은데 옷마감이랑 안에 실밥이랑 찌거기가 너무많네요, 세탁전에 돌돌이 필수에요",다좋은데옷마감이랑안에실밥이랑찌거기가너무많네요세탁전에돌돌이필수에요,0,0,0,0,0,False,44,35,44,True
﻿5045663,85579190,general,콩오옹오로,잘 받았습니다 매년 구매해서 입고있어요 이번 카라부분 색 너무 맘에들고 녹색 톤 다운 된것도 맘에 들어요,5.0,False,올리브 · 2XL,185.0,95.0,남성,2026-06-22 20:19:36,사이즈: 정사이즈 / 화면 대비 색감: 화면과 비슷 / 두께감: 적당함 / 신축성: 적당함,True,0,jemut,상의,2XL,올리브,2026,6,22,월,5,응답,정사이즈,화면과 비슷,,,,적당함,적당함,,,,3.0,3.0,,0.0,0.0,0.0,0.0,,,잘 받았습니다 매년 구매해서 입고있어요 이번 카라부분 색 너무 맘에들고 녹색 톤 다운 된것도 맘에 들어요,잘받았습니다매년구매해서입고있어요이번카라부분색너무맘에들고녹색톤다운된것도맘에들어요,0,0,0,0,0,False,58,43,58,True
5045663,85578883,style,콩오옹오로,매년 구매하고 있습니다 키 185 몸무게 95킬로 인데도 2엑스 라지 여유있게 잘 맞고 소재도 좋고 색감도 좋도 매년 리뉴얼 되서 나오면 또 구매할께요 이번년도는 반팔끝에 디테일 추가된것도 맘에 드네요..,5.0,False,올리브 · 2XL,185.0,95.0,남성,2026-06-22 20:14:10,사이즈: 정사이즈 / 화면 대비 색감: 화면과 비슷 / 두께감: 적당함 / 신축성: 적당함,True,0,jemut,상의,2XL,올리브,2026,6,22,월,5,응답,정사이즈,화면과 비슷,,,,적당함,적당함,,,,3.0,3.0,,0.0,0.0,0.0,0.0,,,매년 구매하고 있습니다 키 185 몸무게 95킬로 인데도 2엑스 라지 여유있게 잘 맞고 소재도 좋고 색감도 좋도 매년 리뉴얼 되서 나오면 또 구매할께요 이번년도는 반팔끝에 디테일 추가된것도 맘에 드네요..,매년구매하고있습니다키185몸무게95킬로인데도2엑스라지여유있게잘맞고소재도좋고색감도좋도매년리뉴얼되서나오면또구매할께요이번년도는반팔끝에디테일추가된것도맘에드네요,0,0,0,0,0,False,114,78,114,True
﻿6175811,85728655,style,넥소블리안,평소 100 입는데요 잘 맟습니다 색감도 좋구요 맨살의 감촉도 좋아요,4.0,False,보카시카키 · L,177.0,70.0,missing,2026-06-25 10:11:13,사이즈: 정사이즈 / 화면 대비 색감: 화면과 비슷 / 두께감: 적당함 / 신축성: 적당함,True,0,jemut,상의,L,보카시카키,2026,6,25,목,4,응답,정사이즈,화면과 비슷,,,,적당함,적당함,,,,3.0,3.0,,0.0,0.0,0.0,0.0,,,평소 100 입는데요 잘 맟습니다 색감도 좋구요 맨살의 감촉도 좋아요,평소100입는데요잘맟습니다색감도좋구요맨살의감촉도좋아요,0,0,0,0,0,False,38,26,38,True
6175811,85728631,general,넥소블리안,평소 100 입는데요 잘 맟습니다 색감도 좋구요 맨살의 감촉도 좋아요,4.0,False,보카시카키 · L,177.0,70.0,missing,2026-06-25 10:10:20,사이즈: 정사이즈 / 화면 대비 색감: 화면과 비슷 / 두께감: 적당함 / 신축성: 적당함,True,0,jemut,상의,L,보카시카키,2026,6,25,목,4,응답,정사이즈,화면과 비슷,,,,적당함,적당함,,,,3.0,3.0,,0.0,0.0,0.0,0.0,,,평소 100 입는데요 잘 맟습니다 색감도 좋구요 맨살의 감촉도 좋아요,평소100입는데요잘맟습니다색감도좋구요맨살의감촉도좋아요,0,0,0,0,0,False,38,26,38,True
﻿5129629,86036012,general,꾸안꾸꾸꾸안,생각보다 부들부들 하고 촉감이 좋습니다. 유넥이라서 답답해 보이지 않고 기장도 크롭해서 스타일리시 하네요,4.0,False,블랙 · M,172.0,60.0,남성,2026-07-04 13:48:13,사이즈: 정사이즈 / 화면 대비 색감: 화면과 비슷 / 두께감: 적당함 / 신축성: 적당함,False,0,jemut,상의,M,블랙,2026,7,4,토,4,응답,정사이즈,화면과 비슷,,,,적당함,적당함,,,,3.0,3.0,,0.0,0.0,0.0,0.0,,,생각보다 부들부들 하고 촉감이 좋습니다. 유넥이라서 답답해 보이지 않고 기장도 크롭해서 스타일리시 하네요,생각보다부들부들하고촉감이좋습니다유넥이라서답답해보이지않고기장도크롭해서스타일리시하네요,0,0,0,0,0,False,58,45,58,True
﻿5129624,86003150,general,현구강,옷재질이 특히 마음에 듭니다. 시원하게 잘입고 있습니다~,5.0,False,네이비 · XL,178.0,75.0,남성,2026-07-03 01:01:37,사이즈: 정사이즈 / 화면 대비 색감: 화면과 비슷 / 두께감: 얇음 / 신축성: 적당함,False,0,jemut,상의,XL,네이비,2026,7,3,금,5,응답,정사이즈,화면과 비슷,,,,적당함,얇음,,,,3.0,2.0,,0.0,0.0,0.0,0.0,,,옷재질이 특히 마음에 듭니다. 시원하게 잘입고 있습니다~,옷재질이특히마음에듭니다시원하게잘입고있습니다,0,0,0,0,0,False,31,23,31,True
﻿6175810,85747711,general,우오아와와오앙,정말 잘 입고 다닙니다.아주 예쁘고 마음에 들어요~ 재구매 의상 있습니다,5.0,False,레드와인 · M,175.0,60.0,남성,2026-06-25 17:58:00,사이즈: 정사이즈 / 화면 대비 색감: 화면과 비슷 / 두께감: 적당함 / 신축성: 적당함,False,0,jemut,상의,M,레드와인,2026,6,25,목,5,응답,정사이즈,화면과 비슷,,,,적당함,적당함,,,,3.0,3.0,,0.0,0.0,0.0,0.0,,,정말 잘 입고 다닙니다.아주 예쁘고 마음에 들어요~ 재구매 의상 있습니다,정말잘입고다닙니다아주예쁘고마음에들어요재구매의상있습니다,0,0,0,0,0,False,40,29,40,True
﻿5129600,85749442,general,마용이다,저번에 블랙사고 너무 맘에들어서 이번엔 화이트로 사버렸네요 이쁩니다 저는 워낙 크게입는편이라 사이즈 딱 좋구요 약간 구김이있었지만 어차피 세탁할거라 괜찮구용 재질도 마감도 좋았습니다,5.0,False,화이트 · M,155.0,55.0,여성,2026-06-25 18:36:59,사이즈: 정사이즈 / 화면 대비 색감: 화면과 비슷 / 퀄리티: 매우 좋음 / 구김: 약간 있음,True,0,jemut,상의,M,화이트,2026,6,25,목,5,응답,정사이즈,화면과 비슷,매우 좋음,약간 있음,,,,,5.0,,,,3.0,0.0,0.0,0.0,0.0,,,저번에 블랙사고 너무 맘에들어서 이번엔 화이트로 사버렸네요 이쁩니다 저는 워낙 크게입는편이라 사이즈 딱 좋구요 약간 구김이있었지만 어차피 세탁할거라 괜찮구용 재질도 마감도 좋았습니다,저번에블랙사고너무맘에들어서이번엔화이트로사버렸네요이쁩니다저는워낙크게입는편이라사이즈딱좋구요약간구김이있었지만어차피세탁할거라괜찮구용재질도마감도좋았습니다,0,0,0,0,0,False,101,80,101,True
﻿1617884,85767191,general,ksad,예전부터 구매를 망설이던 제품이었는데 이번 블랙프라이데이 기간에 구매하게 되었습니다. 솔직히 기대했던 것만큼 아주 훌륭하다고는 할 수 없지만 가볍고 디자인이 예뻐서 만족스럽습니다. 밑단의 시보리는 짱짱한 느낌은 아닙니다.,4.0,False,딥그레이 · M,175.0,63.0,남성,2026-06-25 23:28:56,사이즈: 정사이즈 / 화면 대비 색감: 화면과 비슷 / 퀄리티: 보통 / 두께감: 적당함,True,0,jemut,아우터,M,딥그레이,2026,6,25,목,4,응답,정사이즈,화면과 비슷,보통,,,,적당함,,3.0,,,3.0,,0.0,0.0,0.0,0.0,,,예전부터 구매를 망설이던 제품이었는데 이번 블랙프라이데이 기간에 구매하게 되었습니다. 솔직히 기대했던 것만큼 아주 훌륭하다고는 할 수 없지만 가볍고 디자인이 예뻐서 만족스럽습니다. 밑단의 시보리는 짱짱한 느낌은 아닙니다.,예전부터구매를망설이던제품이었는데이번블랙프라이데이기간에구매하게되었습니다솔직히기대했던것만큼아주훌륭하다고는할수없지만가볍고디자인이예뻐서만족스럽습니다밑단의시보리는짱짱한느낌은아닙니다,0,0,0,0,0,False,123,95,123,True
﻿2906349,83492108,general,멋있는대만슬랙스,어깨 오버핏 + 기장 길지않음 = 핏 이쁨. 만족합니다 색감도 좋음,5.0,False,블랙 · M,170.0,70.0,남성,2026-06-21 08:56:47,사이즈: 정사이즈 / 화면 대비 색감: 화면과 비슷 / 퀄리티: 매우 좋음 / 두께감: 적당함,True,0,jemut,아우터,M,블랙,2026,6,21,일,5,응답,정사이즈,화면과 비슷,매우 좋음,,,,적당함,,5.0,,,3.0,,0.0,0.0,0.0,0.0,,,어깨 오버핏 + 기장 길지않음 = 핏 이쁨. 만족합니다 색감도 좋음,어깨오버핏기장길지않음핏이쁨만족합니다색감도좋음,0,0,0,0,0,False,37,24,37,True
﻿5651240,81589664,style,미르뫼,탄탄한 후드 각이 예술입니다. ​색상: 베이직한 그레이라 어디든 잘 어울림 ​보온성: 기모 안감이라 굉장히 따뜻함 ​핏: 길이감이 딱 적당해서 다리가 길어 보임 ​장점: 후드에 힘이 있어서 레이어드 했을 때 뒤태가 예쁨 ​이너용으로 구매했는데 단독으로 입어도 손색없을 만큼 퀄리티가 좋습니다. 후드 집업 고민하시는 분들께 강추해요!,5.0,False,그레이 · M,176.0,70.0,남성,2026-06-28 11:28:29,사이즈: 정사이즈 / 화면 대비 색감: 화면과 비슷 / 두께감: 적당함 / 퀄리티: 매우 좋음,True,0,jemut,아우터,M,그레이,2026,6,28,일,5,응답,정사이즈,화면과 비슷,매우 좋음,,,,적당함,,5.0,,,3.0,,0.0,0.0,0.0,0.0,,,탄탄한 후드 각이 예술입니다. ​색상: 베이직한 그레이라 어디든 잘 어울림 ​보온성: 기모 안감이라 굉장히 따뜻함 ​핏: 길이감이 딱 적당해서 다리가 길어 보임 ​장점: 후드에 힘이 있어서 레이어드 했을 때 뒤태가 예쁨 ​이너용으로 구매했는데 단독으로 입어도 손색없을 만큼 퀄리티가 좋습니다. 후드 집업 고민하시는 분들께 강추해요!,탄탄한후드각이예술입니다색상베이직한그레이라어디든잘어울림보온성기모안감이라굉장히따뜻함핏길이감이딱적당해서다리가길어보임장점후드에힘이있어서레이어드했을때뒤태가예쁨이너용으로구매했는데단독으로입어도손색없을만큼퀄리티가좋습니다후드집업고민하시는분들께강추해요,0,0,1,0,0,False,185,130,185,True
﻿6491930,86030159,general,상냥한덕수궁마켓,사무실 에어컨땜에 너무 추워서 얇은옷 찾다가 사봤어요,5.0,False,라이트그레이 · L,166.0,68.0,남성,2026-07-04 06:58:29,사이즈: 조금 큼 / 화면 대비 색감: 화면과 비슷 / 퀄리티: 보통 / 두께감: 얇음,True,0,jemut,아우터,L,라이트그레이,2026,7,4,토,5,응답,조금 큼,화면과 비슷,보통,,,,얇음,,3.0,,,2.0,,1.0,1.0,0.0,0.0,,,사무실 에어컨땜에 너무 추워서 얇은옷 찾다가 사봤어요,사무실에어컨땜에너무추워서얇은옷찾다가사봤어요,0,0,0,0,0,False,29,23,29,True
﻿6491931,85914453,general,야마쓰정,예뻐요 여름에 잘 입을거 같아여 괜춘괜춘 굿굿야,3.0,False,라이트블루 · XL,186.0,80.0,남성,2026-06-29 23:26:49,사이즈: 정사이즈 / 화면 대비 색감: 화면과 비슷 / 퀄리티: 보통 / 두께감: 적당함,False,0,jemut,아우터,XL,라이트블루,2026,6,29,월,3,응답,정사이즈,화면과 비슷,보통,,,,적당함,,3.0,,,3.0,,0.0,0.0,0.0,0.0,,,예뻐요 여름에 잘 입을거 같아여 괜춘괜춘 굿굿야,예뻐요여름에잘입을거같아여괜춘괜춘굿굿야,0,0,0,0,0,False,26,20,26,True
6491931,85891076,general,앖다규,"착용샷이랑 상세컷 보니 밝은 소라색 같아 보여 주문했는데, 살짝 더 어두워요. 그래도 색상은 괜찮은것같아 확정합니다.",3.0,False,라이트블루 · S,163.0,150.0,여성,2026-06-29 07:46:13,사이즈: 조금 큼 / 화면 대비 색감: 어두움 / 퀄리티: 보통 / 두께감: 얇음,True,0,jemut,아우터,S,라이트블루,2026,6,29,월,3,응답,조금 큼,어두움,보통,,,,얇음,,3.0,,,2.0,,1.0,1.0,-1.0,1.0,,,"착용샷이랑 상세컷 보니 밝은 소라색 같아 보여 주문했는데, 살짝 더 어두워요. 그래도 색상은 괜찮은것같아 확정합니다.",착용샷이랑상세컷보니밝은소라색같아보여주문했는데살짝더어두워요그래도색상은괜찮은것같아확정합니다,0,0,0,0,0,False,65,48,65,True
﻿1884480,86074422,general,IksuI,색상과 디자인 모두 마음에 들어요 시원하고 편해요,5.0,False,코스모 그레이 · 2XL,182.0,89.0,남성,2026-07-05 23:36:13,사이즈: 정사이즈 / 화면 대비 색감: 화면과 비슷 / 퀄리티: 보통 / 신축성: 적당함,True,0,jemut,하의,2XL,코스모 그레이,2026,7,5,일,5,응답,정사이즈,화면과 비슷,보통,,,적당함,,,3.0,,3.0,,,0.0,0.0,0.0,0.0,,,색상과 디자인 모두 마음에 들어요 시원하고 편해요,색상과디자인모두마음에들어요시원하고편해요,0,0,0,0,0,False,27,21,27,True
1884480,86065714,style,신선한고기전문점,시원하니 좋네요. 정사이즈 입니다. 바스락 거리는 소리도 좋네요,5.0,False,코스모 블랙 · L,172.0,74.0,남성,2026-07-05 18:08:24,사이즈: 정사이즈 / 화면 대비 색감: 화면과 비슷 / 퀄리티: 보통 / 신축성: 적당함,True,0,jemut,하의,L,코스모 블랙,2026,7,5,일,5,응답,정사이즈,화면과 비슷,보통,,,적당함,,,3.0,,3.0,,,0.0,0.0,0.0,0.0,,,시원하니 좋네요. 정사이즈 입니다. 바스락 거리는 소리도 좋네요,시원하니좋네요정사이즈입니다바스락거리는소리도좋네요,0,0,0,0,0,False,35,26,35,True
1884480,86065706,general,신선한고기전문점,시원하니 좋네요. 정사이즈 입니다. 바스락 거리는 소리도 좋네요,5.0,False,코스모 블랙 · L,172.0,74.0,남성,2026-07-05 18:08:03,사이즈: 정사이즈 / 화면 대비 색감: 화면과 비슷 / 퀄리티: 보통 / 신축성: 적당함,True,0,jemut,하의,L,코스모 블랙,2026,7,5,일,5,응답,정사이즈,화면과 비슷,보통,,,적당함,,,3.0,,3.0,,,0.0,0.0,0.0,0.0,,,시원하니 좋네요. 정사이즈 입니다. 바스락 거리는 소리도 좋네요,시원하니좋네요정사이즈입니다바스락거리는소리도좋네요,0,0,0,0,0,False,35,26,35,True
1884480,85962407,general,이초앙,옛날세 샀다가 좋아서 다시 샀는데 허리밴드가 바껴서 별로임,2.0,False,코스모 그레이 · L,172.0,80.0,남성,2026-07-01 17:10:33,사이즈: 조금 작음 / 화면 대비 색감: 화면과 비슷 / 퀄리티: 보통 / 신축성: 거의 없음,True,0,jemut,하의,L,코스모 그레이,2026,7,1,수,2,응답,조금 작음,화면과 비슷,보통,,,거의 없음,,,3.0,,2.0,,,-1.0,1.0,0.0,0.0,,,옛날세 샀다가 좋아서 다시 샀는데 허리밴드가 바껴서 별로임,옛날세샀다가좋아서다시샀는데허리밴드가바껴서별로임,0,0,0,0,0,False,32,25,32,True
1884480,85846312,general,아주기막힌놈,옷이 아주 편해서  여러벌 구매 했어요 이만한 바지 없습니다,5.0,False,코스모 블랙 · L,170.0,80.0,남성,2026-06-27 20:51:18,사이즈: 조금 큼 / 화면 대비 색감: 화면과 비슷 / 퀄리티: 보통 / 신축성: 적당함,True,0,jemut,하의,L,코스모 블랙,2026,6,27,토,5,응답,조금 큼,화면과 비슷,보통,,,적당함,,,3.0,,3.0,,,1.0,1.0,0.0,0.0,,,옷이 아주 편해서 여러벌 구매 했어요 이만한 바지 없습니다,옷이아주편해서여러벌구매했어요이만한바지없습니다,0,0,0,0,0,False,33,24,32,True
1884480,85766632,general,심플한삼청동무드,동생이랑 같이 입으려고샀습니다 ^^ 감사합니다. 나중에또이용하겠습니다,5.0,False,코스모 차콜 · XL,179.0,82.0,missing,2026-06-25 23:18:24,사이즈: 정사이즈 / 화면 대비 색감: 매우 밝음 / 퀄리티: 매우 좋음 / 신축성: 적당함,False,0,jemut,하의,XL,코스모 차콜,2026,6,25,목,5,응답,정사이즈,매우 밝음,매우 좋음,,,적당함,,,5.0,,3.0,,,0.0,0.0,2.0,2.0,,,동생이랑 같이 입으려고샀습니다 ^^ 감사합니다. 나중에또이용하겠습니다,동생이랑같이입으려고샀습니다감사합니다나중에또이용하겠습니다,0,0,0,0,0,False,38,30,38,True
1884480,85766546,general,심플한삼청동무드,이머니가 좋으시답니다 편하고 색감이좋다고 또이용하신다네요,5.0,False,코스모 차콜 · M,150.0,48.0,missing,2026-06-25 23:16:54,사이즈: 정사이즈 / 화면 대비 색감: 화면과 비슷 / 퀄리티: 매우 좋음 / 신축성: 적당함,False,0,jemut,하의,M,코스모 차콜,2026,6,25,목,5,응답,정사이즈,화면과 비슷,매우 좋음,,,적당함,,,5.0,,3.0,,,0.0,0.0,0.0,0.0,,,이머니가 좋으시답니다 편하고 색감이좋다고 또이용하신다네요,이머니가좋으시답니다편하고색감이좋다고또이용하신다네요,0,0,0,0,0,False,31,27,31,True
1884480,85635138,style,쫄기대장,예전에 구매하고 잘 입고 있어서 또 구매했읍니다 잘 입을게유,5.0,False,코스모 차콜 · XL,171.0,74.0,남성,2026-06-23 20:42:57,사이즈: 정사이즈 / 화면 대비 색감: 화면과 비슷 / 퀄리티: 보통 / 신축성: 적당함,True,0,jemut,하의,XL,코스모 차콜,2026,6,23,화,5,응답,정사이즈,화면과 비슷,보통,,,적당함,,,3.0,,3.0,,,0.0,0.0,0.0,0.0,,,예전에 구매하고 잘 입고 있어서 또 구매했읍니다 잘 입을게유,예전에구매하고잘입고있어서또구매했읍니다잘입을게유,0,0,0,0,0,False,33,25,33,True
1884480,85549365,general,피융뜌유,근래 샀던 반바지중에 탑입니다 아주 편하고 좋아요,5.0,False,코스모 블랙 · 2XL,177.0,102.0,남성,2026-06-22 09:00:06,사이즈: 정사이즈 / 화면 대비 색감: 화면과 비슷 / 퀄리티: 보통 / 신축성: 적당함,False,0,jemut,하의,2XL,코스모 블랙,2026,6,22,월,5,응답,정사이즈,화면과 비슷,보통,,,적당함,,,3.0,,3.0,,,0.0,0.0,0.0,0.0,,,근래 샀던 반바지중에 탑입니다 아주 편하고 좋아요,근래샀던반바지중에탑입니다아주편하고좋아요,0,0,0,0,0,False,27,21,27,True
﻿3244829,86064885,general,csy1226,좀 작은 느낌이긴 한데 가성비대비 좋아서 괜찮을 것 같습니다,5.0,False,블랙 · 2XL,181.0,90.0,남성,2026-07-05 17:31:04,사이즈: 정사이즈 / 화면 대비 색감: 화면과 비슷 / 퀄리티: 보통 / 신축성: 적당함,False,0,jemut,하의,2XL,블랙,2026,7,5,일,5,응답,정사이즈,화면과 비슷,보통,,,적당함,,,3.0,,3.0,,,0.0,0.0,0.0,0.0,,,좀 작은 느낌이긴 한데 가성비대비 좋아서 괜찮을 것 같습니다,좀작은느낌이긴한데가성비대비좋아서괜찮을것같습니다,0,0,0,0,0,False,33,25,33,True
3244829,86019251,general,후리지아9211,사이즈뿐만아니라 두께 재질 너무좋아요 보풀진짜 없어요.,5.0,False,그레이 · L,173.0,80.0,여성,2026-07-03 18:35:23,사이즈: 정사이즈 / 화면 대비 색감: 화면과 비슷 / 퀄리티: 매우 좋음 / 신축성: 적당함,False,0,jemut,하의,L,그레이,2026,7,3,금,5,응답,정사이즈,화면과 비슷,매우 좋음,,,적당함,,,5.0,,3.0,,,0.0,0.0,0.0,0.0,,,사이즈뿐만아니라 두께 재질 너무좋아요 보풀진짜 없어요.,사이즈뿐만아니라두께재질너무좋아요보풀진짜없어요,0,0,0,0,0,False,30,24,30,True
3244829,85967298,general,빙그르,2년전에도 사고 편해서 또사요 적당한 길이에 과하지않은 오버핏 좋아요,5.0,False,그레이 · L,168.0,67.0,남성,2026-07-01 20:05:45,사이즈: 정사이즈 / 화면 대비 색감: 화면과 비슷 / 퀄리티: 보통 / 신축성: 적당함,False,0,jemut,하의,L,그레이,2026,7,1,수,5,응답,정사이즈,화면과 비슷,보통,,,적당함,,,3.0,,3.0,,,0.0,0.0,0.0,0.0,,,2년전에도 사고 편해서 또사요 적당한 길이에 과하지않은 오버핏 좋아요,2년전에도사고편해서또사요적당한길이에과하지않은오버핏좋아요,0,0,0,0,0,False,38,29,38,True
3244829,85939968,style,LGH_302,배송도 빠르고 가볍고 편하게 입고 다니기 너무 좋아요,5.0,False,그레이 · XL,178.0,72.0,남성,2026-06-30 21:55:59,사이즈: 조금 큼 / 화면 대비 색감: 화면과 비슷 / 퀄리티: 보통 / 신축성: 적당함,True,0,jemut,하의,XL,그레이,2026,6,30,화,5,응답,조금 큼,화면과 비슷,보통,,,적당함,,,3.0,,3.0,,,1.0,1.0,0.0,0.0,,,배송도 빠르고 가볍고 편하게 입고 다니기 너무 좋아요,배송도빠르고가볍고편하게입고다니기너무좋아요,0,0,0,0,0,False,29,22,29,True
3244829,85939740,general,LGH_302,배송도 빠르고 평소에 가볍게 입고 다니기 너무 좋아요,5.0,False,그레이 · XL,178.0,72.0,남성,2026-06-30 21:49:54,사이즈: 조금 큼 / 화면 대비 색감: 화면과 비슷 / 퀄리티: 보통 / 신축성: 적당함,True,0,jemut,하의,XL,그레이,2026,6,30,화,5,응답,조금 큼,화면과 비슷,보통,,,적당함,,,3.0,,3.0,,,1.0,1.0,0.0,0.0,,,배송도 빠르고 평소에 가볍게 입고 다니기 너무 좋아요,배송도빠르고평소에가볍게입고다니기너무좋아요,0,0,0,0,0,False,29,22,29,True
3244829,85930139,general,사교적인로마프릴,사이즈도 딱 맞고 옷 품질도 가격대비 좋은 것 같아요,5.0,False,블랙 · XL,178.0,73.0,남성,2026-06-30 16:58:11,사이즈: 정사이즈 / 화면 대비 색감: 밝음 / 퀄리티: 좋음 / 신축성: 강함,False,0,jemut,하의,XL,블랙,2026,6,30,화,5,응답,정사이즈,밝음,좋음,,,강함,,,4.0,,4.0,,,0.0,0.0,1.0,1.0,,,사이즈도 딱 맞고 옷 품질도 가격대비 좋은 것 같아요,사이즈도딱맞고옷품질도가격대비좋은것같아요,0,0,0,0,0,False,29,21,29,True
3244829,85899671,general,나듕d,"색감, 핏, 두께감 모두 완벽합니다. 기장만 살짝 길었으면 더 좋았을 것 같아오",5.0,False,그레이 · XL,174.0,70.0,남성,2026-06-29 14:30:41,사이즈: 정사이즈 / 화면 대비 색감: 화면과 비슷 / 퀄리티: 보통 / 신축성: 적당함,True,0,jemut,하의,XL,그레이,2026,6,29,월,5,응답,정사이즈,화면과 비슷,보통,,,적당함,,,3.0,,3.0,,,0.0,0.0,0.0,0.0,,,"색감, 핏, 두께감 모두 완벽합니다. 기장만 살짝 길었으면 더 좋았을 것 같아오",색감핏두께감모두완벽합니다기장만살짝길었으면더좋았을것같아오,0,0,0,0,0,False,44,30,44,True
﻿1948520,85984755,style,공손한홍대로우진,벌룬팬츠 체형커버도 되고 해서 즐겨입어요 급한맘에 실수로 같은 색으로 두개 사서 ㅎ 번갈아 열심히 입고 있어요 두껍지 않아서 자주 입고 있어요 한여름도 입을 수 있을 것 같아요,5.0,False,베이지 · L,174.0,75.0,여성,2026-07-02 13:21:04,사이즈: 조금 큼 / 화면 대비 색감: 화면과 비슷 / 퀄리티: 좋음 / 신축성: 거의 없음,True,0,jemut,하의,L,베이지,2026,7,2,목,5,응답,조금 큼,화면과 비슷,좋음,,,거의 없음,,,4.0,,2.0,,,1.0,1.0,0.0,0.0,,,벌룬팬츠 체형커버도 되고 해서 즐겨입어요 급한맘에 실수로 같은 색으로 두개 사서 ㅎ 번갈아 열심히 입고 있어요 두껍지 않아서 자주 입고 있어요 한여름도 입을 수 있을 것 같아요,벌룬팬츠체형커버도되고해서즐겨입어요급한맘에실수로같은색으로두개사서번갈아열심히입고있어요두껍지않아서자주입고있어요한여름도입을수있을것같아요,1,0,0,0,0,False,98,71,98,True
1948520,85972725,general,부산대페드로포로,항상 출근바지로 잘 입고 다닙니다 또 구매 예정이에요,5.0,False,차콜 · M,170.0,60.0,남성,2026-07-01 22:55:06,사이즈: 조금 큼 / 화면 대비 색감: 매우 밝음 / 퀄리티: 매우 좋음 / 신축성: 강함,True,0,jemut,하의,M,차콜,2026,7,1,수,5,응답,조금 큼,매우 밝음,매우 좋음,,,강함,,,5.0,,4.0,,,1.0,1.0,2.0,2.0,,,항상 출근바지로 잘 입고 다닙니다 또 구매 예정이에요,항상출근바지로잘입고다닙니다또구매예정이에요,0,0,0,0,0,False,29,22,29,True
1948520,85723196,general,정제된남색크롭,세일할때 쟁여둠 가성비 좋음 얇고 편함 아쉬운거는 2년전에 산거랑 재질이 조금다름,5.0,False,블랙 · XL,175.0,75.0,남성,2026-06-25 04:10:49,사이즈: 정사이즈 / 화면 대비 색감: 화면과 비슷 / 퀄리티: 보통 / 신축성: 적당함,False,0,jemut,하의,XL,블랙,2026,6,25,목,5,응답,정사이즈,화면과 비슷,보통,,,적당함,,,3.0,,3.0,,,0.0,0.0,0.0,0.0,,,세일할때 쟁여둠 가성비 좋음 얇고 편함 아쉬운거는 2년전에 산거랑 재질이 조금다름,세일할때쟁여둠가성비좋음얇고편함아쉬운거는2년전에산거랑재질이조금다름,0,0,0,0,0,False,45,34,45,True
﻿3226716,86032202,style,바람직한카키쇼핑,배송 출발까지 1달이 넘게 걸려 목이 빠졌지만... 이 가격에 이런 켈리티의 팬츠를 어디서 살 수 있나 싶긴 합니다. 예상대로 무릎을 반쯤 덮는 기장감이고 색상도 사진과 같습니다,5.0,False,블랙 · L,168.0,60.0,남성,2026-07-04 10:26:12,사이즈: 정사이즈 / 화면 대비 색감: 화면과 비슷 / 퀄리티: 보통 / 신축성: 적당함,True,0,jemut,하의,L,블랙,2026,7,4,토,5,응답,정사이즈,화면과 비슷,보통,,,적당함,,,3.0,,3.0,,,0.0,0.0,0.0,0.0,,,배송 출발까지 1달이 넘게 걸려 목이 빠졌지만... 이 가격에 이런 켈리티의 팬츠를 어디서 살 수 있나 싶긴 합니다. 예상대로 무릎을 반쯤 덮는 기장감이고 색상도 사진과 같습니다,배송출발까지1달이넘게걸려목이빠졌지만이가격에이런켈리티의팬츠를어디서살수있나싶긴합니다예상대로무릎을반쯤덮는기장감이고색상도사진과같습니다,0,0,0,0,0,True,99,69,99,True
3226716,85876839,style,클라비코지,베이지 기준 화면에 비해 약간 더 톤다운된듯한 느낌인데 오히려 좋아요~ 구김이 막 엉망으로 지지는 않고 턱도 잡혀있어서 괜찮아요,5.0,False,다크그린 · M,162.0,57.0,남성,2026-06-28 19:18:59,사이즈: 정사이즈 / 화면 대비 색감: 어두움 / 퀄리티: 보통 / 신축성: 적당함,True,0,jemut,하의,M,다크그린,2026,6,28,일,5,응답,정사이즈,어두움,보통,,,적당함,,,3.0,,3.0,,,0.0,0.0,-1.0,1.0,,,베이지 기준 화면에 비해 약간 더 톤다운된듯한 느낌인데 오히려 좋아요~ 구김이 막 엉망으로 지지는 않고 턱도 잡혀있어서 괜찮아요,베이지기준화면에비해약간더톤다운된듯한느낌인데오히려좋아요구김이막엉망으로지지는않고턱도잡혀있어서괜찮아요,0,0,0,0,0,False,71,53,71,True
3226716,85693980,general,뿌치치,베이지 색은 살짝 노랑기가 있긴 한데 올 여름 잘 입을게요.,5.0,False,베이지 · L,173.0,70.0,남성,2026-06-24 18:30:32,사이즈: 조금 큼 / 화면 대비 색감: 밝음 / 퀄리티: 좋음 / 신축성: 적당함,True,0,jemut,하의,L,베이지,2026,6,24,수,5,응답,조금 큼,밝음,좋음,,,적당함,,,4.0,,3.0,,,1.0,1.0,1.0,1.0,,,베이지 색은 살짝 노랑기가 있긴 한데 올 여름 잘 입을게요.,베이지색은살짝노랑기가있긴한데올여름잘입을게요,0,0,0,0,0,False,33,23,33,True
3226716,85687513,general,무신사슈퍼스타,가격도 저렴하고 정말 편합니다. 요즘 이 반바지만 입게되네요. 다음에도 또 살까 고민중입니다.,5.0,False,블랙 · M,171.0,62.0,남성,2026-06-24 16:47:01,사이즈: 정사이즈 / 화면 대비 색감: 화면과 비슷 / 퀄리티: 좋음 / 신축성: 적당함,True,0,jemut,하의,M,블랙,2026,6,24,수,5,응답,정사이즈,화면과 비슷,좋음,,,적당함,,,4.0,,3.0,,,0.0,0.0,0.0,0.0,,,가격도 저렴하고 정말 편합니다. 요즘 이 반바지만 입게되네요. 다음에도 또 살까 고민중입니다.,가격도저렴하고정말편합니다요즘이반바지만입게되네요다음에도또살까고민중입니다,0,0,0,0,0,False,52,38,52,True
3226716,85566209,general,클라비코지,컬러도 사진보다 이쁘고 허리밴딩이며 바지통이며 굉장히 편해요~~ 캐주얼하지만 이쁘게 잘입고 다닐 것 같아요! 구김은 살짝만 다림질 해서 입으려구요,4.0,False,다크그린 · M,162.0,57.0,남성,2026-06-22 15:58:57,사이즈: 정사이즈 / 화면 대비 색감: 어두움 / 퀄리티: 보통 / 신축성: 적당함,True,0,jemut,하의,M,다크그린,2026,6,22,월,4,응답,정사이즈,어두움,보통,,,적당함,,,3.0,,3.0,,,0.0,0.0,-1.0,1.0,,,컬러도 사진보다 이쁘고 허리밴딩이며 바지통이며 굉장히 편해요~~ 캐주얼하지만 이쁘게 잘입고 다닐 것 같아요! 구김은 살짝만 다림질 해서 입으려구요,컬러도사진보다이쁘고허리밴딩이며바지통이며굉장히편해요캐주얼하지만이쁘게잘입고다닐것같아요구김은살짝만다림질해서입으려구요,0,0,1,0,0,False,81,61,81,True
﻿3257734,85828620,style,간단한LA아가일,"입다보니 적당히 기장감에, 적당한 통으로 자주입게되네요~ 또한 건빵포켓이 은근히 유용하게 쓰이네요~",5.0,False,블랙 · L,170.0,82.0,남성,2026-06-27 12:43:35,사이즈: 정사이즈 / 화면 대비 색감: 화면과 비슷 / 퀄리티: 보통 / 신축성: 적당함,True,0,jemut,하의,L,블랙,2026,6,27,토,5,응답,정사이즈,화면과 비슷,보통,,,적당함,,,3.0,,3.0,,,0.0,0.0,0.0,0.0,,,"입다보니 적당히 기장감에, 적당한 통으로 자주입게되네요~ 또한 건빵포켓이 은근히 유용하게 쓰이네요~",입다보니적당히기장감에적당한통으로자주입게되네요또한건빵포켓이은근히유용하게쓰이네요,0,0,0,0,0,False,55,42,55,True
3257734,85828510,general,간단한LA아가일,"카키색이 품절이라 아쉬웠지만, 다른 색상들도 예쁘고 편하네요~",5.0,False,블랙 · L,170.0,82.0,남성,2026-06-27 12:40:48,사이즈: 정사이즈 / 화면 대비 색감: 화면과 비슷 / 퀄리티: 보통 / 신축성: 적당함,True,0,jemut,하의,L,블랙,2026,6,27,토,5,응답,정사이즈,화면과 비슷,보통,,,적당함,,,3.0,,3.0,,,0.0,0.0,0.0,0.0,,,"카키색이 품절이라 아쉬웠지만, 다른 색상들도 예쁘고 편하네요~",카키색이품절이라아쉬웠지만다른색상들도예쁘고편하네요,0,0,0,0,0,False,34,26,34,True
﻿1948516,85723454,general,깐깐쬬,기장이 조금 짧긴한데 벌룬핏이라 어색함 없이 잘 맞아 떨어지는거 같아요~,5.0,False,카키 · XL,181.0,83.0,남성,2026-06-25 05:18:06,사이즈: 조금 큼 / 화면 대비 색감: 화면과 비슷 / 퀄리티: 좋음 / 신축성: 거의 없음,False,0,jemut,하의,XL,카키,2026,6,25,목,5,응답,조금 큼,화면과 비슷,좋음,,,거의 없음,,,4.0,,2.0,,,1.0,1.0,0.0,0.0,,,기장이 조금 짧긴한데 벌룬핏이라 어색함 없이 잘 맞아 떨어지는거 같아요~,기장이조금짧긴한데벌룬핏이라어색함없이잘맞아떨어지는거같아요,0,0,0,0,0,False,40,30,40,True
﻿4019081,86064241,general,송유우선,반바지 끈이 신축성 있어서 편해요 막입기 좋습니다,5.0,False,애쉬그레이 · L,180.0,80.0,남성,2026-07-05 17:06:28,사이즈: 정사이즈 / 화면 대비 색감: 화면과 비슷 / 퀄리티: 보통 / 신축성: 적당함,False,0,jemut,하의,L,애쉬그레이,2026,7,5,일,5,응답,정사이즈,화면과 비슷,보통,,,적당함,,,3.0,,3.0,,,0.0,0.0,0.0,0.0,,,반바지 끈이 신축성 있어서 편해요 막입기 좋습니다,반바지끈이신축성있어서편해요막입기좋습니다,0,0,0,0,0,False,27,21,27,True
4019081,85941896,general,멋진상파울루단화,사이즈좋고 면은 약간 도톰해서 세탁해도 흐물거리지않아요 그래서 더좋음 여름에도 입기 딱좋아요,5.0,False,애쉬그레이 · M,163.0,48.0,여성,2026-06-30 22:51:37,사이즈: 정사이즈 / 화면 대비 색감: 화면과 비슷 / 퀄리티: 보통 / 신축성: 적당함,True,0,jemut,하의,M,애쉬그레이,2026,6,30,화,5,응답,정사이즈,화면과 비슷,보통,,,적당함,,,3.0,,3.0,,,0.0,0.0,0.0,0.0,,,사이즈좋고 면은 약간 도톰해서 세탁해도 흐물거리지않아요 그래서 더좋음 여름에도 입기 딱좋아요,사이즈좋고면은약간도톰해서세탁해도흐물거리지않아요그래서더좋음여름에도입기딱좋아요,0,0,0,0,0,False,51,41,51,True
4019081,85866145,general,색다른코펜하겐캡,밴드가 탄성이 없어요 끈을 묶어도 줄줄 내려가요 색상은 괜찮아요,3.0,False,카키 · 2XL,178.0,78.0,남성,2026-06-28 14:05:52,사이즈: 많이 큼 / 화면 대비 색감: 화면과 비슷 / 퀄리티: 매우 좋음 / 신축성: 적당함,False,0,jemut,하의,2XL,카키,2026,6,28,일,3,응답,많이 큼,화면과 비슷,매우 좋음,,,적당함,,,5.0,,3.0,,,2.0,2.0,0.0,0.0,,,밴드가 탄성이 없어요 끈을 묶어도 줄줄 내려가요 색상은 괜찮아요,밴드가탄성이없어요끈을묶어도줄줄내려가요색상은괜찮아요,0,0,0,0,0,False,35,27,35,True
4019081,85583776,style,풍부한피렌체힙합,색감이 좋아 구입했습니다 사이즈는 조금 작게 나온듯 넉넉하게 입는게 나은거 같아 교환했습니다. 특히 브라운컬러가 이쁘네요,5.0,False,브라운 · L,168.0,55.0,남성,2026-06-24 21:04:30,사이즈: 정사이즈 / 화면 대비 색감: 화면과 비슷 / 퀄리티: 보통 / 신축성: 적당함,True,0,jemut,하의,L,브라운,2026,6,24,수,5,응답,정사이즈,화면과 비슷,보통,,,적당함,,,3.0,,3.0,,,0.0,0.0,0.0,0.0,,,색감이 좋아 구입했습니다 사이즈는 조금 작게 나온듯 넉넉하게 입는게 나은거 같아 교환했습니다. 특히 브라운컬러가 이쁘네요,색감이좋아구입했습니다사이즈는조금작게나온듯넉넉하게입는게나은거같아교환했습니다특히브라운컬러가이쁘네요,0,0,0,0,0,False,67,52,67,True
4019081,85693245,general,흥미로운크림비니,색이 너무 예쁘고 생각보다 두껍지도 않아여! 핏도 예쁩니다,5.0,False,카키 · XL,180.0,60.0,남성,2026-06-24 18:17:39,사이즈: 조금 큼 / 화면 대비 색감: 화면과 비슷 / 퀄리티: 좋음 / 신축성: 강함,True,0,jemut,하의,XL,카키,2026,6,24,수,5,응답,조금 큼,화면과 비슷,좋음,,,강함,,,4.0,,4.0,,,1.0,1.0,0.0,0.0,,,색이 너무 예쁘고 생각보다 두껍지도 않아여! 핏도 예쁩니다,색이너무예쁘고생각보다두껍지도않아여핏도예쁩니다,0,0,1,0,0,False,32,24,32,True
4019081,85671622,general,kshbe,"너무 두껍지도, 얇지도 않고 두께가 딱 좋네요. 잘 맞고 편하고, 만족합니다.",5.0,False,딥그레이 · 2XL,178.0,85.0,남성,2026-06-24 11:50:18,사이즈: 정사이즈 / 화면 대비 색감: 화면과 비슷 / 퀄리티: 좋음 / 신축성: 매우 강함,True,0,jemut,하의,2XL,딥그레이,2026,6,24,수,5,응답,정사이즈,화면과 비슷,좋음,,,매우 강함,,,4.0,,5.0,,,0.0,0.0,0.0,0.0,,,"너무 두껍지도, 얇지도 않고 두께가 딱 좋네요. 잘 맞고 편하고, 만족합니다.",너무두껍지도얇지도않고두께가딱좋네요잘맞고편하고만족합니다,0,0,0,0,0,False,43,29,43,True
4019081,85620441,general,이십사일,블랙과 그레이에 갖혀사는 애 입히려고 구매했는데 조금 짧은 것도 같고.. 그래도 이정도 금액에 이정도면 아주 만족해요~,4.0,False,딥그레이 · 2XL,170.0,68.0,남성,2026-06-23 16:55:34,사이즈: 정사이즈 / 화면 대비 색감: 화면과 비슷 / 퀄리티: 보통 / 신축성: 적당함,False,0,jemut,하의,2XL,딥그레이,2026,6,23,화,4,응답,정사이즈,화면과 비슷,보통,,,적당함,,,3.0,,3.0,,,0.0,0.0,0.0,0.0,,,블랙과 그레이에 갖혀사는 애 입히려고 구매했는데 조금 짧은 것도 같고.. 그래도 이정도 금액에 이정도면 아주 만족해요~,블랙과그레이에갖혀사는애입히려고구매했는데조금짧은것도같고그래도이정도금액에이정도면아주만족해요,0,0,0,0,0,False,66,48,66,True
4019081,85605654,style,위험한노란색장화,피그먼트 버뮤다팬츠 처음으로 구매해보는데요 약간 빈티지 그런 색상 그런 느낌들고요 딥그레이색이 괜찮은데요 카키색은 조금 아쉽습니다 잘 입겠습니다,5.0,False,딥그레이 · L,170.0,75.0,남성,2026-06-23 11:43:59,사이즈: 정사이즈 / 화면 대비 색감: 화면과 비슷 / 퀄리티: 보통 / 신축성: 적당함,True,0,jemut,하의,L,딥그레이,2026,6,23,화,5,응답,정사이즈,화면과 비슷,보통,,,적당함,,,3.0,,3.0,,,0.0,0.0,0.0,0.0,,,피그먼트 버뮤다팬츠 처음으로 구매해보는데요 약간 빈티지 그런 색상 그런 느낌들고요 딥그레이색이 괜찮은데요 카키색은 조금 아쉽습니다 잘 입겠습니다,피그먼트버뮤다팬츠처음으로구매해보는데요약간빈티지그런색상그런느낌들고요딥그레이색이괜찮은데요카키색은조금아쉽습니다잘입겠습니다,0,0,0,0,0,False,80,64,80,True
4019081,85604343,general,위험한노란색장화,이 버뮤다바지 사이즈표보니까 기장 약간 길어서 고민했었는데요 입어보니까 생각보다 괜찮었고 사이즈가 잘 맞습니다 색상도 괜찮고 헬스갈때 자주 입을거같아요,5.0,False,딥그레이 · L,170.0,75.0,남성,2026-06-23 11:09:00,사이즈: 정사이즈 / 화면 대비 색감: 화면과 비슷 / 퀄리티: 보통 / 신축성: 적당함,True,0,jemut,하의,L,딥그레이,2026,6,23,화,5,응답,정사이즈,화면과 비슷,보통,,,적당함,,,3.0,,3.0,,,0.0,0.0,0.0,0.0,,,이 버뮤다바지 사이즈표보니까 기장 약간 길어서 고민했었는데요 입어보니까 생각보다 괜찮었고 사이즈가 잘 맞습니다 색상도 괜찮고 헬스갈때 자주 입을거같아요,이버뮤다바지사이즈표보니까기장약간길어서고민했었는데요입어보니까생각보다괜찮었고사이즈가잘맞습니다색상도괜찮고헬스갈때자주입을거같아요,0,0,0,0,0,False,84,67,84,True
﻿3244825,85824283,general,오늘 뭐먹zㅣ,마음에 들어요 핏도 퀄도 좋아요 근데 살짝 두꺼워서 한 여름은 좀 더울듯,5.0,False,블랙 · M,200.0,100.0,여성,2026-06-27 10:38:21,사이즈: 정사이즈 / 화면 대비 색감: 화면과 비슷 / 퀄리티: 보통 / 신축성: 적당함,True,0,jemut,하의,M,블랙,2026,6,27,토,5,응답,정사이즈,화면과 비슷,보통,,,적당함,,,3.0,,3.0,,,0.0,0.0,0.0,0.0,,,마음에 들어요 핏도 퀄도 좋아요 근데 살짝 두꺼워서 한 여름은 좀 더울듯,마음에들어요핏도퀄도좋아요근데살짝두꺼워서한여름은좀더울듯,0,0,0,0,0,False,40,29,40,True
3244825,85737070,general,완벽한사슴,"아들이 검정 반바지 하나 사달라고 해서 여기저기 찾아보다가 구매했어요 막상 받아보니 핏이 깔끔해서 더 만족스럽네요.  기장이 너무 짧지도, 너무 길지도 않은 딱 적당한 길이라 부담 없이 입기 좋아요. 검정 컬러라 어떤 상의와도 잘 어울리고 코디하기도 편해요!  유행 크게 타지 않는 기본 디자인이라 올여름 내내 잘 입을 것 같아요!!",5.0,False,블랙 · M,173.0,53.0,남성,2026-06-25 13:50:19,사이즈: 정사이즈 / 화면 대비 색감: 화면과 비슷 / 퀄리티: 매우 좋음 / 신축성: 강함,True,0,jemut,하의,M,블랙,2026,6,25,목,5,응답,정사이즈,화면과 비슷,매우 좋음,,,강함,,,5.0,,4.0,,,0.0,0.0,0.0,0.0,,,"아들이 검정 반바지 하나 사달라고 해서 여기저기 찾아보다가 구매했어요 막상 받아보니 핏이 깔끔해서 더 만족스럽네요. 기장이 너무 짧지도, 너무 길지도 않은 딱 적당한 길이라 부담 없이 입기 좋아요. 검정 컬러라 어떤 상의와도 잘 어울리고 코디하기도 편해요! 유행 크게 타지 않는 기본 디자인이라 올여름 내내 잘 입을 것 같아요!!",아들이검정반바지하나사달라고해서여기저기찾아보다가구매했어요막상받아보니핏이깔끔해서더만족스럽네요기장이너무짧지도너무길지도않은딱적당한길이라부담없이입기좋아요검정컬러라어떤상의와도잘어울리고코디하기도편해요유행크게타지않는기본디자인이라올여름내내잘입을것같아요,0,0,3,0,0,False,186,131,184,True
﻿1948517,85841280,general,기나나,"s사야 하는데 재고 없고 m이 총장은 s랑 같아서 일단 샀는데 역시 사이즈가 크네요.. 입으니까 많이 벙벙해요. 4년 전에 두장 구매하고 색이 많이 바래서 재구매했는데 이번에도 마감이 진짜 안 좋네요; 그때도 마감이 진짜 안 좋았거든요. 군데군데 실들이 길게 늘어져있어요.. 뒷주머니, 밑단, 봉제선 쪽에 짧게 튀어나온 것들도 너무 많고요.. 쿠폰 사용해서 2만원에 저렴하게 구매해서 그나마 다행이에요.",4.0,False,차콜 · M,161.0,50.0,남성,2026-06-27 18:24:04,사이즈: 조금 큼 / 화면 대비 색감: 화면과 비슷 / 퀄리티: 매우 나쁨 / 신축성: 거의 없음,True,0,jemut,하의,M,차콜,2026,6,27,토,4,응답,조금 큼,화면과 비슷,매우 나쁨,,,거의 없음,,,1.0,,2.0,,,1.0,1.0,0.0,0.0,,,"s사야 하는데 재고 없고 m이 총장은 s랑 같아서 일단 샀는데 역시 사이즈가 크네요.. 입으니까 많이 벙벙해요. 4년 전에 두장 구매하고 색이 많이 바래서 재구매했는데 이번에도 마감이 진짜 안 좋네요; 그때도 마감이 진짜 안 좋았거든요. 군데군데 실들이 길게 늘어져있어요.. 뒷주머니, 밑단, 봉제선 쪽에 짧게 튀어나온 것들도 너무 많고요.. 쿠폰 사용해서 2만원에 저렴하게 구매해서 그나마 다행이에요.",s사야하는데재고없고m이총장은s랑같아서일단샀는데역시사이즈가크네요입으니까많이벙벙해요4년전에두장구매하고색이많이바래서재구매했는데이번에도마감이진짜안좋네요그때도마감이진짜안좋았거든요군데군데실들이길게늘어져있어요뒷주머니밑단봉제선쪽에짧게튀어나온것들도너무많고요쿠폰사용해서2만원에저렴하게구매해서그나마다행이에요,0,0,0,0,0,False,225,155,225,True
﻿3354933,85703876,general,jeo0ngg,길이감도 너무 좋고 포인트로 입기 너무 좋아요 색감이랑 워싱이 특히 마음에 들어요,5.0,False,베이지블루 · 28,160.0,60.0,여성,2026-06-24 20:59:31,사이즈: 정사이즈 / 화면 대비 색감: 화면과 비슷 / 퀄리티: 매우 좋음 / 신축성: 매우 강함,False,0,jemut,하의,28,베이지블루,2026,6,24,수,5,응답,정사이즈,화면과 비슷,매우 좋음,,,매우 강함,,,5.0,,5.0,,,0.0,0.0,0.0,0.0,,,길이감도 너무 좋고 포인트로 입기 너무 좋아요 색감이랑 워싱이 특히 마음에 들어요,길이감도너무좋고포인트로입기너무좋아요색감이랑워싱이특히마음에들어요,0,0,0,0,0,False,45,34,45,True
﻿4214431,85936343,general,GoosePark,가볍고 얇아서 편합니다. 운동할때 입기 좋은 사이즈네요,5.0,False,블랙 · XL,180.0,82.0,남성,2026-06-30 20:13:42,사이즈: 정사이즈 / 화면 대비 색감: 화면과 비슷 / 퀄리티: 보통 / 신축성: 적당함,True,0,jemut,하의,XL,블랙,2026,6,30,화,5,응답,정사이즈,화면과 비슷,보통,,,적당함,,,3.0,,3.0,,,0.0,0.0,0.0,0.0,,,가볍고 얇아서 편합니다. 운동할때 입기 좋은 사이즈네요,가볍고얇아서편합니다운동할때입기좋은사이즈네요,0,0,0,0,0,False,30,23,30,True
4214431,85936332,style,GoosePark,가볍고 얇아서 편합니다. 운동할때 입기 좋은 사이즈네요,5.0,False,블랙 · XL,180.0,82.0,남성,2026-06-30 20:13:24,사이즈: 정사이즈 / 화면 대비 색감: 화면과 비슷 / 퀄리티: 보통 / 신축성: 적당함,True,0,jemut,하의,XL,블랙,2026,6,30,화,5,응답,정사이즈,화면과 비슷,보통,,,적당함,,,3.0,,3.0,,,0.0,0.0,0.0,0.0,,,가볍고 얇아서 편합니다. 운동할때 입기 좋은 사이즈네요,가볍고얇아서편합니다운동할때입기좋은사이즈네요,0,0,0,0,0,False,30,23,30,True
﻿2605191,85615202,general,mnmn07,기장이 딱 무릎까지라서 적당하고 핏도 잘 잡혀서 좋슴다,5.0,False,그레이 · M,178.0,64.0,남성,2026-06-23 15:07:51,사이즈: 정사이즈 / 화면 대비 색감: 화면과 비슷 / 퀄리티: 매우 좋음 / 신축성: 강함,True,0,jemut,하의,M,그레이,2026,6,23,화,5,응답,정사이즈,화면과 비슷,매우 좋음,,,강함,,,5.0,,4.0,,,0.0,0.0,0.0,0.0,,,기장이 딱 무릎까지라서 적당하고 핏도 잘 잡혀서 좋슴다,기장이딱무릎까지라서적당하고핏도잘잡혀서좋슴다,0,0,0,0,0,False,30,23,30,True
﻿4019073,85907576,general,센세이션85,적당히 무릎 덮으면서 너무 통이 안커서 길어보이고 좋습니다. 두껍지않은데 앞주름덕분에 핏이 잘잡혀요,5.0,False,딥그레이 · XL,181.0,76.0,남성,2026-06-29 19:36:25,사이즈: 매우 작음 / 화면 대비 색감: 어두움 / 퀄리티: 좋음 / 신축성: 적당함,False,0,jemut,하의,XL,딥그레이,2026,6,29,월,5,응답,매우 작음,어두움,좋음,,,적당함,,,4.0,,3.0,,,-2.0,2.0,-1.0,1.0,,,적당히 무릎 덮으면서 너무 통이 안커서 길어보이고 좋습니다. 두껍지않은데 앞주름덕분에 핏이 잘잡혀요,적당히무릎덮으면서너무통이안커서길어보이고좋습니다두껍지않은데앞주름덕분에핏이잘잡혀요,0,0,0,0,0,False,55,43,55,True
4019073,85886066,style,비트컴41,색상이 선명하고 신축성이 좋아요.여름템 강추합니다.,5.0,False,딥그레이 · M,175.0,65.0,남성,2026-06-28 23:26:41,사이즈: 정사이즈 / 화면 대비 색감: 화면과 비슷 / 퀄리티: 보통 / 신축성: 적당함,True,0,jemut,하의,M,딥그레이,2026,6,28,일,5,응답,정사이즈,화면과 비슷,보통,,,적당함,,,3.0,,3.0,,,0.0,0.0,0.0,0.0,,,색상이 선명하고 신축성이 좋아요.여름템 강추합니다.,색상이선명하고신축성이좋아요여름템강추합니다,0,0,0,0,0,False,28,22,28,True
4019073,85885616,general,비트컴41,색감도 밝고 신축성이 좋고 편해요. 여름템으로 추천합니다.,5.0,False,딥그레이 · M,175.0,65.0,남성,2026-06-28 23:13:34,사이즈: 정사이즈 / 화면 대비 색감: 화면과 비슷 / 퀄리티: 보통 / 신축성: 적당함,True,0,jemut,하의,M,딥그레이,2026,6,28,일,5,응답,정사이즈,화면과 비슷,보통,,,적당함,,,3.0,,3.0,,,0.0,0.0,0.0,0.0,,,색감도 밝고 신축성이 좋고 편해요. 여름템으로 추천합니다.,색감도밝고신축성이좋고편해요여름템으로추천합니다,0,0,0,0,0,False,32,24,32,True
4019073,85799283,general,독보적인울산부츠,고등학생 아들 편하게 입을거 같아요 고등학생 아들 편하게 입을거 같아요,5.0,False,딥그레이 · M,165.0,50.0,여성,2026-06-26 18:18:42,사이즈: 정사이즈 / 화면 대비 색감: 화면과 비슷 / 퀄리티: 보통 / 신축성: 적당함,False,0,jemut,하의,M,딥그레이,2026,6,26,금,5,응답,정사이즈,화면과 비슷,보통,,,적당함,,,3.0,,3.0,,,0.0,0.0,0.0,0.0,,,고등학생 아들 편하게 입을거 같아요 고등학생 아들 편하게 입을거 같아요,고등학생아들편하게입을거같아요고등학생아들편하게입을거같아요,0,0,0,0,0,False,39,30,39,True
﻿5129614,85876626,general,쁘띠한신당동큐빅,핏도좋고 질도 좋아요 가성비굿입니다 아들이 넘. 좋아해요,5.0,False,블랙 · L,175.0,70.0,남성,2026-06-28 19:11:36,사이즈: 정사이즈 / 화면 대비 색감: 매우 밝음 / 퀄리티: 매우 나쁨 / 신축성: 거의 없음,False,0,jemut,하의,L,블랙,2026,6,28,일,5,응답,정사이즈,매우 밝음,매우 나쁨,,,거의 없음,,,1.0,,2.0,,,0.0,0.0,2.0,2.0,,,핏도좋고 질도 좋아요 가성비굿입니다 아들이 넘. 좋아해요,핏도좋고질도좋아요가성비굿입니다아들이넘좋아해요,0,0,0,0,0,False,31,24,31,True
﻿4019079,85799226,general,독보적인울산부츠,고등학생 아들 편하게 입을거 같아요 고등학생 아들 편하게 입을거 같아요,5.0,False,버건디 · M,165.0,50.0,여성,2026-06-26 18:17:35,사이즈: 정사이즈 / 화면 대비 색감: 화면과 비슷 / 퀄리티: 보통 / 신축성: 적당함,False,0,jemut,하의,M,버건디,2026,6,26,금,5,응답,정사이즈,화면과 비슷,보통,,,적당함,,,3.0,,3.0,,,0.0,0.0,0.0,0.0,,,고등학생 아들 편하게 입을거 같아요 고등학생 아들 편하게 입을거 같아요,고등학생아들편하게입을거같아요고등학생아들편하게입을거같아요,0,0,0,0,0,False,39,30,39,True
﻿6338111,85566069,style,대왕요구르트1,싸게 할인받아 잘샀습니다 여름에 입기 딱 좋네요,5.0,False,다크그레이 · M,170.0,58.0,남성,2026-06-22 15:55:02,사이즈: 정사이즈 / 화면 대비 색감: 화면과 비슷 / 퀄리티: 보통 / 신축성: 적당함,True,0,jemut,하의,M,다크그레이,2026,6,22,월,5,응답,정사이즈,화면과 비슷,보통,,,적당함,,,3.0,,3.0,,,0.0,0.0,0.0,0.0,,,싸게 할인받아 잘샀습니다 여름에 입기 딱 좋네요,싸게할인받아잘샀습니다여름에입기딱좋네요,0,0,0,0,0,False,26,20,26,True
6338111,85566058,general,대왕요구르트1,싸게 할인받아 잘샀습니다 여름에 입기 딱 좋네요,5.0,False,다크그레이 · M,170.0,58.0,남성,2026-06-22 15:54:41,사이즈: 조금 작음 / 화면 대비 색감: 화면과 비슷 / 퀄리티: 보통 / 신축성: 적당함,True,0,jemut,하의,M,다크그레이,2026,6,22,월,5,응답,조금 작음,화면과 비슷,보통,,,적당함,,,3.0,,3.0,,,-1.0,1.0,0.0,0.0,,,싸게 할인받아 잘샀습니다 여름에 입기 딱 좋네요,싸게할인받아잘샀습니다여름에입기딱좋네요,0,0,0,0,0,False,26,20,26,True
﻿1405884,85805006,general,희망찬회색쇼핑,최애 바지로 등극했습니다. 시원하고 편하고 매일 찾게 됩니다.,5.0,False,차콜 · XL,178.0,77.0,남성,2026-06-26 20:24:51,사이즈: 정사이즈 / 화면 대비 색감: 화면과 비슷 / 퀄리티: 매우 좋음 / 신축성: 적당함,False,0,jemut,하의,XL,차콜,2026,6,26,금,5,응답,정사이즈,화면과 비슷,매우 좋음,,,적당함,,,5.0,,3.0,,,0.0,0.0,0.0,0.0,,,최애 바지로 등극했습니다. 시원하고 편하고 매일 찾게 됩니다.,최애바지로등극했습니다시원하고편하고매일찾게됩니다,0,0,0,0,0,False,34,25,34,True
﻿4892393,85661767,general,청순한삼청동크롭,스타일이 좋고 사이즈가 맞습니다 커브가 이쁘고 색감도 좋습니다,5.0,False,베이지 · 30,171.0,67.0,남성,2026-06-24 08:19:06,사이즈: 정사이즈 / 화면 대비 색감: 화면과 비슷 / 퀄리티: 보통 / 신축성: 적당함,True,0,jemut,하의,30,베이지,2026,6,24,수,5,응답,정사이즈,화면과 비슷,보통,,,적당함,,,3.0,,3.0,,,0.0,0.0,0.0,0.0,,,스타일이 좋고 사이즈가 맞습니다 커브가 이쁘고 색감도 좋습니다,스타일이좋고사이즈가맞습니다커브가이쁘고색감도좋습니다,0,0,0,0,0,False,34,27,34,True
4892393,85661731,style,청순한삼청동크롭,사이즈가 맞고 튼튼합니다 오래입을 듯합니다. 겨울빼고 다입을만 한듯합니다,5.0,False,베이지 · 30,171.0,67.0,남성,2026-06-24 08:17:51,사이즈: 정사이즈 / 화면 대비 색감: 화면과 비슷 / 퀄리티: 보통 / 신축성: 적당함,True,0,jemut,하의,30,베이지,2026,6,24,수,5,응답,정사이즈,화면과 비슷,보통,,,적당함,,,3.0,,3.0,,,0.0,0.0,0.0,0.0,,,사이즈가 맞고 튼튼합니다 오래입을 듯합니다. 겨울빼고 다입을만 한듯합니다,사이즈가맞고튼튼합니다오래입을듯합니다겨울빼고다입을만한듯합니다,0,0,0,0,0,False,40,32,40,True
﻿4987049,85551853,general,뱌냐ㅑㅑ냐,핏 사진이랑 동일하고 탄탄해서 오래 입을 거 같아요!,5.0,False,그레이 · L,172.0,60.0,남성,2026-06-22 10:22:33,사이즈: 정사이즈 / 화면 대비 색감: 화면과 비슷 / 퀄리티: 보통 / 신축성: 적당함,False,0,jemut,하의,L,그레이,2026,6,22,월,5,응답,정사이즈,화면과 비슷,보통,,,적당함,,,3.0,,3.0,,,0.0,0.0,0.0,0.0,,,핏 사진이랑 동일하고 탄탄해서 오래 입을 거 같아요!,핏사진이랑동일하고탄탄해서오래입을거같아요,0,0,1,0,0,False,29,21,29,True
﻿4019077,85799246,general,독보적인울산부츠,고등학생 아들 편하게 입을거 같아요 고등학생 아들 편하게 입을거 같아요,5.0,False,브라운 · M,165.0,50.0,여성,2026-06-26 18:17:59,사이즈: 정사이즈 / 화면 대비 색감: 화면과 비슷 / 퀄리티: 보통 / 신축성: 적당함,False,0,jemut,하의,M,브라운,2026,6,26,금,5,응답,정사이즈,화면과 비슷,보통,,,적당함,,,3.0,,3.0,,,0.0,0.0,0.0,0.0,,,고등학생 아들 편하게 입을거 같아요 고등학생 아들 편하게 입을거 같아요,고등학생아들편하게입을거같아요고등학생아들편하게입을거같아요,0,0,0,0,0,False,39,30,39,True
﻿6175797,85942119,general,최신동대문웨지,넉넉하고 재질이 좋아요 다만 지긍입기엔 더울듯하고 초가을에 입을까합니다 색도이쁘고 좋네요,4.0,False,베이지 · 2XL,170.0,70.0,남성,2026-06-30 22:57:45,사이즈: 조금 큼 / 화면 대비 색감: 화면과 비슷 / 퀄리티: 좋음 / 신축성: 적당함,True,0,jemut,하의,2XL,베이지,2026,6,30,화,4,응답,조금 큼,화면과 비슷,좋음,,,적당함,,,4.0,,3.0,,,1.0,1.0,0.0,0.0,,,넉넉하고 재질이 좋아요 다만 지긍입기엔 더울듯하고 초가을에 입을까합니다 색도이쁘고 좋네요,넉넉하고재질이좋아요다만지긍입기엔더울듯하고초가을에입을까합니다색도이쁘고좋네요,0,0,0,0,0,False,49,40,49,True
﻿5436344,86037142,general,윤지르,배송 빠르고 옷 탄탄해요 지금은 더워서 입을수 없지만 날씨 선선해지면 자주 입을꺼 같아요. 색도 마음에 들고 전체적으로 옷이 싸구려처럼 보이지는 않아요.,3.0,False,네이비 · 2XL,178.0,100.0,남성,2026-07-04 14:32:50,사이즈: 정사이즈 / 화면 대비 색감: 화면과 비슷 / 퀄리티: 보통 / 신축성: 적당함,True,0,jemut,하의,2XL,네이비,2026,7,4,토,3,응답,정사이즈,화면과 비슷,보통,,,적당함,,,3.0,,3.0,,,0.0,0.0,0.0,0.0,,,배송 빠르고 옷 탄탄해요 지금은 더워서 입을수 없지만 날씨 선선해지면 자주 입을꺼 같아요. 색도 마음에 들고 전체적으로 옷이 싸구려처럼 보이지는 않아요.,배송빠르고옷탄탄해요지금은더워서입을수없지만날씨선선해지면자주입을꺼같아요색도마음에들고전체적으로옷이싸구려처럼보이지는않아요,0,0,0,0,0,False,85,63,85,True
﻿5102751,85731615,general,포근한검정브로치,재질 좋아요 180/75 인데 사이즈도 적당해요,5.0,False,브라운 · XL,180.0,74.0,남성,2026-06-25 11:35:15,사이즈: 정사이즈 / 화면 대비 색감: 화면과 비슷 / 퀄리티: 보통 / 신축성: 적당함,False,0,jemut,하의,XL,브라운,2026,6,25,목,5,응답,정사이즈,화면과 비슷,보통,,,적당함,,,3.0,,3.0,,,0.0,0.0,0.0,0.0,,,재질 좋아요 180/75 인데 사이즈도 적당해요,재질좋아요18075인데사이즈도적당해요,0,0,0,0,0,False,26,15,26,True
﻿5114985,85609106,general,황홀한금색무드,사이즈 널널하고 바지통도 넓어서 한여름에도 시원합니다,5.0,False,블루 · XL,183.0,80.0,남성,2026-06-23 12:51:10,사이즈: 조금 큼 / 화면 대비 색감: 화면과 비슷 / 퀄리티: 보통 / 신축성: 매우 강함,False,0,jemut,하의,XL,블루,2026,6,23,화,5,응답,조금 큼,화면과 비슷,보통,,,매우 강함,,,3.0,,5.0,,,1.0,1.0,0.0,0.0,,,사이즈 널널하고 바지통도 넓어서 한여름에도 시원합니다,사이즈널널하고바지통도넓어서한여름에도시원합니다,0,0,0,0,0,False,29,24,29,True
﻿6338107,85928946,general,astennu,딱 예상한 재질이었는데 너무 마음에 들었습니다. 편하게 입기에 좋은데 핏도 마음에 들었어요~,5.0,False,블랙 · XL,179.0,78.0,남성,2026-06-30 16:19:17,사이즈: 정사이즈 / 화면 대비 색감: 화면과 비슷 / 퀄리티: 매우 좋음 / 신축성: 적당함,False,0,jemut,하의,XL,블랙,2026,6,30,화,5,응답,정사이즈,화면과 비슷,매우 좋음,,,적당함,,,5.0,,3.0,,,0.0,0.0,0.0,0.0,,,딱 예상한 재질이었는데 너무 마음에 들었습니다. 편하게 입기에 좋은데 핏도 마음에 들었어요~,딱예상한재질이었는데너무마음에들었습니다편하게입기에좋은데핏도마음에들었어요,0,0,0,0,0,False,51,38,51,True
﻿6071161,85745276,style,짱9친9,바지핏과 색상 요즘 스타일이라 힙하고 손이 자주 갑니다,5.0,False,퍼플네이비 · 30,169.0,68.0,남성,2026-06-25 16:59:44,사이즈: 조금 큼 / 화면 대비 색감: 화면과 비슷 / 퀄리티: 보통 / 신축성: 거의 없음,True,0,jemut,하의,30,퍼플네이비,2026,6,25,목,5,응답,조금 큼,화면과 비슷,보통,,,거의 없음,,,3.0,,2.0,,,1.0,1.0,0.0,0.0,,,바지핏과 색상 요즘 스타일이라 힙하고 손이 자주 갑니다,바지핏과색상요즘스타일이라힙하고손이자주갑니다,0,0,0,0,0,False,30,23,30,True
﻿6338102,85676635,general,일반적인니스코지,배송도 빠르고 생각보다 원단이 얇아 시원할것 같아요.,3.0,False,네이비 · M,175.0,68.0,남성,2026-06-24 13:27:47,사이즈: 정사이즈 / 화면 대비 색감: 화면과 비슷 / 퀄리티: 보통 / 신축성: 적당함,False,0,jemut,하의,M,네이비,2026,6,24,수,3,응답,정사이즈,화면과 비슷,보통,,,적당함,,,3.0,,3.0,,,0.0,0.0,0.0,0.0,,,배송도 빠르고 생각보다 원단이 얇아 시원할것 같아요.,배송도빠르고생각보다원단이얇아시원할것같아요,0,0,0,0,0,False,29,22,29,True
﻿6246209,85810201,general,절제된멜란지옷장,밴딩이라서 편하고 핏도 좋고 디자인도 마음에들어요,5.0,False,네이비 · 2XL,164.0,56.0,여성,2026-06-26 22:15:16,사이즈: 정사이즈 / 화면 대비 색감: 화면과 비슷 / 퀄리티: 좋음 / 신축성: 적당함,False,0,jemut,하의,2XL,네이비,2026,6,26,금,5,응답,정사이즈,화면과 비슷,좋음,,,적당함,,,4.0,,3.0,,,0.0,0.0,0.0,0.0,,,밴딩이라서 편하고 핏도 좋고 디자인도 마음에들어요,밴딩이라서편하고핏도좋고디자인도마음에들어요,0,0,0,0,0,False,27,22,27,True
﻿5114995,85872855,general,중대한도쿄론칭,린넨재질이라 쉬원하고 핏이쁘고 오토밀 블랙  2가지샀어요 행사할때사서 저렴하게샀어요,5.0,False,블랙 · 2XL,180.0,98.0,남성,2026-06-28 17:20:23,사이즈: 정사이즈 / 화면 대비 색감: 화면과 비슷 / 퀄리티: 보통 / 신축성: 적당함,False,0,jemut,하의,2XL,블랙,2026,6,28,일,5,응답,정사이즈,화면과 비슷,보통,,,적당함,,,3.0,,3.0,,,0.0,0.0,0.0,0.0,,,린넨재질이라 쉬원하고 핏이쁘고 오토밀 블랙 2가지샀어요 행사할때사서 저렴하게샀어요,린넨재질이라쉬원하고핏이쁘고오토밀블랙2가지샀어요행사할때사서저렴하게샀어요,0,0,0,0,0,False,46,37,45,True
﻿6338108,85808308,general,공화춘짜장,편하고 좋아요 여름에 시원하게 입을수 있겠습니다,5.0,False,아이보리 · L,182.0,79.0,남성,2026-06-26 21:34:28,사이즈: 정사이즈 / 화면 대비 색감: 화면과 비슷 / 퀄리티: 보통 / 신축성: 적당함,False,0,jemut,하의,L,아이보리,2026,6,26,금,5,응답,정사이즈,화면과 비슷,보통,,,적당함,,,3.0,,3.0,,,0.0,0.0,0.0,0.0,,,편하고 좋아요 여름에 시원하게 입을수 있겠습니다,편하고좋아요여름에시원하게입을수있겠습니다,0,0,0,0,0,False,26,21,26,True
﻿6246216,85810225,general,절제된멜란지옷장,밴딩이라서 편하고 핏도 좋고 디자인도 마음에들어요,5.0,False,카키 · 2XL,164.0,56.0,여성,2026-06-26 22:15:36,사이즈: 정사이즈 / 화면 대비 색감: 화면과 비슷 / 퀄리티: 좋음 / 신축성: 적당함,False,0,jemut,하의,2XL,카키,2026,6,26,금,5,응답,정사이즈,화면과 비슷,좋음,,,적당함,,,4.0,,3.0,,,0.0,0.0,0.0,0.0,,,밴딩이라서 편하고 핏도 좋고 디자인도 마음에들어요,밴딩이라서편하고핏도좋고디자인도마음에들어요,0,0,0,0,0,False,27,22,27,True
﻿6246214,85972781,general,절제된멜란지옷장,제멋 바지 너무너무 편해요 깔별로 구매해서 잘입고있습니다,5.0,False,차콜 · 2XL,164.0,56.0,여성,2026-07-01 22:57:03,사이즈: 정사이즈 / 화면 대비 색감: 화면과 비슷 / 퀄리티: 좋음 / 신축성: 적당함,False,0,jemut,하의,2XL,차콜,2026,7,1,수,5,응답,정사이즈,화면과 비슷,좋음,,,적당함,,,4.0,,3.0,,,0.0,0.0,0.0,0.0,,,제멋 바지 너무너무 편해요 깔별로 구매해서 잘입고있습니다,제멋바지너무너무편해요깔별로구매해서잘입고있습니다,0,0,0,0,0,False,31,25,31,True
﻿6071162,85758349,general,앙겨드랑이,사진보다 훨씬 더 예쁘고 핏도 널널해서 만족스럽습니다!,5.0,False,카키베이지 · 30,176.0,65.0,남성,2026-06-25 21:04:29,사이즈: 조금 큼 / 화면 대비 색감: 화면과 비슷 / 퀄리티: 보통 / 신축성: 거의 없음,True,0,jemut,하의,30,카키베이지,2026,6,25,목,5,응답,조금 큼,화면과 비슷,보통,,,거의 없음,,,3.0,,2.0,,,1.0,1.0,0.0,0.0,,,사진보다 훨씬 더 예쁘고 핏도 널널해서 만족스럽습니다!,사진보다훨씬더예쁘고핏도널널해서만족스럽습니다,0,0,1,0,0,False,30,23,30,True
﻿5129605,85653998,general,근찬맨,딱 요새 유행하는 핏에 길이에요. 입기 좋고 뒷주머니도 있어서 좋아요!,5.0,False,그레이 · 2XL,176.0,72.0,남성,2026-06-24 00:44:22,사이즈: 정사이즈 / 화면 대비 색감: 화면과 비슷 / 퀄리티: 보통 / 신축성: 적당함,False,0,jemut,하의,2XL,그레이,2026,6,24,수,5,응답,정사이즈,화면과 비슷,보통,,,적당함,,,3.0,,3.0,,,0.0,0.0,0.0,0.0,,,딱 요새 유행하는 핏에 길이에요. 입기 좋고 뒷주머니도 있어서 좋아요!,딱요새유행하는핏에길이에요입기좋고뒷주머니도있어서좋아요,0,0,1,0,0,False,39,28,39,True
﻿1884943,86076699,style,리스핏,"받아보니 사진보다 실물이 더 예뻐서 만족했습니다. 블랙 차콜 컬러가 너무 진하지도, 밝지도 않은 고급스러운 색감이라 빈티지한 분위기가 잘 살아나요. 그래픽도 과하지 않게 포인트가 돼서 하나만 입어도 밋밋한 느낌이 없습니다.  핏은 자연스러운 오버핏이라 편하게 입기 좋고 체형도 잘 커버해줘서 마음에 들었어요. 목 시보리도 탄탄하게 마감되어 있어서 세탁 후에도 쉽게 늘어날 것 같지 않았습니다. 가격도 부담 없는 편인데 퀄리티가 좋아서 가성비까지 만족스러운 반팔티였습니다.",5.0,False,LARGE,180.0,76.0,남성,2026-07-06 01:36:33,사이즈: 정사이즈 / 화면 대비 색감: 화면과 비슷 / 두께감: 적당함 / 신축성: 적당함,True,0,travel,상의,LARGE,,2026,7,6,월,5,응답,정사이즈,화면과 비슷,,,,적당함,적당함,,,,3.0,3.0,,0.0,0.0,0.0,0.0,,,"받아보니 사진보다 실물이 더 예뻐서 만족했습니다. 블랙 차콜 컬러가 너무 진하지도, 밝지도 않은 고급스러운 색감이라 빈티지한 분위기가 잘 살아나요. 그래픽도 과하지 않게 포인트가 돼서 하나만 입어도 밋밋한 느낌이 없습니다. 핏은 자연스러운 오버핏이라 편하게 입기 좋고 체형도 잘 커버해줘서 마음에 들었어요. 목 시보리도 탄탄하게 마감되어 있어서 세탁 후에도 쉽게 늘어날 것 같지 않았습니다. 가격도 부담 없는 편인데 퀄리티가 좋아서 가성비까지 만족스러운 반팔티였습니다.",받아보니사진보다실물이더예뻐서만족했습니다블랙차콜컬러가너무진하지도밝지도않은고급스러운색감이라빈티지한분위기가잘살아나요그래픽도과하지않게포인트가돼서하나만입어도밋밋한느낌이없습니다핏은자연스러운오버핏이라편하게입기좋고체형도잘커버해줘서마음에들었어요목시보리도탄탄하게마감되어있어서세탁후에도쉽게늘어날것같지않았습니다가격도부담없는편인데퀄리티가좋아서가성비까지만족스러운반팔티였습니다,0,0,0,0,0,False,263,195,262,True
1884943,86075701,general,남써니의무신사,"핏도 괜찮고, 소재도 편해서 자주 입게 될 것 같아요. 만족합니다!",5.0,False,EXTRA LARGE,176.0,78.0,남성,2026-07-06 00:31:35,사이즈: 정사이즈 / 화면 대비 색감: 화면과 비슷 / 두께감: 적당함 / 신축성: 적당함,False,0,travel,상의,EXTRA LARGE,,2026,7,6,월,5,응답,정사이즈,화면과 비슷,,,,적당함,적당함,,,,3.0,3.0,,0.0,0.0,0.0,0.0,,,"핏도 괜찮고, 소재도 편해서 자주 입게 될 것 같아요. 만족합니다!",핏도괜찮고소재도편해서자주입게될것같아요만족합니다,0,0,1,0,0,False,37,25,37,True
1884943,86063883,general,돈까스 꿀맛,"블랙 차콜 색감이 되게 고급스럽게 잘 빠졌어요. 미시간 그래픽도 포인트로 예쁘고, 핏이 자연스러운 오버핏이라 힙하게 입기 좋습니다.",5.0,False,MEDIUM,171.0,67.0,남성,2026-07-05 16:52:23,사이즈: 정사이즈 / 화면 대비 색감: 화면과 비슷 / 두께감: 적당함 / 신축성: 적당함,True,0,travel,상의,MEDIUM,,2026,7,5,일,5,응답,정사이즈,화면과 비슷,,,,적당함,적당함,,,,3.0,3.0,,0.0,0.0,0.0,0.0,,,"블랙 차콜 색감이 되게 고급스럽게 잘 빠졌어요. 미시간 그래픽도 포인트로 예쁘고, 핏이 자연스러운 오버핏이라 힙하게 입기 좋습니다.",블랙차콜색감이되게고급스럽게잘빠졌어요미시간그래픽도포인트로예쁘고핏이자연스러운오버핏이라힙하게입기좋습니다,0,0,0,0,0,False,73,54,73,True
1884943,86035891,general,찌우어운당,조금 작긴한데 좋아요 질감이랑 여름에 잘 입을거같아요,5.0,False,EXTRA LARGE,175.0,80.0,남성,2026-07-04 13:43:28,사이즈: 정사이즈 / 화면 대비 색감: 화면과 비슷 / 두께감: 적당함 / 신축성: 적당함,False,0,travel,상의,EXTRA LARGE,,2026,7,4,토,5,응답,정사이즈,화면과 비슷,,,,적당함,적당함,,,,3.0,3.0,,0.0,0.0,0.0,0.0,,,조금 작긴한데 좋아요 질감이랑 여름에 잘 입을거같아요,조금작긴한데좋아요질감이랑여름에잘입을거같아요,0,0,0,0,0,False,29,23,29,True
1884943,86016344,general,파란계산기,심플하고 핏도 좋고 괜찮네요. 잘 입겠습니다. 감사합니다.,5.0,False,LARGE,179.0,70.0,남성,2026-07-03 16:40:17,사이즈: 정사이즈 / 화면 대비 색감: 화면과 비슷 / 두께감: 적당함 / 신축성: 적당함,False,0,travel,상의,LARGE,,2026,7,3,금,5,응답,정사이즈,화면과 비슷,,,,적당함,적당함,,,,3.0,3.0,,0.0,0.0,0.0,0.0,,,심플하고 핏도 좋고 괜찮네요. 잘 입겠습니다. 감사합니다.,심플하고핏도좋고괜찮네요잘입겠습니다감사합니다,0,0,0,0,0,False,32,23,32,True
1884943,86013727,general,정빈l,사진과 같고 사이즈도 정사이즈라 잘입고있습니당,5.0,False,SMALL,162.0,50.0,남성,2026-07-03 14:59:33,사이즈: 정사이즈 / 화면 대비 색감: 화면과 비슷 / 두께감: 적당함 / 신축성: 적당함,False,0,travel,상의,SMALL,,2026,7,3,금,5,응답,정사이즈,화면과 비슷,,,,적당함,적당함,,,,3.0,3.0,,0.0,0.0,0.0,0.0,,,사진과 같고 사이즈도 정사이즈라 잘입고있습니당,사진과같고사이즈도정사이즈라잘입고있습니당,0,0,0,0,0,False,25,21,25,True
1884943,85977536,style,먹다보니살찜,177 73  생각보다 조금 작지만 저렴한 금액에 구매해서 만족합니다.,5.0,False,EXTRA LARGE,177.0,73.0,남성,2026-07-02 04:26:39,사이즈: 조금 작음 / 화면 대비 색감: 화면과 비슷 / 두께감: 적당함 / 신축성: 적당함,True,0,travel,상의,EXTRA LARGE,,2026,7,2,목,5,응답,조금 작음,화면과 비슷,,,,적당함,적당함,,,,3.0,3.0,,-1.0,1.0,0.0,0.0,,,177 73 생각보다 조금 작지만 저렴한 금액에 구매해서 만족합니다.,17773생각보다조금작지만저렴한금액에구매해서만족합니다,0,0,0,0,0,False,39,24,38,True
1884943,85977508,general,먹다보니살찜,177 73 오버핏으로 입고 싶어서 가장큰 엑스트라 라지 주문. 생각보다 크진 않지만 만족합니다.,5.0,False,EXTRA LARGE,177.0,73.0,남성,2026-07-02 04:21:16,사이즈: 정사이즈 / 화면 대비 색감: 화면과 비슷 / 두께감: 적당함 / 신축성: 적당함,True,0,travel,상의,EXTRA LARGE,,2026,7,2,목,5,응답,정사이즈,화면과 비슷,,,,적당함,적당함,,,,3.0,3.0,,0.0,0.0,0.0,0.0,,,177 73 오버핏으로 입고 싶어서 가장큰 엑스트라 라지 주문. 생각보다 크진 않지만 만족합니다.,17773오버핏으로입고싶어서가장큰엑스트라라지주문생각보다크진않지만만족합니다,0,0,0,0,0,False,54,35,54,True
1884943,85977468,style,먹다보니살찜,저렴한 금액에 득템했습니다. 커플로 입으려고 2장 주문했어요,5.0,False,MEDIUM,177.0,72.0,남성,2026-07-02 04:01:21,사이즈: 정사이즈 / 화면 대비 색감: 화면과 비슷 / 두께감: 적당함 / 신축성: 적당함,True,0,travel,상의,MEDIUM,,2026,7,2,목,5,응답,정사이즈,화면과 비슷,,,,적당함,적당함,,,,3.0,3.0,,0.0,0.0,0.0,0.0,,,저렴한 금액에 득템했습니다. 커플로 입으려고 2장 주문했어요,저렴한금액에득템했습니다커플로입으려고2장주문했어요,0,0,0,0,0,False,33,25,33,True
1884943,85977430,general,먹다보니살찜,174 65 여자 기준 M사이즈 주문. 여친 선물해줬는데 맘에들어하네요~,5.0,False,MEDIUM,177.0,72.0,남성,2026-07-02 03:51:45,사이즈: 정사이즈 / 화면 대비 색감: 화면과 비슷 / 두께감: 적당함 / 신축성: 적당함,True,0,travel,상의,MEDIUM,,2026,7,2,목,5,응답,정사이즈,화면과 비슷,,,,적당함,적당함,,,,3.0,3.0,,0.0,0.0,0.0,0.0,,,174 65 여자 기준 M사이즈 주문. 여친 선물해줬는데 맘에들어하네요~,17465여자기준m사이즈주문여친선물해줬는데맘에들어하네요,0,0,0,0,0,False,40,24,40,True
1884943,85944289,general,토토222,편하게 입기 좋아요 두껍지도 않고 여유있어서 시원해요,5.0,False,MEDIUM,174.0,63.0,여성,2026-07-01 00:03:03,사이즈: 정사이즈 / 화면 대비 색감: 화면과 비슷 / 두께감: 적당함 / 신축성: 적당함,False,0,travel,상의,MEDIUM,,2026,7,1,수,5,응답,정사이즈,화면과 비슷,,,,적당함,적당함,,,,3.0,3.0,,0.0,0.0,0.0,0.0,,,편하게 입기 좋아요 두껍지도 않고 여유있어서 시원해요,편하게입기좋아요두껍지도않고여유있어서시원해요,0,0,0,0,0,False,29,23,29,True
1884943,85859889,general,저명한뉴욕힙스터,오래전부터 찜해둔 상품이었는데 좋은가격이 형성되었길래 바로 구매 했습니다,5.0,False,LARGE,166.0,65.0,여성,2026-06-28 10:29:46,사이즈: 정사이즈 / 화면 대비 색감: 화면과 비슷 / 두께감: 적당함 / 신축성: 적당함,True,0,travel,상의,LARGE,,2026,6,28,일,5,응답,정사이즈,화면과 비슷,,,,적당함,적당함,,,,3.0,3.0,,0.0,0.0,0.0,0.0,,,오래전부터 찜해둔 상품이었는데 좋은가격이 형성되었길래 바로 구매 했습니다,오래전부터찜해둔상품이었는데좋은가격이형성되었길래바로구매했습니다,0,0,0,0,0,False,40,33,40,True
1884943,85859858,style,저명한뉴욕힙스터,오래전부터 찜해둔 상품  이었는데 좋은가격 떴길래 바로 구매 했습니다 편하게 잘 입겠습니다,5.0,False,LARGE,166.0,65.0,여성,2026-06-28 10:28:19,사이즈: 정사이즈 / 화면 대비 색감: 화면과 비슷 / 두께감: 적당함 / 신축성: 적당함,True,0,travel,상의,LARGE,,2026,6,28,일,5,응답,정사이즈,화면과 비슷,,,,적당함,적당함,,,,3.0,3.0,,0.0,0.0,0.0,0.0,,,오래전부터 찜해둔 상품 이었는데 좋은가격 떴길래 바로 구매 했습니다 편하게 잘 입겠습니다,오래전부터찜해둔상품이었는데좋은가격떴길래바로구매했습니다편하게잘입겠습니다,0,0,0,0,0,False,50,38,49,True
1884943,85852597,general,애틋한발리양복,마음에 드네요 색조합이 딱 좋은 것 같습니다! 많이 파세요~,5.0,False,LARGE,167.0,56.0,여성,2026-06-27 23:57:04,사이즈: 정사이즈 / 화면 대비 색감: 화면과 비슷 / 두께감: 적당함 / 신축성: 적당함,False,0,travel,상의,LARGE,,2026,6,27,토,5,응답,정사이즈,화면과 비슷,,,,적당함,적당함,,,,3.0,3.0,,0.0,0.0,0.0,0.0,,,마음에 드네요 색조합이 딱 좋은 것 같습니다! 많이 파세요~,마음에드네요색조합이딱좋은것같습니다많이파세요,0,0,1,0,0,False,33,23,33,True
1884943,85852516,style,애틋한발리양복,색감이 이뻐요 후드티도 샀었는데 이뻐서 반팔 버전도 샀어요,5.0,False,LARGE,167.0,56.0,여성,2026-06-27 23:53:57,사이즈: 정사이즈 / 화면 대비 색감: 화면과 비슷 / 두께감: 적당함 / 신축성: 적당함,True,0,travel,상의,LARGE,,2026,6,27,토,5,응답,정사이즈,화면과 비슷,,,,적당함,적당함,,,,3.0,3.0,,0.0,0.0,0.0,0.0,,,색감이 이뻐요 후드티도 샀었는데 이뻐서 반팔 버전도 샀어요,색감이이뻐요후드티도샀었는데이뻐서반팔버전도샀어요,0,0,0,0,0,False,32,25,32,True
1884943,85792818,general,순수한광주플리스,매우 만족합니다. 제품도 좋고 전체적으로 아주 마음에 들어요!,5.0,False,LARGE,180.0,80.0,여성,2026-06-26 16:12:02,사이즈: 정사이즈 / 화면 대비 색감: 화면과 비슷 / 두께감: 적당함 / 신축성: 적당함,True,0,travel,상의,LARGE,,2026,6,26,금,5,응답,정사이즈,화면과 비슷,,,,적당함,적당함,,,,3.0,3.0,,0.0,0.0,0.0,0.0,,,매우 만족합니다. 제품도 좋고 전체적으로 아주 마음에 들어요!,매우만족합니다제품도좋고전체적으로아주마음에들어요,0,0,1,0,0,False,34,25,34,True
1884943,84745044,general,신나는경복궁반지,"후기가 좋아서 구매했는데, 재질이 좋네요ㅎ 만족해요ㅎ",5.0,False,EXTRA LARGE,152.0,42.0,여성,2026-06-26 13:06:06,사이즈: 조금 큼 / 화면 대비 색감: 화면과 비슷 / 두께감: 적당함 / 신축성: 적당함,True,0,travel,상의,EXTRA LARGE,,2026,6,26,금,5,응답,조금 큼,화면과 비슷,,,,적당함,적당함,,,,3.0,3.0,,1.0,1.0,0.0,0.0,,,"후기가 좋아서 구매했는데, 재질이 좋네요ㅎ 만족해요ㅎ",후기가좋아서구매했는데재질이좋네요만족해요,1,0,0,0,0,False,29,21,29,True
1884943,85776129,style,보수적인마젠타뮬,작년에 사서 잘입었어요.  이번에 무진장때 남편 아들이랑 가족커플티로 입으려고 구매했어요,5.0,False,EXTRA LARGE,160.0,50.0,여성,2026-06-26 08:58:50,사이즈: 조금 큼 / 화면 대비 색감: 화면과 비슷 / 두께감: 적당함 / 신축성: 적당함,True,0,travel,상의,EXTRA LARGE,,2026,6,26,금,5,응답,조금 큼,화면과 비슷,,,,적당함,적당함,,,,3.0,3.0,,1.0,1.0,0.0,0.0,,,작년에 사서 잘입었어요. 이번에 무진장때 남편 아들이랑 가족커플티로 입으려고 구매했어요,작년에사서잘입었어요이번에무진장때남편아들이랑가족커플티로입으려고구매했어요,0,0,0,0,0,False,49,38,48,True
1884943,85698506,style,류마허,가격 대비 퀄리티가 좋아 추천드리고 싶은 제품입니다,5.0,False,EXTRA LARGE,182.0,75.0,남성,2026-06-24 19:44:18,사이즈: 정사이즈 / 화면 대비 색감: 화면과 비슷 / 두께감: 적당함 / 신축성: 적당함,True,0,travel,상의,EXTRA LARGE,,2026,6,24,수,5,응답,정사이즈,화면과 비슷,,,,적당함,적당함,,,,3.0,3.0,,0.0,0.0,0.0,0.0,,,가격 대비 퀄리티가 좋아 추천드리고 싶은 제품입니다,가격대비퀄리티가좋아추천드리고싶은제품입니다,0,0,0,0,0,False,28,22,28,True
1884943,85691585,general,성남남자 킴,진짜 너무너무 좋습니다 다음에도 살게요 감사합니다,5.0,False,EXTRA LARGE,180.0,100.0,남성,2026-06-24 17:51:10,사이즈: 정사이즈 / 화면 대비 색감: 화면과 비슷 / 두께감: 적당함 / 신축성: 적당함,False,0,travel,상의,EXTRA LARGE,,2026,6,24,수,5,응답,정사이즈,화면과 비슷,,,,적당함,적당함,,,,3.0,3.0,,0.0,0.0,0.0,0.0,,,진짜 너무너무 좋습니다 다음에도 살게요 감사합니다,진짜너무너무좋습니다다음에도살게요감사합니다,0,0,0,0,0,False,27,22,27,True
1884943,85675064,style,지금뜨는송파새틴,예뻐용 추천드립니다 짱짱하고 안늘어날거같아요,5.0,False,SMALL,162.0,55.0,여성,2026-06-24 12:57:27,사이즈: 정사이즈 / 화면 대비 색감: 화면과 비슷 / 두께감: 적당함 / 신축성: 적당함,True,0,travel,상의,SMALL,,2026,6,24,수,5,응답,정사이즈,화면과 비슷,,,,적당함,적당함,,,,3.0,3.0,,0.0,0.0,0.0,0.0,,,예뻐용 추천드립니다 짱짱하고 안늘어날거같아요,예뻐용추천드립니다짱짱하고안늘어날거같아요,0,0,0,0,0,False,24,21,24,True
1884943,85668627,general,후후웃,저렴한 가격에 가성비 좋은 반팔 득템했습니다! 사진보다 실물이 더 이뻐요.,5.0,False,EXTRA LARGE,175.0,72.0,남성,2026-06-24 10:51:17,사이즈: 조금 큼 / 화면 대비 색감: 밝음 / 두께감: 적당함 / 신축성: 강함,True,0,travel,상의,EXTRA LARGE,,2026,6,24,수,5,응답,조금 큼,밝음,,,,강함,적당함,,,,4.0,3.0,,1.0,1.0,1.0,1.0,,,저렴한 가격에 가성비 좋은 반팔 득템했습니다! 사진보다 실물이 더 이뻐요.,저렴한가격에가성비좋은반팔득템했습니다사진보다실물이더이뻐요,0,0,1,0,0,False,41,30,41,True
1884943,85666530,general,HAPPYSSU,저렴한 가격에 득템해서 매우 좋고 색감도 예뻐서 여름과 잘 어울려요~,5.0,False,EXTRA LARGE,172.0,80.0,남성,2026-06-24 10:03:18,사이즈: 조금 큼 / 화면 대비 색감: 화면과 비슷 / 두께감: 얇음 / 신축성: 적당함,False,0,travel,상의,EXTRA LARGE,,2026,6,24,수,5,응답,조금 큼,화면과 비슷,,,,적당함,얇음,,,,3.0,2.0,,1.0,1.0,0.0,0.0,,,저렴한 가격에 득템해서 매우 좋고 색감도 예뻐서 여름과 잘 어울려요~,저렴한가격에득템해서매우좋고색감도예뻐서여름과잘어울려요,0,0,0,0,0,False,38,28,38,True
1884943,85650603,general,Mizz,얇아서 여름에 시원하게 입을 수 있겠네요 좋습니다,5.0,False,EXTRA LARGE,175.0,67.0,남성,2026-06-23 23:50:00,사이즈: 정사이즈 / 화면 대비 색감: 화면과 비슷 / 두께감: 적당함 / 신축성: 적당함,True,0,travel,상의,EXTRA LARGE,,2026,6,23,화,5,응답,정사이즈,화면과 비슷,,,,적당함,적당함,,,,3.0,3.0,,0.0,0.0,0.0,0.0,,,얇아서 여름에 시원하게 입을 수 있겠네요 좋습니다,얇아서여름에시원하게입을수있겠네요좋습니다,0,0,0,0,0,False,27,21,27,True
1884943,85650559,style,Mizz,얇아서 여름에 시원하게 입을 수 있겠네요 좋습니다,5.0,False,EXTRA LARGE,175.0,67.0,남성,2026-06-23 23:49:24,사이즈: 정사이즈 / 화면 대비 색감: 화면과 비슷 / 두께감: 적당함 / 신축성: 적당함,True,0,travel,상의,EXTRA LARGE,,2026,6,23,화,5,응답,정사이즈,화면과 비슷,,,,적당함,적당함,,,,3.0,3.0,,0.0,0.0,0.0,0.0,,,얇아서 여름에 시원하게 입을 수 있겠네요 좋습니다,얇아서여름에시원하게입을수있겠네요좋습니다,0,0,0,0,0,False,27,21,27,True
1884943,85621551,style,야홍1,옷이 이쁘고 이런색상 좋아해서 찾고다녔는데 편해서 더 좋은거같네요~,5.0,False,LARGE,174.0,73.0,남성,2026-06-23 17:16:11,사이즈: 정사이즈 / 화면 대비 색감: 화면과 비슷 / 두께감: 적당함 / 신축성: 적당함,True,0,travel,상의,LARGE,,2026,6,23,화,5,응답,정사이즈,화면과 비슷,,,,적당함,적당함,,,,3.0,3.0,,0.0,0.0,0.0,0.0,,,옷이 이쁘고 이런색상 좋아해서 찾고다녔는데 편해서 더 좋은거같네요~,옷이이쁘고이런색상좋아해서찾고다녔는데편해서더좋은거같네요,0,0,0,0,0,False,37,29,37,True
1884943,85145957,style,동겸동,차콜 색과 짙은데 뭔가 연한 듯한 푸른색 색 배합이 진짜 잘 어울려서 좋아요 국밥 조합인듯 사이즈도 너무 크지도 타이트하지도 않은 딱 좋은 오버핏이네요,5.0,False,EXTRA LARGE,181.0,83.0,남성,2026-06-23 12:21:12,사이즈: 조금 큼 / 화면 대비 색감: 어두움 / 두께감: 얇음 / 신축성: 적당함,True,0,travel,상의,EXTRA LARGE,,2026,6,23,화,5,응답,조금 큼,어두움,,,,적당함,얇음,,,,3.0,2.0,,1.0,1.0,-1.0,1.0,,,차콜 색과 짙은데 뭔가 연한 듯한 푸른색 색 배합이 진짜 잘 어울려서 좋아요 국밥 조합인듯 사이즈도 너무 크지도 타이트하지도 않은 딱 좋은 오버핏이네요,차콜색과짙은데뭔가연한듯한푸른색색배합이진짜잘어울려서좋아요국밥조합인듯사이즈도너무크지도타이트하지도않은딱좋은오버핏이네요,0,0,0,0,0,False,84,62,84,True
1884943,85146003,general,동겸동,차콜 색과 짙은데 뭔가 연한 듯한 푸른색 색 배합이 진짜 잘 어울려서 좋아요 국밥 조합인듯 사이즈도 너무 크지도 타이트하지도 않은 딱 좋은 오버핏이네요,5.0,False,EXTRA LARGE,181.0,83.0,남성,2026-06-23 12:20:56,사이즈: 조금 큼 / 화면 대비 색감: 화면과 비슷 / 두께감: 얇음 / 신축성: 적당함,True,0,travel,상의,EXTRA LARGE,,2026,6,23,화,5,응답,조금 큼,화면과 비슷,,,,적당함,얇음,,,,3.0,2.0,,1.0,1.0,0.0,0.0,,,차콜 색과 짙은데 뭔가 연한 듯한 푸른색 색 배합이 진짜 잘 어울려서 좋아요 국밥 조합인듯 사이즈도 너무 크지도 타이트하지도 않은 딱 좋은 오버핏이네요,차콜색과짙은데뭔가연한듯한푸른색색배합이진짜잘어울려서좋아요국밥조합인듯사이즈도너무크지도타이트하지도않은딱좋은오버핏이네요,0,0,0,0,0,False,84,62,84,True
1884943,85581313,style,답을찾을것이다,배송이 빨라서 좋아요 옷은 평상복으로도 괜찮고 운동할때 운동복으로도 좋아요,5.0,False,EXTRA LARGE,180.0,85.0,남성,2026-06-22 21:01:56,사이즈: 정사이즈 / 화면 대비 색감: 화면과 비슷 / 두께감: 적당함 / 신축성: 적당함,True,0,travel,상의,EXTRA LARGE,,2026,6,22,월,5,응답,정사이즈,화면과 비슷,,,,적당함,적당함,,,,3.0,3.0,,0.0,0.0,0.0,0.0,,,배송이 빨라서 좋아요 옷은 평상복으로도 괜찮고 운동할때 운동복으로도 좋아요,배송이빨라서좋아요옷은평상복으로도괜찮고운동할때운동복으로도좋아요,0,0,0,0,0,False,41,33,41,True
1884943,85581293,general,답을찾을것이다,배송이 빨라서 좋아요 옷은 평상복으로도 괜찮고 운동할때 운동복으로도 좋아요,5.0,False,EXTRA LARGE,180.0,85.0,남성,2026-06-22 21:01:37,사이즈: 정사이즈 / 화면 대비 색감: 화면과 비슷 / 두께감: 적당함 / 신축성: 적당함,True,0,travel,상의,EXTRA LARGE,,2026,6,22,월,5,응답,정사이즈,화면과 비슷,,,,적당함,적당함,,,,3.0,3.0,,0.0,0.0,0.0,0.0,,,배송이 빨라서 좋아요 옷은 평상복으로도 괜찮고 운동할때 운동복으로도 좋아요,배송이빨라서좋아요옷은평상복으로도괜찮고운동할때운동복으로도좋아요,0,0,0,0,0,False,41,33,41,True
﻿2099882,85913334,general,콩슨생님,두깨감이 좀 있어서 가을에서 겨울넘어가는 사이에 입기 좋은것 같습니다 핏도예쁘고 편하게입기 좋을것같아요,5.0,False,LARGE,177.0,69.0,남성,2026-06-29 22:51:05,사이즈: 정사이즈 / 화면 대비 색감: 화면과 비슷 / 두께감: 두꺼움 / 퀄리티: 보통,True,1,travel,상의,LARGE,,2026,6,29,월,5,응답,정사이즈,화면과 비슷,보통,,,,두꺼움,,3.0,,,4.0,,0.0,0.0,0.0,0.0,,,두깨감이 좀 있어서 가을에서 겨울넘어가는 사이에 입기 좋은것 같습니다 핏도예쁘고 편하게입기 좋을것같아요,두깨감이좀있어서가을에서겨울넘어가는사이에입기좋은것같습니다핏도예쁘고편하게입기좋을것같아요,0,0,0,0,0,False,57,46,57,True
2099882,85913324,style,콩슨생님,두깨감이 좀 있어서 가을에서 겨울넘어가는 사이에 입기 좋은것 같습니다 핏도예쁘고 편하게입기 좋을것같아요,5.0,False,LARGE,177.0,69.0,남성,2026-06-29 22:50:46,사이즈: 정사이즈 / 화면 대비 색감: 화면과 비슷 / 두께감: 두꺼움 / 퀄리티: 보통,True,1,travel,상의,LARGE,,2026,6,29,월,5,응답,정사이즈,화면과 비슷,보통,,,,두꺼움,,3.0,,,4.0,,0.0,0.0,0.0,0.0,,,두깨감이 좀 있어서 가을에서 겨울넘어가는 사이에 입기 좋은것 같습니다 핏도예쁘고 편하게입기 좋을것같아요,두깨감이좀있어서가을에서겨울넘어가는사이에입기좋은것같습니다핏도예쁘고편하게입기좋을것같아요,0,0,0,0,0,False,57,46,57,True
2099882,85799676,style,완탕탕,동일 제품 블루 XL있는데 너무커서 이번에는 L로 구매했는데 딱이네요 저렴히 구매했고 핏감 좋아요. 추천해요,5.0,False,LARGE,169.0,72.0,남성,2026-06-26 18:26:25,사이즈: 정사이즈 / 화면 대비 색감: 화면과 비슷 / 두께감: 적당함 / 퀄리티: 보통,True,0,travel,상의,LARGE,,2026,6,26,금,5,응답,정사이즈,화면과 비슷,보통,,,,적당함,,3.0,,,3.0,,0.0,0.0,0.0,0.0,,,동일 제품 블루 XL있는데 너무커서 이번에는 L로 구매했는데 딱이네요 저렴히 구매했고 핏감 좋아요. 추천해요,동일제품블루xl있는데너무커서이번에는l로구매했는데딱이네요저렴히구매했고핏감좋아요추천해요,0,0,0,0,0,False,60,43,60,True
2099882,85799654,general,완탕탕,동일 제품 블루 XL있는데 너무커서 이번에는 L로 구매했는데 딱이네요 저렴히 구매했고 핏감 좋아요,5.0,False,LARGE,169.0,72.0,남성,2026-06-26 18:26:00,사이즈: 정사이즈 / 화면 대비 색감: 화면과 비슷 / 두께감: 적당함 / 퀄리티: 보통,True,0,travel,상의,LARGE,,2026,6,26,금,5,응답,정사이즈,화면과 비슷,보통,,,,적당함,,3.0,,,3.0,,0.0,0.0,0.0,0.0,,,동일 제품 블루 XL있는데 너무커서 이번에는 L로 구매했는데 딱이네요 저렴히 구매했고 핏감 좋아요,동일제품블루xl있는데너무커서이번에는l로구매했는데딱이네요저렴히구매했고핏감좋아요,0,0,0,0,0,False,54,39,54,True
2099882,85692862,general,Dongu-,이건 기모 없는 버전으로 구매했는데 사이즈가 너무 작고 형태를 유지 못해서 태가 조금 아쉽네요.,4.0,False,[NO기모]EXTRA LARGE,178.0,77.0,남성,2026-06-24 18:11:28,사이즈: 정사이즈 / 화면 대비 색감: 화면과 비슷 / 두께감: 적당함 / 퀄리티: 보통,False,0,travel,상의,EXTRA LARGE,[NO기모],2026,6,24,수,4,응답,정사이즈,화면과 비슷,보통,,,,적당함,,3.0,,,3.0,,0.0,0.0,0.0,0.0,,,이건 기모 없는 버전으로 구매했는데 사이즈가 너무 작고 형태를 유지 못해서 태가 조금 아쉽네요.,이건기모없는버전으로구매했는데사이즈가너무작고형태를유지못해서태가조금아쉽네요,0,0,0,0,0,False,53,39,53,True
﻿1899755,85969028,general,satang3,티셔츠색상과 사이즈 모두 좋네요 마음에 듭니다,5.0,False,LARGE,165.0,50.0,여성,2026-07-01 21:05:41,사이즈: 정사이즈 / 화면 대비 색감: 화면과 비슷 / 두께감: 적당함 / 신축성: 적당함,False,0,travel,상의,LARGE,,2026,7,1,수,5,응답,정사이즈,화면과 비슷,,,,적당함,적당함,,,,3.0,3.0,,0.0,0.0,0.0,0.0,,,티셔츠색상과 사이즈 모두 좋네요 마음에 듭니다,티셔츠색상과사이즈모두좋네요마음에듭니다,0,0,0,0,0,False,25,20,25,True
1899755,85955469,style,Jwjw1,예뻐요 소재도 탄탄하고 오래입을 수 있을거같아요,5.0,False,EXTRA LARGE,163.0,53.0,여성,2026-07-01 12:41:28,사이즈: 정사이즈 / 화면 대비 색감: 화면과 비슷 / 두께감: 적당함 / 신축성: 적당함,True,0,travel,상의,EXTRA LARGE,,2026,7,1,수,5,응답,정사이즈,화면과 비슷,,,,적당함,적당함,,,,3.0,3.0,,0.0,0.0,0.0,0.0,,,예뻐요 소재도 탄탄하고 오래입을 수 있을거같아요,예뻐요소재도탄탄하고오래입을수있을거같아요,0,0,0,0,0,False,26,21,26,True
1899755,85911294,style,yesmanus,디자인 예쁘고 적당한 두께감에 어디든 가볍게 입고나갈 수 있습니다,5.0,False,MEDIUM,172.0,57.0,남성,2026-06-29 21:47:01,사이즈: 정사이즈 / 화면 대비 색감: 화면과 비슷 / 두께감: 적당함 / 신축성: 적당함,True,0,travel,상의,MEDIUM,,2026,6,29,월,5,응답,정사이즈,화면과 비슷,,,,적당함,적당함,,,,3.0,3.0,,0.0,0.0,0.0,0.0,,,디자인 예쁘고 적당한 두께감에 어디든 가볍게 입고나갈 수 있습니다,디자인예쁘고적당한두께감에어디든가볍게입고나갈수있습니다,0,0,0,0,0,False,36,28,36,True
1899755,85827914,general,안농안눙안농,컾플티로 구매해봤습니다 오메 이쁜거 ㅎㅎ  만족합니다,5.0,False,EXTRA LARGE,160.0,65.0,여성,2026-06-27 12:23:48,사이즈: 정사이즈 / 화면 대비 색감: 화면과 비슷 / 두께감: 적당함 / 신축성: 적당함,True,0,travel,상의,EXTRA LARGE,,2026,6,27,토,5,응답,정사이즈,화면과 비슷,,,,적당함,적당함,,,,3.0,3.0,,0.0,0.0,0.0,0.0,,,컾플티로 구매해봤습니다 오메 이쁜거 ㅎㅎ 만족합니다,컾플티로구매해봤습니다오메이쁜거만족합니다,2,0,0,0,0,False,29,21,28,True
1899755,85799755,style,완탕탕,크림에 그린 조합 좋네요. 다소 크림색이라 때탄 느낌일수도 있지만 저렴해서 좋아요 추천합니다,5.0,False,LARGE,169.0,72.0,남성,2026-06-26 18:27:44,사이즈: 정사이즈 / 화면 대비 색감: 화면과 비슷 / 두께감: 적당함 / 신축성: 적당함,True,0,travel,상의,LARGE,,2026,6,26,금,5,응답,정사이즈,화면과 비슷,,,,적당함,적당함,,,,3.0,3.0,,0.0,0.0,0.0,0.0,,,크림에 그린 조합 좋네요. 다소 크림색이라 때탄 느낌일수도 있지만 저렴해서 좋아요 추천합니다,크림에그린조합좋네요다소크림색이라때탄느낌일수도있지만저렴해서좋아요추천합니다,0,0,0,0,0,False,51,39,51,True
1899755,85799726,general,완탕탕,크림에 그린 조합 좋네요. 다소 크림색이라 때탄 느낌일수도 있지만 저렴해서 좋아요,5.0,False,LARGE,169.0,72.0,남성,2026-06-26 18:27:15,사이즈: 정사이즈 / 화면 대비 색감: 화면과 비슷 / 두께감: 적당함 / 신축성: 적당함,True,0,travel,상의,LARGE,,2026,6,26,금,5,응답,정사이즈,화면과 비슷,,,,적당함,적당함,,,,3.0,3.0,,0.0,0.0,0.0,0.0,,,크림에 그린 조합 좋네요. 다소 크림색이라 때탄 느낌일수도 있지만 저렴해서 좋아요,크림에그린조합좋네요다소크림색이라때탄느낌일수도있지만저렴해서좋아요,0,0,0,0,0,False,45,34,45,True
1899755,85590685,general,샤르크킴,그레이 입고있는데 좋아서 화이트하나더샀습니다 그레이는 빈티지스러웠는데 화이트는 그냥티였군요,5.0,False,MEDIUM,175.0,87.0,여성,2026-06-22 23:37:48,사이즈: 정사이즈 / 화면 대비 색감: 화면과 비슷 / 두께감: 적당함 / 신축성: 적당함,False,0,travel,상의,MEDIUM,,2026,6,22,월,5,응답,정사이즈,화면과 비슷,,,,적당함,적당함,,,,3.0,3.0,,0.0,0.0,0.0,0.0,,,그레이 입고있는데 좋아서 화이트하나더샀습니다 그레이는 빈티지스러웠는데 화이트는 그냥티였군요,그레이입고있는데좋아서화이트하나더샀습니다그레이는빈티지스러웠는데화이트는그냥티였군요,0,0,0,0,0,False,50,43,50,True
1899755,85581001,general,레몬브릿지,트래블 제품 진짜 좋은거같아요~~ 완전 베이지색이라서 더좋은거 같습니다,5.0,False,SMALL,160.0,55.0,여성,2026-06-22 20:56:29,사이즈: 정사이즈 / 화면 대비 색감: 화면과 비슷 / 두께감: 적당함 / 신축성: 적당함,True,0,travel,상의,SMALL,,2026,6,22,월,5,응답,정사이즈,화면과 비슷,,,,적당함,적당함,,,,3.0,3.0,,0.0,0.0,0.0,0.0,,,트래블 제품 진짜 좋은거같아요~~ 완전 베이지색이라서 더좋은거 같습니다,트래블제품진짜좋은거같아요완전베이지색이라서더좋은거같습니다,0,0,0,0,0,False,39,30,39,True
﻿3132887,86021174,general,김준형0117,핏이 이쁘고 색감도 사진 그대로라서 좋았습니다,5.0,False,LARGE,174.0,75.0,남성,2026-07-03 19:47:10,사이즈: 정사이즈 / 화면 대비 색감: 화면과 비슷 / 두께감: 적당함 / 신축성: 적당함,False,0,travel,상의,LARGE,,2026,7,3,금,5,응답,정사이즈,화면과 비슷,,,,적당함,적당함,,,,3.0,3.0,,0.0,0.0,0.0,0.0,,,핏이 이쁘고 색감도 사진 그대로라서 좋았습니다,핏이이쁘고색감도사진그대로라서좋았습니다,0,0,0,0,0,False,25,20,25,True
3132887,86016171,general,w1a2s3d,너무 부담스럽지 않은 피그먼트 티셔츠입니다. 어디에나 매치할 수 있어용,5.0,False,LARGE,182.0,78.0,남성,2026-07-03 16:34:03,사이즈: 정사이즈 / 화면 대비 색감: 화면과 비슷 / 두께감: 적당함 / 신축성: 적당함,True,0,travel,상의,LARGE,,2026,7,3,금,5,응답,정사이즈,화면과 비슷,,,,적당함,적당함,,,,3.0,3.0,,0.0,0.0,0.0,0.0,,,너무 부담스럽지 않은 피그먼트 티셔츠입니다. 어디에나 매치할 수 있어용,너무부담스럽지않은피그먼트티셔츠입니다어디에나매치할수있어용,0,0,0,0,0,False,39,30,39,True
3132887,86013746,general,정빈l,사이즈도 정사이즈고 사진과 같은 디자인이라 잘 입고있습니당,5.0,False,SMALL,162.0,50.0,남성,2026-07-03 15:00:13,사이즈: 정사이즈 / 화면 대비 색감: 화면과 비슷 / 두께감: 적당함 / 신축성: 적당함,False,0,travel,상의,SMALL,,2026,7,3,금,5,응답,정사이즈,화면과 비슷,,,,적당함,적당함,,,,3.0,3.0,,0.0,0.0,0.0,0.0,,,사이즈도 정사이즈고 사진과 같은 디자인이라 잘 입고있습니당,사이즈도정사이즈고사진과같은디자인이라잘입고있습니당,0,0,0,0,0,False,32,26,32,True
3132887,86011369,general,긍정적인LA장갑,기장이 좀 길고 옷을 빨아도 검은 때? 같은게 나오지만 이쁨,5.0,False,LARGE,177.0,72.0,남성,2026-07-03 13:11:24,사이즈: 정사이즈 / 화면 대비 색감: 화면과 비슷 / 두께감: 적당함 / 신축성: 적당함,False,0,travel,상의,LARGE,,2026,7,3,금,5,응답,정사이즈,화면과 비슷,,,,적당함,적당함,,,,3.0,3.0,,0.0,0.0,0.0,0.0,,,기장이 좀 길고 옷을 빨아도 검은 때? 같은게 나오지만 이쁨,기장이좀길고옷을빨아도검은때같은게나오지만이쁨,0,0,0,1,0,False,33,23,33,True
3132887,85995962,style,크닐스,이런 색상 반팔 입고 싶었는데 딱 좋아요 아무렇게 입어도 간지나요.,5.0,False,LARGE,184.0,73.0,남성,2026-07-02 20:42:08,사이즈: 정사이즈 / 화면 대비 색감: 화면과 비슷 / 두께감: 적당함 / 신축성: 적당함,True,0,travel,상의,LARGE,,2026,7,2,목,5,응답,정사이즈,화면과 비슷,,,,적당함,적당함,,,,3.0,3.0,,0.0,0.0,0.0,0.0,,,이런 색상 반팔 입고 싶었는데 딱 좋아요 아무렇게 입어도 간지나요.,이런색상반팔입고싶었는데딱좋아요아무렇게입어도간지나요,0,0,0,0,0,False,37,27,37,True
3132887,85988510,general,행우쓰,스타일이 매우 좋습니다아 핏도 좋고 마감 처리도 아주굳!!!,5.0,False,MEDIUM,172.0,68.0,남성,2026-07-02 15:53:00,사이즈: 조금 작음 / 화면 대비 색감: 밝음 / 두께감: 얇음 / 신축성: 거의 없음,False,0,travel,상의,MEDIUM,,2026,7,2,목,5,응답,조금 작음,밝음,,,,거의 없음,얇음,,,,2.0,2.0,,-1.0,1.0,1.0,1.0,,,스타일이 매우 좋습니다아 핏도 좋고 마감 처리도 아주굳!!!,스타일이매우좋습니다아핏도좋고마감처리도아주굳,0,0,3,0,0,True,33,23,33,True
3132887,85948507,style,에릭203,오버핏을 사면 항상 기장이 길었는데 이옷은 적당한 길이로 떨어지네요~ 만족입니다!,5.0,False,MEDIUM,168.0,59.0,남성,2026-07-01 07:53:50,사이즈: 조금 큼 / 화면 대비 색감: 화면과 비슷 / 두께감: 두꺼움 / 신축성: 전혀 없음,True,0,travel,상의,MEDIUM,,2026,7,1,수,5,응답,조금 큼,화면과 비슷,,,,전혀 없음,두꺼움,,,,1.0,4.0,,1.0,1.0,0.0,0.0,,,오버핏을 사면 항상 기장이 길었는데 이옷은 적당한 길이로 떨어지네요~ 만족입니다!,오버핏을사면항상기장이길었는데이옷은적당한길이로떨어지네요만족입니다,0,0,1,0,0,False,45,34,45,True
3132887,85948501,general,에릭203,피그먼트 느낌 물신나는 옷이구 오버핏으로 이쁘게 입을 스ㅡ 있을 것 같습니다.,5.0,False,MEDIUM,168.0,59.0,남성,2026-07-01 07:52:56,사이즈: 조금 큼 / 화면 대비 색감: 화면과 비슷 / 두께감: 두꺼움 / 신축성: 전혀 없음,True,0,travel,상의,MEDIUM,,2026,7,1,수,5,응답,조금 큼,화면과 비슷,,,,전혀 없음,두꺼움,,,,1.0,4.0,,1.0,1.0,0.0,0.0,,,피그먼트 느낌 물신나는 옷이구 오버핏으로 이쁘게 입을 스ㅡ 있을 것 같습니다.,피그먼트느낌물신나는옷이구오버핏으로이쁘게입을스있을것같습니다,0,0,0,0,0,False,43,31,43,True
3132887,85932684,general,귀중한리버풀아트,색상도 맘에 들고 전체적으로 맘에 드는 옷입니다 올여름 자주 입을 듯~,3.0,False,MEDIUM,157.0,53.0,여성,2026-06-30 18:21:20,사이즈: 정사이즈 / 화면 대비 색감: 화면과 비슷 / 두께감: 적당함 / 신축성: 적당함,False,0,travel,상의,MEDIUM,,2026,6,30,화,3,응답,정사이즈,화면과 비슷,,,,적당함,적당함,,,,3.0,3.0,,0.0,0.0,0.0,0.0,,,색상도 맘에 들고 전체적으로 맘에 드는 옷입니다 올여름 자주 입을 듯~,색상도맘에들고전체적으로맘에드는옷입니다올여름자주입을듯,0,0,0,0,0,False,39,28,39,True
3132887,85931090,general,송꼬부기1,색감이 너무 예뻐요! 재질도 너무 좋구요! 잘 입겠습니닷! 트래블 믿고 구매해요!!,5.0,False,EXTRA LARGE,173.0,150.0,여성,2026-06-30 17:29:50,사이즈: 정사이즈 / 화면 대비 색감: 화면과 비슷 / 두께감: 적당함 / 신축성: 적당함,False,0,travel,상의,EXTRA LARGE,,2026,6,30,화,5,응답,정사이즈,화면과 비슷,,,,적당함,적당함,,,,3.0,3.0,,0.0,0.0,0.0,0.0,,,색감이 너무 예뻐요! 재질도 너무 좋구요! 잘 입겠습니닷! 트래블 믿고 구매해요!!,색감이너무예뻐요재질도너무좋구요잘입겠습니닷트래블믿고구매해요,0,0,5,0,0,False,46,31,46,True
3132887,85904038,general,셈이빠른라임룩,색도 핏도 무난해서 그냥 아무데나 잘 입고 다닐 것 같아요. 그리고  전체 기장감에 비해 팔 길이가 좀 길어서 롤업햐서 입어야 할 것 같아요,4.0,False,SMALL,160.0,55.0,여성,2026-06-30 02:16:05,사이즈: 정사이즈 / 화면 대비 색감: 화면과 비슷 / 두께감: 적당함 / 신축성: 적당함,True,0,travel,상의,SMALL,,2026,6,30,화,4,응답,정사이즈,화면과 비슷,,,,적당함,적당함,,,,3.0,3.0,,0.0,0.0,0.0,0.0,,,색도 핏도 무난해서 그냥 아무데나 잘 입고 다닐 것 같아요. 그리고 전체 기장감에 비해 팔 길이가 좀 길어서 롤업햐서 입어야 할 것 같아요,색도핏도무난해서그냥아무데나잘입고다닐것같아요그리고전체기장감에비해팔길이가좀길어서롤업햐서입어야할것같아요,0,0,0,0,0,False,78,54,77,True
3132887,85896389,general,발랄한허드슨구두,프린팅이 너무 예쁘고 디자인이 맘에 들어요 재질도 좋네요,5.0,False,LARGE,181.0,73.0,남성,2026-06-29 12:14:09,사이즈: 정사이즈 / 화면 대비 색감: 화면과 비슷 / 두께감: 적당함 / 신축성: 적당함,True,0,travel,상의,LARGE,,2026,6,29,월,5,응답,정사이즈,화면과 비슷,,,,적당함,적당함,,,,3.0,3.0,,0.0,0.0,0.0,0.0,,,프린팅이 너무 예쁘고 디자인이 맘에 들어요 재질도 좋네요,프린팅이너무예쁘고디자인이맘에들어요재질도좋네요,0,0,0,0,0,False,31,24,31,True
3132887,85889118,general,피곤한카키아우터,역시 챠콜은 무난하고 멋있어요. 아들이 맘에 들어합니다,4.0,False,EXTRA LARGE,180.0,78.0,남성,2026-06-29 01:30:07,사이즈: 정사이즈 / 화면 대비 색감: 화면과 비슷 / 두께감: 적당함 / 신축성: 강함,False,0,travel,상의,EXTRA LARGE,,2026,6,29,월,4,응답,정사이즈,화면과 비슷,,,,강함,적당함,,,,4.0,3.0,,0.0,0.0,0.0,0.0,,,역시 챠콜은 무난하고 멋있어요. 아들이 맘에 들어합니다,역시챠콜은무난하고멋있어요아들이맘에들어합니다,0,0,0,0,0,False,30,23,30,True
3132887,85882493,general,명백한청담쿨톤,적당히 탄탄하고 프린팅 디자인이 맘에 들어서 구매햇네요 이뻐요,5.0,False,SMALL,157.0,45.0,여성,2026-06-28 21:58:51,사이즈: 정사이즈 / 화면 대비 색감: 화면과 비슷 / 두께감: 적당함 / 신축성: 적당함,False,0,travel,상의,SMALL,,2026,6,28,일,5,응답,정사이즈,화면과 비슷,,,,적당함,적당함,,,,3.0,3.0,,0.0,0.0,0.0,0.0,,,적당히 탄탄하고 프린팅 디자인이 맘에 들어서 구매햇네요 이뻐요,적당히탄탄하고프린팅디자인이맘에들어서구매햇네요이뻐요,0,0,0,0,0,False,34,27,34,True
3132887,85863532,general,주말엔빨강플라워,기장이 다른 오버핏 사이즈 보다 크롭해서 부해보이는게 적어서 좋아요,5.0,False,EXTRA LARGE,174.0,80.0,남성,2026-06-28 12:38:26,사이즈: 조금 큼 / 화면 대비 색감: 화면과 비슷 / 두께감: 얇음 / 신축성: 적당함,True,0,travel,상의,EXTRA LARGE,,2026,6,28,일,5,응답,조금 큼,화면과 비슷,,,,적당함,얇음,,,,3.0,2.0,,1.0,1.0,0.0,0.0,,,기장이 다른 오버핏 사이즈 보다 크롭해서 부해보이는게 적어서 좋아요,기장이다른오버핏사이즈보다크롭해서부해보이는게적어서좋아요,0,0,0,0,0,False,37,29,37,True
3132887,85863423,style,주말엔빨강플라워,크롭한 기장감이라 오버핏 사이즈로 선택해도 너무 부해보이지 않아 좋아요,5.0,False,EXTRA LARGE,174.0,80.0,남성,2026-06-28 12:35:30,사이즈: 정사이즈 / 화면 대비 색감: 화면과 비슷 / 두께감: 얇음 / 신축성: 적당함,True,0,travel,상의,EXTRA LARGE,,2026,6,28,일,5,응답,정사이즈,화면과 비슷,,,,적당함,얇음,,,,3.0,2.0,,0.0,0.0,0.0,0.0,,,크롭한 기장감이라 오버핏 사이즈로 선택해도 너무 부해보이지 않아 좋아요,크롭한기장감이라오버핏사이즈로선택해도너무부해보이지않아좋아요,0,0,0,0,0,False,39,31,39,True
3132887,85848979,general,복잡한빨강쇼핑몰,디자인이 배송받고 나서 실제로 보니까 크고 조잡한 느낌?이 들더라고요 이런 거 좋아하면 괜찮겠지만 깔끔한 거 좋아하면 별로일 수도 있을 것 같아요 프린팅이 부분부분 다 뜯어져서 왔길래 확인해봤더니 원래 그런 거였네요,4.0,False,SMALL,160.0,47.0,여성,2026-06-27 22:12:07,사이즈: 정사이즈 / 화면 대비 색감: 화면과 비슷 / 두께감: 적당함 / 신축성: 적당함,False,0,travel,상의,SMALL,,2026,6,27,토,4,응답,정사이즈,화면과 비슷,,,,적당함,적당함,,,,3.0,3.0,,0.0,0.0,0.0,0.0,,,디자인이 배송받고 나서 실제로 보니까 크고 조잡한 느낌?이 들더라고요 이런 거 좋아하면 괜찮겠지만 깔끔한 거 좋아하면 별로일 수도 있을 것 같아요 프린팅이 부분부분 다 뜯어져서 왔길래 확인해봤더니 원래 그런 거였네요,디자인이배송받고나서실제로보니까크고조잡한느낌이들더라고요이런거좋아하면괜찮겠지만깔끔한거좋아하면별로일수도있을것같아요프린팅이부분부분다뜯어져서왔길래확인해봤더니원래그런거였네요,0,0,0,1,0,False,120,90,120,True
3132887,85826698,style,룰루__,"평소에 기본 아이템을 고를 때 컬러감을 가장 중요하게 생각하는데, 이번에 구매한 차콜 티셔츠는 기대 이상으로 색감이 너무 고급스럽고 예쁩니다. 너무 밝지도, 그렇다고 블랙처럼 무겁지도 않은 딱 정석적인 차콜 컬러라 어떤 하의와 매치해도 세련된 무드가 사네요. 청바지, 슬랙스, 반바지 어디에나 다 잘 어울려서 요즘 데일리룩으로 가장 손이 많이 가는 아이템이 되었습니다. 색감만큼이나 마음에 드는 건 바로 원단과 핏입니다. 피부가 조금 예민한 편인데 닿는 촉감이 부드럽고 탄탄해서 자극 없이 편안하게 입고 있습니다. 원단이 적당한 두께감을 가지고 있어서 체형을 깔끔하게 잡아주고, 세탁 후에도 목 늘어남이나 옷 뒤틀림이 거의 없어 퀄리티가 정말 좋다는 게 느껴집니다. 전체적인 실루엣도 너무 벙벙하지 않으면서 자연스럽게 떨어지는 세미 오버핏이라 체형 보완에도 제격입니다. 입었을 때 부해 보이지 않고 어깨 라인이 예뻐 보여서 거울 볼 때마다 만족스럽네요. 바느질이나 마감 처리도 꼼꼼하게 잘 되어 있어서 가격 대비 훌륭한 갓성비 제품이라고 생각합니다. 유행 타지 않는 기본 템이라 앞으로도 오랫동안 잘 입을 것 같아요",5.0,False,EXTRA LARGE,181.0,83.0,남성,2026-06-27 11:49:19,사이즈: 정사이즈 / 화면 대비 색감: 화면과 비슷 / 두께감: 적당함 / 신축성: 적당함,True,0,travel,상의,EXTRA LARGE,,2026,6,27,토,5,응답,정사이즈,화면과 비슷,,,,적당함,적당함,,,,3.0,3.0,,0.0,0.0,0.0,0.0,,,"평소에 기본 아이템을 고를 때 컬러감을 가장 중요하게 생각하는데, 이번에 구매한 차콜 티셔츠는 기대 이상으로 색감이 너무 고급스럽고 예쁩니다. 너무 밝지도, 그렇다고 블랙처럼 무겁지도 않은 딱 정석적인 차콜 컬러라 어떤 하의와 매치해도 세련된 무드가 사네요. 청바지, 슬랙스, 반바지 어디에나 다 잘 어울려서 요즘 데일리룩으로 가장 손이 많이 가는 아이템이 되었습니다. 색감만큼이나 마음에 드는 건 바로 원단과 핏입니다. 피부가 조금 예민한 편인데 닿는 촉감이 부드럽고 탄탄해서 자극 없이 편안하게 입고 있습니다. 원단이 적당한 두께감을 가지고 있어서 체형을 깔끔하게 잡아주고, 세탁 후에도 목 늘어남이나 옷 뒤틀림이 거의 없어 퀄리티가 정말 좋다는 게 느껴집니다. 전체적인 실루엣도 너무 벙벙하지 않으면서 자연스럽게 떨어지는 세미 오버핏이라 체형 보완에도 제격입니다. 입었을 때 부해 보이지 않고 어깨 라인이 예뻐 보여서 거울 볼 때마다 만족스럽네요. 바느질이나 마감 처리도 꼼꼼하게 잘 되어 있어서 가격 대비 훌륭한 갓성비 제품이라고 생각합니다. 유행 타지 않는 기본 템이라 앞으로도 오랫동안 잘 입을 것 같아요",평소에기본아이템을고를때컬러감을가장중요하게생각하는데이번에구매한차콜티셔츠는기대이상으로색감이너무고급스럽고예쁩니다너무밝지도그렇다고블랙처럼무겁지도않은딱정석적인차콜컬러라어떤하의와매치해도세련된무드가사네요청바지슬랙스반바지어디에나다잘어울려서요즘데일리룩으로가장손이많이가는아이템이되었습니다색감만큼이나마음에드는건바로원단과핏입니다피부가조금예민한편인데닿는촉감이부드럽고탄탄해서자극없이편안하게입고있습니다원단이적당한두께감을가지고있어서체형을깔끔하게잡아주고세탁후에도목늘어남이나옷뒤틀림이거의없어퀄리티가정말좋다는게느껴집니다전체적인실루엣도너무벙벙하지않으면서자연스럽게떨어지는세미오버핏이라체형보완에도제격입니다입었을때부해보이지않고어깨라인이예뻐보여서거울볼때마다만족스럽네요바느질이나마감처리도꼼꼼하게잘되어있어서가격대비훌륭한갓성비제품이라고생각합니다유행타지않는기본템이라앞으로도오랫동안잘입을것같아요,0,0,0,0,0,False,568,415,568,True
3132887,85816795,general,양양갱갱이,사진에서 느껴지는 두께감? 일반 면티보다는 살짝 얇고 가벼운 느낌이라 뜨거운 날에도 잘 입고 다닐 것 같아요 입고 움직이다 보면 끝단이 살짝 돌돌 말릴 정도의 두께감입니당 신경 쓰일 정도는 아니구용,5.0,False,MEDIUM,163.0,48.0,여성,2026-06-27 01:00:09,사이즈: 정사이즈 / 화면 대비 색감: 화면과 비슷 / 두께감: 얇음 / 신축성: 적당함,False,0,travel,상의,MEDIUM,,2026,6,27,토,5,응답,정사이즈,화면과 비슷,,,,적당함,얇음,,,,3.0,2.0,,0.0,0.0,0.0,0.0,,,사진에서 느껴지는 두께감? 일반 면티보다는 살짝 얇고 가벼운 느낌이라 뜨거운 날에도 잘 입고 다닐 것 같아요 입고 움직이다 보면 끝단이 살짝 돌돌 말릴 정도의 두께감입니당 신경 쓰일 정도는 아니구용,사진에서느껴지는두께감일반면티보다는살짝얇고가벼운느낌이라뜨거운날에도잘입고다닐것같아요입고움직이다보면끝단이살짝돌돌말릴정도의두께감입니당신경쓰일정도는아니구용,0,0,0,1,0,False,110,81,110,True
3132887,85812907,general,팔팔디,색도 검정이 아닌 치콜로 앞의 그림과 시크하게 잘 어울립니다. 기장도 앞을 조금 넣어서 입으면 뒤가 적당하고 어깨도 저한테는 적당합니다,4.0,False,MEDIUM,170.0,55.0,남성,2026-06-26 23:11:38,사이즈: 정사이즈 / 화면 대비 색감: 화면과 비슷 / 두께감: 적당함 / 신축성: 적당함,False,0,travel,상의,MEDIUM,,2026,6,26,금,4,응답,정사이즈,화면과 비슷,,,,적당함,적당함,,,,3.0,3.0,,0.0,0.0,0.0,0.0,,,색도 검정이 아닌 치콜로 앞의 그림과 시크하게 잘 어울립니다. 기장도 앞을 조금 넣어서 입으면 뒤가 적당하고 어깨도 저한테는 적당합니다,색도검정이아닌치콜로앞의그림과시크하게잘어울립니다기장도앞을조금넣어서입으면뒤가적당하고어깨도저한테는적당합니다,0,0,0,0,0,False,75,56,75,True
3132887,85806559,style,미녁꿍,오버핏이 이뻐요 잘 입겠습니다 프린팅도 좋고 색감도 좋아요,5.0,False,MEDIUM,172.0,63.0,남성,2026-06-26 21:00:38,사이즈: 정사이즈 / 화면 대비 색감: 화면과 비슷 / 두께감: 적당함 / 신축성: 적당함,True,0,travel,상의,MEDIUM,,2026,6,26,금,5,응답,정사이즈,화면과 비슷,,,,적당함,적당함,,,,3.0,3.0,,0.0,0.0,0.0,0.0,,,오버핏이 이뻐요 잘 입겠습니다 프린팅도 좋고 색감도 좋아요,오버핏이이뻐요잘입겠습니다프린팅도좋고색감도좋아요,0,0,0,0,0,False,32,25,32,True
3132887,85802800,general,h.jiny,남편사줬어요~ 젤큰싸이즈로 구매했는데 루즈핏으로 괜찮네요~ 나염디테일이 많아서 은은하게 보이는 차콜칼라가  예뻐요~,5.0,False,EXTRA LARGE,170.0,75.0,남성,2026-06-26 19:32:21,사이즈: 조금 큼 / 화면 대비 색감: 화면과 비슷 / 두께감: 적당함 / 신축성: 적당함,True,0,travel,상의,EXTRA LARGE,,2026,6,26,금,5,응답,조금 큼,화면과 비슷,,,,적당함,적당함,,,,3.0,3.0,,1.0,1.0,0.0,0.0,,,남편사줬어요~ 젤큰싸이즈로 구매했는데 루즈핏으로 괜찮네요~ 나염디테일이 많아서 은은하게 보이는 차콜칼라가 예뻐요~,남편사줬어요젤큰싸이즈로구매했는데루즈핏으로괜찮네요나염디테일이많아서은은하게보이는차콜칼라가예뻐요,0,0,0,0,0,False,64,50,63,True
3132887,85793355,general,임나우,"1. 구매 이유 피그먼트 워싱 특유의 빈티지한 느낌을 좋아해서 구매했습니다. 기본 무지 티셔츠보다는 약간의 색감 변화가 있는 제품을 찾고 있었는데, 구성과 색감이 딱 원하던 스타일이라 선택했습니다. ​2. 디자인 및 색감 ​색감: 워싱 처리가 아주 자연스럽게 잘 들어가 있습니다. 인위적이지 않은 은은한 빈티지함이라서 어떤 바지에 매치해도 멋스러운 분위기가 납니다. ​핏: 전체적으로 너무 크지도 작지도 않은 적당한 오버핏입니다. 단품으로 입었을 때 어깨 라인이나 품이 깔끔하게 떨어져서 핏이 매우 만족스럽습니다. ​3. 소재 및 착용감 ​소재: 원단이 탄탄해서 세탁 후에 변형이 적을 것 같습니다. 너무 얇지 않아 비침 걱정 없이 입을 수 있는 점이 장점입니다. ​착용감: 피부에 닿는 느낌이 거칠지 않고 부드럽습니다. 통기성도 좋아서 더운 날씨에도 쾌적하게 착용 가능합니다. ​4. 총평 워싱 티셔츠를 좋아하시는 분들이라면 고민할 필요 없는 제품입니다. 블랙과 차콜 색상 모두 활용도가 매우 높고, 마감 처리도 준수해서 가격 대비 만족도가 높습니다. 편하게 데일리로 입을 멋스러운 반팔티 찾으신다면 추천합니다.",5.0,False,LARGE,170.0,70.0,남성,2026-06-26 16:23:08,사이즈: 정사이즈 / 화면 대비 색감: 화면과 비슷 / 두께감: 적당함 / 신축성: 적당함,True,1,travel,상의,LARGE,,2026,6,26,금,5,응답,정사이즈,화면과 비슷,,,,적당함,적당함,,,,3.0,3.0,,0.0,0.0,0.0,0.0,,,"1. 구매 이유 피그먼트 워싱 특유의 빈티지한 느낌을 좋아해서 구매했습니다. 기본 무지 티셔츠보다는 약간의 색감 변화가 있는 제품을 찾고 있었는데, 구성과 색감이 딱 원하던 스타일이라 선택했습니다. ​2. 디자인 및 색감 ​색감: 워싱 처리가 아주 자연스럽게 잘 들어가 있습니다. 인위적이지 않은 은은한 빈티지함이라서 어떤 바지에 매치해도 멋스러운 분위기가 납니다. ​핏: 전체적으로 너무 크지도 작지도 않은 적당한 오버핏입니다. 단품으로 입었을 때 어깨 라인이나 품이 깔끔하게 떨어져서 핏이 매우 만족스럽습니다. ​3. 소재 및 착용감 ​소재: 원단이 탄탄해서 세탁 후에 변형이 적을 것 같습니다. 너무 얇지 않아 비침 걱정 없이 입을 수 있는 점이 장점입니다. ​착용감: 피부에 닿는 느낌이 거칠지 않고 부드럽습니다. 통기성도 좋아서 더운 날씨에도 쾌적하게 착용 가능합니다. ​4. 총평 워싱 티셔츠를 좋아하시는 분들이라면 고민할 필요 없는 제품입니다. 블랙과 차콜 색상 모두 활용도가 매우 높고, 마감 처리도 준수해서 가격 대비 만족도가 높습니다. 편하게 데일리로 입을 멋스러운 반팔티 찾으신다면 추천합니다.",1구매이유피그먼트워싱특유의빈티지한느낌을좋아해서구매했습니다기본무지티셔츠보다는약간의색감변화가있는제품을찾고있었는데구성과색감이딱원하던스타일이라선택했습니다2디자인및색감색감워싱처리가아주자연스럽게잘들어가있습니다인위적이지않은은은한빈티지함이라서어떤바지에매치해도멋스러운분위기가납니다핏전체적으로너무크지도작지도않은적당한오버핏입니다단품으로입었을때어깨라인이나품이깔끔하게떨어져서핏이매우만족스럽습니다3소재및착용감소재원단이탄탄해서세탁후에변형이적을것같습니다너무얇지않아비침걱정없이입을수있는점이장점입니다착용감피부에닿는느낌이거칠지않고부드럽습니다통기성도좋아서더운날씨에도쾌적하게착용가능합니다4총평워싱티셔츠를좋아하시는분들이라면고민할필요없는제품입니다블랙과차콜색상모두활용도가매우높고마감처리도준수해서가격대비만족도가높습니다편하게데일리로입을멋스러운반팔티찾으신다면추천합니다,0,0,0,0,0,False,567,398,567,True
3132887,85768316,general,광교산날다람쥐,디자인도 너무 예쁘고 핏도 마움에 듭니다 기장도 적당해요,5.0,False,MEDIUM,166.0,58.0,남성,2026-06-25 23:57:06,사이즈: 정사이즈 / 화면 대비 색감: 화면과 비슷 / 두께감: 적당함 / 신축성: 적당함,False,0,travel,상의,MEDIUM,,2026,6,25,목,5,응답,정사이즈,화면과 비슷,,,,적당함,적당함,,,,3.0,3.0,,0.0,0.0,0.0,0.0,,,디자인도 너무 예쁘고 핏도 마움에 듭니다 기장도 적당해요,디자인도너무예쁘고핏도마움에듭니다기장도적당해요,0,0,0,0,0,False,31,24,31,True
3132887,85731095,general,스타일형제여,사이즈도 적당하고 가격도저렴히잘구입했습니다,5.0,False,EXTRA LARGE,175.0,60.0,남성,2026-06-25 11:24:55,사이즈: 정사이즈 / 화면 대비 색감: 화면과 비슷 / 두께감: 적당함 / 신축성: 적당함,False,0,travel,상의,EXTRA LARGE,,2026,6,25,목,5,응답,정사이즈,화면과 비슷,,,,적당함,적당함,,,,3.0,3.0,,0.0,0.0,0.0,0.0,,,사이즈도 적당하고 가격도저렴히잘구입했습니다,사이즈도적당하고가격도저렴히잘구입했습니다,0,0,0,0,0,False,23,21,23,True
3132887,85724880,general,주드85,색감도 좋고 사이즈도 넉넉하고 이뻐서 좋습니다,5.0,False,EXTRA LARGE,179.0,85.0,남성,2026-06-25 07:50:22,사이즈: 정사이즈 / 화면 대비 색감: 화면과 비슷 / 두께감: 적당함 / 신축성: 적당함,False,0,travel,상의,EXTRA LARGE,,2026,6,25,목,5,응답,정사이즈,화면과 비슷,,,,적당함,적당함,,,,3.0,3.0,,0.0,0.0,0.0,0.0,,,색감도 좋고 사이즈도 넉넉하고 이뻐서 좋습니다,색감도좋고사이즈도넉넉하고이뻐서좋습니다,0,0,0,0,0,False,25,20,25,True
3132887,85723230,general,정제된남색크롭,재질이 빳빳하고 생각보다 얇음 세일할때 사서 나름 가성비 좋음,5.0,False,EXTRA LARGE,175.0,75.0,남성,2026-06-25 04:17:18,사이즈: 정사이즈 / 화면 대비 색감: 화면과 비슷 / 두께감: 얇음 / 신축성: 적당함,False,0,travel,상의,EXTRA LARGE,,2026,6,25,목,5,응답,정사이즈,화면과 비슷,,,,적당함,얇음,,,,3.0,2.0,,0.0,0.0,0.0,0.0,,,재질이 빳빳하고 생각보다 얇음 세일할때 사서 나름 가성비 좋음,재질이빳빳하고생각보다얇음세일할때사서나름가성비좋음,0,0,0,0,0,False,34,26,34,True
3132887,85719256,general,모험적인민트고글,"제가 어깨가 널ㅈ은 편인데도 오버사이즈 핏이 나오더라구욤 저랑 키,몸무게 비슷하지면 Mㄱㄱ 세일할때 정말 싸게 잘 산것 같아서 기분이 너무 됴야용 빨리 사세요 님덜~~",5.0,False,MEDIUM,172.0,63.0,여성,2026-06-25 00:18:01,사이즈: 조금 작음 / 화면 대비 색감: 화면과 비슷 / 두께감: 두꺼움 / 신축성: 강함,False,0,travel,상의,MEDIUM,,2026,6,25,목,5,응답,조금 작음,화면과 비슷,,,,강함,두꺼움,,,,4.0,4.0,,-1.0,1.0,0.0,0.0,,,"제가 어깨가 널ㅈ은 편인데도 오버사이즈 핏이 나오더라구욤 저랑 키,몸무게 비슷하지면 Mㄱㄱ 세일할때 정말 싸게 잘 산것 같아서 기분이 너무 됴야용 빨리 사세요 님덜~~",제가어깨가널은편인데도오버사이즈핏이나오더라구욤저랑키몸무게비슷하지면m세일할때정말싸게잘산것같아서기분이너무됴야용빨리사세요님덜,0,0,0,0,0,False,93,64,93,True
3132887,85666726,general,송영곤,프린팅이 너무 예뻐요 오버핏이라 넉넉하니 좋구요 피그먼트 느낌 너무 좋네요,5.0,False,EXTRA LARGE,173.0,74.0,missing,2026-06-24 10:07:14,사이즈: 정사이즈 / 화면 대비 색감: 화면과 비슷 / 두께감: 적당함 / 신축성: 적당함,False,0,travel,상의,EXTRA LARGE,,2026,6,24,수,5,응답,정사이즈,화면과 비슷,,,,적당함,적당함,,,,3.0,3.0,,0.0,0.0,0.0,0.0,,,프린팅이 너무 예뻐요 오버핏이라 넉넉하니 좋구요 피그먼트 느낌 너무 좋네요,프린팅이너무예뻐요오버핏이라넉넉하니좋구요피그먼트느낌너무좋네요,0,0,0,0,0,False,41,32,41,True
3132887,85628284,general,D-KE,일단 프린팅이 멋있어서 좋고 가성비도 좋아요 핏은 딱 정핏이에요,5.0,False,EXTRA LARGE,185.0,93.0,남성,2026-06-23 19:09:07,사이즈: 정사이즈 / 화면 대비 색감: 화면과 비슷 / 두께감: 적당함 / 신축성: 거의 없음,True,0,travel,상의,EXTRA LARGE,,2026,6,23,화,5,응답,정사이즈,화면과 비슷,,,,거의 없음,적당함,,,,2.0,3.0,,0.0,0.0,0.0,0.0,,,일단 프린팅이 멋있어서 좋고 가성비도 좋아요 핏은 딱 정핏이에요,일단프린팅이멋있어서좋고가성비도좋아요핏은딱정핏이에요,0,0,0,0,0,False,35,27,35,True
3132887,85627434,general,최상의검정뮬,이뻐요.색감도 좋아요 배송도 빠르고 좋습니다오,5.0,False,EXTRA LARGE,176.0,90.0,missing,2026-06-23 18:55:27,사이즈: 정사이즈 / 화면 대비 색감: 화면과 비슷 / 두께감: 적당함 / 신축성: 적당함,True,0,travel,상의,EXTRA LARGE,,2026,6,23,화,5,응답,정사이즈,화면과 비슷,,,,적당함,적당함,,,,3.0,3.0,,0.0,0.0,0.0,0.0,,,이뻐요.색감도 좋아요 배송도 빠르고 좋습니다오,이뻐요색감도좋아요배송도빠르고좋습니다오,0,0,0,0,0,False,25,20,25,True
3132887,85621820,general,부지런한회색룩북,너무 좋아요 다음에도 다른 색깔들로 사볼려고요!!,3.0,False,EXTRA LARGE,175.0,80.0,남성,2026-06-23 17:21:31,사이즈: 정사이즈 / 화면 대비 색감: 화면과 비슷 / 두께감: 적당함 / 신축성: 적당함,True,0,travel,상의,EXTRA LARGE,,2026,6,23,화,3,응답,정사이즈,화면과 비슷,,,,적당함,적당함,,,,3.0,3.0,,0.0,0.0,0.0,0.0,,,너무 좋아요 다음에도 다른 색깔들로 사볼려고요!!,너무좋아요다음에도다른색깔들로사볼려고요,0,0,2,0,0,False,27,20,27,True
3132887,85618904,general,디느어,디자인 겁나 이쁘고 다른 옷과 매칭하기도 좋아요!,5.0,False,EXTRA LARGE,175.0,80.0,남성,2026-06-23 16:26:17,사이즈: 정사이즈 / 화면 대비 색감: 화면과 비슷 / 두께감: 적당함 / 신축성: 적당함,False,0,travel,상의,EXTRA LARGE,,2026,6,23,화,5,응답,정사이즈,화면과 비슷,,,,적당함,적당함,,,,3.0,3.0,,0.0,0.0,0.0,0.0,,,디자인 겁나 이쁘고 다른 옷과 매칭하기도 좋아요!,디자인겁나이쁘고다른옷과매칭하기도좋아요,0,0,1,0,0,False,27,20,27,True
3132887,85616289,general,김스하,프린팅도 너무 예쁘고 핏도 예뻐요 꾸안꾸 하기 좋습니다,5.0,False,SMALL,167.0,56.0,여성,2026-06-23 15:31:18,사이즈: 정사이즈 / 화면 대비 색감: 화면과 비슷 / 두께감: 얇음 / 신축성: 적당함,False,0,travel,상의,SMALL,,2026,6,23,화,5,응답,정사이즈,화면과 비슷,,,,적당함,얇음,,,,3.0,2.0,,0.0,0.0,0.0,0.0,,,프린팅도 너무 예쁘고 핏도 예뻐요 꾸안꾸 하기 좋습니다,프린팅도너무예쁘고핏도예뻐요꾸안꾸하기좋습니다,0,0,0,0,0,False,30,23,30,True
3132887,85600154,general,순수한압구정체크,보이는 그대로 똑같고 상품페이지에 나와있는 사이즈 그대로 똑같아요. 다만 세탁시 물이 빠져서 세탁은 조심해야 합니다. 그래도 예쁜 티셔츠라 마음에 듭니다.,5.0,False,EXTRA LARGE,173.0,76.0,missing,2026-06-23 09:03:01,사이즈: 정사이즈 / 화면 대비 색감: 화면과 비슷 / 두께감: 적당함 / 신축성: 적당함,True,0,travel,상의,EXTRA LARGE,,2026,6,23,화,5,응답,정사이즈,화면과 비슷,,,,적당함,적당함,,,,3.0,3.0,,0.0,0.0,0.0,0.0,,,보이는 그대로 똑같고 상품페이지에 나와있는 사이즈 그대로 똑같아요. 다만 세탁시 물이 빠져서 세탁은 조심해야 합니다. 그래도 예쁜 티셔츠라 마음에 듭니다.,보이는그대로똑같고상품페이지에나와있는사이즈그대로똑같아요다만세탁시물이빠져서세탁은조심해야합니다그래도예쁜티셔츠라마음에듭니다,0,0,0,0,0,False,86,64,86,True
3132887,85592971,general,동동잉어,디자인이 가장 마음에 들어요. 저희 엄마도 제가 입은거 보고 너무 예쁘다고 하나 따라 샀네요 ㅋㅋ 그냥 바지 아무거나 입어도 다 잘 어울려서 휘뚜루마뚜루 잘 입을듯요,5.0,False,MEDIUM,165.0,68.0,여성,2026-06-23 00:23:58,사이즈: 정사이즈 / 화면 대비 색감: 화면과 비슷 / 두께감: 적당함 / 신축성: 적당함,False,0,travel,상의,MEDIUM,,2026,6,23,화,5,응답,정사이즈,화면과 비슷,,,,적당함,적당함,,,,3.0,3.0,,0.0,0.0,0.0,0.0,,,디자인이 가장 마음에 들어요. 저희 엄마도 제가 입은거 보고 너무 예쁘다고 하나 따라 샀네요 ㅋㅋ 그냥 바지 아무거나 입어도 다 잘 어울려서 휘뚜루마뚜루 잘 입을듯요,디자인이가장마음에들어요저희엄마도제가입은거보고너무예쁘다고하나따라샀네요그냥바지아무거나입어도다잘어울려서휘뚜루마뚜루잘입을듯요,2,0,0,0,0,False,92,65,92,True
3132887,85590069,general,슈퍼스타 인끼,여름용 반팔로 간편하게 잘 입고 다닐수 있을 것 같아여~~,5.0,False,SMALL,167.0,67.0,남성,2026-06-22 23:28:43,사이즈: 정사이즈 / 화면 대비 색감: 화면과 비슷 / 두께감: 적당함 / 신축성: 적당함,False,0,travel,상의,SMALL,,2026,6,22,월,5,응답,정사이즈,화면과 비슷,,,,적당함,적당함,,,,3.0,3.0,,0.0,0.0,0.0,0.0,,,여름용 반팔로 간편하게 잘 입고 다닐수 있을 것 같아여~~,여름용반팔로간편하게잘입고다닐수있을것같아여,0,0,0,0,0,False,32,22,32,True
3132887,85584021,general,씩씩한베이징컷팅,배송도 빠르고 너무 이쁘고 편하게 입기 좋아서 너무 좋어요,5.0,False,LARGE,178.0,84.0,남성,2026-06-22 21:48:29,사이즈: 정사이즈 / 화면 대비 색감: 화면과 비슷 / 두께감: 적당함 / 신축성: 적당함,True,0,travel,상의,LARGE,,2026,6,22,월,5,응답,정사이즈,화면과 비슷,,,,적당함,적당함,,,,3.0,3.0,,0.0,0.0,0.0,0.0,,,배송도 빠르고 너무 이쁘고 편하게 입기 좋아서 너무 좋어요,배송도빠르고너무이쁘고편하게입기좋아서너무좋어요,0,0,0,0,0,False,32,24,32,True
3132887,85583495,general,환2인데,색감도 예쁘고 두께가 살짝 얇은 느낌이라 안더울꺼 같아서 좋아요!,5.0,False,LARGE,164.0,59.0,남성,2026-06-22 21:38:47,사이즈: 정사이즈 / 화면 대비 색감: 화면과 비슷 / 두께감: 얇음 / 신축성: 적당함,False,0,travel,상의,LARGE,,2026,6,22,월,5,응답,정사이즈,화면과 비슷,,,,적당함,얇음,,,,3.0,2.0,,0.0,0.0,0.0,0.0,,,색감도 예쁘고 두께가 살짝 얇은 느낌이라 안더울꺼 같아서 좋아요!,색감도예쁘고두께가살짝얇은느낌이라안더울꺼같아서좋아요,0,0,1,0,0,False,36,27,36,True
3132887,85575392,general,meeek,적당한 루즈핏에 물빠진 듯한 차콜색이 세련되고 이쁩니다.,5.0,False,LARGE,179.0,85.0,여성,2026-06-22 19:03:42,사이즈: 정사이즈 / 화면 대비 색감: 화면과 비슷 / 두께감: 적당함 / 신축성: 적당함,False,0,travel,상의,LARGE,,2026,6,22,월,5,응답,정사이즈,화면과 비슷,,,,적당함,적당함,,,,3.0,3.0,,0.0,0.0,0.0,0.0,,,적당한 루즈핏에 물빠진 듯한 차콜색이 세련되고 이쁩니다.,적당한루즈핏에물빠진듯한차콜색이세련되고이쁩니다,0,0,0,0,0,False,31,24,31,True
3132887,85550824,general,김기명서,할인 먹여서 만오천으ㅓㄴ에 삿는데 데일리로 입기 좋야요,5.0,False,MEDIUM,162.0,50.0,여성,2026-06-22 09:49:52,사이즈: 정사이즈 / 화면 대비 색감: 화면과 비슷 / 두께감: 적당함 / 신축성: 적당함,False,0,travel,상의,MEDIUM,,2026,6,22,월,5,응답,정사이즈,화면과 비슷,,,,적당함,적당함,,,,3.0,3.0,,0.0,0.0,0.0,0.0,,,할인 먹여서 만오천으ㅓㄴ에 삿는데 데일리로 입기 좋야요,할인먹여서만오천으에삿는데데일리로입기좋야요,0,0,0,0,0,False,30,22,30,True
3132887,85548799,general,뚜기~~,차콜색 반팔  찾던중 구매했는데 디자인이 심플해 어느 바지에나 어울립니다.,5.0,False,LARGE,179.0,70.0,남성,2026-06-22 08:41:02,사이즈: 정사이즈 / 화면 대비 색감: 화면과 비슷 / 두께감: 적당함 / 신축성: 적당함,True,0,travel,상의,LARGE,,2026,6,22,월,5,응답,정사이즈,화면과 비슷,,,,적당함,적당함,,,,3.0,3.0,,0.0,0.0,0.0,0.0,,,차콜색 반팔 찾던중 구매했는데 디자인이 심플해 어느 바지에나 어울립니다.,차콜색반팔찾던중구매했는데디자인이심플해어느바지에나어울립니다,0,0,0,0,0,False,41,31,40,True
3132887,85547185,style,do._.onion,이 가격에 그래픽 너무 이쁘고 완전 마음에 들어요!,5.0,False,LARGE,174.0,63.0,남성,2026-06-22 07:18:46,사이즈: 정사이즈 / 화면 대비 색감: 화면과 비슷 / 두께감: 얇음 / 신축성: 적당함,True,0,travel,상의,LARGE,,2026,6,22,월,5,응답,정사이즈,화면과 비슷,,,,적당함,얇음,,,,3.0,2.0,,0.0,0.0,0.0,0.0,,,이 가격에 그래픽 너무 이쁘고 완전 마음에 들어요!,이가격에그래픽너무이쁘고완전마음에들어요,0,0,1,0,0,False,28,20,28,True
﻿3132889,86064146,general,세련된종로나시,옷 예쁘고 편하고 좋네용 잘 입고 다니고 있습니당,5.0,False,SMALL,160.0,47.0,여성,2026-07-05 17:02:52,사이즈: 정사이즈 / 화면 대비 색감: 화면과 비슷 / 두께감: 적당함 / 신축성: 적당함,True,0,travel,상의,SMALL,,2026,7,5,일,5,응답,정사이즈,화면과 비슷,,,,적당함,적당함,,,,3.0,3.0,,0.0,0.0,0.0,0.0,,,옷 예쁘고 편하고 좋네용 잘 입고 다니고 있습니당,옷예쁘고편하고좋네용잘입고다니고있습니당,0,0,0,0,0,False,27,20,27,True
3132889,86052652,general,가노자야,색깔이 실제로 더 좋았고 재질도 좋았어요. 가격 부담도 없어서 여름 구매하기 딱 적절한 것 같아요..,5.0,False,MEDIUM,168.0,70.0,남성,2026-07-05 03:00:23,사이즈: 조금 작음 / 화면 대비 색감: 밝음 / 두께감: 얇음 / 신축성: 거의 없음,True,0,travel,상의,MEDIUM,,2026,7,5,일,5,응답,조금 작음,밝음,,,,거의 없음,얇음,,,,2.0,2.0,,-1.0,1.0,1.0,1.0,,,색깔이 실제로 더 좋았고 재질도 좋았어요. 가격 부담도 없어서 여름 구매하기 딱 적절한 것 같아요..,색깔이실제로더좋았고재질도좋았어요가격부담도없어서여름구매하기딱적절한것같아요,0,0,0,0,0,False,56,39,56,True
3132889,85939400,style,너부리85,두께는여름이나봄가을까지입기좋은재질이구요 화면보다밝고오버핏으로널널합니다,5.0,False,LARGE,163.0,62.0,여성,2026-06-30 21:40:37,사이즈: 정사이즈 / 화면 대비 색감: 화면과 비슷 / 두께감: 적당함 / 신축성: 적당함,True,0,travel,상의,LARGE,,2026,6,30,화,5,응답,정사이즈,화면과 비슷,,,,적당함,적당함,,,,3.0,3.0,,0.0,0.0,0.0,0.0,,,두께는여름이나봄가을까지입기좋은재질이구요 화면보다밝고오버핏으로널널합니다,두께는여름이나봄가을까지입기좋은재질이구요화면보다밝고오버핏으로널널합니다,0,0,0,0,0,False,38,37,38,True
3132889,85939349,general,너부리85,저렴한가격에높은퀄리티화면보다더밝아요 피그먼트라오래입을듯,4.0,False,LARGE,163.0,62.0,여성,2026-06-30 21:38:54,사이즈: 정사이즈 / 화면 대비 색감: 화면과 비슷 / 두께감: 적당함 / 신축성: 적당함,True,0,travel,상의,LARGE,,2026,6,30,화,4,응답,정사이즈,화면과 비슷,,,,적당함,적당함,,,,3.0,3.0,,0.0,0.0,0.0,0.0,,,저렴한가격에높은퀄리티화면보다더밝아요 피그먼트라오래입을듯,저렴한가격에높은퀄리티화면보다더밝아요피그먼트라오래입을듯,0,0,0,0,0,False,30,29,30,True
3132889,85935633,general,환2인데,지금 날씨에 입기 좋아요 커플룩으로도 너무 좋습니다,5.0,False,SMALL,164.0,59.0,남성,2026-06-30 19:53:29,사이즈: 정사이즈 / 화면 대비 색감: 화면과 비슷 / 두께감: 적당함 / 신축성: 적당함,False,0,travel,상의,SMALL,,2026,6,30,화,5,응답,정사이즈,화면과 비슷,,,,적당함,적당함,,,,3.0,3.0,,0.0,0.0,0.0,0.0,,,지금 날씨에 입기 좋아요 커플룩으로도 너무 좋습니다,지금날씨에입기좋아요커플룩으로도너무좋습니다,0,0,0,0,0,False,28,22,28,True
3132889,85911790,general,루루언니081003,조아뉴유웅웅 잘입겟습밎다 감사하비낟앙앙아,5.0,False,MEDIUM,168.0,60.0,여성,2026-06-29 22:03:15,사이즈: 정사이즈 / 화면 대비 색감: 화면과 비슷 / 두께감: 적당함 / 신축성: 적당함,False,0,travel,상의,MEDIUM,,2026,6,29,월,5,응답,정사이즈,화면과 비슷,,,,적당함,적당함,,,,3.0,3.0,,0.0,0.0,0.0,0.0,,,조아뉴유웅웅 잘입겟습밎다 감사하비낟앙앙아,조아뉴유웅웅잘입겟습밎다감사하비낟앙앙아,0,0,0,0,0,False,22,20,22,True
3132889,85906773,general,수지여의,일단 너무 예쁘고 167/49가 입었을때 엉덩이 가려요!! 그리고 남영 상관없이 잊을수 있을거 같아서 좋습니다 생각보다 살짝 밝긴 했는데 괜찮아요 너무 예쁨요💖🫶,4.0,False,SMALL,167.0,49.0,여성,2026-06-29 19:03:27,사이즈: 정사이즈 / 화면 대비 색감: 밝음 / 두께감: 적당함 / 신축성: 거의 없음,False,0,travel,상의,SMALL,,2026,6,29,월,4,응답,정사이즈,밝음,,,,거의 없음,적당함,,,,2.0,3.0,,0.0,0.0,1.0,1.0,,,일단 너무 예쁘고 167/49가 입었을때 엉덩이 가려요!! 그리고 남영 상관없이 잊을수 있을거 같아서 좋습니다 생각보다 살짝 밝긴 했는데 괜찮아요 너무 예쁨요,일단너무예쁘고16749가입었을때엉덩이가려요그리고남영상관없이잊을수있을거같아서좋습니다생각보다살짝밝긴했는데괜찮아요너무예쁨요,0,0,2,0,2,False,90,60,88,True
3132889,85901008,general,N_ZZ,후들후들한 얇은 반팔티 저렴하게 구매해서 편하게 입을 예정,4.0,False,EXTRA LARGE,187.0,70.0,남성,2026-06-29 15:19:27,사이즈: 정사이즈 / 화면 대비 색감: 화면과 비슷 / 두께감: 얇음 / 신축성: 적당함,False,0,travel,상의,EXTRA LARGE,,2026,6,29,월,4,응답,정사이즈,화면과 비슷,,,,적당함,얇음,,,,3.0,2.0,,0.0,0.0,0.0,0.0,,,후들후들한 얇은 반팔티 저렴하게 구매해서 편하게 입을 예정,후들후들한얇은반팔티저렴하게구매해서편하게입을예정,0,0,0,0,0,False,32,25,32,True
3132889,85878643,style,하나부터열까G,프린팅이 잘돼있고 빈티지스러워서 마음에 드네요,5.0,False,MEDIUM,168.0,60.0,남성,2026-06-28 20:17:24,사이즈: 정사이즈 / 화면 대비 색감: 밝음 / 두께감: 얇음 / 신축성: 적당함,True,0,travel,상의,MEDIUM,,2026,6,28,일,5,응답,정사이즈,밝음,,,,적당함,얇음,,,,3.0,2.0,,0.0,0.0,1.0,1.0,,,프린팅이 잘돼있고 빈티지스러워서 마음에 드네요,프린팅이잘돼있고빈티지스러워서마음에드네요,0,0,0,0,0,False,25,21,25,True
3132889,85878623,general,하나부터열까G,프린팅이 잘돼있고 빈티지스러워서 마음에 드네요,5.0,False,MEDIUM,168.0,60.0,남성,2026-06-28 20:16:52,사이즈: 정사이즈 / 화면 대비 색감: 밝음 / 두께감: 얇음 / 신축성: 적당함,True,0,travel,상의,MEDIUM,,2026,6,28,일,5,응답,정사이즈,밝음,,,,적당함,얇음,,,,3.0,2.0,,0.0,0.0,1.0,1.0,,,프린팅이 잘돼있고 빈티지스러워서 마음에 드네요,프린팅이잘돼있고빈티지스러워서마음에드네요,0,0,0,0,0,False,25,21,25,True
3132889,85844778,general,니켈라,시원하고요 프린팅이 좀 약해보이긴하지만 잘입을거같습니다,5.0,False,EXTRA LARGE,176.0,63.0,남성,2026-06-27 20:08:16,사이즈: 정사이즈 / 화면 대비 색감: 화면과 비슷 / 두께감: 적당함 / 신축성: 적당함,True,0,travel,상의,EXTRA LARGE,,2026,6,27,토,5,응답,정사이즈,화면과 비슷,,,,적당함,적당함,,,,3.0,3.0,,0.0,0.0,0.0,0.0,,,시원하고요 프린팅이 좀 약해보이긴하지만 잘입을거같습니다,시원하고요프린팅이좀약해보이긴하지만잘입을거같습니다,0,0,0,0,0,False,30,26,30,True
3132889,85836277,general,편안한북촌뽀글이,무난하게 입기좋아요! 프린팅이 약간 뭐라하지 고무?같음 재질임 맘에들어요,5.0,False,MEDIUM,163.0,57.0,여성,2026-06-27 16:13:33,사이즈: 정사이즈 / 화면 대비 색감: 화면과 비슷 / 두께감: 적당함 / 신축성: 적당함,False,0,travel,상의,MEDIUM,,2026,6,27,토,5,응답,정사이즈,화면과 비슷,,,,적당함,적당함,,,,3.0,3.0,,0.0,0.0,0.0,0.0,,,무난하게 입기좋아요! 프린팅이 약간 뭐라하지 고무?같음 재질임 맘에들어요,무난하게입기좋아요프린팅이약간뭐라하지고무같음재질임맘에들어요,0,0,1,1,0,False,40,31,40,True
3132889,85810320,general,김밥팅,디자인 이쁘고 재질도 가볍고 좋아서 잘입을것같아요,5.0,False,MEDIUM,160.0,60.0,여성,2026-06-26 22:17:13,사이즈: 정사이즈 / 화면 대비 색감: 화면과 비슷 / 두께감: 적당함 / 신축성: 적당함,True,0,travel,상의,MEDIUM,,2026,6,26,금,5,응답,정사이즈,화면과 비슷,,,,적당함,적당함,,,,3.0,3.0,,0.0,0.0,0.0,0.0,,,디자인 이쁘고 재질도 가볍고 좋아서 잘입을것같아요,디자인이쁘고재질도가볍고좋아서잘입을것같아요,0,0,0,0,0,False,27,22,27,True
3132889,85750775,general,집이제일죠아,블프세일때마다 꼭 구매하는 브랜드에요 많이 파세요,5.0,False,MEDIUM,175.0,47.0,여성,2026-06-25 18:59:47,사이즈: 정사이즈 / 화면 대비 색감: 화면과 비슷 / 두께감: 적당함 / 신축성: 적당함,True,0,travel,상의,MEDIUM,,2026,6,25,목,5,응답,정사이즈,화면과 비슷,,,,적당함,적당함,,,,3.0,3.0,,0.0,0.0,0.0,0.0,,,블프세일때마다 꼭 구매하는 브랜드에요 많이 파세요,블프세일때마다꼭구매하는브랜드에요많이파세요,0,0,0,0,0,False,27,22,27,True
3132889,85729258,general,민초치킨,여름티 두꺼운거 싫어하는데 두께 적당히 후들후들하고 이뻐요 사이즈 넉넉해요,5.0,False,MEDIUM,164.0,63.0,여성,2026-06-25 10:33:37,사이즈: 조금 큼 / 화면 대비 색감: 화면과 비슷 / 두께감: 적당함 / 신축성: 적당함,True,0,travel,상의,MEDIUM,,2026,6,25,목,5,응답,조금 큼,화면과 비슷,,,,적당함,적당함,,,,3.0,3.0,,1.0,1.0,0.0,0.0,,,여름티 두꺼운거 싫어하는데 두께 적당히 후들후들하고 이뻐요 사이즈 넉넉해요,여름티두꺼운거싫어하는데두께적당히후들후들하고이뻐요사이즈넉넉해요,0,0,0,0,0,False,41,33,41,True
3132889,85599350,general,시용,옷 너무 마음에들어요! 아무옷이나 잘어울리고 코디하기편해서 좋아요,5.0,False,EXTRA LARGE,173.0,81.0,남성,2026-06-23 08:28:34,사이즈: 정사이즈 / 화면 대비 색감: 화면과 비슷 / 두께감: 적당함 / 신축성: 적당함,False,0,travel,상의,EXTRA LARGE,,2026,6,23,화,5,응답,정사이즈,화면과 비슷,,,,적당함,적당함,,,,3.0,3.0,,0.0,0.0,0.0,0.0,,,옷 너무 마음에들어요! 아무옷이나 잘어울리고 코디하기편해서 좋아요,옷너무마음에들어요아무옷이나잘어울리고코디하기편해서좋아요,0,0,1,0,0,False,36,29,36,True
3132889,85596039,general,JJUNIEs,두께감이 조금 얇아서 여름에 시원하게 입을 수 있을 것 같아요,5.0,False,EXTRA LARGE,176.0,83.0,남성,2026-06-23 02:34:58,사이즈: 정사이즈 / 화면 대비 색감: 화면과 비슷 / 두께감: 적당함 / 신축성: 적당함,True,0,travel,상의,EXTRA LARGE,,2026,6,23,화,5,응답,정사이즈,화면과 비슷,,,,적당함,적당함,,,,3.0,3.0,,0.0,0.0,0.0,0.0,,,두께감이 조금 얇아서 여름에 시원하게 입을 수 있을 것 같아요,두께감이조금얇아서여름에시원하게입을수있을것같아요,0,0,0,0,0,False,34,25,34,True
3132889,85592592,style,기쁜칠레브이넥,가격도 저렴하고 그냥 입고 다니기 너무 이쁘고 편해요 그레이로 주문했는데 굿굿,5.0,False,MEDIUM,158.0,66.0,여성,2026-06-23 00:14:18,사이즈: 정사이즈 / 화면 대비 색감: 화면과 비슷 / 두께감: 적당함 / 신축성: 적당함,True,0,travel,상의,MEDIUM,,2026,6,23,화,5,응답,정사이즈,화면과 비슷,,,,적당함,적당함,,,,3.0,3.0,,0.0,0.0,0.0,0.0,,,가격도 저렴하고 그냥 입고 다니기 너무 이쁘고 편해요 그레이로 주문했는데 굿굿,가격도저렴하고그냥입고다니기너무이쁘고편해요그레이로주문했는데굿굿,0,0,0,0,0,False,43,33,43,True
﻿2099880,85968980,general,satang3,생각했던대로 마음에 드네요 사이즈도 좋고 기모로 선택했는데 도톰하니 좋네요,5.0,False,LARGE,165.0,50.0,여성,2026-07-01 21:04:39,사이즈: 정사이즈 / 화면 대비 색감: 화면과 비슷 / 두께감: 적당함 / 퀄리티: 보통,False,0,travel,상의,LARGE,,2026,7,1,수,5,응답,정사이즈,화면과 비슷,보통,,,,적당함,,3.0,,,3.0,,0.0,0.0,0.0,0.0,,,생각했던대로 마음에 드네요 사이즈도 좋고 기모로 선택했는데 도톰하니 좋네요,생각했던대로마음에드네요사이즈도좋고기모로선택했는데도톰하니좋네요,0,0,0,0,0,False,41,33,41,True
2099880,85622603,general,환상적인성수플랫,"세탁해도 전혀 변형 없을것 같고,색감도 예뻐요.161에 52키로 입으니 사이즈 딱 좋고 한치수 크게 사도 예뻣을 듯 합니다",5.0,False,SMALL,145.0,44.0,여성,2026-06-23 17:35:25,사이즈: 정사이즈 / 화면 대비 색감: 화면과 비슷 / 두께감: 적당함 / 퀄리티: 좋음,True,0,travel,상의,SMALL,,2026,6,23,화,5,응답,정사이즈,화면과 비슷,좋음,,,,적당함,,4.0,,,3.0,,0.0,0.0,0.0,0.0,,,"세탁해도 전혀 변형 없을것 같고,색감도 예뻐요.161에 52키로 입으니 사이즈 딱 좋고 한치수 크게 사도 예뻣을 듯 합니다",세탁해도전혀변형없을것같고색감도예뻐요161에52키로입으니사이즈딱좋고한치수크게사도예뻣을듯합니다,0,0,0,0,0,False,68,45,68,True
﻿1899753,86054701,general,sumtang,옷감이 얇고 시원하고 스타일 예뻐요 추천합니다 굿,5.0,False,EXTRA LARGE,174.0,65.0,남성,2026-07-05 09:43:14,사이즈: 많이 큼 / 화면 대비 색감: 매우 어두움 / 두께감: 매우 얇음 / 신축성: 적당함,False,0,travel,상의,EXTRA LARGE,,2026,7,5,일,5,응답,많이 큼,매우 어두움,,,,적당함,매우 얇음,,,,3.0,1.0,,2.0,2.0,-2.0,2.0,,,옷감이 얇고 시원하고 스타일 예뻐요 추천합니다 굿,옷감이얇고시원하고스타일예뻐요추천합니다굿,0,0,0,0,0,False,27,21,27,True
1899753,85968932,general,satang3,"색상 사이즈 소재 모두 생각했던대로 좋은데, 어깨부분이 매끄럽지 않고 조금 이상하네요",4.0,False,SMALL,165.0,50.0,여성,2026-07-01 21:03:21,사이즈: 정사이즈 / 화면 대비 색감: 화면과 비슷 / 두께감: 적당함 / 신축성: 적당함,False,0,travel,상의,SMALL,,2026,7,1,수,4,응답,정사이즈,화면과 비슷,,,,적당함,적당함,,,,3.0,3.0,,0.0,0.0,0.0,0.0,,,"색상 사이즈 소재 모두 생각했던대로 좋은데, 어깨부분이 매끄럽지 않고 조금 이상하네요",색상사이즈소재모두생각했던대로좋은데어깨부분이매끄럽지않고조금이상하네요,0,0,0,0,0,False,47,36,47,True
1899753,85952313,style,현우느,여름에 입기 시원하고 옷 색상이랑 프린팅이 이뻐요,5.0,False,MEDIUM,174.0,76.0,남성,2026-07-01 10:49:37,사이즈: 정사이즈 / 화면 대비 색감: 화면과 비슷 / 두께감: 적당함 / 신축성: 적당함,True,0,travel,상의,MEDIUM,,2026,7,1,수,5,응답,정사이즈,화면과 비슷,,,,적당함,적당함,,,,3.0,3.0,,0.0,0.0,0.0,0.0,,,여름에 입기 시원하고 옷 색상이랑 프린팅이 이뻐요,여름에입기시원하고옷색상이랑프린팅이이뻐요,0,0,0,0,0,False,27,21,27,True
1899753,85945274,general,duwnssl,오버핏을 원했는데 딱 원하던 사이즈의 티셔츠가 와서 좋습니다.,5.0,False,LARGE,168.0,73.0,남성,2026-07-01 00:39:36,사이즈: 조금 큼 / 화면 대비 색감: 밝음 / 두께감: 얇음 / 신축성: 적당함,True,0,travel,상의,LARGE,,2026,7,1,수,5,응답,조금 큼,밝음,,,,적당함,얇음,,,,3.0,2.0,,1.0,1.0,1.0,1.0,,,오버핏을 원했는데 딱 원하던 사이즈의 티셔츠가 와서 좋습니다.,오버핏을원했는데딱원하던사이즈의티셔츠가와서좋습니다,0,0,0,0,0,False,34,26,34,True
1899753,85843582,style,DJ.MK,배송빠르고 기본티로 디자인무난하고 이뻐서 데일리로 잘입을듯해요.,5.0,False,MEDIUM,171.0,72.0,남성,2026-06-27 19:29:58,사이즈: 정사이즈 / 화면 대비 색감: 화면과 비슷 / 두께감: 적당함 / 신축성: 적당함,True,0,travel,상의,MEDIUM,,2026,6,27,토,5,응답,정사이즈,화면과 비슷,,,,적당함,적당함,,,,3.0,3.0,,0.0,0.0,0.0,0.0,,,배송빠르고 기본티로 디자인무난하고 이뻐서 데일리로 잘입을듯해요.,배송빠르고기본티로디자인무난하고이뻐서데일리로잘입을듯해요,0,0,0,0,0,False,35,29,35,True
1899753,85828014,style,안농안눙안농,이뻐이뻐 요즘 이 색에 빠져서 이색 반팔 몇개 샀는지 몰겠음!!잘입겠숨댜,5.0,False,EXTRA LARGE,160.0,65.0,여성,2026-06-27 12:26:41,사이즈: 정사이즈 / 화면 대비 색감: 화면과 비슷 / 두께감: 적당함 / 신축성: 적당함,True,0,travel,상의,EXTRA LARGE,,2026,6,27,토,5,응답,정사이즈,화면과 비슷,,,,적당함,적당함,,,,3.0,3.0,,0.0,0.0,0.0,0.0,,,이뻐이뻐 요즘 이 색에 빠져서 이색 반팔 몇개 샀는지 몰겠음!!잘입겠숨댜,이뻐이뻐요즘이색에빠져서이색반팔몇개샀는지몰겠음잘입겠숨댜,0,0,2,0,0,False,40,29,40,True
1899753,85827990,general,안농안눙안농,남편 입은거 보고 이뻐서 따라샀음메~~ 트래블 옷 넘 이쁘쟈냐,5.0,False,EXTRA LARGE,160.0,65.0,여성,2026-06-27 12:25:45,사이즈: 정사이즈 / 화면 대비 색감: 화면과 비슷 / 두께감: 적당함 / 신축성: 적당함,True,1,travel,상의,EXTRA LARGE,,2026,6,27,토,5,응답,정사이즈,화면과 비슷,,,,적당함,적당함,,,,3.0,3.0,,0.0,0.0,0.0,0.0,,,남편 입은거 보고 이뻐서 따라샀음메~~ 트래블 옷 넘 이쁘쟈냐,남편입은거보고이뻐서따라샀음메트래블옷넘이쁘쟈냐,0,0,0,0,0,False,34,24,34,True
1899753,85813129,general,|훈민정음|,뚱뚱해 보이지 않고 핏이 좋아요 여기에서 나온 티셔츠 사이즈가 저랑 딱 맞아서 하나 더 구매했어요,5.0,False,LARGE,173.0,90.0,남성,2026-06-26 23:16:35,사이즈: 정사이즈 / 화면 대비 색감: 화면과 비슷 / 두께감: 적당함 / 신축성: 적당함,True,0,travel,상의,LARGE,,2026,6,26,금,5,응답,정사이즈,화면과 비슷,,,,적당함,적당함,,,,3.0,3.0,,0.0,0.0,0.0,0.0,,,뚱뚱해 보이지 않고 핏이 좋아요 여기에서 나온 티셔츠 사이즈가 저랑 딱 맞아서 하나 더 구매했어요,뚱뚱해보이지않고핏이좋아요여기에서나온티셔츠사이즈가저랑딱맞아서하나더구매했어요,0,0,0,0,0,False,54,40,54,True
1899753,85794350,style,|훈민정음|,트래블 반팔 사이즈가 몸에 딱 맞아서 하나 더 구매했습니다. 뚱뚱해보이지도 않아 핏도 좋고 얇기도 얇아서 여름에 좋습니다.,5.0,False,LARGE,173.0,90.0,남성,2026-06-26 16:41:20,사이즈: 정사이즈 / 화면 대비 색감: 화면과 비슷 / 두께감: 얇음 / 신축성: 적당함,True,0,travel,상의,LARGE,,2026,6,26,금,5,응답,정사이즈,화면과 비슷,,,,적당함,얇음,,,,3.0,2.0,,0.0,0.0,0.0,0.0,,,트래블 반팔 사이즈가 몸에 딱 맞아서 하나 더 구매했습니다. 뚱뚱해보이지도 않아 핏도 좋고 얇기도 얇아서 여름에 좋습니다.,트래블반팔사이즈가몸에딱맞아서하나더구매했습니다뚱뚱해보이지도않아핏도좋고얇기도얇아서여름에좋습니다,0,0,0,0,0,False,68,50,68,True
1899753,85625805,general,빛하민D,더운 여름에 가볍게 입을 수 있는 옷으로 얇아서 좋아요,5.0,False,EXTRA LARGE,153.0,44.0,여성,2026-06-23 18:30:22,사이즈: 정사이즈 / 화면 대비 색감: 화면과 비슷 / 두께감: 매우 얇음 / 신축성: 적당함,False,0,travel,상의,EXTRA LARGE,,2026,6,23,화,5,응답,정사이즈,화면과 비슷,,,,적당함,매우 얇음,,,,3.0,1.0,,0.0,0.0,0.0,0.0,,,더운 여름에 가볍게 입을 수 있는 옷으로 얇아서 좋아요,더운여름에가볍게입을수있는옷으로얇아서좋아요,0,0,0,0,0,False,30,22,30,True
1899753,85625767,general,빛하민D,후기에 얇다는 말이 많았었는데 진짜 얇아서 시원하게 입을 수 있어서 좋아요,5.0,False,SMALL,153.0,44.0,여성,2026-06-23 18:29:40,사이즈: 정사이즈 / 화면 대비 색감: 화면과 비슷 / 두께감: 매우 얇음 / 신축성: 적당함,False,0,travel,상의,SMALL,,2026,6,23,화,5,응답,정사이즈,화면과 비슷,,,,적당함,매우 얇음,,,,3.0,1.0,,0.0,0.0,0.0,0.0,,,후기에 얇다는 말이 많았었는데 진짜 얇아서 시원하게 입을 수 있어서 좋아요,후기에얇다는말이많았었는데진짜얇아서시원하게입을수있어서좋아요,0,0,0,0,0,False,41,31,41,True
1899753,85581268,style,답을찾을것이다,배송이 빨라서 좋아요 옷은 평상복으로도 괜찮고 운동할때 운동복으로도 좋아요,5.0,False,EXTRA LARGE,180.0,85.0,남성,2026-06-22 21:01:14,사이즈: 정사이즈 / 화면 대비 색감: 화면과 비슷 / 두께감: 적당함 / 신축성: 적당함,True,0,travel,상의,EXTRA LARGE,,2026,6,22,월,5,응답,정사이즈,화면과 비슷,,,,적당함,적당함,,,,3.0,3.0,,0.0,0.0,0.0,0.0,,,배송이 빨라서 좋아요 옷은 평상복으로도 괜찮고 운동할때 운동복으로도 좋아요,배송이빨라서좋아요옷은평상복으로도괜찮고운동할때운동복으로도좋아요,0,0,0,0,0,False,41,33,41,True
1899753,85581253,general,답을찾을것이다,배송이 빨라서 좋아요 옷은 평상복으로도 괜찮고 운동할때 운동복으로도 좋아요,5.0,False,EXTRA LARGE,180.0,85.0,남성,2026-06-22 21:00:57,사이즈: 정사이즈 / 화면 대비 색감: 화면과 비슷 / 두께감: 적당함 / 신축성: 적당함,True,0,travel,상의,EXTRA LARGE,,2026,6,22,월,5,응답,정사이즈,화면과 비슷,,,,적당함,적당함,,,,3.0,3.0,,0.0,0.0,0.0,0.0,,,배송이 빨라서 좋아요 옷은 평상복으로도 괜찮고 운동할때 운동복으로도 좋아요,배송이빨라서좋아요옷은평상복으로도괜찮고운동할때운동복으로도좋아요,0,0,0,0,0,False,41,33,41,True
﻿3047767,82140577,general,woooori,실수로 건조기까지 돌렷는데 목이 안늘어났어요,4.0,False,MEDIUM,168.0,,여성,2026-06-25 23:00:05,사이즈: 정사이즈 / 화면 대비 색감: 화면과 비슷 / 두께감: 적당함 / 신축성: 적당함,True,0,travel,상의,MEDIUM,,2026,6,25,목,4,응답,정사이즈,화면과 비슷,,,,적당함,적당함,,,,3.0,3.0,,0.0,0.0,0.0,0.0,,,실수로 건조기까지 돌렷는데 목이 안늘어났어요,실수로건조기까지돌렷는데목이안늘어났어요,0,0,0,0,0,False,24,20,24,True
3047767,85690055,style,유유얘비,깔끔하고 목이 튼튼해서 좋네요 여름에 자주입을꺼 같아요,5.0,False,LARGE,184.0,70.0,남성,2026-06-24 17:26:30,사이즈: 정사이즈 / 화면 대비 색감: 화면과 비슷 / 두께감: 적당함 / 신축성: 적당함,True,0,travel,상의,LARGE,,2026,6,24,수,5,응답,정사이즈,화면과 비슷,,,,적당함,적당함,,,,3.0,3.0,,0.0,0.0,0.0,0.0,,,깔끔하고 목이 튼튼해서 좋네요 여름에 자주입을꺼 같아요,깔끔하고목이튼튼해서좋네요여름에자주입을꺼같아요,0,0,0,0,0,False,30,24,30,True
3047767,85650713,style,무료반품,기장이 좀 짧으면 좋겠고 구김은 잘 가는 편 확실히 크림 색상임,4.0,False,MEDIUM,172.0,66.0,남성,2026-06-23 23:51:33,사이즈: 정사이즈 / 화면 대비 색감: 화면과 비슷 / 두께감: 적당함 / 신축성: 적당함,True,0,travel,상의,MEDIUM,,2026,6,23,화,4,응답,정사이즈,화면과 비슷,,,,적당함,적당함,,,,3.0,3.0,,0.0,0.0,0.0,0.0,,,기장이 좀 짧으면 좋겠고 구김은 잘 가는 편 확실히 크림 색상임,기장이좀짧으면좋겠고구김은잘가는편확실히크림색상임,0,0,0,0,0,False,35,25,35,True
﻿3132888,86028475,general,ㅗ7,옷의 색감이 너무 좋아요.핏도너무 에쁩니다.천이 엄청 부드러워요,5.0,False,EXTRA LARGE,160.0,80.0,여성,2026-07-04 01:23:55,사이즈: 매우 작음 / 화면 대비 색감: 매우 밝음 / 두께감: 매우 얇음 / 신축성: 전혀 없음,False,0,travel,상의,EXTRA LARGE,,2026,7,4,토,5,응답,매우 작음,매우 밝음,,,,전혀 없음,매우 얇음,,,,1.0,1.0,,-2.0,2.0,2.0,2.0,,,옷의 색감이 너무 좋아요.핏도너무 에쁩니다.천이 엄청 부드러워요,옷의색감이너무좋아요핏도너무에쁩니다천이엄청부드러워요,0,0,0,0,0,False,35,27,35,True
3132888,85958196,general,yummy_yum,옷 전체적인 색감이 좋고 사이즈도 딱 맞아요  잘 입을게요,5.0,False,MEDIUM,175.0,85.0,남성,2026-07-01 14:35:20,사이즈: 정사이즈 / 화면 대비 색감: 화면과 비슷 / 두께감: 적당함 / 신축성: 거의 없음,False,0,travel,상의,MEDIUM,,2026,7,1,수,5,응답,정사이즈,화면과 비슷,,,,거의 없음,적당함,,,,2.0,3.0,,0.0,0.0,0.0,0.0,,,옷 전체적인 색감이 좋고 사이즈도 딱 맞아요 잘 입을게요,옷전체적인색감이좋고사이즈도딱맞아요잘입을게요,0,0,0,0,0,False,32,23,31,True
3132888,85955735,style,넓은포지타노룩,"친구 생일 선물로 사줬는데, 우선 디자인은 흠잡을 데 없이 예쁘고 소재나 내구성은 아직 잘 모르겠지만 만져봤을 때 좋을것같습니다",5.0,False,LARGE,174.0,70.0,남성,2026-07-01 12:54:42,사이즈: 정사이즈 / 화면 대비 색감: 화면과 비슷 / 두께감: 적당함 / 신축성: 강함,True,0,travel,상의,LARGE,,2026,7,1,수,5,응답,정사이즈,화면과 비슷,,,,강함,적당함,,,,4.0,3.0,,0.0,0.0,0.0,0.0,,,"친구 생일 선물로 사줬는데, 우선 디자인은 흠잡을 데 없이 예쁘고 소재나 내구성은 아직 잘 모르겠지만 만져봤을 때 좋을것같습니다",친구생일선물로사줬는데우선디자인은흠잡을데없이예쁘고소재나내구성은아직잘모르겠지만만져봤을때좋을것같습니다,0,0,0,0,0,False,71,53,71,True
3132888,85931489,general,선아ೀ,특가할 때 구매 했는데 가성비 좋고 귀엽게 디자인해서 너무 좋아요.,5.0,False,LARGE,162.0,52.0,missing,2026-06-30 17:42:45,사이즈: 정사이즈 / 화면 대비 색감: 화면과 비슷 / 두께감: 적당함 / 신축성: 적당함,False,0,travel,상의,LARGE,,2026,6,30,화,5,응답,정사이즈,화면과 비슷,,,,적당함,적당함,,,,3.0,3.0,,0.0,0.0,0.0,0.0,,,특가할 때 구매 했는데 가성비 좋고 귀엽게 디자인해서 너무 좋아요.,특가할때구매했는데가성비좋고귀엽게디자인해서너무좋아요,0,0,0,0,0,False,37,27,37,True
3132888,85931439,general,선아ೀ,특가할 때 구매 했는데 가성비 좋고 귀엽게 디자인해서 너무 좋아요.,5.0,False,MEDIUM,162.0,52.0,missing,2026-06-30 17:41:17,사이즈: 정사이즈 / 화면 대비 색감: 화면과 비슷 / 두께감: 적당함 / 신축성: 적당함,False,0,travel,상의,MEDIUM,,2026,6,30,화,5,응답,정사이즈,화면과 비슷,,,,적당함,적당함,,,,3.0,3.0,,0.0,0.0,0.0,0.0,,,특가할 때 구매 했는데 가성비 좋고 귀엽게 디자인해서 너무 좋아요.,특가할때구매했는데가성비좋고귀엽게디자인해서너무좋아요,0,0,0,0,0,False,37,27,37,True
3132888,85825066,style,시크한삿포로소품,카키색도는 베이지라 실물이 더 예쁨. 두껍디 않고 사이즈 적당해서 좋음,5.0,False,MEDIUM,170.0,50.0,여성,2026-06-27 10:58:55,사이즈: 정사이즈 / 화면 대비 색감: 화면과 비슷 / 두께감: 적당함 / 신축성: 거의 없음,True,0,travel,상의,MEDIUM,,2026,6,27,토,5,응답,정사이즈,화면과 비슷,,,,거의 없음,적당함,,,,2.0,3.0,,0.0,0.0,0.0,0.0,,,카키색도는 베이지라 실물이 더 예쁨. 두껍디 않고 사이즈 적당해서 좋음,카키색도는베이지라실물이더예쁨두껍디않고사이즈적당해서좋음,0,0,0,0,0,False,39,29,39,True
3132888,85824874,general,시크한삿포로소품,베이지이지만 약간 카키색도 보임. 사이즈 적당하고 소재 좋음,5.0,False,MEDIUM,170.0,50.0,여성,2026-06-27 10:54:09,사이즈: 정사이즈 / 화면 대비 색감: 화면과 비슷 / 두께감: 적당함 / 신축성: 거의 없음,True,0,travel,상의,MEDIUM,,2026,6,27,토,5,응답,정사이즈,화면과 비슷,,,,거의 없음,적당함,,,,2.0,3.0,,0.0,0.0,0.0,0.0,,,베이지이지만 약간 카키색도 보임. 사이즈 적당하고 소재 좋음,베이지이지만약간카키색도보임사이즈적당하고소재좋음,0,0,0,0,0,False,33,25,33,True
3132888,85787146,general,강주우우우우,무진장 세일때 저렴하게 티셔츠 사서 너무 좋았구 디자인도 괜찮고 엄청 안좋은 재질 아니라서 편하게 입고다닐수있을고같아요,5.0,False,MEDIUM,160.0,55.0,여성,2026-06-26 14:13:29,사이즈: 정사이즈 / 화면 대비 색감: 화면과 비슷 / 두께감: 적당함 / 신축성: 적당함,True,0,travel,상의,MEDIUM,,2026,6,26,금,5,응답,정사이즈,화면과 비슷,,,,적당함,적당함,,,,3.0,3.0,,0.0,0.0,0.0,0.0,,,무진장 세일때 저렴하게 티셔츠 사서 너무 좋았구 디자인도 괜찮고 엄청 안좋은 재질 아니라서 편하게 입고다닐수있을고같아요,무진장세일때저렴하게티셔츠사서너무좋았구디자인도괜찮고엄청안좋은재질아니라서편하게입고다닐수있을고같아요,0,0,0,0,0,False,66,52,66,True
3132888,85746420,general,eke,일단 색감 이쁘고 진짜 편하게 입을만한 옷이에요!!,5.0,False,LARGE,163.0,49.0,여성,2026-06-25 17:28:03,사이즈: 조금 큼 / 화면 대비 색감: 화면과 비슷 / 두께감: 적당함 / 신축성: 적당함,False,0,travel,상의,LARGE,,2026,6,25,목,5,응답,조금 큼,화면과 비슷,,,,적당함,적당함,,,,3.0,3.0,,1.0,1.0,0.0,0.0,,,일단 색감 이쁘고 진짜 편하게 입을만한 옷이에요!!,일단색감이쁘고진짜편하게입을만한옷이에요,0,0,2,0,0,False,28,20,28,True
3132888,85622245,style,알찬베이지셔링,청바지랑 같이 입어도 이쁘고 어떤 바지에 입어도 다 잘어울리는 반팔…ㅠ,5.0,False,SMALL,162.0,61.0,여성,2026-06-23 17:28:42,사이즈: 정사이즈 / 화면 대비 색감: 어두움 / 두께감: 적당함 / 신축성: 적당함,True,1,travel,상의,SMALL,,2026,6,23,화,5,응답,정사이즈,어두움,,,,적당함,적당함,,,,3.0,3.0,,0.0,0.0,-1.0,1.0,,,청바지랑 같이 입어도 이쁘고 어떤 바지에 입어도 다 잘어울리는 반팔…ㅠ,청바지랑같이입어도이쁘고어떤바지에입어도다잘어울리는반팔,0,1,0,0,0,False,39,28,39,True
3132888,85622176,general,알찬베이지셔링,색감이 나와있는 것보다 좀 더 어둡고 빈티지한 느낌이 나서 더 이쁨 이런 가격에 이런 퀄리티 너무 만족해요!,5.0,False,SMALL,162.0,61.0,여성,2026-06-23 17:27:34,사이즈: 정사이즈 / 화면 대비 색감: 어두움 / 두께감: 적당함 / 신축성: 적당함,True,1,travel,상의,SMALL,,2026,6,23,화,5,응답,정사이즈,어두움,,,,적당함,적당함,,,,3.0,3.0,,0.0,0.0,-1.0,1.0,,,색감이 나와있는 것보다 좀 더 어둡고 빈티지한 느낌이 나서 더 이쁨 이런 가격에 이런 퀄리티 너무 만족해요!,색감이나와있는것보다좀더어둡고빈티지한느낌이나서더이쁨이런가격에이런퀄리티너무만족해요,0,0,1,0,0,False,60,43,60,True
3132888,85442323,style,창조적인인천버튼,이뻐요옹 땀 흡수가 나쁘지 않은 것 같아요 입고 페벌 다녀왓는데 땀난 것 치곤 색 안변함 그래서 그레이도 샀어요,5.0,False,SMALL,171.0,65.0,여성,2026-06-20 11:38:40,사이즈: 정사이즈 / 화면 대비 색감: 어두움 / 두께감: 적당함 / 신축성: 적당함,True,0,travel,상의,SMALL,,2026,6,20,토,5,응답,정사이즈,어두움,,,,적당함,적당함,,,,3.0,3.0,,0.0,0.0,-1.0,1.0,,,이뻐요옹 땀 흡수가 나쁘지 않은 것 같아요 입고 페벌 다녀왓는데 땀난 것 치곤 색 안변함 그래서 그레이도 샀어요,이뻐요옹땀흡수가나쁘지않은것같아요입고페벌다녀왓는데땀난것치곤색안변함그래서그레이도샀어요,0,0,0,0,0,False,62,45,62,True
﻿3399787,86051383,style,문뮬란,박시하면서 핏 이쁘구 너무 덥지 않은 여름에 입기에도 괜찮은거같아요!,5.0,False,LARGE,178.0,54.0,여성,2026-07-05 00:51:20,사이즈: 조금 큼 / 화면 대비 색감: 화면과 비슷 / 두께감: 적당함 / 신축성: 적당함,True,0,travel,상의,LARGE,,2026,7,5,일,5,응답,조금 큼,화면과 비슷,,,,적당함,적당함,,,,3.0,3.0,,1.0,1.0,0.0,0.0,,,박시하면서 핏 이쁘구 너무 덥지 않은 여름에 입기에도 괜찮은거같아요!,박시하면서핏이쁘구너무덥지않은여름에입기에도괜찮은거같아요,0,0,1,0,0,False,38,29,38,True
3399787,85936934,general,신비로운로마룩북,좋은 가격에 잘 구매했어요. 맘에듭니다 면의질도 좋고 두께감도 딱입니다,5.0,False,EXTRA LARGE,181.0,81.0,남성,2026-06-30 20:31:09,사이즈: 정사이즈 / 화면 대비 색감: 화면과 비슷 / 두께감: 적당함 / 신축성: 적당함,True,0,travel,상의,EXTRA LARGE,,2026,6,30,화,5,응답,정사이즈,화면과 비슷,,,,적당함,적당함,,,,3.0,3.0,,0.0,0.0,0.0,0.0,,,좋은 가격에 잘 구매했어요. 맘에듭니다 면의질도 좋고 두께감도 딱입니다,좋은가격에잘구매했어요맘에듭니다면의질도좋고두께감도딱입니다,0,0,0,0,0,False,39,30,39,True
3399787,85734446,general,초롤렛 우유좋아,에어컨 나오는교실에서 입기 딱 좋은두께 입니다,5.0,False,EXTRA LARGE,178.0,75.0,남성,2026-06-25 12:49:29,사이즈: 정사이즈 / 화면 대비 색감: 화면과 비슷 / 두께감: 적당함 / 신축성: 적당함,False,0,travel,상의,EXTRA LARGE,,2026,6,25,목,5,응답,정사이즈,화면과 비슷,,,,적당함,적당함,,,,3.0,3.0,,0.0,0.0,0.0,0.0,,,에어컨 나오는교실에서 입기 딱 좋은두께 입니다,에어컨나오는교실에서입기딱좋은두께입니다,0,0,0,0,0,False,25,20,25,True
3399787,85552068,general,광교산날다람쥐,디자인이 너무 예쁘고 기장도 상당히 마음에 듭니다,5.0,False,LARGE,166.0,58.0,남성,2026-06-22 10:28:38,사이즈: 정사이즈 / 화면 대비 색감: 화면과 비슷 / 두께감: 적당함 / 신축성: 적당함,False,0,travel,상의,LARGE,,2026,6,22,월,5,응답,정사이즈,화면과 비슷,,,,적당함,적당함,,,,3.0,3.0,,0.0,0.0,0.0,0.0,,,디자인이 너무 예쁘고 기장도 상당히 마음에 듭니다,디자인이너무예쁘고기장도상당히마음에듭니다,0,0,0,0,0,False,27,21,27,True
﻿3132891,86076631,general,초월적인서울팬츠,색감이 진짜 이쁘고 핏하고 사이즈 다 맞아요 잘 입을거같네요,5.0,False,LARGE,180.0,63.0,여성,2026-07-06 01:29:39,사이즈: 정사이즈 / 화면 대비 색감: 화면과 비슷 / 두께감: 적당함 / 신축성: 적당함,False,0,travel,상의,LARGE,,2026,7,6,월,5,응답,정사이즈,화면과 비슷,,,,적당함,적당함,,,,3.0,3.0,,0.0,0.0,0.0,0.0,,,색감이 진짜 이쁘고 핏하고 사이즈 다 맞아요 잘 입을거같네요,색감이진짜이쁘고핏하고사이즈다맞아요잘입을거같네요,0,0,0,0,0,False,33,25,33,True
3132891,86073438,general,고양이푸스,빠른배송~굿  마감 조쿠여 원단 재질 넘넘 조아여~ 할인가에 완전 득템!!😍😆👍,5.0,False,MEDIUM,162.0,65.0,여성,2026-07-05 23:04:12,사이즈: 정사이즈 / 화면 대비 색감: 화면과 비슷 / 두께감: 적당함 / 신축성: 적당함,True,0,travel,상의,MEDIUM,,2026,7,5,일,5,응답,정사이즈,화면과 비슷,,,,적당함,적당함,,,,3.0,3.0,,0.0,0.0,0.0,0.0,,,빠른배송~굿 마감 조쿠여 원단 재질 넘넘 조아여~ 할인가에 완전 득템!!,빠른배송굿마감조쿠여원단재질넘넘조아여할인가에완전득템,0,0,2,0,3,False,44,27,40,True
3132891,86071821,general,그날은,진짜 저렴하게 구매했는데 일요일에 딱 받았습니다 잘입을게요~,4.0,False,LARGE,179.0,77.0,남성,2026-07-05 22:09:20,사이즈: 정사이즈 / 화면 대비 색감: 화면과 비슷 / 두께감: 적당함 / 신축성: 적당함,True,0,travel,상의,LARGE,,2026,7,5,일,4,응답,정사이즈,화면과 비슷,,,,적당함,적당함,,,,3.0,3.0,,0.0,0.0,0.0,0.0,,,진짜 저렴하게 구매했는데 일요일에 딱 받았습니다 잘입을게요~,진짜저렴하게구매했는데일요일에딱받았습니다잘입을게요,0,0,0,0,0,False,33,26,33,True
3132891,86067522,general,산만한휴스턴샌들,기대했던것보다 색이 너무 예뻐요 편하게 잘 입을수 있을거 같아요 ♡♡,5.0,False,MEDIUM,160.0,50.0,여성,2026-07-05 19:24:29,사이즈: 정사이즈 / 화면 대비 색감: 화면과 비슷 / 두께감: 적당함 / 신축성: 적당함,True,0,travel,상의,MEDIUM,,2026,7,5,일,5,응답,정사이즈,화면과 비슷,,,,적당함,적당함,,,,3.0,3.0,,0.0,0.0,0.0,0.0,,,기대했던것보다 색이 너무 예뻐요 편하게 잘 입을수 있을거 같아요 ♡♡,기대했던것보다색이너무예뻐요편하게잘입을수있을거같아요,0,0,0,0,0,False,38,27,38,True
3132891,86065657,general,그만사야지진짜,"색감 쨍하고 예쁩니다. 그런데 사이즈 미스.. 무조건 하나 큰 걸로 사시길,,",4.0,False,SMALL,159.0,55.0,여성,2026-07-05 18:05:52,사이즈: 조금 작음 / 화면 대비 색감: 화면과 비슷 / 두께감: 적당함 / 신축성: 적당함,True,0,travel,상의,SMALL,,2026,7,5,일,4,응답,조금 작음,화면과 비슷,,,,적당함,적당함,,,,3.0,3.0,,-1.0,1.0,0.0,0.0,,,"색감 쨍하고 예쁩니다. 그런데 사이즈 미스.. 무조건 하나 큰 걸로 사시길,,",색감쨍하고예쁩니다그런데사이즈미스무조건하나큰걸로사시길,0,0,0,0,0,False,43,28,43,True
3132891,86061977,general,젠틀한헬싱키뮬,귀여워요 편하게 입을거같아요 세일때 사서 좋아요,5.0,False,SMALL,161.0,51.0,여성,2026-07-05 15:30:02,사이즈: 정사이즈 / 화면 대비 색감: 화면과 비슷 / 두께감: 적당함 / 신축성: 적당함,False,0,travel,상의,SMALL,,2026,7,5,일,5,응답,정사이즈,화면과 비슷,,,,적당함,적당함,,,,3.0,3.0,,0.0,0.0,0.0,0.0,,,귀여워요 편하게 입을거같아요 세일때 사서 좋아요,귀여워요편하게입을거같아요세일때사서좋아요,0,0,0,0,0,False,26,21,26,True
3132891,86060679,general,깅하이,좋은가격에 이쁜옷 잘샀어요 ㅎ 데일리 착용 좋아요,5.0,False,LARGE,169.0,63.0,남성,2026-07-05 14:34:41,사이즈: 정사이즈 / 화면 대비 색감: 화면과 비슷 / 두께감: 적당함 / 신축성: 적당함,False,0,travel,상의,LARGE,,2026,7,5,일,5,응답,정사이즈,화면과 비슷,,,,적당함,적당함,,,,3.0,3.0,,0.0,0.0,0.0,0.0,,,좋은가격에 이쁜옷 잘샀어요 ㅎ 데일리 착용 좋아요,좋은가격에이쁜옷잘샀어요데일리착용좋아요,1,0,0,0,0,False,27,20,27,True
3132891,86058969,general,역공스,색깔이 적당히. 괜찮네요 잘입을거 같아요 감사합니다,5.0,False,EXTRA LARGE,179.0,85.0,남성,2026-07-05 13:13:04,사이즈: 매우 작음 / 화면 대비 색감: 매우 밝음 / 두께감: 매우 얇음 / 신축성: 전혀 없음,False,0,travel,상의,EXTRA LARGE,,2026,7,5,일,5,응답,매우 작음,매우 밝음,,,,전혀 없음,매우 얇음,,,,1.0,1.0,,-2.0,2.0,2.0,2.0,,,색깔이 적당히. 괜찮네요 잘입을거 같아요 감사합니다,색깔이적당히괜찮네요잘입을거같아요감사합니다,0,0,0,0,0,False,28,22,28,True
3132891,86058026,general,알찬카키캐시미어,할인행사 중이길래 편하게 입으려고 구입했는데 생각했던것 보다 훨씬 더 만족해요!! 과하지않게 쨍한 색감이라 얼굴이 더 환해보여요~,4.0,False,LARGE,165.0,70.0,여성,2026-07-05 12:33:01,사이즈: 조금 큼 / 화면 대비 색감: 밝음 / 두께감: 적당함 / 신축성: 강함,True,0,travel,상의,LARGE,,2026,7,5,일,4,응답,조금 큼,밝음,,,,강함,적당함,,,,4.0,3.0,,1.0,1.0,1.0,1.0,,,할인행사 중이길래 편하게 입으려고 구입했는데 생각했던것 보다 훨씬 더 만족해요!! 과하지않게 쨍한 색감이라 얼굴이 더 환해보여요~,할인행사중이길래편하게입으려고구입했는데생각했던것보다훨씬더만족해요과하지않게쨍한색감이라얼굴이더환해보여요,0,0,2,0,0,False,72,54,72,True
3132891,86057994,style,알찬카키캐시미어,과하지않게 포인트가 되는 컬러네요~ 세탁하면서 자연스럽게 물빠지면 더 예쁠것 같아요! 사이즈 넉넉하고 여기저기 코디하기 좋은 아이템이네요!,5.0,False,LARGE,165.0,70.0,여성,2026-07-05 12:30:42,사이즈: 조금 큼 / 화면 대비 색감: 밝음 / 두께감: 적당함 / 신축성: 적당함,True,0,travel,상의,LARGE,,2026,7,5,일,5,응답,조금 큼,밝음,,,,적당함,적당함,,,,3.0,3.0,,1.0,1.0,1.0,1.0,,,과하지않게 포인트가 되는 컬러네요~ 세탁하면서 자연스럽게 물빠지면 더 예쁠것 같아요! 사이즈 넉넉하고 여기저기 코디하기 좋은 아이템이네요!,과하지않게포인트가되는컬러네요세탁하면서자연스럽게물빠지면더예쁠것같아요사이즈넉넉하고여기저기코디하기좋은아이템이네요,0,0,2,0,0,False,77,59,77,True
3132891,86054568,general,승짱임니두,싸게 잘구매했습니다 색깔도 밝고 이쁩니다 잘입겠습니다~~,5.0,False,EXTRA LARGE,175.0,76.0,남성,2026-07-05 09:34:02,사이즈: 정사이즈 / 화면 대비 색감: 화면과 비슷 / 두께감: 적당함 / 신축성: 적당함,False,0,travel,상의,EXTRA LARGE,,2026,7,5,일,5,응답,정사이즈,화면과 비슷,,,,적당함,적당함,,,,3.0,3.0,,0.0,0.0,0.0,0.0,,,싸게 잘구매했습니다 색깔도 밝고 이쁩니다 잘입겠습니다~~,싸게잘구매했습니다색깔도밝고이쁩니다잘입겠습니다,0,0,0,0,0,False,31,24,31,True
3132891,86053713,general,부지런한노랑양복,후기에서 보긴했는데 생각보다도 색이 많이 쨍해요. 다행스럽게도 입었을때 피부톤이랑 잘어울려서 입으려구요. 어깨라인이 뭔가 부자연스럽게 떨어지는데....접혀있어서 그런거 같기도해서 일단 세탁한번 해보고 봐야할거 같아요,4.0,False,MEDIUM,165.0,53.0,여성,2026-07-05 07:53:58,사이즈: 정사이즈 / 화면 대비 색감: 매우 밝음 / 두께감: 적당함 / 신축성: 적당함,True,0,travel,상의,MEDIUM,,2026,7,5,일,4,응답,정사이즈,매우 밝음,,,,적당함,적당함,,,,3.0,3.0,,0.0,0.0,2.0,2.0,,,후기에서 보긴했는데 생각보다도 색이 많이 쨍해요. 다행스럽게도 입었을때 피부톤이랑 잘어울려서 입으려구요. 어깨라인이 뭔가 부자연스럽게 떨어지는데...접혀있어서 그런거 같기도해서 일단 세탁한번 해보고 봐야할거 같아요,후기에서보긴했는데생각보다도색이많이쨍해요다행스럽게도입었을때피부톤이랑잘어울려서입으려구요어깨라인이뭔가부자연스럽게떨어지는데접혀있어서그런거같기도해서일단세탁한번해보고봐야할거같아요,0,0,0,0,0,True,120,93,119,True
3132891,86047907,general,훈훈한대구쇼룸,남편것도 같이샀는데 맘에 들어합니다! 잘입을게요,5.0,False,LARGE,177.0,69.0,남성,2026-07-04 22:27:23,사이즈: 조금 큼 / 화면 대비 색감: 밝음 / 두께감: 적당함 / 신축성: 적당함,True,0,travel,상의,LARGE,,2026,7,4,토,5,응답,조금 큼,밝음,,,,적당함,적당함,,,,3.0,3.0,,1.0,1.0,1.0,1.0,,,남편것도 같이샀는데 맘에 들어합니다! 잘입을게요,남편것도같이샀는데맘에들어합니다잘입을게요,0,0,1,0,0,False,26,21,26,True
3132891,86047881,general,훈훈한대구쇼룸,편하게 입으려고 샀는데 색감도 예쁘고 맘에 들어요!,5.0,False,LARGE,167.0,66.0,여성,2026-07-04 22:26:23,사이즈: 조금 큼 / 화면 대비 색감: 밝음 / 두께감: 적당함 / 신축성: 적당함,True,0,travel,상의,LARGE,,2026,7,4,토,5,응답,조금 큼,밝음,,,,적당함,적당함,,,,3.0,3.0,,1.0,1.0,1.0,1.0,,,편하게 입으려고 샀는데 색감도 예쁘고 맘에 들어요!,편하게입으려고샀는데색감도예쁘고맘에들어요,0,0,1,0,0,False,28,21,28,True
3132891,86045666,style,iilliilliillii,세일때 구매해서 가격 완전 싸게삼!! 적당히 넉넉하고 좋습니다 배송도 빨랐어요,5.0,False,MEDIUM,167.0,54.0,여성,2026-07-04 20:54:57,사이즈: 정사이즈 / 화면 대비 색감: 화면과 비슷 / 두께감: 적당함 / 신축성: 적당함,True,0,travel,상의,MEDIUM,,2026,7,4,토,5,응답,정사이즈,화면과 비슷,,,,적당함,적당함,,,,3.0,3.0,,0.0,0.0,0.0,0.0,,,세일때 구매해서 가격 완전 싸게삼!! 적당히 넉넉하고 좋습니다 배송도 빨랐어요,세일때구매해서가격완전싸게삼적당히넉넉하고좋습니다배송도빨랐어요,0,0,2,0,0,False,43,32,43,True
3132891,86045657,general,iilliilliillii,세일때 구매해서 가격 완전 싸게삼!! 적당히 넉넉하고 좋습니다 배송도 빨랐어요,5.0,False,MEDIUM,167.0,54.0,여성,2026-07-04 20:54:26,사이즈: 정사이즈 / 화면 대비 색감: 화면과 비슷 / 두께감: 적당함 / 신축성: 적당함,True,0,travel,상의,MEDIUM,,2026,7,4,토,5,응답,정사이즈,화면과 비슷,,,,적당함,적당함,,,,3.0,3.0,,0.0,0.0,0.0,0.0,,,세일때 구매해서 가격 완전 싸게삼!! 적당히 넉넉하고 좋습니다 배송도 빨랐어요,세일때구매해서가격완전싸게삼적당히넉넉하고좋습니다배송도빨랐어요,0,0,2,0,0,False,43,32,43,True
3132891,86043682,general,rkd7gus,색감도 예브고 여름에 포인트로 입기 좋을까 같아요,4.0,False,MEDIUM,180.0,65.0,남성,2026-07-04 19:08:39,사이즈: 정사이즈 / 화면 대비 색감: 화면과 비슷 / 두께감: 적당함 / 신축성: 적당함,False,0,travel,상의,MEDIUM,,2026,7,4,토,4,응답,정사이즈,화면과 비슷,,,,적당함,적당함,,,,3.0,3.0,,0.0,0.0,0.0,0.0,,,색감도 예브고 여름에 포인트로 입기 좋을까 같아요,색감도예브고여름에포인트로입기좋을까같아요,0,0,0,0,0,False,27,21,27,True
3132891,86041831,style,정확한용산퍼프,반짝세일할때 갸꿀로 샀는데 색상 쨍하니 편하게 입기에 좋을듯해여!,5.0,False,MEDIUM,163.0,51.0,여성,2026-07-04 17:43:10,사이즈: 정사이즈 / 화면 대비 색감: 화면과 비슷 / 두께감: 적당함 / 신축성: 적당함,True,0,travel,상의,MEDIUM,,2026,7,4,토,5,응답,정사이즈,화면과 비슷,,,,적당함,적당함,,,,3.0,3.0,,0.0,0.0,0.0,0.0,,,반짝세일할때 갸꿀로 샀는데 색상 쨍하니 편하게 입기에 좋을듯해여!,반짝세일할때갸꿀로샀는데색상쨍하니편하게입기에좋을듯해여,0,0,1,0,0,False,36,28,36,True
3132891,86032568,style,알찬용산샌들,잘 입겠습니다! 좋은 가격에 득템한 것 같아서 좋아요,5.0,False,MEDIUM,157.0,65.0,여성,2026-07-04 10:48:42,사이즈: 정사이즈 / 화면 대비 색감: 화면과 비슷 / 두께감: 적당함 / 신축성: 적당함,True,0,travel,상의,MEDIUM,,2026,7,4,토,5,응답,정사이즈,화면과 비슷,,,,적당함,적당함,,,,3.0,3.0,,0.0,0.0,0.0,0.0,,,잘 입겠습니다! 좋은 가격에 득템한 것 같아서 좋아요,잘입겠습니다좋은가격에득템한것같아서좋아요,0,0,1,0,0,False,29,21,29,True
3132891,86032328,general,환한그레이청바지,세일해서 너무너무 감사한 가격으로 샀는데 너무너무 더 감사합니다 ! 잘 입을게요  재질 정말 좋습니다 !,5.0,False,EXTRA LARGE,168.0,63.0,여성,2026-07-04 10:34:36,사이즈: 정사이즈 / 화면 대비 색감: 화면과 비슷 / 두께감: 적당함 / 신축성: 강함,False,0,travel,상의,EXTRA LARGE,,2026,7,4,토,5,응답,정사이즈,화면과 비슷,,,,강함,적당함,,,,4.0,3.0,,0.0,0.0,0.0,0.0,,,세일해서 너무너무 감사한 가격으로 샀는데 너무너무 더 감사합니다 ! 잘 입을게요 재질 정말 좋습니다 !,세일해서너무너무감사한가격으로샀는데너무너무더감사합니다잘입을게요재질정말좋습니다,0,0,2,0,0,False,58,41,57,True
3132891,86029724,general,호미Homi,사이즈도 적당하고 마음에 들어요 배송이 빠르네요,5.0,False,MEDIUM,174.0,63.0,남성,2026-07-04 04:56:32,사이즈: 정사이즈 / 화면 대비 색감: 화면과 비슷 / 두께감: 적당함 / 신축성: 적당함,False,0,travel,상의,MEDIUM,,2026,7,4,토,5,응답,정사이즈,화면과 비슷,,,,적당함,적당함,,,,3.0,3.0,,0.0,0.0,0.0,0.0,,,사이즈도 적당하고 마음에 들어요 배송이 빠르네요,사이즈도적당하고마음에들어요배송이빠르네요,0,0,0,0,0,False,26,21,26,True
3132891,86029690,general,어이박씨,넉넉하게 시켯더니 팔꿈치 가려서 넘 조아요 여름에 잘 입을 것 같습니당,5.0,False,MEDIUM,161.0,50.0,여성,2026-07-04 04:42:43,사이즈: 조금 큼 / 화면 대비 색감: 어두움 / 두께감: 두꺼움 / 신축성: 적당함,True,0,travel,상의,MEDIUM,,2026,7,4,토,5,응답,조금 큼,어두움,,,,적당함,두꺼움,,,,3.0,4.0,,1.0,1.0,-1.0,1.0,,,넉넉하게 시켯더니 팔꿈치 가려서 넘 조아요 여름에 잘 입을 것 같습니당,넉넉하게시켯더니팔꿈치가려서넘조아요여름에잘입을것같습니당,0,0,0,0,0,False,39,29,39,True
3132891,86019827,general,호미Homi,세일할때 싸게 사서 너무 좋아요 가성비 짱입니다,5.0,False,SMALL,160.0,60.0,여성,2026-07-03 18:57:19,사이즈: 정사이즈 / 화면 대비 색감: 화면과 비슷 / 두께감: 적당함 / 신축성: 적당함,False,0,travel,상의,SMALL,,2026,7,3,금,5,응답,정사이즈,화면과 비슷,,,,적당함,적당함,,,,3.0,3.0,,0.0,0.0,0.0,0.0,,,세일할때 싸게 사서 너무 좋아요 가성비 짱입니다,세일할때싸게사서너무좋아요가성비짱입니다,0,0,0,0,0,False,26,20,26,True
3132891,86017901,style,란체스터의법칙,전부터 살려고 생각했었는데 세일해서 저렴하게 잘샀네요 연청바지랑 입으니 아주 잘 어울리네요,5.0,False,LARGE,179.0,65.0,남성,2026-07-03 17:40:20,사이즈: 조금 큼 / 화면 대비 색감: 화면과 비슷 / 두께감: 적당함 / 신축성: 적당함,True,0,travel,상의,LARGE,,2026,7,3,금,5,응답,조금 큼,화면과 비슷,,,,적당함,적당함,,,,3.0,3.0,,1.0,1.0,0.0,0.0,,,전부터 살려고 생각했었는데 세일해서 저렴하게 잘샀네요 연청바지랑 입으니 아주 잘 어울리네요,전부터살려고생각했었는데세일해서저렴하게잘샀네요연청바지랑입으니아주잘어울리네요,0,0,0,0,0,False,50,40,50,True
3132891,86017880,general,란체스터의법칙,전부터 살려고 생각했었는데 세일해서 저렴하게 잘샀네요 연청바지랑 입으니 아주 잘 어울리네요,5.0,False,LARGE,179.0,65.0,남성,2026-07-03 17:39:34,사이즈: 조금 큼 / 화면 대비 색감: 화면과 비슷 / 두께감: 적당함 / 신축성: 적당함,True,0,travel,상의,LARGE,,2026,7,3,금,5,응답,조금 큼,화면과 비슷,,,,적당함,적당함,,,,3.0,3.0,,1.0,1.0,0.0,0.0,,,전부터 살려고 생각했었는데 세일해서 저렴하게 잘샀네요 연청바지랑 입으니 아주 잘 어울리네요,전부터살려고생각했었는데세일해서저렴하게잘샀네요연청바지랑입으니아주잘어울리네요,0,0,0,0,0,False,50,40,50,True
3132891,86016652,general,쿠이쿠삼,밑으로 내려가면서 약간 좁아지는거 같아요 가슴쪽은 널널하게 잘 맞는데 밑단이 핏되서 애매핏됐어요 오버핏은 무조건 m부터 s는 세미오버정도에요,4.0,False,SMALL,155.0,48.0,여성,2026-07-03 16:50:07,사이즈: 정사이즈 / 화면 대비 색감: 매우 어두움 / 두께감: 적당함 / 신축성: 적당함,True,0,travel,상의,SMALL,,2026,7,3,금,4,응답,정사이즈,매우 어두움,,,,적당함,적당함,,,,3.0,3.0,,0.0,0.0,-2.0,2.0,,,밑으로 내려가면서 약간 좁아지는거 같아요 가슴쪽은 널널하게 잘 맞는데 밑단이 핏되서 애매핏됐어요 오버핏은 무조건 m부터 s는 세미오버정도에요,밑으로내려가면서약간좁아지는거같아요가슴쪽은널널하게잘맞는데밑단이핏되서애매핏됐어요오버핏은무조건m부터s는세미오버정도에요,0,0,0,0,0,False,78,60,78,True
3132891,86014448,general,괜찮은청계천러그,어울리는 사람이 입으면 어울릴 것 같네요 저랑은 안어울리는 느낌,5.0,False,EXTRA LARGE,167.0,95.0,여성,2026-07-03 15:27:57,사이즈: 조금 작음 / 화면 대비 색감: 어두움 / 두께감: 적당함 / 신축성: 적당함,True,0,travel,상의,EXTRA LARGE,,2026,7,3,금,5,응답,조금 작음,어두움,,,,적당함,적당함,,,,3.0,3.0,,-1.0,1.0,-1.0,1.0,,,어울리는 사람이 입으면 어울릴 것 같네요 저랑은 안어울리는 느낌,어울리는사람이입으면어울릴것같네요저랑은안어울리는느낌,0,0,0,0,0,False,35,27,35,True
3132891,86001644,general,짝시,아 사고나서 가격 떨어지는건 진짜 하나 더사라고 하는건지... 일단 맘에들어요 인정,5.0,False,LARGE,175.0,72.0,남성,2026-07-02 23:52:07,사이즈: 정사이즈 / 화면 대비 색감: 화면과 비슷 / 두께감: 적당함 / 신축성: 적당함,True,1,travel,상의,LARGE,,2026,7,2,목,5,응답,정사이즈,화면과 비슷,,,,적당함,적당함,,,,3.0,3.0,,0.0,0.0,0.0,0.0,,,아 사고나서 가격 떨어지는건 진짜 하나 더사라고 하는건지... 일단 맘에들어요 인정,아사고나서가격떨어지는건진짜하나더사라고하는건지일단맘에들어요인정,0,0,0,0,0,True,46,33,46,True
3132891,85986258,general,천라스,진짜 싸게 잘산거 같아요 가성비 대비 질도 좋고 디자인도 아주 마음에들어요,5.0,False,LARGE,166.0,60.0,여성,2026-07-02 14:21:45,사이즈: 정사이즈 / 화면 대비 색감: 화면과 비슷 / 두께감: 적당함 / 신축성: 적당함,False,0,travel,상의,LARGE,,2026,7,2,목,5,응답,정사이즈,화면과 비슷,,,,적당함,적당함,,,,3.0,3.0,,0.0,0.0,0.0,0.0,,,진짜 싸게 잘산거 같아요 가성비 대비 질도 좋고 디자인도 아주 마음에들어요,진짜싸게잘산거같아요가성비대비질도좋고디자인도아주마음에들어요,0,0,0,0,0,False,41,31,41,True
3132891,85971506,general,혯우스,색감이 보는것보다 쨍하고 이뻐요! 세일해서싸게샀는데 핏도 너무맘에듭니다!,5.0,False,MEDIUM,158.0,44.0,여성,2026-07-01 22:17:24,사이즈: 조금 큼 / 화면 대비 색감: 밝음 / 두께감: 적당함 / 신축성: 적당함,True,0,travel,상의,MEDIUM,,2026,7,1,수,5,응답,조금 큼,밝음,,,,적당함,적당함,,,,3.0,3.0,,1.0,1.0,1.0,1.0,,,색감이 보는것보다 쨍하고 이뻐요! 세일해서싸게샀는데 핏도 너무맘에듭니다!,색감이보는것보다쨍하고이뻐요세일해서싸게샀는데핏도너무맘에듭니다,0,0,2,0,0,False,40,32,40,True
3132891,85916268,general,지현이아,"목부분이 조금 좁기는 한데, 색상이 너무 이뻐서 맘에 들어요",5.0,False,SMALL,157.0,55.0,여성,2026-06-30 00:39:48,사이즈: 정사이즈 / 화면 대비 색감: 화면과 비슷 / 두께감: 적당함 / 신축성: 적당함,True,0,travel,상의,SMALL,,2026,6,30,화,5,응답,정사이즈,화면과 비슷,,,,적당함,적당함,,,,3.0,3.0,,0.0,0.0,0.0,0.0,,,"목부분이 조금 좁기는 한데, 색상이 너무 이뻐서 맘에 들어요",목부분이조금좁기는한데색상이너무이뻐서맘에들어요,0,0,0,0,0,False,33,24,33,True
3132891,85855408,general,y bum,마잰타 색감이 이쁘게 잘 나왔어요 세일해서 가격도 아주 만족스러운 금액으로 구매해서 더욱 더 만족합니다,5.0,False,EXTRA LARGE,183.0,74.0,남성,2026-06-28 02:08:49,사이즈: 정사이즈 / 화면 대비 색감: 화면과 비슷 / 두께감: 적당함 / 신축성: 적당함,False,0,travel,상의,EXTRA LARGE,,2026,6,28,일,5,응답,정사이즈,화면과 비슷,,,,적당함,적당함,,,,3.0,3.0,,0.0,0.0,0.0,0.0,,,마잰타 색감이 이쁘게 잘 나왔어요 세일해서 가격도 아주 만족스러운 금액으로 구매해서 더욱 더 만족합니다,마잰타색감이이쁘게잘나왔어요세일해서가격도아주만족스러운금액으로구매해서더욱더만족합니다,0,0,0,0,0,False,57,44,57,True
3132891,85659143,general,스윗한밀라노스냅,생각보다 색이 진하네요 그래도 가격 생각하면 가성비 괜챦아보여요,3.0,False,SMALL,174.0,73.0,여성,2026-06-24 06:05:34,사이즈: 정사이즈 / 화면 대비 색감: 밝음 / 두께감: 적당함 / 신축성: 적당함,False,0,travel,상의,SMALL,,2026,6,24,수,3,응답,정사이즈,밝음,,,,적당함,적당함,,,,3.0,3.0,,0.0,0.0,1.0,1.0,,,생각보다 색이 진하네요 그래도 가격 생각하면 가성비 괜챦아보여요,생각보다색이진하네요그래도가격생각하면가성비괜챦아보여요,0,0,0,0,0,False,35,28,35,True
3132891,85575705,general,meeek,마젠타 핑크. 핑크 어울리는분은 다 잘 어울릴듯 합니다.,5.0,False,EXTRA LARGE,179.0,85.0,여성,2026-06-22 19:10:32,사이즈: 정사이즈 / 화면 대비 색감: 화면과 비슷 / 두께감: 얇음 / 신축성: 적당함,False,0,travel,상의,EXTRA LARGE,,2026,6,22,월,5,응답,정사이즈,화면과 비슷,,,,적당함,얇음,,,,3.0,2.0,,0.0,0.0,0.0,0.0,,,마젠타 핑크. 핑크 어울리는분은 다 잘 어울릴듯 합니다.,마젠타핑크핑크어울리는분은다잘어울릴듯합니다,0,0,0,0,0,False,31,22,31,True
﻿1884944,85840135,general,코카리,컬러도 이쁘고 핏이 좋고 면이 얇아서 시원하네요,5.0,False,EXTRA LARGE,173.0,75.0,남성,2026-06-27 17:47:30,사이즈: 정사이즈 / 화면 대비 색감: 어두움 / 두께감: 매우 얇음 / 신축성: 거의 없음,True,0,travel,상의,EXTRA LARGE,,2026,6,27,토,5,응답,정사이즈,어두움,,,,거의 없음,매우 얇음,,,,2.0,1.0,,0.0,0.0,-1.0,1.0,,,컬러도 이쁘고 핏이 좋고 면이 얇아서 시원하네요,컬러도이쁘고핏이좋고면이얇아서시원하네요,0,0,0,0,0,False,26,20,26,True
1884944,84745074,general,신나는경복궁반지,"색깔도 예쁘고, 재질도 좋아요ㅎㅎ 잘 입을 것 같습니다.",5.0,False,EXTRA LARGE,172.0,85.0,남성,2026-06-26 13:07:00,사이즈: 조금 큼 / 화면 대비 색감: 화면과 비슷 / 두께감: 적당함 / 신축성: 적당함,True,0,travel,상의,EXTRA LARGE,,2026,6,26,금,5,응답,조금 큼,화면과 비슷,,,,적당함,적당함,,,,3.0,3.0,,1.0,1.0,0.0,0.0,,,"색깔도 예쁘고, 재질도 좋아요ㅎㅎ 잘 입을 것 같습니다.",색깔도예쁘고재질도좋아요잘입을것같습니다,2,0,0,0,0,False,31,20,31,True
﻿3132774,85882679,general,Pokssin,화면 그대로 예뻤어요! 몸통보단 팔길이가 긴 편이라 접어입어야할 거 같아요 아쉬워요 ㅠㅠ 여유있게 입고 싶은 분들은 M 사세요!,5.0,False,SMALL,165.0,47.0,여성,2026-06-28 22:03:06,사이즈: 정사이즈 / 화면 대비 색감: 화면과 비슷 / 두께감: 적당함 / 신축성: 적당함,True,0,travel,상의,SMALL,,2026,6,28,일,5,응답,정사이즈,화면과 비슷,,,,적당함,적당함,,,,3.0,3.0,,0.0,0.0,0.0,0.0,,,화면 그대로 예뻤어요! 몸통보단 팔길이가 긴 편이라 접어입어야할 거 같아요 아쉬워요 ㅠㅠ 여유있게 입고 싶은 분들은 M 사세요!,화면그대로예뻤어요몸통보단팔길이가긴편이라접어입어야할거같아요아쉬워요여유있게입고싶은분들은m사세요,0,2,2,0,0,False,71,49,71,True
3132774,85649875,general,오닝오닝,처음 입어봤을 때 피그먼트 워싱 특유의 빈티지한 분위기가 마음에 들어 만족스러웠습니다. 블랙 차콜 컬러라 다양한 팬츠와 자연스럽게 매치됐고 로고 디자인도 과하지 않아 좋았습니다. M 사이즈 기준으로 편안하게 맞았고 원단도 부드러워 데일리로 활용하기 좋았습니다.,5.0,False,MEDIUM,176.0,71.0,남성,2026-06-23 23:40:24,사이즈: 정사이즈 / 화면 대비 색감: 화면과 비슷 / 두께감: 적당함 / 신축성: 적당함,False,0,travel,상의,MEDIUM,,2026,6,23,화,5,응답,정사이즈,화면과 비슷,,,,적당함,적당함,,,,3.0,3.0,,0.0,0.0,0.0,0.0,,,처음 입어봤을 때 피그먼트 워싱 특유의 빈티지한 분위기가 마음에 들어 만족스러웠습니다. 블랙 차콜 컬러라 다양한 팬츠와 자연스럽게 매치됐고 로고 디자인도 과하지 않아 좋았습니다. M 사이즈 기준으로 편안하게 맞았고 원단도 부드러워 데일리로 활용하기 좋았습니다.,처음입어봤을때피그먼트워싱특유의빈티지한분위기가마음에들어만족스러웠습니다블랙차콜컬러라다양한팬츠와자연스럽게매치됐고로고디자인도과하지않아좋았습니다m사이즈기준으로편안하게맞았고원단도부드러워데일리로활용하기좋았습니다,0,0,0,0,0,False,145,109,145,True
﻿3963796,85958160,style,mrchef,트레블 반팔은 매년 한두개씩는 구매합니다.  제 신체 스펙에 엑라하면 핏이 잘나와서요.  이번에도 일본여행 때 잘입고 다녀왔고 와이프도 티 이쁘다 하네요 ㅎㅎ 특히 할인 때는 무조건 믿고 보는 브랜드 입니다.  트래블 추천해요!,5.0,False,EXTRA LARGE,170.0,85.0,남성,2026-07-01 14:34:06,사이즈: 정사이즈 / 화면 대비 색감: 어두움 / 두께감: 적당함 / 신축성: 적당함,True,0,travel,상의,EXTRA LARGE,,2026,7,1,수,5,응답,정사이즈,어두움,,,,적당함,적당함,,,,3.0,3.0,,0.0,0.0,-1.0,1.0,,,트레블 반팔은 매년 한두개씩는 구매합니다. 제 신체 스펙에 엑라하면 핏이 잘나와서요. 이번에도 일본여행 때 잘입고 다녀왔고 와이프도 티 이쁘다 하네요 ㅎㅎ 특히 할인 때는 무조건 믿고 보는 브랜드 입니다. 트래블 추천해요!,트레블반팔은매년한두개씩는구매합니다제신체스펙에엑라하면핏이잘나와서요이번에도일본여행때잘입고다녀왔고와이프도티이쁘다하네요특히할인때는무조건믿고보는브랜드입니다트래블추천해요,2,0,1,0,0,False,127,88,124,True
3963796,85947345,style,이거사도돼?,프린팅이 스티릿감성 한방울이 있어서 무난하게 입기좋은 반팔티셔츠,5.0,False,SMALL,174.0,53.0,남성,2026-07-01 04:06:54,사이즈: 정사이즈 / 화면 대비 색감: 화면과 비슷 / 두께감: 적당함 / 신축성: 적당함,True,1,travel,상의,SMALL,,2026,7,1,수,5,응답,정사이즈,화면과 비슷,,,,적당함,적당함,,,,3.0,3.0,,0.0,0.0,0.0,0.0,,,프린팅이 스티릿감성 한방울이 있어서 무난하게 입기좋은 반팔티셔츠,프린팅이스티릿감성한방울이있어서무난하게입기좋은반팔티셔츠,0,0,0,0,0,False,35,29,35,True
3963796,85804632,general,허헛헛,블프 통해서 저렴하게 구매했는데 여름에 잘입을거같아요,5.0,False,EXTRA LARGE,175.0,72.0,남성,2026-06-26 20:16:07,사이즈: 정사이즈 / 화면 대비 색감: 화면과 비슷 / 두께감: 적당함 / 신축성: 적당함,True,0,travel,상의,EXTRA LARGE,,2026,6,26,금,5,응답,정사이즈,화면과 비슷,,,,적당함,적당함,,,,3.0,3.0,,0.0,0.0,0.0,0.0,,,블프 통해서 저렴하게 구매했는데 여름에 잘입을거같아요,블프통해서저렴하게구매했는데여름에잘입을거같아요,0,0,0,0,0,False,29,24,29,True
3963796,85728215,style,곰아지다,두께감이 기본인 면티셔츠라 더 시원하거라 그러진 않아요. 운동할때 이외엔 면티 위주로 입어서  세일구매했어요. 정사이즈라 오버핏 원하시는분은 업하셔야해요.,3.0,False,LARGE,177.0,70.0,남성,2026-06-25 09:54:13,사이즈: 정사이즈 / 화면 대비 색감: 화면과 비슷 / 두께감: 적당함 / 신축성: 적당함,True,0,travel,상의,LARGE,,2026,6,25,목,3,응답,정사이즈,화면과 비슷,,,,적당함,적당함,,,,3.0,3.0,,0.0,0.0,0.0,0.0,,,두께감이 기본인 면티셔츠라 더 시원하거라 그러진 않아요. 운동할때 이외엔 면티 위주로 입어서 세일구매했어요. 정사이즈라 오버핏 원하시는분은 업하셔야해요.,두께감이기본인면티셔츠라더시원하거라그러진않아요운동할때이외엔면티위주로입어서세일구매했어요정사이즈라오버핏원하시는분은업하셔야해요,0,0,0,0,0,False,86,66,85,True
﻿4055254,86072797,general,아니 진짜,프린팅 예뻐서 선물용으로 구매했습니다 여름에 편하게 막 입기 좋음,5.0,False,MEDIUM,166.0,46.0,여성,2026-07-05 22:44:08,사이즈: 조금 큼 / 화면 대비 색감: 화면과 비슷 / 두께감: 적당함 / 신축성: 강함,False,0,travel,상의,MEDIUM,,2026,7,5,일,5,응답,조금 큼,화면과 비슷,,,,강함,적당함,,,,4.0,3.0,,1.0,1.0,0.0,0.0,,,프린팅 예뻐서 선물용으로 구매했습니다 여름에 편하게 막 입기 좋음,프린팅예뻐서선물용으로구매했습니다여름에편하게막입기좋음,0,0,0,0,0,False,36,28,36,True
4055254,86046111,style,비가오는한라산룩,크게 입으려고 샀는데 너무 크긴해요 ㅋㅋ 그래도 편하게 입을 수 있어서 좋아요. 여기 브랜드 반팔티가 세탁해도 목이 그대로라 좋아요,5.0,False,MEDIUM,163.0,52.0,여성,2026-07-04 21:16:04,사이즈: 많이 큼 / 화면 대비 색감: 화면과 비슷 / 두께감: 적당함 / 신축성: 적당함,True,0,travel,상의,MEDIUM,,2026,7,4,토,5,응답,많이 큼,화면과 비슷,,,,적당함,적당함,,,,3.0,3.0,,2.0,2.0,0.0,0.0,,,크게 입으려고 샀는데 너무 크긴해요 ㅋㅋ 그래도 편하게 입을 수 있어서 좋아요. 여기 브랜드 반팔티가 세탁해도 목이 그대로라 좋아요,크게입으려고샀는데너무크긴해요그래도편하게입을수있어서좋아요여기브랜드반팔티가세탁해도목이그대로라좋아요,2,0,0,0,0,False,73,52,73,True
4055254,85913398,style,에디띠,요즘 제 최애 티셔츠.. 사이즈도 넉넉하고 핏이 예쁨,5.0,False,LARGE,157.0,65.0,여성,2026-06-29 22:53:04,사이즈: 조금 큼 / 화면 대비 색감: 화면과 비슷 / 두께감: 적당함 / 신축성: 강함,True,0,travel,상의,LARGE,,2026,6,29,월,5,응답,조금 큼,화면과 비슷,,,,강함,적당함,,,,4.0,3.0,,1.0,1.0,0.0,0.0,,,요즘 제 최애 티셔츠.. 사이즈도 넉넉하고 핏이 예쁨,요즘제최애티셔츠사이즈도넉넉하고핏이예쁨,0,0,0,0,0,False,29,20,29,True
4055254,85713225,general,청포도123,너무 두껍지 않으면서도 적당히 핏이 잡히고 레터링도 예뻐서 이번 여름에 잘 입을 거 같아요! 좋습니당,5.0,False,LARGE,167.0,73.0,여성,2026-06-24 22:53:26,사이즈: 조금 큼 / 화면 대비 색감: 화면과 비슷 / 두께감: 적당함 / 신축성: 적당함,True,0,travel,상의,LARGE,,2026,6,24,수,5,응답,조금 큼,화면과 비슷,,,,적당함,적당함,,,,3.0,3.0,,1.0,1.0,0.0,0.0,,,너무 두껍지 않으면서도 적당히 핏이 잡히고 레터링도 예뻐서 이번 여름에 잘 입을 거 같아요! 좋습니당,너무두껍지않으면서도적당히핏이잡히고레터링도예뻐서이번여름에잘입을거같아요좋습니당,0,0,1,0,0,False,56,41,56,True
4055254,85667465,general,김또띤,디자인이랑 색도 깔끔해서 무난하게 입기 좋아요 !!!,5.0,False,MEDIUM,163.0,52.0,여성,2026-06-24 10:23:51,사이즈: 조금 큼 / 화면 대비 색감: 화면과 비슷 / 두께감: 적당함 / 신축성: 적당함,False,0,travel,상의,MEDIUM,,2026,6,24,수,5,응답,조금 큼,화면과 비슷,,,,적당함,적당함,,,,3.0,3.0,,1.0,1.0,0.0,0.0,,,디자인이랑 색도 깔끔해서 무난하게 입기 좋아요 !!!,디자인이랑색도깔끔해서무난하게입기좋아요,0,0,3,0,0,True,29,20,29,True
4055254,85657300,general,깨끗한브뤼셀향수,사진이랑 똑같아요 예뻤어요~! 널널한 반팔티입니다,5.0,False,SMALL,163.0,53.0,여성,2026-06-24 02:36:26,사이즈: 조금 큼 / 화면 대비 색감: 화면과 비슷 / 두께감: 적당함 / 신축성: 적당함,False,0,travel,상의,SMALL,,2026,6,24,수,5,응답,조금 큼,화면과 비슷,,,,적당함,적당함,,,,3.0,3.0,,1.0,1.0,0.0,0.0,,,사진이랑 똑같아요 예뻤어요~! 널널한 반팔티입니다,사진이랑똑같아요예뻤어요널널한반팔티입니다,0,0,1,0,0,False,27,21,27,True
4055254,85655565,style,일부특수문자,저렴한 가격으로 구매했어요. 퀄리티는 가격 대비 만족합니다,5.0,False,MEDIUM,166.0,50.0,여성,2026-06-24 01:20:11,사이즈: 정사이즈 / 화면 대비 색감: 화면과 비슷 / 두께감: 적당함 / 신축성: 적당함,True,0,travel,상의,MEDIUM,,2026,6,24,수,5,응답,정사이즈,화면과 비슷,,,,적당함,적당함,,,,3.0,3.0,,0.0,0.0,0.0,0.0,,,저렴한 가격으로 구매했어요. 퀄리티는 가격 대비 만족합니다,저렴한가격으로구매했어요퀄리티는가격대비만족합니다,0,0,0,0,0,False,32,25,32,True
4055254,85654339,general,일부특수문자,저렴한 가격으로 구매했어요. 퀄리티는 가격 대비 만족합니다,5.0,False,MEDIUM,166.0,50.0,여성,2026-06-24 00:52:22,사이즈: 정사이즈 / 화면 대비 색감: 화면과 비슷 / 두께감: 적당함 / 신축성: 적당함,True,0,travel,상의,MEDIUM,,2026,6,24,수,5,응답,정사이즈,화면과 비슷,,,,적당함,적당함,,,,3.0,3.0,,0.0,0.0,0.0,0.0,,,저렴한 가격으로 구매했어요. 퀄리티는 가격 대비 만족합니다,저렴한가격으로구매했어요퀄리티는가격대비만족합니다,0,0,0,0,0,False,32,25,32,True
4055254,85631619,general,홍센죠,조아요 잘마자요 이쁘고 입기 편하네요 배송도 빠르구요,5.0,False,MEDIUM,180.0,78.0,남성,2026-06-23 19:56:20,사이즈: 정사이즈 / 화면 대비 색감: 화면과 비슷 / 두께감: 적당함 / 신축성: 적당함,True,0,travel,상의,MEDIUM,,2026,6,23,화,5,응답,정사이즈,화면과 비슷,,,,적당함,적당함,,,,3.0,3.0,,0.0,0.0,0.0,0.0,,,조아요 잘마자요 이쁘고 입기 편하네요 배송도 빠르구요,조아요잘마자요이쁘고입기편하네요배송도빠르구요,0,0,0,0,0,False,29,23,29,True
4055254,85593735,general,닉네임이즈컴백,티셔츠 프린팅이 너무 이뻤습니다! 여름에 잘입고다닐것같아요,5.0,False,EXTRA LARGE,163.0,60.0,여성,2026-06-23 00:46:04,사이즈: 정사이즈 / 화면 대비 색감: 화면과 비슷 / 두께감: 매우 얇음 / 신축성: 적당함,False,0,travel,상의,EXTRA LARGE,,2026,6,23,화,5,응답,정사이즈,화면과 비슷,,,,적당함,매우 얇음,,,,3.0,1.0,,0.0,0.0,0.0,0.0,,,티셔츠 프린팅이 너무 이뻤습니다! 여름에 잘입고다닐것같아요,티셔츠프린팅이너무이뻤습니다여름에잘입고다닐것같아요,0,0,1,0,0,False,32,26,32,True
4055254,85481434,style,J_uk,"롤업해서 입기도 좋고, 너무 편한 반팔입니다. 핏도 제가 생각한 핏이라 너무 만족하며 입고 있습니다. 정말 얇아서 시원한데 안에는 비치지 않아서 좋습니다. 역시 믿고 사네요 :)",5.0,False,LARGE,180.0,75.0,남성,2026-06-20 23:09:32,사이즈: 정사이즈 / 화면 대비 색감: 밝음 / 두께감: 얇음 / 신축성: 적당함,True,0,travel,상의,LARGE,,2026,6,20,토,5,응답,정사이즈,밝음,,,,적당함,얇음,,,,3.0,2.0,,0.0,0.0,1.0,1.0,,,"롤업해서 입기도 좋고, 너무 편한 반팔입니다. 핏도 제가 생각한 핏이라 너무 만족하며 입고 있습니다. 정말 얇아서 시원한데 안에는 비치지 않아서 좋습니다. 역시 믿고 사네요 :)",롤업해서입기도좋고너무편한반팔입니다핏도제가생각한핏이라너무만족하며입고있습니다정말얇아서시원한데안에는비치지않아서좋습니다역시믿고사네요,0,0,0,0,0,False,99,69,99,True
﻿4054546,86012726,general,빠오바오바오,가성비 쥑이는 트래블 피그먼트 티 세벌째 입니다  전투복으로 잘 애용 하겄습니다~,5.0,False,LARGE,178.0,72.0,남성,2026-07-03 14:18:53,사이즈: 조금 큼 / 화면 대비 색감: 밝음 / 두께감: 적당함 / 신축성: 적당함,False,0,travel,상의,LARGE,,2026,7,3,금,5,응답,조금 큼,밝음,,,,적당함,적당함,,,,3.0,3.0,,1.0,1.0,1.0,1.0,,,가성비 쥑이는 트래블 피그먼트 티 세벌째 입니다 전투복으로 잘 애용 하겄습니다~,가성비쥑이는트래블피그먼트티세벌째입니다전투복으로잘애용하겄습니다,0,0,0,0,0,False,45,33,44,True
4054546,85971829,general,스포티한노랑깔창,사이즈도 정사이즈 잘 맞고요 색깔도 흑청이나 잘 맞아요,5.0,False,MEDIUM,185.0,84.0,남성,2026-07-01 22:26:36,사이즈: 매우 작음 / 화면 대비 색감: 매우 밝음 / 두께감: 매우 얇음 / 신축성: 전혀 없음,False,0,travel,상의,MEDIUM,,2026,7,1,수,5,응답,매우 작음,매우 밝음,,,,전혀 없음,매우 얇음,,,,1.0,1.0,,-2.0,2.0,2.0,2.0,,,사이즈도 정사이즈 잘 맞고요 색깔도 흑청이나 잘 맞아요,사이즈도정사이즈잘맞고요색깔도흑청이나잘맞아요,0,0,0,0,0,False,30,23,30,True
4054546,85943748,general,ststar,목 잘 안 늘어나고 막입기에 좋아요 저렴한 가격에 잘 구매했습니다,5.0,False,MEDIUM,184.0,72.0,남성,2026-06-30 23:43:32,사이즈: 정사이즈 / 화면 대비 색감: 화면과 비슷 / 두께감: 적당함 / 신축성: 적당함,False,0,travel,상의,MEDIUM,,2026,6,30,화,5,응답,정사이즈,화면과 비슷,,,,적당함,적당함,,,,3.0,3.0,,0.0,0.0,0.0,0.0,,,목 잘 안 늘어나고 막입기에 좋아요 저렴한 가격에 잘 구매했습니다,목잘안늘어나고막입기에좋아요저렴한가격에잘구매했습니다,0,0,0,0,0,False,36,27,36,True
4054546,85893992,general,합리적인LA쪼리,프린팅도 이쁘고 뒤에는 밋밋?하지만 핏이랑 이뻐요,5.0,False,EXTRA LARGE,180.0,81.0,남성,2026-06-29 10:27:31,사이즈: 정사이즈 / 화면 대비 색감: 화면과 비슷 / 두께감: 적당함 / 신축성: 적당함,False,0,travel,상의,EXTRA LARGE,,2026,6,29,월,5,응답,정사이즈,화면과 비슷,,,,적당함,적당함,,,,3.0,3.0,,0.0,0.0,0.0,0.0,,,프린팅도 이쁘고 뒤에는 밋밋?하지만 핏이랑 이뻐요,프린팅도이쁘고뒤에는밋밋하지만핏이랑이뻐요,0,0,0,1,0,False,27,21,27,True
4054546,85814906,style,lynPapa,키175 몸무게 74 아무때나 잘어울리고 입기 편합니다~ 막입기 좋아요~,5.0,False,MEDIUM,175.0,73.0,남성,2026-06-26 23:59:46,사이즈: 정사이즈 / 화면 대비 색감: 화면과 비슷 / 두께감: 적당함 / 신축성: 적당함,True,0,travel,상의,MEDIUM,,2026,6,26,금,5,응답,정사이즈,화면과 비슷,,,,적당함,적당함,,,,3.0,3.0,,0.0,0.0,0.0,0.0,,,키175 몸무게 74 아무때나 잘어울리고 입기 편합니다~ 막입기 좋아요~,키175몸무게74아무때나잘어울리고입기편합니다막입기좋아요,0,0,0,0,0,False,40,25,40,True
4054546,85800519,style,풍무불주먹,싼 가격에 넘 잘 산거 같아요 시원하고 제일 손 많이 가는 옷이에요,5.0,False,MEDIUM,165.0,50.0,여성,2026-06-26 18:42:31,사이즈: 정사이즈 / 화면 대비 색감: 화면과 비슷 / 두께감: 얇음 / 신축성: 적당함,True,0,travel,상의,MEDIUM,,2026,6,26,금,5,응답,정사이즈,화면과 비슷,,,,적당함,얇음,,,,3.0,2.0,,0.0,0.0,0.0,0.0,,,싼 가격에 넘 잘 산거 같아요 시원하고 제일 손 많이 가는 옷이에요,싼가격에넘잘산거같아요시원하고제일손많이가는옷이에요,0,0,0,0,0,False,37,26,37,True
4054546,85791182,general,일레네,믿고 사는 티! 차콜 색만 몇 번 샀어요 색상 좋규 소재도 맘에 들어요~ 진짜 자주 입게 돼요,5.0,False,MEDIUM,162.0,47.0,여성,2026-06-26 15:39:11,사이즈: 정사이즈 / 화면 대비 색감: 화면과 비슷 / 두께감: 적당함 / 신축성: 적당함,True,0,travel,상의,MEDIUM,,2026,6,26,금,5,응답,정사이즈,화면과 비슷,,,,적당함,적당함,,,,3.0,3.0,,0.0,0.0,0.0,0.0,,,믿고 사는 티! 차콜 색만 몇 번 샀어요 색상 좋규 소재도 맘에 들어요~ 진짜 자주 입게 돼요,믿고사는티차콜색만몇번샀어요색상좋규소재도맘에들어요진짜자주입게돼요,0,0,1,0,0,False,52,34,52,True
4054546,85783404,general,dmfldmfl,넥 쪽이 좁은 편인데 오히려 후줄근해보이지않아 좋아요,5.0,False,SMALL,160.0,52.0,여성,2026-06-26 12:36:13,사이즈: 정사이즈 / 화면 대비 색감: 화면과 비슷 / 두께감: 적당함 / 신축성: 적당함,False,0,travel,상의,SMALL,,2026,6,26,금,5,응답,정사이즈,화면과 비슷,,,,적당함,적당함,,,,3.0,3.0,,0.0,0.0,0.0,0.0,,,넥 쪽이 좁은 편인데 오히려 후줄근해보이지않아 좋아요,넥쪽이좁은편인데오히려후줄근해보이지않아좋아요,0,0,0,0,0,False,29,23,29,True
4054546,85717042,general,JamGwon,원래 사이즈보다 한 사이즈 작게 구매했는데 핏이 딱 좋습니다!! 목 늘어남도 없을 것 같은 봉제입니다,5.0,False,LARGE,178.0,77.0,남성,2026-06-24 23:42:58,사이즈: 조금 큼 / 화면 대비 색감: 화면과 비슷 / 두께감: 적당함 / 신축성: 거의 없음,False,0,travel,상의,LARGE,,2026,6,24,수,5,응답,조금 큼,화면과 비슷,,,,거의 없음,적당함,,,,2.0,3.0,,1.0,1.0,0.0,0.0,,,원래 사이즈보다 한 사이즈 작게 구매했는데 핏이 딱 좋습니다!! 목 늘어남도 없을 것 같은 봉제입니다,원래사이즈보다한사이즈작게구매했는데핏이딱좋습니다목늘어남도없을것같은봉제입니다,0,0,2,0,0,False,56,40,56,True
4054546,85695090,general,류류짱,제가 바랬던 티셜츠입니다. 만들어주셔서 감사할 따름입니다.,5.0,False,MEDIUM,174.0,69.0,남성,2026-06-24 18:48:35,사이즈: 정사이즈 / 화면 대비 색감: 화면과 비슷 / 두께감: 적당함 / 신축성: 적당함,False,0,travel,상의,MEDIUM,,2026,6,24,수,5,응답,정사이즈,화면과 비슷,,,,적당함,적당함,,,,3.0,3.0,,0.0,0.0,0.0,0.0,,,제가 바랬던 티셜츠입니다. 만들어주셔서 감사할 따름입니다.,제가바랬던티셜츠입니다만들어주셔서감사할따름입니다,0,0,0,0,0,False,32,25,32,True
4054546,85667521,general,웅장한카멜플리스,기대하던 만큼 좋아요. 프린팅도 예쁘고 소재도 빳빳하고 약간 얇은 편이라서 여름에 입기 좋을 것 같아요 사이즈는 스몰도 괜찮았을것 같아요.  전체적으로 만족합니다,5.0,False,MEDIUM,164.0,54.0,여성,2026-06-24 10:25:08,사이즈: 정사이즈 / 화면 대비 색감: 화면과 비슷 / 두께감: 적당함 / 신축성: 적당함,True,0,travel,상의,MEDIUM,,2026,6,24,수,5,응답,정사이즈,화면과 비슷,,,,적당함,적당함,,,,3.0,3.0,,0.0,0.0,0.0,0.0,,,기대하던 만큼 좋아요. 프린팅도 예쁘고 소재도 빳빳하고 약간 얇은 편이라서 여름에 입기 좋을 것 같아요 사이즈는 스몰도 괜찮았을것 같아요. 전체적으로 만족합니다,기대하던만큼좋아요프린팅도예쁘고소재도빳빳하고약간얇은편이라서여름에입기좋을것같아요사이즈는스몰도괜찮았을것같아요전체적으로만족합니다,0,0,0,0,0,False,90,67,89,True
4054546,85597597,general,e_koos,핏 좋고 목도 불편하지 않네요 블프 덕에 건졌습니다,5.0,False,EXTRA LARGE,183.0,82.0,남성,2026-06-23 06:51:48,사이즈: 정사이즈 / 화면 대비 색감: 화면과 비슷 / 두께감: 적당함 / 신축성: 적당함,True,0,travel,상의,EXTRA LARGE,,2026,6,23,화,5,응답,정사이즈,화면과 비슷,,,,적당함,적당함,,,,3.0,3.0,,0.0,0.0,0.0,0.0,,,핏 좋고 목도 불편하지 않네요 블프 덕에 건졌습니다,핏좋고목도불편하지않네요블프덕에건졌습니다,0,0,0,0,0,False,28,21,28,True
4054546,85583207,general,lynPapa,키175 몸무게74 허리사이즈 34 휘뚜루마뚜루 편하게 입기 좋습니다.,5.0,False,MEDIUM,175.0,73.0,남성,2026-06-22 21:34:04,사이즈: 정사이즈 / 화면 대비 색감: 화면과 비슷 / 두께감: 적당함 / 신축성: 적당함,True,0,travel,상의,MEDIUM,,2026,6,22,월,5,응답,정사이즈,화면과 비슷,,,,적당함,적당함,,,,3.0,3.0,,0.0,0.0,0.0,0.0,,,키175 몸무게74 허리사이즈 34 휘뚜루마뚜루 편하게 입기 좋습니다.,키175몸무게74허리사이즈34휘뚜루마뚜루편하게입기좋습니다,0,0,0,0,0,False,39,24,39,True
4054546,85569730,general,고고한울산롱패딩,예상했던것보다 재질이 매우 좋았고 크기도 약간 커서 이쁘게 입고 다닐 수 있었습니다,4.0,False,LARGE,174.0,74.0,남성,2026-06-22 17:14:42,사이즈: 조금 큼 / 화면 대비 색감: 어두움 / 두께감: 적당함 / 신축성: 적당함,False,0,travel,상의,LARGE,,2026,6,22,월,4,응답,조금 큼,어두움,,,,적당함,적당함,,,,3.0,3.0,,1.0,1.0,-1.0,1.0,,,예상했던것보다 재질이 매우 좋았고 크기도 약간 커서 이쁘게 입고 다닐 수 있었습니다,예상했던것보다재질이매우좋았고크기도약간커서이쁘게입고다닐수있었습니다,0,0,0,0,0,False,46,35,46,True
4054546,85526842,general,요요루,피그먼트 하나 무난하게 사기좋네요 세일때 잘 샀어여,4.0,False,LARGE,168.0,63.0,남성,2026-06-21 20:41:43,사이즈: 조금 큼 / 화면 대비 색감: 화면과 비슷 / 두께감: 적당함 / 신축성: 거의 없음,True,0,travel,상의,LARGE,,2026,6,21,일,4,응답,조금 큼,화면과 비슷,,,,거의 없음,적당함,,,,2.0,3.0,,1.0,1.0,0.0,0.0,,,피그먼트 하나 무난하게 사기좋네요 세일때 잘 샀어여,피그먼트하나무난하게사기좋네요세일때잘샀어여,0,0,0,0,0,False,28,22,28,True
﻿3399783,85997234,general,주루루루루룰루,재질이 좋고 사이즈도 생각했던 만큼 딱 맞는것 같아요,5.0,False,MEDIUM,172.0,57.0,남성,2026-07-02 21:28:28,사이즈: 정사이즈 / 화면 대비 색감: 화면과 비슷 / 두께감: 적당함 / 신축성: 적당함,False,0,travel,상의,MEDIUM,,2026,7,2,목,5,응답,정사이즈,화면과 비슷,,,,적당함,적당함,,,,3.0,3.0,,0.0,0.0,0.0,0.0,,,재질이 좋고 사이즈도 생각했던 만큼 딱 맞는것 같아요,재질이좋고사이즈도생각했던만큼딱맞는것같아요,0,0,0,0,0,False,29,22,29,True
3399783,85943794,general,동탄김민준,디자인은 예쁘고 핏도 좋은데 기장이 쪼곰 길어서 기장긴거 싫어하시는분들은 한사이즈 작은거사는거추천드려뇽,5.0,False,MEDIUM,174.0,62.0,남성,2026-06-30 23:45:50,사이즈: 조금 큼 / 화면 대비 색감: 화면과 비슷 / 두께감: 적당함 / 신축성: 적당함,True,0,travel,상의,MEDIUM,,2026,6,30,화,5,응답,조금 큼,화면과 비슷,,,,적당함,적당함,,,,3.0,3.0,,1.0,1.0,0.0,0.0,,,디자인은 예쁘고 핏도 좋은데 기장이 쪼곰 길어서 기장긴거 싫어하시는분들은 한사이즈 작은거사는거추천드려뇽,디자인은예쁘고핏도좋은데기장이쪼곰길어서기장긴거싫어하시는분들은한사이즈작은거사는거추천드려뇽,0,0,0,0,0,False,57,47,57,True
3399783,85917224,general,GA231,조금 박시하게 입기 편할 거 같고 뭐랑 매치해도 잘 어울려요,5.0,False,EXTRA LARGE,180.0,85.0,남성,2026-06-30 01:58:45,사이즈: 조금 큼 / 화면 대비 색감: 화면과 비슷 / 두께감: 적당함 / 신축성: 적당함,False,0,travel,상의,EXTRA LARGE,,2026,6,30,화,5,응답,조금 큼,화면과 비슷,,,,적당함,적당함,,,,3.0,3.0,,1.0,1.0,0.0,0.0,,,조금 박시하게 입기 편할 거 같고 뭐랑 매치해도 잘 어울려요,조금박시하게입기편할거같고뭐랑매치해도잘어울려요,0,0,0,0,0,False,33,24,33,True
3399783,85913387,general,콩슨생님,진짜 제가 산 롱슬리브류 티셔츠중 가장예쁘고 가성비가 역대급입니다. 핏도예쁘고 봄이나 가을쯤에 입고다니기 좋을것같습니다.,5.0,False,LARGE,177.0,69.0,남성,2026-06-29 22:52:45,사이즈: 정사이즈 / 화면 대비 색감: 화면과 비슷 / 두께감: 적당함 / 신축성: 적당함,True,1,travel,상의,LARGE,,2026,6,29,월,5,응답,정사이즈,화면과 비슷,,,,적당함,적당함,,,,3.0,3.0,,0.0,0.0,0.0,0.0,,,진짜 제가 산 롱슬리브류 티셔츠중 가장예쁘고 가성비가 역대급입니다. 핏도예쁘고 봄이나 가을쯤에 입고다니기 좋을것같습니다.,진짜제가산롱슬리브류티셔츠중가장예쁘고가성비가역대급입니다핏도예쁘고봄이나가을쯤에입고다니기좋을것같습니다,0,0,0,0,0,False,67,53,67,True
3399783,85913376,style,콩슨생님,진짜 제가 산 롱슬리브류 티셔츠중 가장예쁘고 가성비가 역대급입니다. 핏도예쁘고 봄이나 가을쯤에 입고다니기 좋을것같습니다.,5.0,False,LARGE,177.0,69.0,남성,2026-06-29 22:52:27,사이즈: 정사이즈 / 화면 대비 색감: 화면과 비슷 / 두께감: 적당함 / 신축성: 적당함,True,1,travel,상의,LARGE,,2026,6,29,월,5,응답,정사이즈,화면과 비슷,,,,적당함,적당함,,,,3.0,3.0,,0.0,0.0,0.0,0.0,,,진짜 제가 산 롱슬리브류 티셔츠중 가장예쁘고 가성비가 역대급입니다. 핏도예쁘고 봄이나 가을쯤에 입고다니기 좋을것같습니다.,진짜제가산롱슬리브류티셔츠중가장예쁘고가성비가역대급입니다핏도예쁘고봄이나가을쯤에입고다니기좋을것같습니다,0,0,0,0,0,False,67,53,67,True
3399783,85872826,general,MoMA*,할인가격으로 구입했는데 무난하게 입을 수 있을것 같아요.  사이즈는 없어서 L사이즈 구입했는데 제스펙에는 약간 큽니다.,4.0,False,LARGE,165.0,55.0,여성,2026-06-28 17:19:32,사이즈: 조금 큼 / 화면 대비 색감: 화면과 비슷 / 두께감: 적당함 / 신축성: 적당함,True,0,travel,상의,LARGE,,2026,6,28,일,4,응답,조금 큼,화면과 비슷,,,,적당함,적당함,,,,3.0,3.0,,1.0,1.0,0.0,0.0,,,할인가격으로 구입했는데 무난하게 입을 수 있을것 같아요. 사이즈는 없어서 L사이즈 구입했는데 제스펙에는 약간 큽니다.,할인가격으로구입했는데무난하게입을수있을것같아요사이즈는없어서l사이즈구입했는데제스펙에는약간큽니다,0,0,0,0,0,False,66,49,65,True
3399783,85836922,general,잘되자~~,배송도 빠르고 디자인도 이쁘고 저렴하게 잘샀읍니다~,4.0,False,LARGE,173.0,63.0,남성,2026-06-27 16:32:23,사이즈: 정사이즈 / 화면 대비 색감: 화면과 비슷 / 두께감: 적당함 / 신축성: 적당함,True,0,travel,상의,LARGE,,2026,6,27,토,4,응답,정사이즈,화면과 비슷,,,,적당함,적당함,,,,3.0,3.0,,0.0,0.0,0.0,0.0,,,배송도 빠르고 디자인도 이쁘고 저렴하게 잘샀읍니다~,배송도빠르고디자인도이쁘고저렴하게잘샀읍니다,0,0,0,0,0,False,28,22,28,True
3399783,85827877,style,안농안눙안농,"운동할때 레깅스 위에 입으려고 샀는데 너무 길지도 않고 딱 엉댕쓰 가릴수 있는 길이감 ,핏도 이쁨 짱짱맨임",5.0,False,EXTRA LARGE,160.0,65.0,여성,2026-06-27 12:22:57,사이즈: 정사이즈 / 화면 대비 색감: 화면과 비슷 / 두께감: 적당함 / 신축성: 적당함,True,0,travel,상의,EXTRA LARGE,,2026,6,27,토,5,응답,정사이즈,화면과 비슷,,,,적당함,적당함,,,,3.0,3.0,,0.0,0.0,0.0,0.0,,,"운동할때 레깅스 위에 입으려고 샀는데 너무 길지도 않고 딱 엉댕쓰 가릴수 있는 길이감 ,핏도 이쁨 짱짱맨임",운동할때레깅스위에입으려고샀는데너무길지도않고딱엉댕쓰가릴수있는길이감핏도이쁨짱짱맨임,0,0,0,0,0,False,59,43,59,True
3399783,85827811,general,안농안눙안농,"왓,,,할인하길래 구매해봤는데 핏 말모,,, 너무 이쁘잖아요",5.0,False,EXTRA LARGE,160.0,65.0,여성,2026-06-27 12:21:16,사이즈: 정사이즈 / 화면 대비 색감: 화면과 비슷 / 두께감: 적당함 / 신축성: 적당함,True,0,travel,상의,EXTRA LARGE,,2026,6,27,토,5,응답,정사이즈,화면과 비슷,,,,적당함,적당함,,,,3.0,3.0,,0.0,0.0,0.0,0.0,,,"왓,,,할인하길래 구매해봤는데 핏 말모,,, 너무 이쁘잖아요",왓할인하길래구매해봤는데핏말모너무이쁘잖아요,0,0,0,0,0,True,33,22,33,True
3399783,85794023,general,일이삼삼,물빠짐과 먼지 엄청 나네요 반드시 단독세탁 하시길 바랍니다 구매는 비추천합니다,1.0,False,LARGE,161.0,70.0,여성,2026-06-26 16:35:54,사이즈: 정사이즈 / 화면 대비 색감: 화면과 비슷 / 두께감: 적당함 / 신축성: 적당함,True,0,travel,상의,LARGE,,2026,6,26,금,1,응답,정사이즈,화면과 비슷,,,,적당함,적당함,,,,3.0,3.0,,0.0,0.0,0.0,0.0,,,물빠짐과 먼지 엄청 나네요 반드시 단독세탁 하시길 바랍니다 구매는 비추천합니다,물빠짐과먼지엄청나네요반드시단독세탁하시길바랍니다구매는비추천합니다,0,0,0,0,0,False,43,34,43,True
3399783,85770563,general,이갱ㅇ,핏이 딱 예쁘게 떨어져서 스타일이 제대로 사네요,5.0,False,LARGE,185.0,88.0,남성,2026-06-26 01:00:59,사이즈: 정사이즈 / 화면 대비 색감: 화면과 비슷 / 두께감: 적당함 / 신축성: 적당함,True,0,travel,상의,LARGE,,2026,6,26,금,5,응답,정사이즈,화면과 비슷,,,,적당함,적당함,,,,3.0,3.0,,0.0,0.0,0.0,0.0,,,핏이 딱 예쁘게 떨어져서 스타일이 제대로 사네요,핏이딱예쁘게떨어져서스타일이제대로사네요,0,0,0,0,0,False,26,20,26,True
3399783,85740534,general,흔한 초승달,무진장행사로 득템했어요 사이즈가 조금 작은듯 합니다 컬러  ㆍ핏  두께 다 좋아요 감사합니다,5.0,False,EXTRA LARGE,182.0,85.0,남성,2026-06-25 15:06:07,사이즈: 조금 작음 / 화면 대비 색감: 화면과 비슷 / 두께감: 적당함 / 신축성: 적당함,True,0,travel,상의,EXTRA LARGE,,2026,6,25,목,5,응답,조금 작음,화면과 비슷,,,,적당함,적당함,,,,3.0,3.0,,-1.0,1.0,0.0,0.0,,,무진장행사로 득템했어요 사이즈가 조금 작은듯 합니다 컬러 ㆍ핏 두께 다 좋아요 감사합니다,무진장행사로득템했어요사이즈가조금작은듯합니다컬러핏두께다좋아요감사합니다,0,0,0,0,0,False,51,37,49,True
3399783,85712287,general,액티브한합정집업,디자인도 이쁘고 핏도 이뻐서 봄이나 가을에 입기 좋을 거 같아요,5.0,False,MEDIUM,168.0,55.0,여성,2026-06-24 22:42:58,사이즈: 조금 큼 / 화면 대비 색감: 화면과 비슷 / 두께감: 적당함 / 신축성: 적당함,False,0,travel,상의,MEDIUM,,2026,6,24,수,5,응답,조금 큼,화면과 비슷,,,,적당함,적당함,,,,3.0,3.0,,1.0,1.0,0.0,0.0,,,디자인도 이쁘고 핏도 이뻐서 봄이나 가을에 입기 좋을 거 같아요,디자인도이쁘고핏도이뻐서봄이나가을에입기좋을거같아요,0,0,0,0,0,False,35,26,35,True
3399783,85693055,general,Dongu-,옷이 이쁜데 원단이 좋은 느낌은 아닙니다. 가성비가 좋으니 휘뚜루마뚜루 잘 입을 것 같아요,5.0,False,EXTRA LARGE,178.0,77.0,남성,2026-06-24 18:14:51,사이즈: 정사이즈 / 화면 대비 색감: 화면과 비슷 / 두께감: 적당함 / 신축성: 적당함,False,0,travel,상의,EXTRA LARGE,,2026,6,24,수,5,응답,정사이즈,화면과 비슷,,,,적당함,적당함,,,,3.0,3.0,,0.0,0.0,0.0,0.0,,,옷이 이쁜데 원단이 좋은 느낌은 아닙니다. 가성비가 좋으니 휘뚜루마뚜루 잘 입을 것 같아요,옷이이쁜데원단이좋은느낌은아닙니다가성비가좋으니휘뚜루마뚜루잘입을것같아요,0,0,0,0,0,False,50,37,50,True
3399783,85679483,general,Yunjun_c,옷이 신축성이 좋고 화면이랑 똑같이 너무 예뻐서 좋았습니다,5.0,False,LARGE,171.0,64.0,남성,2026-06-24 14:22:43,사이즈: 정사이즈 / 화면 대비 색감: 밝음 / 두께감: 얇음 / 신축성: 강함,False,0,travel,상의,LARGE,,2026,6,24,수,5,응답,정사이즈,밝음,,,,강함,얇음,,,,4.0,2.0,,0.0,0.0,1.0,1.0,,,옷이 신축성이 좋고 화면이랑 똑같이 너무 예뻐서 좋았습니다,옷이신축성이좋고화면이랑똑같이너무예뻐서좋았습니다,0,0,0,0,0,False,32,25,32,True
3399783,85650526,general,파랑물결17,생갓한 색상이고 살짝 부해보이는 핏인데 가을에 잘 입을거같아료,4.0,False,LARGE,160.0,68.0,여성,2026-06-23 23:48:59,사이즈: 정사이즈 / 화면 대비 색감: 화면과 비슷 / 두께감: 적당함 / 신축성: 거의 없음,False,0,travel,상의,LARGE,,2026,6,23,화,4,응답,정사이즈,화면과 비슷,,,,거의 없음,적당함,,,,2.0,3.0,,0.0,0.0,0.0,0.0,,,생갓한 색상이고 살짝 부해보이는 핏인데 가을에 잘 입을거같아료,생갓한색상이고살짝부해보이는핏인데가을에잘입을거같아료,0,0,0,0,0,False,34,27,34,True
3399783,85586196,general,기민한뉴욕볼레로,두번째 구매 내요 살이좀 있는대. 슬링하게 보여요,5.0,False,EXTRA LARGE,175.0,85.0,남성,2026-06-22 22:25:43,사이즈: 정사이즈 / 화면 대비 색감: 화면과 비슷 / 두께감: 얇음 / 신축성: 적당함,False,0,travel,상의,EXTRA LARGE,,2026,6,22,월,5,응답,정사이즈,화면과 비슷,,,,적당함,얇음,,,,3.0,2.0,,0.0,0.0,0.0,0.0,,,두번째 구매 내요 살이좀 있는대. 슬링하게 보여요,두번째구매내요살이좀있는대슬링하게보여요,0,0,0,0,0,False,27,20,27,True
﻿3012571,85792854,general,순수한광주플리스,매우 만족합니다. 제품도 좋고 전체적으로 아주 마음에 들어요!,5.0,False,LARGE,180.0,80.0,여성,2026-06-26 16:12:50,사이즈: 정사이즈 / 화면 대비 색감: 화면과 비슷 / 두께감: 적당함 / 퀄리티: 보통,True,0,travel,상의,LARGE,,2026,6,26,금,5,응답,정사이즈,화면과 비슷,보통,,,,적당함,,3.0,,,3.0,,0.0,0.0,0.0,0.0,,,매우 만족합니다. 제품도 좋고 전체적으로 아주 마음에 들어요!,매우만족합니다제품도좋고전체적으로아주마음에들어요,0,0,1,0,0,False,34,25,34,True
﻿3182325,86066302,general,쌔2the미,디자인 예뻐요~ 사이즈도 잘 맞고요~ 많이 착용할 것 같애요~~,5.0,False,LARGE,178.0,65.0,남성,2026-07-05 18:34:24,사이즈: 정사이즈 / 화면 대비 색감: 화면과 비슷 / 두께감: 적당함 / 신축성: 매우 강함,True,0,travel,상의,LARGE,,2026,7,5,일,5,응답,정사이즈,화면과 비슷,,,,매우 강함,적당함,,,,5.0,3.0,,0.0,0.0,0.0,0.0,,,디자인 예뻐요~ 사이즈도 잘 맞고요~ 많이 착용할 것 같애요~~,디자인예뻐요사이즈도잘맞고요많이착용할것같애요,0,0,0,0,0,False,35,23,35,True
3182325,86057452,general,빼박이아빠,저렴한 가격에 두께도 좋고 재질도 좋고 튼튼해요,5.0,False,MEDIUM,178.0,70.0,남성,2026-07-05 11:59:11,사이즈: 정사이즈 / 화면 대비 색감: 화면과 비슷 / 두께감: 적당함 / 신축성: 적당함,False,0,travel,상의,MEDIUM,,2026,7,5,일,5,응답,정사이즈,화면과 비슷,,,,적당함,적당함,,,,3.0,3.0,,0.0,0.0,0.0,0.0,,,저렴한 가격에 두께도 좋고 재질도 좋고 튼튼해요,저렴한가격에두께도좋고재질도좋고튼튼해요,0,0,0,0,0,False,26,20,26,True
3182325,86052423,general,따뜻한베이지치크,딱 기본 박스티예요 색깔은 빈티지스러운 마젠타 색상이고 청바지에 편하게 잘입겠어요,5.0,False,SMALL,170.0,58.0,여성,2026-07-05 02:28:18,사이즈: 조금 큼 / 화면 대비 색감: 화면과 비슷 / 두께감: 적당함 / 신축성: 적당함,True,0,travel,상의,SMALL,,2026,7,5,일,5,응답,조금 큼,화면과 비슷,,,,적당함,적당함,,,,3.0,3.0,,1.0,1.0,0.0,0.0,,,딱 기본 박스티예요 색깔은 빈티지스러운 마젠타 색상이고 청바지에 편하게 잘입겠어요,딱기본박스티예요색깔은빈티지스러운마젠타색상이고청바지에편하게잘입겠어요,0,0,0,0,0,False,45,36,45,True
3182325,86050206,general,dimcron,상세 사진의 핑크보다 조금 더 마젠타 색깔이에요,4.0,False,SMALL,161.0,59.0,여성,2026-07-05 00:03:29,사이즈: 조금 작음 / 화면 대비 색감: 어두움 / 두께감: 적당함 / 신축성: 적당함,False,0,travel,상의,SMALL,,2026,7,5,일,4,응답,조금 작음,어두움,,,,적당함,적당함,,,,3.0,3.0,,-1.0,1.0,-1.0,1.0,,,상세 사진의 핑크보다 조금 더 마젠타 색깔이에요,상세사진의핑크보다조금더마젠타색깔이에요,0,0,0,0,0,False,26,20,26,True
3182325,86041474,general,힘세고강한성장,평소에 째리던건데 싸게 잘 샀읍니다 이염이 있을 수 있다고하여 받자마자 세탁 함 조지고 햇볕에 말렸네요,5.0,False,EXTRA LARGE,177.0,86.0,남성,2026-07-04 17:26:53,사이즈: 조금 큼 / 화면 대비 색감: 화면과 비슷 / 두께감: 적당함 / 신축성: 적당함,True,0,travel,상의,EXTRA LARGE,,2026,7,4,토,5,응답,조금 큼,화면과 비슷,,,,적당함,적당함,,,,3.0,3.0,,1.0,1.0,0.0,0.0,,,평소에 째리던건데 싸게 잘 샀읍니다 이염이 있을 수 있다고하여 받자마자 세탁 함 조지고 햇볕에 말렸네요,평소에째리던건데싸게잘샀읍니다이염이있을수있다고하여받자마자세탁함조지고햇볕에말렸네요,0,0,0,0,0,False,57,43,57,True
3182325,86040253,style,육덕이,라지 품절이라 엠으로 했는데 잘맞아요 라지했으면 컷을듯해요,5.0,False,MEDIUM,164.0,60.0,여성,2026-07-04 16:40:53,사이즈: 조금 작음 / 화면 대비 색감: 밝음 / 두께감: 얇음 / 신축성: 전혀 없음,True,0,travel,상의,MEDIUM,,2026,7,4,토,5,응답,조금 작음,밝음,,,,전혀 없음,얇음,,,,1.0,2.0,,-1.0,1.0,1.0,1.0,,,라지 품절이라 엠으로 했는데 잘맞아요 라지했으면 컷을듯해요,라지품절이라엠으로했는데잘맞아요라지했으면컷을듯해요,0,0,0,0,0,False,32,26,32,True
3182325,86038629,general,냥냥흠냐,할인해서 샀는데 색감이 뭔가 어두컴컴해요. 그냥 편하게 입기 좋은 티셔츠,2.0,False,LARGE,176.0,65.0,남성,2026-07-04 15:34:18,사이즈: 정사이즈 / 화면 대비 색감: 어두움 / 두께감: 적당함 / 신축성: 적당함,True,0,travel,상의,LARGE,,2026,7,4,토,2,응답,정사이즈,어두움,,,,적당함,적당함,,,,3.0,3.0,,0.0,0.0,-1.0,1.0,,,할인해서 샀는데 색감이 뭔가 어두컴컴해요. 그냥 편하게 입기 좋은 티셔츠,할인해서샀는데색감이뭔가어두컴컴해요그냥편하게입기좋은티셔츠,0,0,0,0,0,False,40,30,40,True
3182325,86038232,general,밍맹뭉디,에스사도 됐을거같지만 편하게 입기 좋아요 색깔 쨍하고이뻐요!,5.0,False,MEDIUM,164.0,52.0,여성,2026-07-04 15:17:42,사이즈: 정사이즈 / 화면 대비 색감: 화면과 비슷 / 두께감: 적당함 / 신축성: 적당함,True,0,travel,상의,MEDIUM,,2026,7,4,토,5,응답,정사이즈,화면과 비슷,,,,적당함,적당함,,,,3.0,3.0,,0.0,0.0,0.0,0.0,,,에스사도 됐을거같지만 편하게 입기 좋아요 색깔 쨍하고이뻐요!,에스사도됐을거같지만편하게입기좋아요색깔쨍하고이뻐요,0,0,1,0,0,False,33,26,33,True
3182325,86036057,general,귀중한나고야보그,"피부에 닿는 느낌이 부드럽고, 무난하게 입기에 좋습니다.",4.0,False,MEDIUM,161.0,58.0,여성,2026-07-04 13:50:16,사이즈: 조금 큼 / 화면 대비 색감: 어두움 / 두께감: 적당함 / 신축성: 적당함,True,0,travel,상의,MEDIUM,,2026,7,4,토,4,응답,조금 큼,어두움,,,,적당함,적당함,,,,3.0,3.0,,1.0,1.0,-1.0,1.0,,,"피부에 닿는 느낌이 부드럽고, 무난하게 입기에 좋습니다.",피부에닿는느낌이부드럽고무난하게입기에좋습니다,0,0,0,0,0,False,31,23,31,True
3182325,86033573,general,청량한몰디브포멀,좀 어두운 핑크고 어깨가 넓어보이긴하는데 세일해서 싸게샀으니 그냥 입으려구요 개이득!,4.0,False,MEDIUM,162.0,60.0,여성,2026-07-04 11:45:56,사이즈: 조금 큼 / 화면 대비 색감: 매우 어두움 / 두께감: 적당함 / 신축성: 적당함,False,0,travel,상의,MEDIUM,,2026,7,4,토,4,응답,조금 큼,매우 어두움,,,,적당함,적당함,,,,3.0,3.0,,1.0,1.0,-2.0,2.0,,,좀 어두운 핑크고 어깨가 넓어보이긴하는데 세일해서 싸게샀으니 그냥 입으려구요 개이득!,좀어두운핑크고어깨가넓어보이긴하는데세일해서싸게샀으니그냥입으려구요개이득,0,0,1,0,0,False,47,37,47,True
3182325,86025276,general,이쉬마르,생각보다 질이 좋아요ㅡ편하게 잘 입을 것 같아요!ㅎㅎ싸게 잘샀러여,4.0,False,MEDIUM,169.0,61.0,여성,2026-07-03 22:42:31,사이즈: 조금 큼 / 화면 대비 색감: 화면과 비슷 / 두께감: 적당함 / 신축성: 적당함,True,0,travel,상의,MEDIUM,,2026,7,3,금,4,응답,조금 큼,화면과 비슷,,,,적당함,적당함,,,,3.0,3.0,,1.0,1.0,0.0,0.0,,,생각보다 질이 좋아요ㅡ편하게 잘 입을 것 같아요!ㅎㅎ싸게 잘샀러여,생각보다질이좋아요편하게잘입을것같아요싸게잘샀러여,2,0,1,0,0,False,36,25,36,True
3182325,86021587,general,buda_HYEMIN,정말 고무장갑 색입니다. 일단 세턱기 돌려서 말리는중인데.,4.0,False,LARGE,176.0,78.0,남성,2026-07-03 20:06:02,사이즈: 많이 큼 / 화면 대비 색감: 어두움 / 두께감: 적당함 / 신축성: 적당함,True,0,travel,상의,LARGE,,2026,7,3,금,4,응답,많이 큼,어두움,,,,적당함,적당함,,,,3.0,3.0,,2.0,2.0,-1.0,1.0,,,정말 고무장갑 색입니다. 일단 세턱기 돌려서 말리는중인데.,정말고무장갑색입니다일단세턱기돌려서말리는중인데,0,0,0,0,0,False,32,24,32,True
3182325,86017143,general,날도더운데아이스라떼,이뻐요 색은 사진처럼 진하지않고 어두운 와인색(?)입니다 쨍하지 않고 무난한 색이에요,5.0,False,MEDIUM,168.0,52.0,여성,2026-07-03 17:08:44,사이즈: 정사이즈 / 화면 대비 색감: 화면과 비슷 / 두께감: 적당함 / 신축성: 강함,True,0,travel,상의,MEDIUM,,2026,7,3,금,5,응답,정사이즈,화면과 비슷,,,,강함,적당함,,,,4.0,3.0,,0.0,0.0,0.0,0.0,,,이뻐요 색은 사진처럼 진하지않고 어두운 와인색(?)입니다 쨍하지 않고 무난한 색이에요,이뻐요색은사진처럼진하지않고어두운와인색입니다쨍하지않고무난한색이에요,0,0,0,1,0,False,47,35,47,True
3182325,86016742,general,쿠이쿠삼,색은 언급된대로 어둠의마젠타 메인이미지 사기수준이에요 어좁인데 어깨라인때문에 어깡된 기분이에요 M사이즈했는뎨 딱 좋아하는 오버핏이고 생각보다 안두꺼워서 좋아요,5.0,False,MEDIUM,155.0,48.0,missing,2026-07-03 16:52:47,사이즈: 정사이즈 / 화면 대비 색감: 매우 어두움 / 두께감: 적당함 / 신축성: 적당함,True,0,travel,상의,MEDIUM,,2026,7,3,금,5,응답,정사이즈,매우 어두움,,,,적당함,적당함,,,,3.0,3.0,,0.0,0.0,-2.0,2.0,,,색은 언급된대로 어둠의마젠타 메인이미지 사기수준이에요 어좁인데 어깨라인때문에 어깡된 기분이에요 M사이즈했는뎨 딱 좋아하는 오버핏이고 생각보다 안두꺼워서 좋아요,색은언급된대로어둠의마젠타메인이미지사기수준이에요어좁인데어깨라인때문에어깡된기분이에요m사이즈했는뎨딱좋아하는오버핏이고생각보다안두꺼워서좋아요,0,0,0,0,0,False,88,72,88,True
3182325,86016185,general,럭셜희4,"해당 브랜드 제품 세 번째 구매인데 배송도 늘 빠르며 사이즈 핏 착용감 색감 모두 만족합니다,번창하세요.",5.0,False,MEDIUM,175.0,61.0,남성,2026-07-03 16:34:25,사이즈: 정사이즈 / 화면 대비 색감: 화면과 비슷 / 두께감: 적당함 / 신축성: 적당함,False,0,travel,상의,MEDIUM,,2026,7,3,금,5,응답,정사이즈,화면과 비슷,,,,적당함,적당함,,,,3.0,3.0,,0.0,0.0,0.0,0.0,,,"해당 브랜드 제품 세 번째 구매인데 배송도 늘 빠르며 사이즈 핏 착용감 색감 모두 만족합니다,번창하세요.",해당브랜드제품세번째구매인데배송도늘빠르며사이즈핏착용감색감모두만족합니다번창하세요,0,0,0,0,0,False,58,42,58,True
3182325,86015173,general,신선놀음2,약간 어두운 핑크색이라서 남자가 입기에더 괜찮아여,5.0,False,LARGE,183.0,70.0,남성,2026-07-03 15:54:34,사이즈: 정사이즈 / 화면 대비 색감: 화면과 비슷 / 두께감: 적당함 / 신축성: 적당함,False,0,travel,상의,LARGE,,2026,7,3,금,5,응답,정사이즈,화면과 비슷,,,,적당함,적당함,,,,3.0,3.0,,0.0,0.0,0.0,0.0,,,약간 어두운 핑크색이라서 남자가 입기에더 괜찮아여,약간어두운핑크색이라서남자가입기에더괜찮아여,0,0,0,0,0,False,27,22,27,True
3182325,86014466,general,노멀줴성,"옷도 얇고 재질, 착용감 다 좋습니다 ! 엄청 저렴하게 샀는데 운동할 때도 편하게 입을 것 같아요 잘 입겠습니다 !",5.0,False,EXTRA LARGE,178.0,80.0,남성,2026-07-03 15:28:55,사이즈: 정사이즈 / 화면 대비 색감: 화면과 비슷 / 두께감: 적당함 / 신축성: 적당함,True,0,travel,상의,EXTRA LARGE,,2026,7,3,금,5,응답,정사이즈,화면과 비슷,,,,적당함,적당함,,,,3.0,3.0,,0.0,0.0,0.0,0.0,,,"옷도 얇고 재질, 착용감 다 좋습니다 ! 엄청 저렴하게 샀는데 운동할 때도 편하게 입을 것 같아요 잘 입겠습니다 !",옷도얇고재질착용감다좋습니다엄청저렴하게샀는데운동할때도편하게입을것같아요잘입겠습니다,0,0,2,0,0,False,64,43,64,True
3182325,86011316,style,TKHK7,마젠타 컬러라 해서 조금 걱정했는데 톤다운된 컬러가 너무 맘에들어요,5.0,False,LARGE,170.0,62.0,남성,2026-07-03 13:08:22,사이즈: 정사이즈 / 화면 대비 색감: 화면과 비슷 / 두께감: 적당함 / 신축성: 적당함,True,0,travel,상의,LARGE,,2026,7,3,금,5,응답,정사이즈,화면과 비슷,,,,적당함,적당함,,,,3.0,3.0,,0.0,0.0,0.0,0.0,,,마젠타 컬러라 해서 조금 걱정했는데 톤다운된 컬러가 너무 맘에들어요,마젠타컬러라해서조금걱정했는데톤다운된컬러가너무맘에들어요,0,0,0,0,0,False,37,29,37,True
3182325,86011306,general,TKHK7,마젠타 컬러라 해서 조금 걱정했는데 톤다운된 컬러가 너무 맘에들어요,5.0,False,LARGE,170.0,62.0,남성,2026-07-03 13:07:59,사이즈: 정사이즈 / 화면 대비 색감: 화면과 비슷 / 두께감: 적당함 / 신축성: 적당함,True,0,travel,상의,LARGE,,2026,7,3,금,5,응답,정사이즈,화면과 비슷,,,,적당함,적당함,,,,3.0,3.0,,0.0,0.0,0.0,0.0,,,마젠타 컬러라 해서 조금 걱정했는데 톤다운된 컬러가 너무 맘에들어요,마젠타컬러라해서조금걱정했는데톤다운된컬러가너무맘에들어요,0,0,0,0,0,False,37,29,37,True
3182325,86010585,style,근면한로마쇼핑몰,사이즈는 스몰인데도 살짝 큰편입니다. 화면볻는 살짝 어두운 자주색에 가깝네요! 가격도 너무 만족스럽고 레깅스입으면 엉덩이를 가려주는 넉넉한 길이감이 너무 맘에 들어요^^,5.0,False,SMALL,160.0,49.0,여성,2026-07-03 12:28:33,사이즈: 조금 큼 / 화면 대비 색감: 어두움 / 두께감: 적당함 / 신축성: 적당함,True,0,travel,상의,SMALL,,2026,7,3,금,5,응답,조금 큼,어두움,,,,적당함,적당함,,,,3.0,3.0,,1.0,1.0,-1.0,1.0,,,사이즈는 스몰인데도 살짝 큰편입니다. 화면볻는 살짝 어두운 자주색에 가깝네요! 가격도 너무 만족스럽고 레깅스입으면 엉덩이를 가려주는 넉넉한 길이감이 너무 맘에 들어요^^,사이즈는스몰인데도살짝큰편입니다화면볻는살짝어두운자주색에가깝네요가격도너무만족스럽고레깅스입으면엉덩이를가려주는넉넉한길이감이너무맘에들어요,0,0,1,0,0,False,94,71,94,True
3182325,86005326,general,둡냥이,색깔이 확튀어서  포인트로 코디하기 좋을 것 같아요,5.0,False,MEDIUM,182.0,78.0,남성,2026-07-03 07:43:20,사이즈: 정사이즈 / 화면 대비 색감: 밝음 / 두께감: 적당함 / 신축성: 적당함,False,0,travel,상의,MEDIUM,,2026,7,3,금,5,응답,정사이즈,밝음,,,,적당함,적당함,,,,3.0,3.0,,0.0,0.0,1.0,1.0,,,색깔이 확튀어서 포인트로 코디하기 좋을 것 같아요,색깔이확튀어서포인트로코디하기좋을것같아요,0,0,0,0,0,False,28,21,27,True
3182325,85913844,general,뻔뻔한그레이핀턱,옷 색감이 좋았고 딱 입었을때 원하던 핏이여서 좋았어요!,5.0,False,SMALL,154.0,44.0,여성,2026-06-29 23:06:18,사이즈: 정사이즈 / 화면 대비 색감: 화면과 비슷 / 두께감: 적당함 / 신축성: 적당함,False,0,travel,상의,SMALL,,2026,6,29,월,5,응답,정사이즈,화면과 비슷,,,,적당함,적당함,,,,3.0,3.0,,0.0,0.0,0.0,0.0,,,옷 색감이 좋았고 딱 입었을때 원하던 핏이여서 좋았어요!,옷색감이좋았고딱입었을때원하던핏이여서좋았어요,0,0,1,0,0,False,31,23,31,True
3182325,85906334,general,명확한호주앙고라,스타일 생각보다 좋고 원단도 좋고 만음에 들어요,5.0,False,SMALL,160.0,50.0,여성,2026-06-29 18:44:43,사이즈: 정사이즈 / 화면 대비 색감: 화면과 비슷 / 두께감: 적당함 / 신축성: 적당함,True,0,travel,상의,SMALL,,2026,6,29,월,5,응답,정사이즈,화면과 비슷,,,,적당함,적당함,,,,3.0,3.0,,0.0,0.0,0.0,0.0,,,스타일 생각보다 좋고 원단도 좋고 만음에 들어요,스타일생각보다좋고원단도좋고만음에들어요,0,0,0,0,0,False,26,20,26,True
3182325,85794102,general,일이삼삼,이염 있다는 후기를 봤는데 역시나 세탁할때도 물이 엄청 빠지네요 입기 전 한번 세탁했는데 벌써 목과 어깨 이음새부분이 하얗게 되어버렸어요,3.0,False,LARGE,161.0,70.0,여성,2026-06-26 16:37:07,사이즈: 정사이즈 / 화면 대비 색감: 화면과 비슷 / 두께감: 적당함 / 신축성: 적당함,True,0,travel,상의,LARGE,,2026,6,26,금,3,응답,정사이즈,화면과 비슷,,,,적당함,적당함,,,,3.0,3.0,,0.0,0.0,0.0,0.0,,,이염 있다는 후기를 봤는데 역시나 세탁할때도 물이 엄청 빠지네요 입기 전 한번 세탁했는데 벌써 목과 어깨 이음새부분이 하얗게 되어버렸어요,이염있다는후기를봤는데역시나세탁할때도물이엄청빠지네요입기전한번세탁했는데벌써목과어깨이음새부분이하얗게되어버렸어요,0,0,0,0,0,False,76,58,76,True
3182325,85700037,general,여단103,트래블 브랜드 옷자체를 좋아하는데요 이 옷도 색감과 디자인 두께감 모든게 좋아요 세일해서 싼가격에 구매해서 좋아요,5.0,False,LARGE,175.0,63.0,남성,2026-06-24 20:06:10,사이즈: 정사이즈 / 화면 대비 색감: 화면과 비슷 / 두께감: 얇음 / 신축성: 적당함,False,0,travel,상의,LARGE,,2026,6,24,수,5,응답,정사이즈,화면과 비슷,,,,적당함,얇음,,,,3.0,2.0,,0.0,0.0,0.0,0.0,,,트래블 브랜드 옷자체를 좋아하는데요 이 옷도 색감과 디자인 두께감 모든게 좋아요 세일해서 싼가격에 구매해서 좋아요,트래블브랜드옷자체를좋아하는데요이옷도색감과디자인두께감모든게좋아요세일해서싼가격에구매해서좋아요,0,0,0,0,0,False,63,49,63,True
3182325,85672389,general,neulha_,몇 년 전부터 사야지 사야지 했는데 8000원에 겟함 편하게 입을 거라서 라지 샀는데 어깨가 개큼ㅋㅋ 그래도 색감이나 재질은 아주 맘에 들어요,5.0,False,LARGE,167.0,55.0,여성,2026-06-24 12:05:34,사이즈: 조금 큼 / 화면 대비 색감: 어두움 / 두께감: 적당함 / 신축성: 강함,True,0,travel,상의,LARGE,,2026,6,24,수,5,응답,조금 큼,어두움,,,,강함,적당함,,,,4.0,3.0,,1.0,1.0,-1.0,1.0,,,몇 년 전부터 사야지 사야지 했는데 8000원에 겟함 편하게 입을 거라서 라지 샀는데 어깨가 개큼ㅋㅋ 그래도 색감이나 재질은 아주 맘에 들어요,몇년전부터사야지사야지했는데8000원에겟함편하게입을거라서라지샀는데어깨가개큼그래도색감이나재질은아주맘에들어요,2,0,0,0,0,True,79,53,79,True
3182325,85547148,style,써니벨,운동할때나 일상생활에서도 편하게 입을 수 있어서 깔별로 구매중이예요 스몰은 허리쪽이 통이 작아서 핏이 이상해요 한치수 크게 입는게 좋네요,5.0,False,MEDIUM,165.0,48.0,여성,2026-06-22 07:15:58,사이즈: 정사이즈 / 화면 대비 색감: 화면과 비슷 / 두께감: 적당함 / 신축성: 적당함,True,0,travel,상의,MEDIUM,,2026,6,22,월,5,응답,정사이즈,화면과 비슷,,,,적당함,적당함,,,,3.0,3.0,,0.0,0.0,0.0,0.0,,,운동할때나 일상생활에서도 편하게 입을 수 있어서 깔별로 구매중이예요 스몰은 허리쪽이 통이 작아서 핏이 이상해요 한치수 크게 입는게 좋네요,운동할때나일상생활에서도편하게입을수있어서깔별로구매중이예요스몰은허리쪽이통이작아서핏이이상해요한치수크게입는게좋네요,0,0,0,0,0,False,76,59,76,True
3182325,85547109,general,써니벨,운동할때나 일상생활에서도 편하게 입을 수 있어서 깔별로 구매중이예요,5.0,False,MEDIUM,165.0,48.0,여성,2026-06-22 07:12:53,사이즈: 정사이즈 / 화면 대비 색감: 화면과 비슷 / 두께감: 적당함 / 신축성: 적당함,True,0,travel,상의,MEDIUM,,2026,6,22,월,5,응답,정사이즈,화면과 비슷,,,,적당함,적당함,,,,3.0,3.0,,0.0,0.0,0.0,0.0,,,운동할때나 일상생활에서도 편하게 입을 수 있어서 깔별로 구매중이예요,운동할때나일상생활에서도편하게입을수있어서깔별로구매중이예요,0,0,0,0,0,False,37,30,37,True
﻿4087446,86066335,general,뛰뛰뿌아,사진보다 색이 좀 더 진한 베이지라 살짝 아쉽긴 하지만 저렴하게 잘 사서 잘 입고 다닙니다.,5.0,False,MEDIUM,163.0,57.0,여성,2026-07-05 18:36:10,사이즈: 정사이즈 / 화면 대비 색감: 어두움 / 두께감: 적당함 / 신축성: 적당함,True,0,travel,상의,MEDIUM,,2026,7,5,일,5,응답,정사이즈,어두움,,,,적당함,적당함,,,,3.0,3.0,,0.0,0.0,-1.0,1.0,,,사진보다 색이 좀 더 진한 베이지라 살짝 아쉽긴 하지만 저렴하게 잘 사서 잘 입고 다닙니다.,사진보다색이좀더진한베이지라살짝아쉽긴하지만저렴하게잘사서잘입고다닙니다,0,0,0,0,0,False,51,36,51,True
4087446,85862011,general,남써니의무신사,착용감이 아주 좋고 시원해요. 여름에 꼭 필요할 것 같아요. 색상도 예쁘네요.,5.0,False,LARGE,164.0,58.0,여성,2026-06-28 11:49:45,사이즈: 정사이즈 / 화면 대비 색감: 화면과 비슷 / 두께감: 적당함 / 신축성: 적당함,False,0,travel,상의,LARGE,,2026,6,28,일,5,응답,정사이즈,화면과 비슷,,,,적당함,적당함,,,,3.0,3.0,,0.0,0.0,0.0,0.0,,,착용감이 아주 좋고 시원해요. 여름에 꼭 필요할 것 같아요. 색상도 예쁘네요.,착용감이아주좋고시원해요여름에꼭필요할것같아요색상도예쁘네요,0,0,0,0,0,False,43,30,43,True
4087446,85743310,general,익명으,출고지연 문자를 조금만 더 일찍 주셨다면 더 좋았을텐데요. 근데 뭐 잘 받았어요.,3.0,False,LARGE,158.0,58.0,여성,2026-06-25 16:12:39,사이즈: 조금 큼 / 화면 대비 색감: 화면과 비슷 / 두께감: 얇음 / 신축성: 적당함,False,0,travel,상의,LARGE,,2026,6,25,목,3,응답,조금 큼,화면과 비슷,,,,적당함,얇음,,,,3.0,2.0,,1.0,1.0,0.0,0.0,,,출고지연 문자를 조금만 더 일찍 주셨다면 더 좋았을텐데요. 근데 뭐 잘 받았어요.,출고지연문자를조금만더일찍주셨다면더좋았을텐데요근데뭐잘받았어요,0,0,0,0,0,False,45,32,45,True
4087446,85710812,general,아르네브,세일기간에 득템했습니다 디자인이 예뻐서 지인에게 선물 할 예정입니다,5.0,False,MEDIUM,171.0,76.0,남성,2026-06-24 22:25:32,사이즈: 정사이즈 / 화면 대비 색감: 화면과 비슷 / 두께감: 적당함 / 신축성: 적당함,True,0,travel,상의,MEDIUM,,2026,6,24,수,5,응답,정사이즈,화면과 비슷,,,,적당함,적당함,,,,3.0,3.0,,0.0,0.0,0.0,0.0,,,세일기간에 득템했습니다 디자인이 예뻐서 지인에게 선물 할 예정입니다,세일기간에득템했습니다디자인이예뻐서지인에게선물할예정입니다,0,0,0,0,0,False,37,30,37,True
4087446,85650632,general,파랑물결17,색감이 너무 맘에 들게 빠졌고요 큰 사이즈를 샀더니 살짝 팔꾼치 넘는 기장인데 완전접거나 내려입으니 이뻐요,5.0,False,EXTRA LARGE,160.0,68.0,여성,2026-06-23 23:50:23,사이즈: 정사이즈 / 화면 대비 색감: 화면과 비슷 / 두께감: 적당함 / 신축성: 적당함,False,0,travel,상의,EXTRA LARGE,,2026,6,23,화,5,응답,정사이즈,화면과 비슷,,,,적당함,적당함,,,,3.0,3.0,,0.0,0.0,0.0,0.0,,,색감이 너무 맘에 들게 빠졌고요 큰 사이즈를 샀더니 살짝 팔꾼치 넘는 기장인데 완전접거나 내려입으니 이뻐요,색감이너무맘에들게빠졌고요큰사이즈를샀더니살짝팔꾼치넘는기장인데완전접거나내려입으니이뻐요,0,0,0,0,0,False,59,45,59,True
4087446,85575646,general,쳌흐무늬,약간 보풀이 잘 생길 거 같지만 얇아서 여름에 입기 좋고 디자인 자체가 너무 귀여워요,5.0,False,EXTRA LARGE,164.0,66.0,여성,2026-06-22 19:09:31,사이즈: 정사이즈 / 화면 대비 색감: 화면과 비슷 / 두께감: 얇음 / 신축성: 적당함,True,0,travel,상의,EXTRA LARGE,,2026,6,22,월,5,응답,정사이즈,화면과 비슷,,,,적당함,얇음,,,,3.0,2.0,,0.0,0.0,0.0,0.0,,,약간 보풀이 잘 생길 거 같지만 얇아서 여름에 입기 좋고 디자인 자체가 너무 귀여워요,약간보풀이잘생길거같지만얇아서여름에입기좋고디자인자체가너무귀여워요,0,0,0,0,0,False,47,34,47,True
4087446,85548743,style,jae_xx,제 최애 옷이라서 작년에 사고 올해 두 번째 구매에요!,5.0,False,MEDIUM,170.0,68.0,남성,2026-06-22 08:39:07,사이즈: 정사이즈 / 화면 대비 색감: 화면과 비슷 / 두께감: 적당함 / 신축성: 적당함,True,0,travel,상의,MEDIUM,,2026,6,22,월,5,응답,정사이즈,화면과 비슷,,,,적당함,적당함,,,,3.0,3.0,,0.0,0.0,0.0,0.0,,,제 최애 옷이라서 작년에 사고 올해 두 번째 구매에요!,제최애옷이라서작년에사고올해두번째구매에요,0,0,1,0,0,False,30,21,30,True
﻿4055252,85478488,general,다다다다다다다다다다다다다다다,화이트 버전으로 이전에 구매해서 잘 입고 있어서 검정으로 재구매했어요.,5.0,False,SMALL,158.0,53.0,여성,2026-06-20 22:14:11,사이즈: 정사이즈 / 화면 대비 색감: 화면과 비슷 / 두께감: 적당함 / 신축성: 적당함,True,0,travel,상의,SMALL,,2026,6,20,토,5,응답,정사이즈,화면과 비슷,,,,적당함,적당함,,,,3.0,3.0,,0.0,0.0,0.0,0.0,,,화이트 버전으로 이전에 구매해서 잘 입고 있어서 검정으로 재구매했어요.,화이트버전으로이전에구매해서잘입고있어서검정으로재구매했어요,0,0,0,0,0,False,39,30,39,True
﻿4054553,86045758,general,비가오는한라산룩,남편이 같은 디자인으로 갈색 입고있는데 옷이 좋다고 다른 색도 사줬어요,5.0,False,LARGE,177.0,70.0,남성,2026-07-04 20:59:36,사이즈: 정사이즈 / 화면 대비 색감: 화면과 비슷 / 두께감: 적당함 / 신축성: 적당함,True,0,travel,상의,LARGE,,2026,7,4,토,5,응답,정사이즈,화면과 비슷,,,,적당함,적당함,,,,3.0,3.0,,0.0,0.0,0.0,0.0,,,남편이 같은 디자인으로 갈색 입고있는데 옷이 좋다고 다른 색도 사줬어요,남편이같은디자인으로갈색입고있는데옷이좋다고다른색도사줬어요,0,0,0,0,0,False,39,30,39,True
4054553,85873463,general,._.mins,적당하고 배송 빨랐어요 널널하게 입을 수 있고 포인트가 돼여,4.0,False,LARGE,185.0,78.0,남성,2026-06-28 17:38:47,사이즈: 정사이즈 / 화면 대비 색감: 화면과 비슷 / 두께감: 적당함 / 신축성: 적당함,False,0,travel,상의,LARGE,,2026,6,28,일,4,응답,정사이즈,화면과 비슷,,,,적당함,적당함,,,,3.0,3.0,,0.0,0.0,0.0,0.0,,,적당하고 배송 빨랐어요 널널하게 입을 수 있고 포인트가 돼여,적당하고배송빨랐어요널널하게입을수있고포인트가돼여,0,0,0,0,0,False,33,25,33,True
4054553,85843895,general,DlORMEN,사이즈가 생각보다 딱 맞지만 가성비로 맘에 들어요,5.0,False,EXTRA LARGE,185.0,64.0,남성,2026-06-27 19:40:29,사이즈: 정사이즈 / 화면 대비 색감: 화면과 비슷 / 두께감: 얇음 / 신축성: 적당함,False,0,travel,상의,EXTRA LARGE,,2026,6,27,토,5,응답,정사이즈,화면과 비슷,,,,적당함,얇음,,,,3.0,2.0,,0.0,0.0,0.0,0.0,,,사이즈가 생각보다 딱 맞지만 가성비로 맘에 들어요,사이즈가생각보다딱맞지만가성비로맘에들어요,0,0,0,0,0,False,27,21,27,True
4054553,85746840,general,짜가모,디자인 이쁘고 가볍게 입을수있을거같아요 만족 합니다,5.0,False,MEDIUM,178.0,76.0,남성,2026-06-25 17:37:57,사이즈: 정사이즈 / 화면 대비 색감: 화면과 비슷 / 두께감: 적당함 / 신축성: 적당함,False,0,travel,상의,MEDIUM,,2026,6,25,목,5,응답,정사이즈,화면과 비슷,,,,적당함,적당함,,,,3.0,3.0,,0.0,0.0,0.0,0.0,,,디자인 이쁘고 가볍게 입을수있을거같아요 만족 합니다,디자인이쁘고가볍게입을수있을거같아요만족합니다,0,0,0,0,0,False,28,23,28,True
4054553,85667437,general,웅장한카멜플리스,생각보다 버터크림색? 화면보다 좀 더 노란색이에요. 프린팅이 예뻐서 맘에 들어요. 오버핏이라서 스몰도 낭낭해요 싸게 잘 샀어요 굿굿,5.0,False,SMALL,164.0,54.0,여성,2026-06-24 10:23:03,사이즈: 정사이즈 / 화면 대비 색감: 어두움 / 두께감: 얇음 / 신축성: 적당함,True,0,travel,상의,SMALL,,2026,6,24,수,5,응답,정사이즈,어두움,,,,적당함,얇음,,,,3.0,2.0,,0.0,0.0,-1.0,1.0,,,생각보다 버터크림색? 화면보다 좀 더 노란색이에요. 프린팅이 예뻐서 맘에 들어요. 오버핏이라서 스몰도 낭낭해요 싸게 잘 샀어요 굿굿,생각보다버터크림색화면보다좀더노란색이에요프린팅이예뻐서맘에들어요오버핏이라서스몰도낭낭해요싸게잘샀어요굿굿,0,0,0,1,0,False,73,54,73,True
4054553,85663445,general,대세는청담스판,사진이랑똑같아요  두께감은 얊아서여름에입기좋아요,5.0,False,MEDIUM,175.0,82.0,여성,2026-06-24 09:02:48,사이즈: 정사이즈 / 화면 대비 색감: 화면과 비슷 / 두께감: 얇음 / 신축성: 적당함,True,0,travel,상의,MEDIUM,,2026,6,24,수,5,응답,정사이즈,화면과 비슷,,,,적당함,얇음,,,,3.0,2.0,,0.0,0.0,0.0,0.0,,,사진이랑똑같아요 두께감은 얊아서여름에입기좋아요,사진이랑똑같아요두께감은얊아서여름에입기좋아요,0,0,0,0,0,False,26,23,25,True
4054553,85643712,general,sb매니아123,배송빠르고 핏좋고 이쁘네요 잘입을게요 딱 좋아요,5.0,False,MEDIUM,181.0,80.0,남성,2026-06-23 22:24:59,사이즈: 정사이즈 / 화면 대비 색감: 화면과 비슷 / 두께감: 적당함 / 신축성: 적당함,True,0,travel,상의,MEDIUM,,2026,6,23,화,5,응답,정사이즈,화면과 비슷,,,,적당함,적당함,,,,3.0,3.0,,0.0,0.0,0.0,0.0,,,배송빠르고 핏좋고 이쁘네요 잘입을게요 딱 좋아요,배송빠르고핏좋고이쁘네요잘입을게요딱좋아요,0,0,0,0,0,False,26,21,26,True
4054553,85474506,general,S0Z0,사이즈를 잘못사서 제가 생각했던 핏은 아니지만 또 나름 자주 입게 되는 옷이에요~,5.0,False,MEDIUM,160.0,100.0,여성,2026-06-23 07:53:42,사이즈: 정사이즈 / 화면 대비 색감: 화면과 비슷 / 두께감: 적당함 / 신축성: 적당함,True,0,travel,상의,MEDIUM,,2026,6,23,화,5,응답,정사이즈,화면과 비슷,,,,적당함,적당함,,,,3.0,3.0,,0.0,0.0,0.0,0.0,,,사이즈를 잘못사서 제가 생각했던 핏은 아니지만 또 나름 자주 입게 되는 옷이에요~,사이즈를잘못사서제가생각했던핏은아니지만또나름자주입게되는옷이에요,0,0,0,0,0,False,45,33,45,True
﻿3399784,85873710,general,명확한호주앙고라,새깔이 예쁘고 편하고 잘 입었어요 소재는 100% 면인 것 같아요 좋아~👍,5.0,False,SMALL,160.0,50.0,여성,2026-06-28 17:46:20,사이즈: 정사이즈 / 화면 대비 색감: 화면과 비슷 / 두께감: 적당함 / 신축성: 적당함,True,0,travel,상의,SMALL,,2026,6,28,일,5,응답,정사이즈,화면과 비슷,,,,적당함,적당함,,,,3.0,3.0,,0.0,0.0,0.0,0.0,,,새깔이 예쁘고 편하고 잘 입었어요 소재는 100% 면인 것 같아요 좋아~,새깔이예쁘고편하고잘입었어요소재는100면인것같아요좋아,0,0,0,0,1,False,41,25,40,True
3399784,85740473,general,흔한 초승달,무진장행사로 득템 했습니다 원단 두께   핏   컬러 다 맘에 들어요 감사합니다,5.0,False,EXTRA LARGE,182.0,85.0,남성,2026-06-25 15:04:38,사이즈: 정사이즈 / 화면 대비 색감: 화면과 비슷 / 두께감: 적당함 / 신축성: 적당함,True,0,travel,상의,EXTRA LARGE,,2026,6,25,목,5,응답,정사이즈,화면과 비슷,,,,적당함,적당함,,,,3.0,3.0,,0.0,0.0,0.0,0.0,,,무진장행사로 득템 했습니다 원단 두께 핏 컬러 다 맘에 들어요 감사합니다,무진장행사로득템했습니다원단두께핏컬러다맘에들어요감사합니다,0,0,0,0,0,True,44,30,40,True
3399784,85628357,general,진멍멍멍,화면 색상과 비슷하고 목 부분이 짱짱해서 좋아요,5.0,False,SMALL,158.0,56.0,여성,2026-06-23 19:10:10,사이즈: 정사이즈 / 화면 대비 색감: 화면과 비슷 / 두께감: 적당함 / 신축성: 적당함,True,0,travel,상의,SMALL,,2026,6,23,화,5,응답,정사이즈,화면과 비슷,,,,적당함,적당함,,,,3.0,3.0,,0.0,0.0,0.0,0.0,,,화면 색상과 비슷하고 목 부분이 짱짱해서 좋아요,화면색상과비슷하고목부분이짱짱해서좋아요,0,0,0,0,0,False,26,20,26,True
3399784,85586638,general,보보향,색감이 느므 이쁩니다 66에게도 s이  맞네요 팔은  길어서  좀 난감하네요,4.0,False,SMALL,159.0,60.0,여성,2026-06-22 22:33:00,사이즈: 정사이즈 / 화면 대비 색감: 화면과 비슷 / 두께감: 두꺼움 / 신축성: 적당함,True,0,travel,상의,SMALL,,2026,6,22,월,4,응답,정사이즈,화면과 비슷,,,,적당함,두꺼움,,,,3.0,4.0,,0.0,0.0,0.0,0.0,,,색감이 느므 이쁩니다 66에게도 s이 맞네요 팔은 길어서 좀 난감하네요,색감이느므이쁩니다66에게도s이맞네요팔은길어서좀난감하네요,0,0,0,0,0,False,42,27,39,True
﻿3399785,85856644,general,통귤탕후루,프린팅이 힙해요 색감이 생각보다 이쁘요 사이즈고 넉넉해요,5.0,False,EXTRA LARGE,163.0,80.0,여성,2026-06-28 04:22:01,사이즈: 정사이즈 / 화면 대비 색감: 화면과 비슷 / 두께감: 얇음 / 신축성: 적당함,False,0,travel,상의,EXTRA LARGE,,2026,6,28,일,5,응답,정사이즈,화면과 비슷,,,,적당함,얇음,,,,3.0,2.0,,0.0,0.0,0.0,0.0,,,프린팅이 힙해요 색감이 생각보다 이쁘요 사이즈고 넉넉해요,프린팅이힙해요색감이생각보다이쁘요사이즈고넉넉해요,0,0,0,0,0,False,31,25,31,True
3399785,85640885,general,웃상인한강퍼,교복위에 너무 어두운 롱슬리브만 입어서 마침 이번에 할인을 많이하던 트래블에서 밝은 색 롱슬리브를 구매해봤는데 실물이 너무 이쁘고 교복 위에 입어도 잘 어울려요 제 체형이신 분들은 s가 좋을 것 같아요,4.0,False,SMALL,176.0,58.0,남성,2026-06-23 21:52:58,사이즈: 정사이즈 / 화면 대비 색감: 화면과 비슷 / 두께감: 적당함 / 신축성: 적당함,False,0,travel,상의,SMALL,,2026,6,23,화,4,응답,정사이즈,화면과 비슷,,,,적당함,적당함,,,,3.0,3.0,,0.0,0.0,0.0,0.0,,,교복위에 너무 어두운 롱슬리브만 입어서 마침 이번에 할인을 많이하던 트래블에서 밝은 색 롱슬리브를 구매해봤는데 실물이 너무 이쁘고 교복 위에 입어도 잘 어울려요 제 체형이신 분들은 s가 좋을 것 같아요,교복위에너무어두운롱슬리브만입어서마침이번에할인을많이하던트래블에서밝은색롱슬리브를구매해봤는데실물이너무이쁘고교복위에입어도잘어울려요제체형이신분들은s가좋을것같아요,0,0,0,0,0,False,112,83,112,True
﻿3399786,85935471,general,짐손,생각보다 옷 재질이나 퀄리티가 상당히 높습니다,5.0,False,LARGE,178.0,75.0,남성,2026-06-30 19:48:29,사이즈: 정사이즈 / 화면 대비 색감: 화면과 비슷 / 두께감: 적당함 / 신축성: 적당함,False,0,travel,상의,LARGE,,2026,6,30,화,5,응답,정사이즈,화면과 비슷,,,,적당함,적당함,,,,3.0,3.0,,0.0,0.0,0.0,0.0,,,생각보다 옷 재질이나 퀄리티가 상당히 높습니다,생각보다옷재질이나퀄리티가상당히높습니다,0,0,0,0,0,False,25,20,25,True
3399786,85899395,general,시크한한강반다나,옷도 딱 맞고 핏도 이쁘고 얇아서 자주 입을거 같습니다.,5.0,False,LARGE,183.0,73.0,남성,2026-06-29 14:19:32,사이즈: 정사이즈 / 화면 대비 색감: 화면과 비슷 / 두께감: 적당함 / 신축성: 강함,False,0,travel,상의,LARGE,,2026,6,29,월,5,응답,정사이즈,화면과 비슷,,,,강함,적당함,,,,4.0,3.0,,0.0,0.0,0.0,0.0,,,옷도 딱 맞고 핏도 이쁘고 얇아서 자주 입을거 같습니다.,옷도딱맞고핏도이쁘고얇아서자주입을거같습니다,0,0,0,0,0,False,31,22,31,True
3399786,85835824,style,놀라운서울슬립온,차콜 반팔이 마음에 들어서 사봤습니다.  그게 더 마음에 들긴 한데 이걸 더 자주 입을 듯,5.0,False,SMALL,160.0,47.0,missing,2026-06-27 16:01:40,사이즈: 정사이즈 / 화면 대비 색감: 화면과 비슷 / 두께감: 적당함 / 신축성: 적당함,True,0,travel,상의,SMALL,,2026,6,27,토,5,응답,정사이즈,화면과 비슷,,,,적당함,적당함,,,,3.0,3.0,,0.0,0.0,0.0,0.0,,,차콜 반팔이 마음에 들어서 사봤습니다. 그게 더 마음에 들긴 한데 이걸 더 자주 입을 듯,차콜반팔이마음에들어서사봤습니다그게더마음에들긴한데이걸더자주입을듯,0,0,0,0,0,False,50,34,49,True
3399786,85826687,general,빈티지한터키쪼리,사이즈긴 좋고  간절기에 입기에 적당합니다 스타일이 사진으로 본것보다 훨씬 맘에 들어요,4.0,False,SMALL,164.0,52.0,여성,2026-06-27 11:48:59,사이즈: 정사이즈 / 화면 대비 색감: 화면과 비슷 / 두께감: 얇음 / 신축성: 적당함,False,0,travel,상의,SMALL,,2026,6,27,토,4,응답,정사이즈,화면과 비슷,,,,적당함,얇음,,,,3.0,2.0,,0.0,0.0,0.0,0.0,,,사이즈긴 좋고 간절기에 입기에 적당합니다 스타일이 사진으로 본것보다 훨씬 맘에 들어요,사이즈긴좋고간절기에입기에적당합니다스타일이사진으로본것보다훨씬맘에들어요,0,0,0,0,0,False,48,37,47,True
3399786,85812405,general,보보향,"크지만,  팔길이가  툭히 ㅜ 봄가을에 가볍게 입기  좋을것 같아요 괜찮습니다ㅎ",4.0,False,MEDIUM,159.0,60.0,여성,2026-06-26 23:00:33,사이즈: 정사이즈 / 화면 대비 색감: 화면과 비슷 / 두께감: 적당함 / 신축성: 적당함,False,0,travel,상의,MEDIUM,,2026,6,26,금,4,응답,정사이즈,화면과 비슷,,,,적당함,적당함,,,,3.0,3.0,,0.0,0.0,0.0,0.0,,,"크지만, 팔길이가 툭히 ㅜ 봄가을에 가볍게 입기 좋을것 같아요 괜찮습니다ㅎ",크지만팔길이가툭히봄가을에가볍게입기좋을것같아요괜찮습니다,1,1,0,0,0,False,44,29,41,True
3399786,85791886,style,이터스트,역시 트래블 실패할 일 없네요 이거 반팔버전도 언젠가 구매하려고 장바구니에 담아둠ㅎ,5.0,False,MEDIUM,162.0,52.0,여성,2026-06-26 15:53:47,사이즈: 정사이즈 / 화면 대비 색감: 화면과 비슷 / 두께감: 얇음 / 신축성: 적당함,True,0,travel,상의,MEDIUM,,2026,6,26,금,5,응답,정사이즈,화면과 비슷,,,,적당함,얇음,,,,3.0,2.0,,0.0,0.0,0.0,0.0,,,역시 트래블 실패할 일 없네요 이거 반팔버전도 언젠가 구매하려고 장바구니에 담아둠ㅎ,역시트래블실패할일없네요이거반팔버전도언젠가구매하려고장바구니에담아둠,1,0,0,0,0,False,46,35,46,True
3399786,85779387,general,이터스트,하 역시 트래블.. 세일할 때 샀는데 넘나 맘에 드는 것..🩶,5.0,False,MEDIUM,162.0,52.0,여성,2026-06-26 10:33:48,사이즈: 정사이즈 / 화면 대비 색감: 화면과 비슷 / 두께감: 얇음 / 신축성: 적당함,True,0,travel,상의,MEDIUM,,2026,6,26,금,5,응답,정사이즈,화면과 비슷,,,,적당함,얇음,,,,3.0,2.0,,0.0,0.0,0.0,0.0,,,하 역시 트래블.. 세일할 때 샀는데 넘나 맘에 드는 것..,하역시트래블세일할때샀는데넘나맘에드는것,0,0,0,0,1,False,34,20,33,True
3399786,85729119,style,두온이,이뻐요! 작은 저에겐 조금 큰데 롱슬리브 좋아해서 잘샀다고 생각합니당,5.0,False,SMALL,154.0,52.0,여성,2026-06-25 10:28:09,사이즈: 조금 큼 / 화면 대비 색감: 화면과 비슷 / 두께감: 적당함 / 신축성: 적당함,True,0,travel,상의,SMALL,,2026,6,25,목,5,응답,조금 큼,화면과 비슷,,,,적당함,적당함,,,,3.0,3.0,,1.0,1.0,0.0,0.0,,,이뻐요! 작은 저에겐 조금 큰데 롱슬리브 좋아해서 잘샀다고 생각합니당,이뻐요작은저에겐조금큰데롱슬리브좋아해서잘샀다고생각합니당,0,0,1,0,0,False,38,29,38,True
3399786,85582895,general,패알못훈이,걍 편하게 입기 goat 지금 계절에는 좀 덥겠지만 잘입을게요,5.0,False,MEDIUM,180.0,66.0,남성,2026-06-22 21:28:48,사이즈: 정사이즈 / 화면 대비 색감: 화면과 비슷 / 두께감: 적당함 / 신축성: 적당함,False,0,travel,상의,MEDIUM,,2026,6,22,월,5,응답,정사이즈,화면과 비슷,,,,적당함,적당함,,,,3.0,3.0,,0.0,0.0,0.0,0.0,,,걍 편하게 입기 goat 지금 계절에는 좀 덥겠지만 잘입을게요,걍편하게입기goat지금계절에는좀덥겠지만잘입을게요,0,0,0,0,0,False,34,22,34,True
﻿4087445,85941432,style,영등포시장,색이 이쁘고 어둡고 칙칙한 버건디가 아니라 좋아요 일단 쿨톤이면 이게 맞음 근데 좀 갈웜들은 별로 일지도?,5.0,False,MEDIUM,160.0,62.0,여성,2026-06-30 22:36:01,사이즈: 정사이즈 / 화면 대비 색감: 화면과 비슷 / 두께감: 두꺼움 / 신축성: 강함,True,0,travel,상의,MEDIUM,,2026,6,30,화,5,응답,정사이즈,화면과 비슷,,,,강함,두꺼움,,,,4.0,4.0,,0.0,0.0,0.0,0.0,,,색이 이쁘고 어둡고 칙칙한 버건디가 아니라 좋아요 일단 쿨톤이면 이게 맞음 근데 좀 갈웜들은 별로 일지도?,색이이쁘고어둡고칙칙한버건디가아니라좋아요일단쿨톤이면이게맞음근데좀갈웜들은별로일지도,0,0,0,1,0,False,59,43,59,True
4087445,85941407,general,영등포시장,팔이 좀 길게 나온 편이에요 저는 레이어드 용으로 산거여가지고 ㄱㅊ 은거같음,5.0,False,MEDIUM,160.0,62.0,여성,2026-06-30 22:34:51,사이즈: 조금 큼 / 화면 대비 색감: 화면과 비슷 / 두께감: 적당함 / 신축성: 적당함,True,0,travel,상의,MEDIUM,,2026,6,30,화,5,응답,조금 큼,화면과 비슷,,,,적당함,적당함,,,,3.0,3.0,,1.0,1.0,0.0,0.0,,,팔이 좀 길게 나온 편이에요 저는 레이어드 용으로 산거여가지고 ㄱㅊ 은거같음,팔이좀길게나온편이에요저는레이어드용으로산거여가지고은거같음,0,0,0,0,0,False,42,30,42,True
4087445,85900439,style,써니벨,같은 브랜드 다른티 여러개 샀는데 래글런 스타일이라 그런가 팔은 긴데 기장이 짧아요 ㅠ 일반티가 더 맘에 드네요,4.0,False,MEDIUM,165.0,48.0,여성,2026-06-29 14:59:45,사이즈: 조금 큼 / 화면 대비 색감: 화면과 비슷 / 두께감: 적당함 / 신축성: 적당함,True,0,travel,상의,MEDIUM,,2026,6,29,월,4,응답,조금 큼,화면과 비슷,,,,적당함,적당함,,,,3.0,3.0,,1.0,1.0,0.0,0.0,,,같은 브랜드 다른티 여러개 샀는데 래글런 스타일이라 그런가 팔은 긴데 기장이 짧아요 ㅠ 일반티가 더 맘에 드네요,같은브랜드다른티여러개샀는데래글런스타일이라그런가팔은긴데기장이짧아요일반티가더맘에드네요,0,1,0,0,0,False,62,45,62,True
4087445,85900404,general,써니벨,같은 브랜드 다른티 여러개 샀는데 래글런 스타일이라 그런가 팔은 긴데 기장이 짧아요 ㅠ,4.0,False,MEDIUM,165.0,48.0,여성,2026-06-29 14:58:11,사이즈: 정사이즈 / 화면 대비 색감: 화면과 비슷 / 두께감: 적당함 / 신축성: 적당함,True,0,travel,상의,MEDIUM,,2026,6,29,월,4,응답,정사이즈,화면과 비슷,,,,적당함,적당함,,,,3.0,3.0,,0.0,0.0,0.0,0.0,,,같은 브랜드 다른티 여러개 샀는데 래글런 스타일이라 그런가 팔은 긴데 기장이 짧아요 ㅠ,같은브랜드다른티여러개샀는데래글런스타일이라그런가팔은긴데기장이짧아요,0,1,0,0,0,False,48,35,48,True
﻿4946729,85970149,general,채채_0913,어떤 옷이랑도 매치가 잘 되서 자주 입을 것 같아요 재질도 두꺼운 편이 아니라서 손이 잘 갑니당!!!  사이즈 참고하세요!  기본 S 사이즈보다 조금 크게 나온 편이에요!  평소 S 입는데도 전체적으로 살짝 여유 있게 맞았어요 오버핏까지는 아니지만 일반 S보다는 확실히 큰 느낌이라 구매하실 분들은 참고하시면 좋을 것 같아요! 👍,5.0,False,SMALL,165.0,48.0,여성,2026-07-02 12:08:17,사이즈: 조금 큼 / 화면 대비 색감: 화면과 비슷 / 두께감: 적당함 / 신축성: 적당함,False,0,travel,상의,SMALL,,2026,7,2,목,5,응답,조금 큼,화면과 비슷,,,,적당함,적당함,,,,3.0,3.0,,1.0,1.0,0.0,0.0,,,어떤 옷이랑도 매치가 잘 되서 자주 입을 것 같아요 재질도 두꺼운 편이 아니라서 손이 잘 갑니당!!! 사이즈 참고하세요! 기본 S 사이즈보다 조금 크게 나온 편이에요! 평소 S 입는데도 전체적으로 살짝 여유 있게 맞았어요 오버핏까지는 아니지만 일반 S보다는 확실히 큰 느낌이라 구매하실 분들은 참고하시면 좋을 것 같아요!,어떤옷이랑도매치가잘되서자주입을것같아요재질도두꺼운편이아니라서손이잘갑니당사이즈참고하세요기본s사이즈보다조금크게나온편이에요평소s입는데도전체적으로살짝여유있게맞았어요오버핏까지는아니지만일반s보다는확실히큰느낌이라구매하실분들은참고하시면좋을것같아요,0,0,6,0,1,True,184,125,179,True
4946729,85974239,general,튼튼한홍대트랙탑,실제로 보면 좀 더 아이보리에 가깝고 롱스커트나 하프 팬츠랑 입으려고 샀는데 만적합니다,5.0,False,LARGE,165.0,76.0,여성,2026-07-01 23:41:15,사이즈: 조금 큼 / 화면 대비 색감: 화면과 비슷 / 두께감: 적당함 / 신축성: 적당함,True,0,travel,상의,LARGE,,2026,7,1,수,5,응답,조금 큼,화면과 비슷,,,,적당함,적당함,,,,3.0,3.0,,1.0,1.0,0.0,0.0,,,실제로 보면 좀 더 아이보리에 가깝고 롱스커트나 하프 팬츠랑 입으려고 샀는데 만적합니다,실제로보면좀더아이보리에가깝고롱스커트나하프팬츠랑입으려고샀는데만적합니다,0,0,0,0,0,False,48,37,48,True
4946729,85932507,general,이진영영영영영,생각보다 나브지않아요 기본타로 그녕 막 입을려고샀는데 이쁘네요 다들 사세요,4.0,False,SMALL,163.0,48.0,여성,2026-06-30 18:16:20,사이즈: 정사이즈 / 화면 대비 색감: 화면과 비슷 / 두께감: 적당함 / 신축성: 적당함,False,0,travel,상의,SMALL,,2026,6,30,화,4,응답,정사이즈,화면과 비슷,,,,적당함,적당함,,,,3.0,3.0,,0.0,0.0,0.0,0.0,,,생각보다 나브지않아요 기본타로 그녕 막 입을려고샀는데 이쁘네요 다들 사세요,생각보다나브지않아요기본타로그녕막입을려고샀는데이쁘네요다들사세요,0,0,0,0,0,False,41,33,41,True
4946729,85914660,general,88zkdlin,재질이 얇고 시원한데 많이 비치치도 않아서 좋아용,5.0,False,SMALL,160.0,47.0,여성,2026-06-29 23:33:41,사이즈: 정사이즈 / 화면 대비 색감: 화면과 비슷 / 두께감: 적당함 / 신축성: 적당함,False,0,travel,상의,SMALL,,2026,6,29,월,5,응답,정사이즈,화면과 비슷,,,,적당함,적당함,,,,3.0,3.0,,0.0,0.0,0.0,0.0,,,재질이 얇고 시원한데 많이 비치치도 않아서 좋아용,재질이얇고시원한데많이비치치도않아서좋아용,0,0,0,0,0,False,27,21,27,True
4946729,85845309,general,쳌흐무늬,사진에 보이다 싶이 얇고 후들후들해서 여름에 입기 좋습니다 프린팅도 흔하지 않아서 좋아요,5.0,False,MEDIUM,164.0,66.0,여성,2026-06-28 03:15:52,사이즈: 정사이즈 / 화면 대비 색감: 화면과 비슷 / 두께감: 적당함 / 신축성: 적당함,True,0,travel,상의,MEDIUM,,2026,6,28,일,5,응답,정사이즈,화면과 비슷,,,,적당함,적당함,,,,3.0,3.0,,0.0,0.0,0.0,0.0,,,사진에 보이다 싶이 얇고 후들후들해서 여름에 입기 좋습니다 프린팅도 흔하지 않아서 좋아요,사진에보이다싶이얇고후들후들해서여름에입기좋습니다프린팅도흔하지않아서좋아요,0,0,0,0,0,False,49,38,49,True
4946729,85820895,general,Nayooon,적당히 오버핏이어서 좋아요 그리고 얇은데 비치지는 않아서 좋아여,5.0,False,MEDIUM,168.0,58.0,여성,2026-06-27 08:20:57,사이즈: 조금 큼 / 화면 대비 색감: 밝음 / 두께감: 적당함 / 신축성: 적당함,False,0,travel,상의,MEDIUM,,2026,6,27,토,5,응답,조금 큼,밝음,,,,적당함,적당함,,,,3.0,3.0,,1.0,1.0,1.0,1.0,,,적당히 오버핏이어서 좋아요 그리고 얇은데 비치지는 않아서 좋아여,적당히오버핏이어서좋아요그리고얇은데비치지는않아서좋아여,0,0,0,0,0,False,35,28,35,True
4946729,85760190,general,빛나는라임브이넥,색은 옵션처럼 딱 베이지 빛 도는 크림색이구 프린팅 너무 귀여워용♡♡ 두께는 조금 얇긴 한데 이정도는 괜찮아용👍,5.0,False,EXTRA LARGE,164.0,80.0,여성,2026-06-27 01:45:31,사이즈: 조금 큼 / 화면 대비 색감: 화면과 비슷 / 두께감: 얇음 / 신축성: 적당함,True,0,travel,상의,EXTRA LARGE,,2026,6,27,토,5,응답,조금 큼,화면과 비슷,,,,적당함,얇음,,,,3.0,2.0,,1.0,1.0,0.0,0.0,,,색은 옵션처럼 딱 베이지 빛 도는 크림색이구 프린팅 너무 귀여워용♡♡ 두께는 조금 얇긴 한데 이정도는 괜찮아용,색은옵션처럼딱베이지빛도는크림색이구프린팅너무귀여워용두께는조금얇긴한데이정도는괜찮아용,0,0,0,0,1,False,62,44,61,True
4946729,85809045,general,단비꼬야야ㅏ악,프린팅이 생각보다 예뻐요 이번 여름에 잘 입을 것 같아요,5.0,False,LARGE,163.0,68.0,여성,2026-06-26 21:49:40,사이즈: 정사이즈 / 화면 대비 색감: 화면과 비슷 / 두께감: 적당함 / 신축성: 적당함,True,0,travel,상의,LARGE,,2026,6,26,금,5,응답,정사이즈,화면과 비슷,,,,적당함,적당함,,,,3.0,3.0,,0.0,0.0,0.0,0.0,,,프린팅이 생각보다 예뻐요 이번 여름에 잘 입을 것 같아요,프린팅이생각보다예뻐요이번여름에잘입을것같아요,0,0,0,0,0,False,31,23,31,True
4946729,85802949,general,기술적인신사모자,많이 커요.. 다들 사이즈 잘 보고 사세용.. 그리고 얇아서 좀 비쳐요.. 하지만 할인 받아서 샀기에 그냥 넘어가께요..,3.0,False,MEDIUM,165.0,58.0,여성,2026-06-26 19:35:55,사이즈: 많이 큼 / 화면 대비 색감: 화면과 비슷 / 두께감: 얇음 / 신축성: 적당함,False,0,travel,상의,MEDIUM,,2026,6,26,금,3,응답,많이 큼,화면과 비슷,,,,적당함,얇음,,,,3.0,2.0,,2.0,2.0,0.0,0.0,,,많이 커요.. 다들 사이즈 잘 보고 사세용.. 그리고 얇아서 좀 비쳐요.. 하지만 할인 받아서 샀기에 그냥 넘어가께요..,많이커요다들사이즈잘보고사세용그리고얇아서좀비쳐요하지만할인받아서샀기에그냥넘어가께요,0,0,0,0,0,False,67,43,67,True
4946729,85799317,general,anyeunueyna,"후들후들하고 박시해서 더운 여름에도 너무 편하게 잘 입을 수 있을 것 같고, 매일 매일 입어도 눈에 막 띄는 그런 디자인이 아니라서 정말 평소에도 막 입을 것 같아요. 포인트가 있어서 귀엽고 디자인이 일단 예뻐요. 흰색보다는 아이보리라서 입기에 더 부담이 적어요. 팔 소매 기장이 긴 편이라서 롤업해서 입으면 더 좋습니다!",5.0,False,LARGE,170.0,61.0,여성,2026-06-26 18:19:24,사이즈: 조금 큼 / 화면 대비 색감: 화면과 비슷 / 두께감: 얇음 / 신축성: 매우 강함,True,1,travel,상의,LARGE,,2026,6,26,금,5,응답,조금 큼,화면과 비슷,,,,매우 강함,얇음,,,,5.0,2.0,,1.0,1.0,0.0,0.0,,,"후들후들하고 박시해서 더운 여름에도 너무 편하게 잘 입을 수 있을 것 같고, 매일 매일 입어도 눈에 막 띄는 그런 디자인이 아니라서 정말 평소에도 막 입을 것 같아요. 포인트가 있어서 귀엽고 디자인이 일단 예뻐요. 흰색보다는 아이보리라서 입기에 더 부담이 적어요. 팔 소매 기장이 긴 편이라서 롤업해서 입으면 더 좋습니다!",후들후들하고박시해서더운여름에도너무편하게잘입을수있을것같고매일매일입어도눈에막띄는그런디자인이아니라서정말평소에도막입을것같아요포인트가있어서귀엽고디자인이일단예뻐요흰색보다는아이보리라서입기에더부담이적어요팔소매기장이긴편이라서롤업해서입으면더좋습니다,0,0,1,0,0,False,180,128,180,True
4946729,85797595,general,매끄러운플럼미니,프린팅이 너무 귀여워요 핏이 너무 이뻐용!!! 제가 딱 원하던 핏,5.0,False,SMALL,159.0,53.0,여성,2026-06-26 17:41:44,사이즈: 정사이즈 / 화면 대비 색감: 화면과 비슷 / 두께감: 두꺼움 / 신축성: 적당함,True,0,travel,상의,SMALL,,2026,6,26,금,5,응답,정사이즈,화면과 비슷,,,,적당함,두꺼움,,,,3.0,4.0,,0.0,0.0,0.0,0.0,,,프린팅이 너무 귀여워요 핏이 너무 이뻐용!!! 제가 딱 원하던 핏,프린팅이너무귀여워요핏이너무이뻐용제가딱원하던핏,0,0,3,0,0,True,36,24,36,True
4946729,85756079,general,지민민지지민,탄탄하고 원단 좋고 저같은 빅사이즈에게도 완전 아방하게 잘맞아서 가성비 데일리 반팔로 입기 좋아여,5.0,False,EXTRA LARGE,163.0,85.0,여성,2026-06-25 20:25:08,사이즈: 조금 큼 / 화면 대비 색감: 화면과 비슷 / 두께감: 얇음 / 신축성: 적당함,False,0,travel,상의,EXTRA LARGE,,2026,6,25,목,5,응답,조금 큼,화면과 비슷,,,,적당함,얇음,,,,3.0,2.0,,1.0,1.0,0.0,0.0,,,탄탄하고 원단 좋고 저같은 빅사이즈에게도 완전 아방하게 잘맞아서 가성비 데일리 반팔로 입기 좋아여,탄탄하고원단좋고저같은빅사이즈에게도완전아방하게잘맞아서가성비데일리반팔로입기좋아여,0,0,0,0,0,False,54,42,54,True
4946729,85711164,general,유명한하얀빅백,오늘받았고 싸이즈 낙낙하니 잘 맞아요  디자인 마음에들어서 구매했는데  사진하고 같아요 마음에 들어요,5.0,False,SMALL,160.0,55.0,여성,2026-06-24 22:29:54,사이즈: 정사이즈 / 화면 대비 색감: 화면과 비슷 / 두께감: 적당함 / 신축성: 적당함,False,0,travel,상의,SMALL,,2026,6,24,수,5,응답,정사이즈,화면과 비슷,,,,적당함,적당함,,,,3.0,3.0,,0.0,0.0,0.0,0.0,,,오늘받았고 싸이즈 낙낙하니 잘 맞아요 디자인 마음에들어서 구매했는데 사진하고 같아요 마음에 들어요,오늘받았고싸이즈낙낙하니잘맞아요디자인마음에들어서구매했는데사진하고같아요마음에들어요,0,0,0,0,0,False,56,43,54,True
4946729,85703590,general,먀먀먀모,출퇴근할 때 편하게 입으려고 ㅎ샀어요 디자인이 예뻐요,5.0,False,MEDIUM,164.0,57.0,여성,2026-06-24 20:55:50,사이즈: 조금 큼 / 화면 대비 색감: 화면과 비슷 / 두께감: 얇음 / 신축성: 적당함,True,0,travel,상의,MEDIUM,,2026,6,24,수,5,응답,조금 큼,화면과 비슷,,,,적당함,얇음,,,,3.0,2.0,,1.0,1.0,0.0,0.0,,,출퇴근할 때 편하게 입으려고 ㅎ샀어요 디자인이 예뻐요,출퇴근할때편하게입으려고샀어요디자인이예뻐요,1,0,0,0,0,False,29,22,29,True
4946729,85685531,general,yunohee,디자인 자체는 너무 예뻐요!! 근데 오래는 못입을 것 같은 느낌..  옷 생각보다 커요!,5.0,False,LARGE,163.0,67.0,여성,2026-06-24 16:12:40,사이즈: 조금 큼 / 화면 대비 색감: 어두움 / 두께감: 얇음 / 신축성: 적당함,False,0,travel,상의,LARGE,,2026,6,24,수,5,응답,조금 큼,어두움,,,,적당함,얇음,,,,3.0,2.0,,1.0,1.0,-1.0,1.0,,,디자인 자체는 너무 예뻐요!! 근데 오래는 못입을 것 같은 느낌.. 옷 생각보다 커요!,디자인자체는너무예뻐요근데오래는못입을것같은느낌옷생각보다커요,0,0,3,0,0,False,49,31,48,True
4946729,85657642,general,깁미더머니.,"생각보다 프린팅이 진한데, 예뻐요 여름에 막 입으려고 삼! 핏 잡아서 입는게 나아요",5.0,False,MEDIUM,162.0,55.0,여성,2026-06-24 02:57:23,사이즈: 정사이즈 / 화면 대비 색감: 화면과 비슷 / 두께감: 얇음 / 신축성: 적당함,True,0,travel,상의,MEDIUM,,2026,6,24,수,5,응답,정사이즈,화면과 비슷,,,,적당함,얇음,,,,3.0,2.0,,0.0,0.0,0.0,0.0,,,"생각보다 프린팅이 진한데, 예뻐요 여름에 막 입으려고 삼! 핏 잡아서 입는게 나아요",생각보다프린팅이진한데예뻐요여름에막입으려고삼핏잡아서입는게나아요,0,0,1,0,0,False,46,33,46,True
4946729,85647854,general,실크입은블루벌키,되게 얇아서 약간 비칠 수 있어요. 근데 그냥 막 편하게 입기 좋고 가격이 저렴해서 가성비 있는 것 같아여 팔 쪽에 접어서 입으면 더 이쁨니다,5.0,False,SMALL,160.0,55.0,여성,2026-06-23 23:14:04,사이즈: 조금 큼 / 화면 대비 색감: 화면과 비슷 / 두께감: 얇음 / 신축성: 적당함,False,0,travel,상의,SMALL,,2026,6,23,화,5,응답,조금 큼,화면과 비슷,,,,적당함,얇음,,,,3.0,2.0,,1.0,1.0,0.0,0.0,,,되게 얇아서 약간 비칠 수 있어요. 근데 그냥 막 편하게 입기 좋고 가격이 저렴해서 가성비 있는 것 같아여 팔 쪽에 접어서 입으면 더 이쁨니다,되게얇아서약간비칠수있어요근데그냥막편하게입기좋고가격이저렴해서가성비있는것같아여팔쪽에접어서입으면더이쁨니다,0,0,0,0,0,False,79,55,79,True
4946729,85645650,general,우아한보스턴체인,생각보다 얇고 더 크림색이에요 여기저기 잘 어울려서 편하게 입고 댕길수 있어용,5.0,False,SMALL,164.0,48.0,여성,2026-06-23 22:48:16,사이즈: 정사이즈 / 화면 대비 색감: 화면과 비슷 / 두께감: 적당함 / 신축성: 적당함,False,0,travel,상의,SMALL,,2026,6,23,화,5,응답,정사이즈,화면과 비슷,,,,적당함,적당함,,,,3.0,3.0,,0.0,0.0,0.0,0.0,,,생각보다 얇고 더 크림색이에요 여기저기 잘 어울려서 편하게 입고 댕길수 있어용,생각보다얇고더크림색이에요여기저기잘어울려서편하게입고댕길수있어용,0,0,0,0,0,False,43,33,43,True
4946729,85628294,general,lmh0323,일단 무난한데 또 엄청 무난한건 아니여서 청바지에 이거만 입어도 이뻐요 디자인도 유니크한것 같고 시원한 느낌도 있습니다 어느 바지에나 다 잘어울리고 완전 흰색이 아니라 손이 더 잘가요,5.0,False,MEDIUM,168.0,60.0,여성,2026-06-23 19:09:17,사이즈: 조금 큼 / 화면 대비 색감: 화면과 비슷 / 두께감: 얇음 / 신축성: 적당함,True,0,travel,상의,MEDIUM,,2026,6,23,화,5,응답,조금 큼,화면과 비슷,,,,적당함,얇음,,,,3.0,2.0,,1.0,1.0,0.0,0.0,,,일단 무난한데 또 엄청 무난한건 아니여서 청바지에 이거만 입어도 이뻐요 디자인도 유니크한것 같고 시원한 느낌도 있습니다 어느 바지에나 다 잘어울리고 완전 흰색이 아니라 손이 더 잘가요,일단무난한데또엄청무난한건아니여서청바지에이거만입어도이뻐요디자인도유니크한것같고시원한느낌도있습니다어느바지에나다잘어울리고완전흰색이아니라손이더잘가요,0,0,0,0,0,False,102,77,102,True
4946729,85617698,general,wiz2180,일단 두께가 얇아서 이너가 좀 어두우면 잘 보이는거 같아요 근데 옷은 너무 만족합니다!,4.0,False,SMALL,163.0,56.0,여성,2026-06-23 16:01:50,사이즈: 정사이즈 / 화면 대비 색감: 화면과 비슷 / 두께감: 얇음 / 신축성: 적당함,False,0,travel,상의,SMALL,,2026,6,23,화,4,응답,정사이즈,화면과 비슷,,,,적당함,얇음,,,,3.0,2.0,,0.0,0.0,0.0,0.0,,,일단 두께가 얇아서 이너가 좀 어두우면 잘 보이는거 같아요 근데 옷은 너무 만족합니다!,일단두께가얇아서이너가좀어두우면잘보이는거같아요근데옷은너무만족합니다,0,0,1,0,0,False,48,35,48,True
4946729,85550138,general,냉정한인사동뮬,빠른배송 좋구요 시원하게 잘 입구 있습니다 예뻐요,5.0,False,LARGE,168.0,55.0,여성,2026-06-22 09:26:47,사이즈: 정사이즈 / 화면 대비 색감: 화면과 비슷 / 두께감: 적당함 / 신축성: 적당함,True,0,travel,상의,LARGE,,2026,6,22,월,5,응답,정사이즈,화면과 비슷,,,,적당함,적당함,,,,3.0,3.0,,0.0,0.0,0.0,0.0,,,빠른배송 좋구요 시원하게 잘 입구 있습니다 예뻐요,빠른배송좋구요시원하게잘입구있습니다예뻐요,0,0,0,0,0,False,27,21,27,True
﻿4055253,85760723,style,심각한인사동구두,물 빠진 느낌이나 글자 색도 다 좋아요~ 핏도 괜찮아서 너무 마음에 드네요~,5.0,False,EXTRA LARGE,179.0,90.0,남성,2026-06-25 21:40:25,사이즈: 정사이즈 / 화면 대비 색감: 화면과 비슷 / 두께감: 적당함 / 신축성: 적당함,True,0,travel,상의,EXTRA LARGE,,2026,6,25,목,5,응답,정사이즈,화면과 비슷,,,,적당함,적당함,,,,3.0,3.0,,0.0,0.0,0.0,0.0,,,물 빠진 느낌이나 글자 색도 다 좋아요~ 핏도 괜찮아서 너무 마음에 드네요~,물빠진느낌이나글자색도다좋아요핏도괜찮아서너무마음에드네요,0,0,0,0,0,False,42,29,42,True
﻿4757001,82534370,general,아르네브,사이즈 잘 맞고 딱 원하던 스타일입니다 특히 별이 마음에 들어요 한 동안 잘 입었고 여름 지나고 간절기가 오면 잘 입겠습니다,5.0,False,MEDIUM,171.0,76.0,남성,2026-06-24 22:21:31,사이즈: 정사이즈 / 화면 대비 색감: 화면과 비슷 / 두께감: 적당함 / 신축성: 적당함,True,0,travel,상의,MEDIUM,,2026,6,24,수,5,응답,정사이즈,화면과 비슷,,,,적당함,적당함,,,,3.0,3.0,,0.0,0.0,0.0,0.0,,,사이즈 잘 맞고 딱 원하던 스타일입니다 특히 별이 마음에 들어요 한 동안 잘 입었고 여름 지나고 간절기가 오면 잘 입겠습니다,사이즈잘맞고딱원하던스타일입니다특히별이마음에들어요한동안잘입었고여름지나고간절기가오면잘입겠습니다,0,0,0,0,0,False,69,50,69,True
﻿4054548,85873692,general,체교물주먹,색감이 흔하지않은데 코디만 잘하면 예쁠거 같아요,5.0,False,EXTRA LARGE,181.0,79.0,남성,2026-06-28 17:45:54,사이즈: 정사이즈 / 화면 대비 색감: 화면과 비슷 / 두께감: 적당함 / 신축성: 적당함,True,0,travel,상의,EXTRA LARGE,,2026,6,28,일,5,응답,정사이즈,화면과 비슷,,,,적당함,적당함,,,,3.0,3.0,,0.0,0.0,0.0,0.0,,,색감이 흔하지않은데 코디만 잘하면 예쁠거 같아요,색감이흔하지않은데코디만잘하면예쁠거같아요,0,0,0,0,0,False,26,21,26,True
4054548,85547142,style,써니벨,운동할때나 일상생활에서도 편하게 입을 수 있어서 깔별로 구매중이예요 스몰은 허리쪽이 통이 작아서 핏이 이상해요 한치수 크게 입는게 좋네요,5.0,False,MEDIUM,165.0,48.0,여성,2026-06-22 07:15:26,사이즈: 정사이즈 / 화면 대비 색감: 화면과 비슷 / 두께감: 적당함 / 신축성: 적당함,True,0,travel,상의,MEDIUM,,2026,6,22,월,5,응답,정사이즈,화면과 비슷,,,,적당함,적당함,,,,3.0,3.0,,0.0,0.0,0.0,0.0,,,운동할때나 일상생활에서도 편하게 입을 수 있어서 깔별로 구매중이예요 스몰은 허리쪽이 통이 작아서 핏이 이상해요 한치수 크게 입는게 좋네요,운동할때나일상생활에서도편하게입을수있어서깔별로구매중이예요스몰은허리쪽이통이작아서핏이이상해요한치수크게입는게좋네요,0,0,0,0,0,False,76,59,76,True
4054548,85547101,general,써니벨,운동할때나 일상생활에서도 편하게 입을 수 있어서 깔별로 구매중이예요,5.0,False,MEDIUM,165.0,48.0,여성,2026-06-22 07:12:23,사이즈: 정사이즈 / 화면 대비 색감: 화면과 비슷 / 두께감: 적당함 / 신축성: 적당함,True,0,travel,상의,MEDIUM,,2026,6,22,월,5,응답,정사이즈,화면과 비슷,,,,적당함,적당함,,,,3.0,3.0,,0.0,0.0,0.0,0.0,,,운동할때나 일상생활에서도 편하게 입을 수 있어서 깔별로 구매중이예요,운동할때나일상생활에서도편하게입을수있어서깔별로구매중이예요,0,0,0,0,0,False,37,30,37,True
﻿4087444,83815135,style,흔한광주캡슐,별 모양이 마음에 들어서 샀는데 색깔도 예쁘고 옷도 편해요.,5.0,False,EXTRA LARGE,171.0,75.0,남성,2026-06-25 14:59:45,사이즈: 정사이즈 / 화면 대비 색감: 화면과 비슷 / 두께감: 얇음 / 신축성: 강함,True,0,travel,상의,EXTRA LARGE,,2026,6,25,목,5,응답,정사이즈,화면과 비슷,,,,강함,얇음,,,,4.0,2.0,,0.0,0.0,0.0,0.0,,,별 모양이 마음에 들어서 샀는데 색깔도 예쁘고 옷도 편해요.,별모양이마음에들어서샀는데색깔도예쁘고옷도편해요,0,0,0,0,0,False,33,24,33,True
4087444,83815103,general,흔한광주캡슐,색깔도 예쁘고 총장 길이도 너무 길지 않아서 좋아요.,5.0,False,EXTRA LARGE,171.0,75.0,남성,2026-06-25 14:53:39,사이즈: 정사이즈 / 화면 대비 색감: 화면과 비슷 / 두께감: 얇음 / 신축성: 강함,True,0,travel,상의,EXTRA LARGE,,2026,6,25,목,5,응답,정사이즈,화면과 비슷,,,,강함,얇음,,,,4.0,2.0,,0.0,0.0,0.0,0.0,,,색깔도 예쁘고 총장 길이도 너무 길지 않아서 좋아요.,색깔도예쁘고총장길이도너무길지않아서좋아요,0,0,0,0,0,False,29,21,29,True
﻿4054551,85639884,style,하나신,아들이 이브랜드 티셔츠를 여러장 가지고 있는데 세탁해도 변형이 적고 원단이 좋더라구요.마침 세일하길래 한장 구입해봤어요.예상했던 것보다 그레이톤이 강하게 얹어진 꽤 탁한 핑크색이네요.얼굴을 밝혀주는 핑크톤은 아니지만 무난하게 입을수 있을거 같아요.자꾸 살이 찌니 큰사이즈만 찾게 되네요.잘 입을게요.,5.0,False,LARGE,160.0,50.0,여성,2026-06-24 22:31:47,사이즈: 많이 큼 / 화면 대비 색감: 어두움 / 두께감: 적당함 / 신축성: 적당함,True,0,travel,상의,LARGE,,2026,6,24,수,5,응답,많이 큼,어두움,,,,적당함,적당함,,,,3.0,3.0,,2.0,2.0,-1.0,1.0,,,아들이 이브랜드 티셔츠를 여러장 가지고 있는데 세탁해도 변형이 적고 원단이 좋더라구요.마침 세일하길래 한장 구입해봤어요.예상했던 것보다 그레이톤이 강하게 얹어진 꽤 탁한 핑크색이네요.얼굴을 밝혀주는 핑크톤은 아니지만 무난하게 입을수 있을거 같아요.자꾸 살이 찌니 큰사이즈만 찾게 되네요.잘 입을게요.,아들이이브랜드티셔츠를여러장가지고있는데세탁해도변형이적고원단이좋더라구요마침세일하길래한장구입해봤어요예상했던것보다그레이톤이강하게얹어진꽤탁한핑크색이네요얼굴을밝혀주는핑크톤은아니지만무난하게입을수있을거같아요자꾸살이찌니큰사이즈만찾게되네요잘입을게요,0,0,0,0,0,False,167,128,167,True
4054551,85640156,general,하나신,일단 세일 가격이 너무 만족스럽고 원단이 너무 얇지도 두껍지도 않은 적당한 두께라서 좋아요.색은그레이톤이 강한 핑크색이고 넉넉하게 입으려고 라지 사봤어요~,5.0,False,LARGE,160.0,50.0,여성,2026-06-23 21:44:44,사이즈: 조금 큼 / 화면 대비 색감: 어두움 / 두께감: 적당함 / 신축성: 적당함,True,0,travel,상의,LARGE,,2026,6,23,화,5,응답,조금 큼,어두움,,,,적당함,적당함,,,,3.0,3.0,,1.0,1.0,-1.0,1.0,,,일단 세일 가격이 너무 만족스럽고 원단이 너무 얇지도 두껍지도 않은 적당한 두께라서 좋아요.색은그레이톤이 강한 핑크색이고 넉넉하게 입으려고 라지 사봤어요~,일단세일가격이너무만족스럽고원단이너무얇지도두껍지도않은적당한두께라서좋아요색은그레이톤이강한핑크색이고넉넉하게입으려고라지사봤어요,0,0,0,0,0,False,86,66,86,True
4054551,85599471,general,토마토케찹,"배송 아주 빨랐구요, 화면과 색상 같아요. 톤다운 핑크 프린트도 너무 예뻐요",5.0,False,EXTRA LARGE,163.0,79.0,여성,2026-06-23 08:34:57,사이즈: 정사이즈 / 화면 대비 색감: 화면과 비슷 / 두께감: 얇음 / 신축성: 적당함,False,0,travel,상의,EXTRA LARGE,,2026,6,23,화,5,응답,정사이즈,화면과 비슷,,,,적당함,얇음,,,,3.0,2.0,,0.0,0.0,0.0,0.0,,,"배송 아주 빨랐구요, 화면과 색상 같아요. 톤다운 핑크 프린트도 너무 예뻐요",배송아주빨랐구요화면과색상같아요톤다운핑크프린트도너무예뻐요,0,0,0,0,0,False,42,30,42,True
﻿5177999,85912642,style,임나우,"등 전면 샷에서 드러나는 자연스러운 오버사이즈 핏이 아주 트렌디합니다. 소매와 몸판의 컬러 배색(레이어드 스타일)과 전면의 스포티한 그래픽 디자인이 심심할 수 있는 반팔 코디에 확실한 포인트가 됩니다. ​코디 만족도: 사진처럼 블랙 이너(쿨토시나 긴팔)와 레이어드했을 때 스포티하고 테크니컬한 무드가 극대화됩니다. 그레이와 화이트 톤의 조합이라 어떤 하의와 매치해도 매끄럽게 어울리는 범용성을 자랑합니다. ​총평: 핏과 그래픽 디테일 모두 만족스러우며, 단품으로도 레이어드로도 고프코어/스트릿 무드를 내기 좋은 만능 티셔츠입니다.",5.0,False,04. 커브드 라인 래글런_차콜 · LARGE,170.0,70.0,남성,2026-06-29 22:27:52,사이즈: 정사이즈 / 화면 대비 색감: 화면과 비슷 / 두께감: 적당함 / 신축성: 적당함,True,1,travel,상의,LARGE,04. 커브드 라인 래글런_차콜,2026,6,29,월,5,응답,정사이즈,화면과 비슷,,,,적당함,적당함,,,,3.0,3.0,,0.0,0.0,0.0,0.0,,,"등 전면 샷에서 드러나는 자연스러운 오버사이즈 핏이 아주 트렌디합니다. 소매와 몸판의 컬러 배색(레이어드 스타일)과 전면의 스포티한 그래픽 디자인이 심심할 수 있는 반팔 코디에 확실한 포인트가 됩니다. ​코디 만족도: 사진처럼 블랙 이너(쿨토시나 긴팔)와 레이어드했을 때 스포티하고 테크니컬한 무드가 극대화됩니다. 그레이와 화이트 톤의 조합이라 어떤 하의와 매치해도 매끄럽게 어울리는 범용성을 자랑합니다. ​총평: 핏과 그래픽 디테일 모두 만족스러우며, 단품으로도 레이어드로도 고프코어/스트릿 무드를 내기 좋은 만능 티셔츠입니다.",등전면샷에서드러나는자연스러운오버사이즈핏이아주트렌디합니다소매와몸판의컬러배색레이어드스타일과전면의스포티한그래픽디자인이심심할수있는반팔코디에확실한포인트가됩니다코디만족도사진처럼블랙이너쿨토시나긴팔와레이어드했을때스포티하고테크니컬한무드가극대화됩니다그레이와화이트톤의조합이라어떤하의와매치해도매끄럽게어울리는범용성을자랑합니다총평핏과그래픽디테일모두만족스러우며단품으로도레이어드로도고프코어스트릿무드를내기좋은만능티셔츠입니다,0,0,0,0,0,False,296,219,296,True
5177999,85901361,general,아이엠펌킨,뭔가 핏이 조금 애매해요 약간 가오리핏? 느낌이 있어요 팔 통이 넓어서 롤업해서 입으면 겨드랑이 밑에까지 속이 많이 보여요 근데 워낙 저렴한 가격에 구매해서 그냥저냥 입으려고합니다,5.0,False,03. 로고 라인업_블랙 차콜 · MEDIUM,158.0,55.0,여성,2026-06-29 15:32:15,사이즈: 정사이즈 / 화면 대비 색감: 화면과 비슷 / 두께감: 적당함 / 신축성: 적당함,False,0,travel,상의,MEDIUM,03. 로고 라인업_블랙 차콜,2026,6,29,월,5,응답,정사이즈,화면과 비슷,,,,적당함,적당함,,,,3.0,3.0,,0.0,0.0,0.0,0.0,,,뭔가 핏이 조금 애매해요 약간 가오리핏? 느낌이 있어요 팔 통이 넓어서 롤업해서 입으면 겨드랑이 밑에까지 속이 많이 보여요 근데 워낙 저렴한 가격에 구매해서 그냥저냥 입으려고합니다,뭔가핏이조금애매해요약간가오리핏느낌이있어요팔통이넓어서롤업해서입으면겨드랑이밑에까지속이많이보여요근데워낙저렴한가격에구매해서그냥저냥입으려고합니다,0,0,0,1,0,False,100,75,100,True
5177999,85817269,general,키키키키ee,색상이랑 프린팅이 마음에 들어요 다른 디자인도 구매하고싶네요,5.0,False,02. 2023 아카이브 로고_블루 섀도우 · SMALL,161.0,49.0,여성,2026-06-27 01:21:57,사이즈: 조금 큼 / 화면 대비 색감: 화면과 비슷 / 두께감: 적당함 / 신축성: 적당함,False,0,travel,상의,SMALL,02. 2023 아카이브 로고_블루 섀도우,2026,6,27,토,5,응답,조금 큼,화면과 비슷,,,,적당함,적당함,,,,3.0,3.0,,1.0,1.0,0.0,0.0,,,색상이랑 프린팅이 마음에 들어요 다른 디자인도 구매하고싶네요,색상이랑프린팅이마음에들어요다른디자인도구매하고싶네요,0,0,0,0,0,False,33,27,33,True
5177999,85793235,general,임나우,"​1. 구매 이유 데일리로 입기 좋은 기본 반팔티를 찾다가 구성과 가성비가 좋아 보여서 구매했습니다. 그래픽 포인트가 있어서 단품으로 입어도 밋밋하지 않을 것 같았습니다. ​2. 디자인 및 퀄리티 ​디자인: 군더더기 없는 깔끔한 핏에 적당한 크기의 그래픽이 들어가 있어 포인트가 됩니다. 너무 과하지 않아 어떤 스타일의 바지나 겉옷과도 매치가 잘 됩니다. ​마감: 두 장이 한 세트로 구성되어 있는데, 가격 대비 소재가 탄탄하고 마감 처리가 우수합니다. 목 늘어남 걱정을 크게 안 해도 될 만큼 만듦새가 좋습니다. ​3. 착용감 ​소재감: 원단이 너무 얇지도 두껍지도 않아서 비침이 거의 없고, 피부에 닿는 느낌이 부드럽습니다. ​사이즈: 정사이즈로 구매했는데, 몸에 너무 붙지 않는 여유로운 핏이라 활동하기 매우 편안합니다. ​4. 총평 기본템을 찾으시는 분들에게 적극 추천합니다. 구성도 좋고 퀄리티까지 챙긴 제품이라, 올여름에 데일리로 정말 자주 활용하게 될 것 같습니다. 가성비 좋은 그래픽 티셔츠 고민하신다면 만족하실 거예요.",5.0,False,04. 커브드 라인 래글런_차콜 · LARGE,170.0,70.0,남성,2026-06-26 16:20:31,사이즈: 정사이즈 / 화면 대비 색감: 화면과 비슷 / 두께감: 적당함 / 신축성: 적당함,True,1,travel,상의,LARGE,04. 커브드 라인 래글런_차콜,2026,6,26,금,5,응답,정사이즈,화면과 비슷,,,,적당함,적당함,,,,3.0,3.0,,0.0,0.0,0.0,0.0,,,"​1. 구매 이유 데일리로 입기 좋은 기본 반팔티를 찾다가 구성과 가성비가 좋아 보여서 구매했습니다. 그래픽 포인트가 있어서 단품으로 입어도 밋밋하지 않을 것 같았습니다. ​2. 디자인 및 퀄리티 ​디자인: 군더더기 없는 깔끔한 핏에 적당한 크기의 그래픽이 들어가 있어 포인트가 됩니다. 너무 과하지 않아 어떤 스타일의 바지나 겉옷과도 매치가 잘 됩니다. ​마감: 두 장이 한 세트로 구성되어 있는데, 가격 대비 소재가 탄탄하고 마감 처리가 우수합니다. 목 늘어남 걱정을 크게 안 해도 될 만큼 만듦새가 좋습니다. ​3. 착용감 ​소재감: 원단이 너무 얇지도 두껍지도 않아서 비침이 거의 없고, 피부에 닿는 느낌이 부드럽습니다. ​사이즈: 정사이즈로 구매했는데, 몸에 너무 붙지 않는 여유로운 핏이라 활동하기 매우 편안합니다. ​4. 총평 기본템을 찾으시는 분들에게 적극 추천합니다. 구성도 좋고 퀄리티까지 챙긴 제품이라, 올여름에 데일리로 정말 자주 활용하게 될 것 같습니다. 가성비 좋은 그래픽 티셔츠 고민하신다면 만족하실 거예요.",1구매이유데일리로입기좋은기본반팔티를찾다가구성과가성비가좋아보여서구매했습니다그래픽포인트가있어서단품으로입어도밋밋하지않을것같았습니다2디자인및퀄리티디자인군더더기없는깔끔한핏에적당한크기의그래픽이들어가있어포인트가됩니다너무과하지않아어떤스타일의바지나겉옷과도매치가잘됩니다마감두장이한세트로구성되어있는데가격대비소재가탄탄하고마감처리가우수합니다목늘어남걱정을크게안해도될만큼만듦새가좋습니다3착용감소재감원단이너무얇지도두껍지도않아서비침이거의없고피부에닿는느낌이부드럽습니다사이즈정사이즈로구매했는데몸에너무붙지않는여유로운핏이라활동하기매우편안합니다4총평기본템을찾으시는분들에게적극추천합니다구성도좋고퀄리티까지챙긴제품이라올여름에데일리로정말자주활용하게될것같습니다가성비좋은그래픽티셔츠고민하신다면만족하실거예요,0,0,0,0,0,False,523,362,523,True
5177999,85786625,general,우리 ㅎ,디자인 핏 전부 괜찮습니다 여름에 데일리로 바꿔가면서 입으면 딱 좋을 거 같아요,5.0,False,01. 디스코_크림 · EXTRA LARGE,168.0,88.0,남성,2026-06-26 14:01:57,사이즈: 정사이즈 / 화면 대비 색감: 화면과 비슷 / 두께감: 얇음 / 신축성: 적당함,True,0,travel,상의,EXTRA LARGE,01. 디스코_크림,2026,6,26,금,5,응답,정사이즈,화면과 비슷,,,,적당함,얇음,,,,3.0,2.0,,0.0,0.0,0.0,0.0,,,디자인 핏 전부 괜찮습니다 여름에 데일리로 바꿔가면서 입으면 딱 좋을 거 같아요,디자인핏전부괜찮습니다여름에데일리로바꿔가면서입으면딱좋을거같아요,0,0,0,0,0,False,44,33,44,True
5177999,85739619,general,평범한브라운버클,파란색이 유니크한 느낌에 파랑색이라 맘에 들었어요!,5.0,False,03. 로고 라인업_블랙 차콜 · MEDIUM,157.0,50.0,여성,2026-06-25 14:45:08,사이즈: 정사이즈 / 화면 대비 색감: 화면과 비슷 / 두께감: 적당함 / 신축성: 적당함,False,0,travel,상의,MEDIUM,03. 로고 라인업_블랙 차콜,2026,6,25,목,5,응답,정사이즈,화면과 비슷,,,,적당함,적당함,,,,3.0,3.0,,0.0,0.0,0.0,0.0,,,파란색이 유니크한 느낌에 파랑색이라 맘에 들었어요!,파란색이유니크한느낌에파랑색이라맘에들었어요,0,0,1,0,0,False,28,22,28,True
5177999,85730203,general,yukyuk,사이즈 넉넉하고 재질 좋아요. 요즘 트래블 제품에 너무 만족중입니다.,5.0,False,03. 로고 라인업_크림 · EXTRA LARGE,175.0,76.0,남성,2026-06-25 11:03:45,사이즈: 정사이즈 / 화면 대비 색감: 화면과 비슷 / 두께감: 적당함 / 신축성: 적당함,False,0,travel,상의,EXTRA LARGE,03. 로고 라인업_크림,2026,6,25,목,5,응답,정사이즈,화면과 비슷,,,,적당함,적당함,,,,3.0,3.0,,0.0,0.0,0.0,0.0,,,사이즈 넉넉하고 재질 좋아요. 요즘 트래블 제품에 너무 만족중입니다.,사이즈넉넉하고재질좋아요요즘트래블제품에너무만족중입니다,0,0,0,0,0,False,38,28,38,True
5177999,85717831,general,재군님,묵직하고 차분한 차콜 컬러에 전면 'TRAVEL' 센터 그래픽이 은은하게 나염 처리되어 멋스러운 셔츠입니다. 너무 과하게 튀지 않으면서도 캐주얼한 포인트를 짚어주어 데일리 룩으로 손색이 없습니다. 적당히 워싱된 듯한 원단 느낌이 스트릿 패션이나 빈티지 룩을 좋아하시는 분들께 취향 저격일 것 같습니다.,5.0,False,02. 2023 아카이브 로고_블랙 차콜 · EXTRA LARGE,169.0,76.0,남성,2026-06-24 23:54:11,사이즈: 정사이즈 / 화면 대비 색감: 화면과 비슷 / 두께감: 적당함 / 신축성: 적당함,True,0,travel,상의,EXTRA LARGE,02. 2023 아카이브 로고_블랙 차콜,2026,6,24,수,5,응답,정사이즈,화면과 비슷,,,,적당함,적당함,,,,3.0,3.0,,0.0,0.0,0.0,0.0,,,묵직하고 차분한 차콜 컬러에 전면 'TRAVEL' 센터 그래픽이 은은하게 나염 처리되어 멋스러운 셔츠입니다. 너무 과하게 튀지 않으면서도 캐주얼한 포인트를 짚어주어 데일리 룩으로 손색이 없습니다. 적당히 워싱된 듯한 원단 느낌이 스트릿 패션이나 빈티지 룩을 좋아하시는 분들께 취향 저격일 것 같습니다.,묵직하고차분한차콜컬러에전면travel센터그래픽이은은하게나염처리되어멋스러운셔츠입니다너무과하게튀지않으면서도캐주얼한포인트를짚어주어데일리룩으로손색이없습니다적당히워싱된듯한원단느낌이스트릿패션이나빈티지룩을좋아하시는분들께취향저격일것같습니다,0,0,0,0,0,False,168,119,168,True
5177999,85689911,style,유유얘비,저렴하게 구매했어요 목이 튼튼해서 만족해요 빠른배송 감사,5.0,False,03. 로고 라인업_블랙 차콜 · LARGE,184.0,70.0,남성,2026-06-24 17:24:33,사이즈: 정사이즈 / 화면 대비 색감: 화면과 비슷 / 두께감: 적당함 / 신축성: 적당함,True,0,travel,상의,LARGE,03. 로고 라인업_블랙 차콜,2026,6,24,수,5,응답,정사이즈,화면과 비슷,,,,적당함,적당함,,,,3.0,3.0,,0.0,0.0,0.0,0.0,,,저렴하게 구매했어요 목이 튼튼해서 만족해요 빠른배송 감사,저렴하게구매했어요목이튼튼해서만족해요빠른배송감사,0,0,0,0,0,False,31,25,31,True
5177999,85689770,general,유유얘비,질좋고 튼튼한 상품 저렴하게 구매했어요 만족합니다,5.0,False,03. 로고 라인업_블랙 차콜 · LARGE,184.0,70.0,남성,2026-06-24 17:22:47,사이즈: 정사이즈 / 화면 대비 색감: 화면과 비슷 / 두께감: 적당함 / 신축성: 적당함,True,0,travel,상의,LARGE,03. 로고 라인업_블랙 차콜,2026,6,24,수,5,응답,정사이즈,화면과 비슷,,,,적당함,적당함,,,,3.0,3.0,,0.0,0.0,0.0,0.0,,,질좋고 튼튼한 상품 저렴하게 구매했어요 만족합니다,질좋고튼튼한상품저렴하게구매했어요만족합니다,0,0,0,0,0,False,27,22,27,True
5177999,85676513,style,팔랑행,트래블에서 티셔츠만 5개 넘게 샀어요 아주 마음에 듭니다!,5.0,False,02. 2023 아카이브 로고_블루 섀도우 · LARGE,165.0,48.0,여성,2026-06-24 13:25:30,사이즈: 많이 큼 / 화면 대비 색감: 화면과 비슷 / 두께감: 적당함 / 신축성: 적당함,True,0,travel,상의,LARGE,02. 2023 아카이브 로고_블루 섀도우,2026,6,24,수,5,응답,많이 큼,화면과 비슷,,,,적당함,적당함,,,,3.0,3.0,,2.0,2.0,0.0,0.0,,,트래블에서 티셔츠만 5개 넘게 샀어요 아주 마음에 듭니다!,트래블에서티셔츠만5개넘게샀어요아주마음에듭니다,0,0,1,0,0,False,32,23,32,True
5177999,85644256,general,존경받는영국지갑,저렴한 가격에 구매했어요 두께감도 얇아서 한여름에도 입기 괜찮겟어요,5.0,False,03. 로고 라인업_블랙 차콜 · EXTRA LARGE,173.0,85.0,남성,2026-06-23 22:31:50,사이즈: 정사이즈 / 화면 대비 색감: 밝음 / 두께감: 적당함 / 신축성: 적당함,False,0,travel,상의,EXTRA LARGE,03. 로고 라인업_블랙 차콜,2026,6,23,화,5,응답,정사이즈,밝음,,,,적당함,적당함,,,,3.0,3.0,,0.0,0.0,1.0,1.0,,,저렴한 가격에 구매했어요 두께감도 얇아서 한여름에도 입기 괜찮겟어요,저렴한가격에구매했어요두께감도얇아서한여름에도입기괜찮겟어요,0,0,0,0,0,False,37,30,37,True
5177999,85547615,style,써니벨,피그먼트 재질도 좋고 색이랑 디자인도 맘에 들어요,5.0,False,02. 2023 아카이브 로고_블랙 차콜 · MEDIUM,165.0,48.0,여성,2026-06-22 07:44:04,사이즈: 정사이즈 / 화면 대비 색감: 화면과 비슷 / 두께감: 적당함 / 신축성: 적당함,True,0,travel,상의,MEDIUM,02. 2023 아카이브 로고_블랙 차콜,2026,6,22,월,5,응답,정사이즈,화면과 비슷,,,,적당함,적당함,,,,3.0,3.0,,0.0,0.0,0.0,0.0,,,피그먼트 재질도 좋고 색이랑 디자인도 맘에 들어요,피그먼트재질도좋고색이랑디자인도맘에들어요,0,0,0,0,0,False,27,21,27,True
5177999,85547586,general,써니벨,재질도 좋고 디자인도 맘에 들어요 오버사이즈로 입어야 예뻐요,5.0,False,03. 로고 라인업_크림 · SMALL,165.0,48.0,여성,2026-06-22 07:42:26,사이즈: 정사이즈 / 화면 대비 색감: 화면과 비슷 / 두께감: 적당함 / 신축성: 적당함,True,0,travel,상의,SMALL,03. 로고 라인업_크림,2026,6,22,월,5,응답,정사이즈,화면과 비슷,,,,적당함,적당함,,,,3.0,3.0,,0.0,0.0,0.0,0.0,,,재질도 좋고 디자인도 맘에 들어요 오버사이즈로 입어야 예뻐요,재질도좋고디자인도맘에들어요오버사이즈로입어야예뻐요,0,0,0,0,0,False,33,26,33,True
5177999,85547574,general,써니벨,재질도 좋고 디자인도 맘에 들어요 오버사이즈로 입어야 예뻐요,5.0,False,03. 로고 라인업_크림 · MEDIUM,165.0,48.0,여성,2026-06-22 07:41:51,사이즈: 정사이즈 / 화면 대비 색감: 화면과 비슷 / 두께감: 적당함 / 신축성: 적당함,True,0,travel,상의,MEDIUM,03. 로고 라인업_크림,2026,6,22,월,5,응답,정사이즈,화면과 비슷,,,,적당함,적당함,,,,3.0,3.0,,0.0,0.0,0.0,0.0,,,재질도 좋고 디자인도 맘에 들어요 오버사이즈로 입어야 예뻐요,재질도좋고디자인도맘에들어요오버사이즈로입어야예뻐요,0,0,0,0,0,False,33,26,33,True
5177999,85547272,general,정적인시애틀핀턱,아들입히려고사서 잘입고있습니다 싸게잘살듯,5.0,False,02. 2023 아카이브 로고_블랙 차콜 · SMALL,171.0,88.0,남성,2026-06-22 07:24:13,사이즈: 정사이즈 / 화면 대비 색감: 화면과 비슷 / 두께감: 적당함 / 신축성: 적당함,False,0,travel,상의,SMALL,02. 2023 아카이브 로고_블랙 차콜,2026,6,22,월,5,응답,정사이즈,화면과 비슷,,,,적당함,적당함,,,,3.0,3.0,,0.0,0.0,0.0,0.0,,,아들입히려고사서 잘입고있습니다 싸게잘살듯,아들입히려고사서잘입고있습니다싸게잘살듯,0,0,0,0,0,False,22,20,22,True
﻿6205180,86007108,general,호또호또호,사이즈 딱 맞고 입어보니 너무 예쁘네요 배송도 빠르고 이뻐용,5.0,False,M,177.0,80.0,남성,2026-07-03 09:29:20,사이즈: 정사이즈 / 화면 대비 색감: 화면과 비슷 / 두께감: 적당함 / 신축성: 적당함,True,0,travel,상의,M,,2026,7,3,금,5,응답,정사이즈,화면과 비슷,,,,적당함,적당함,,,,3.0,3.0,,0.0,0.0,0.0,0.0,,,사이즈 딱 맞고 입어보니 너무 예쁘네요 배송도 빠르고 이뻐용,사이즈딱맞고입어보니너무예쁘네요배송도빠르고이뻐용,0,0,0,0,0,False,33,25,33,True
6205180,85955389,general,경준park,짧은 반팔인데?너무 짧지 않고 딱 적당한 길이인거 같아서 좋아요,5.0,False,L,173.0,77.0,남성,2026-07-01 12:37:30,사이즈: 정사이즈 / 화면 대비 색감: 화면과 비슷 / 두께감: 적당함 / 신축성: 적당함,False,0,travel,상의,L,,2026,7,1,수,5,응답,정사이즈,화면과 비슷,,,,적당함,적당함,,,,3.0,3.0,,0.0,0.0,0.0,0.0,,,짧은 반팔인데?너무 짧지 않고 딱 적당한 길이인거 같아서 좋아요,짧은반팔인데너무짧지않고딱적당한길이인거같아서좋아요,0,0,0,1,0,False,35,26,35,True
6205180,85910015,style,망한민국,올여름은 이걸 입고 다닐거같아요 자주 잘입을듯,5.0,False,L,173.0,80.0,남성,2026-06-29 21:05:58,사이즈: 정사이즈 / 화면 대비 색감: 화면과 비슷 / 두께감: 적당함 / 신축성: 적당함,True,0,travel,상의,L,,2026,6,29,월,5,응답,정사이즈,화면과 비슷,,,,적당함,적당함,,,,3.0,3.0,,0.0,0.0,0.0,0.0,,,올여름은 이걸 입고 다닐거같아요 자주 잘입을듯,올여름은이걸입고다닐거같아요자주잘입을듯,0,0,0,0,0,False,25,20,25,True
6205180,85910002,general,망한민국,핏 재질 맘에 들어요 올 여름은 이거입니다 자주 입을듯,5.0,False,L,173.0,80.0,남성,2026-06-29 21:05:22,사이즈: 정사이즈 / 화면 대비 색감: 화면과 비슷 / 두께감: 적당함 / 신축성: 적당함,True,0,travel,상의,L,,2026,6,29,월,5,응답,정사이즈,화면과 비슷,,,,적당함,적당함,,,,3.0,3.0,,0.0,0.0,0.0,0.0,,,핏 재질 맘에 들어요 올 여름은 이거입니다 자주 입을듯,핏재질맘에들어요올여름은이거입니다자주입을듯,0,0,0,0,0,False,30,22,30,True
6205180,85860482,general,주주히이히힝,이쁘고 재구매하게요 추천드려요 매일 입는중입니당,5.0,False,L,170.0,66.0,남성,2026-06-28 10:55:34,사이즈: 정사이즈 / 화면 대비 색감: 화면과 비슷 / 두께감: 적당함 / 신축성: 적당함,False,0,travel,상의,L,,2026,6,28,일,5,응답,정사이즈,화면과 비슷,,,,적당함,적당함,,,,3.0,3.0,,0.0,0.0,0.0,0.0,,,이쁘고 재구매하게요 추천드려요 매일 입는중입니당,이쁘고재구매하게요추천드려요매일입는중입니당,0,0,0,0,0,False,26,22,26,True
6205180,85742020,general,기차히,편하고 크롭이라 스타일 좋아요 자주 입을 것 같습니다,5.0,False,L,177.0,64.0,남성,2026-06-25 15:42:51,사이즈: 정사이즈 / 화면 대비 색감: 화면과 비슷 / 두께감: 적당함 / 신축성: 적당함,False,0,travel,상의,L,,2026,6,25,목,5,응답,정사이즈,화면과 비슷,,,,적당함,적당함,,,,3.0,3.0,,0.0,0.0,0.0,0.0,,,편하고 크롭이라 스타일 좋아요 자주 입을 것 같습니다,편하고크롭이라스타일좋아요자주입을것같습니다,0,0,0,0,0,False,29,22,29,True
6205180,85673992,general,이석이,원하던 색상과 핏이에요  저렴하게 잘샀어요 최고,5.0,False,L,175.0,74.0,남성,2026-06-24 12:35:25,사이즈: 정사이즈 / 화면 대비 색감: 화면과 비슷 / 두께감: 적당함 / 신축성: 적당함,True,0,travel,상의,L,,2026,6,24,수,5,응답,정사이즈,화면과 비슷,,,,적당함,적당함,,,,3.0,3.0,,0.0,0.0,0.0,0.0,,,원하던 색상과 핏이에요 저렴하게 잘샀어요 최고,원하던색상과핏이에요저렴하게잘샀어요최고,0,0,0,0,0,False,26,20,25,True
6205180,85612769,general,h2jjun,여름동안 입을 티가 필요해서 샀는데 검은 팬츠에도 잘어울리고 청바지에도 잘어울려요,5.0,False,M,167.0,60.0,남성,2026-06-23 14:14:30,사이즈: 정사이즈 / 화면 대비 색감: 화면과 비슷 / 두께감: 적당함 / 신축성: 적당함,False,0,travel,상의,M,,2026,6,23,화,5,응답,정사이즈,화면과 비슷,,,,적당함,적당함,,,,3.0,3.0,,0.0,0.0,0.0,0.0,,,여름동안 입을 티가 필요해서 샀는데 검은 팬츠에도 잘어울리고 청바지에도 잘어울려요,여름동안입을티가필요해서샀는데검은팬츠에도잘어울리고청바지에도잘어울려요,0,0,0,0,0,False,45,36,45,True
6205180,85576605,general,장마엔이태원벨벳,디자인 예쁘고 만듦새 좋습니다 잘 사용하겠습니다,5.0,False,L,188.0,78.0,남성,2026-06-22 19:29:14,사이즈: 정사이즈 / 화면 대비 색감: 화면과 비슷 / 두께감: 적당함 / 신축성: 적당함,True,0,travel,상의,L,,2026,6,22,월,5,응답,정사이즈,화면과 비슷,,,,적당함,적당함,,,,3.0,3.0,,0.0,0.0,0.0,0.0,,,디자인 예쁘고 만듦새 좋습니다 잘 사용하겠습니다,디자인예쁘고만듦새좋습니다잘사용하겠습니다,0,0,0,0,0,False,26,21,26,True
﻿6083675,86014410,general,christy0790,눈여겨 보고 있다가 세일할때 구매했는데 색감 좋고 적당한 오버핏이라서 예뻐요!,5.0,False,M,160.0,48.0,여성,2026-07-03 15:26:04,사이즈: 조금 큼 / 화면 대비 색감: 화면과 비슷 / 두께감: 적당함 / 신축성: 적당함,True,0,travel,상의,M,,2026,7,3,금,5,응답,조금 큼,화면과 비슷,,,,적당함,적당함,,,,3.0,3.0,,1.0,1.0,0.0,0.0,,,눈여겨 보고 있다가 세일할때 구매했는데 색감 좋고 적당한 오버핏이라서 예뻐요!,눈여겨보고있다가세일할때구매했는데색감좋고적당한오버핏이라서예뻐요,0,0,1,0,0,False,43,33,43,True
6083675,85901252,general,아이엠펌킨,트래블에서 셔츠 3장 구매했는데 그 중에 가장 맘에 들어요 프린트된 컬러는 실제로는 톤다운 된 색상인데 나쁘지 않아요,5.0,False,L,158.0,55.0,여성,2026-06-29 15:29:20,사이즈: 정사이즈 / 화면 대비 색감: 화면과 비슷 / 두께감: 적당함 / 신축성: 적당함,False,0,travel,상의,L,,2026,6,29,월,5,응답,정사이즈,화면과 비슷,,,,적당함,적당함,,,,3.0,3.0,,0.0,0.0,0.0,0.0,,,트래블에서 셔츠 3장 구매했는데 그 중에 가장 맘에 들어요 프린트된 컬러는 실제로는 톤다운 된 색상인데 나쁘지 않아요,트래블에서셔츠3장구매했는데그중에가장맘에들어요프린트된컬러는실제로는톤다운된색상인데나쁘지않아요,0,0,0,0,0,False,65,48,65,True
6083675,85866043,general,찌에우다,편하게 입기 좋아요!!! 밋밋할 수 있는데 가운데 꽃이 포인트가 돼서 좋아용,5.0,False,S,158.0,53.0,여성,2026-06-28 14:02:39,사이즈: 정사이즈 / 화면 대비 색감: 화면과 비슷 / 두께감: 적당함 / 신축성: 적당함,True,0,travel,상의,S,,2026,6,28,일,5,응답,정사이즈,화면과 비슷,,,,적당함,적당함,,,,3.0,3.0,,0.0,0.0,0.0,0.0,,,편하게 입기 좋아요!!! 밋밋할 수 있는데 가운데 꽃이 포인트가 돼서 좋아용,편하게입기좋아요밋밋할수있는데가운데꽃이포인트가돼서좋아용,0,0,3,0,0,True,42,29,42,True
6083675,85790732,general,게으른연두색백팩,등치 엄청 커보이는데 프린팅이 예뻐요 작은사이즈로 하나 더 사고싶어요,5.0,False,L,163.0,70.0,여성,2026-06-26 15:29:43,사이즈: 많이 큼 / 화면 대비 색감: 화면과 비슷 / 두께감: 적당함 / 신축성: 적당함,False,0,travel,상의,L,,2026,6,26,금,5,응답,많이 큼,화면과 비슷,,,,적당함,적당함,,,,3.0,3.0,,2.0,2.0,0.0,0.0,,,등치 엄청 커보이는데 프린팅이 예뻐요 작은사이즈로 하나 더 사고싶어요,등치엄청커보이는데프린팅이예뻐요작은사이즈로하나더사고싶어요,0,0,0,0,0,False,38,30,38,True
6083675,85697161,general,신비로운로마룩북,저렴한 가격에 좋은 상품 구매했습니다. 사이즈도. 색감도 너무좋아요,5.0,False,XL,181.0,81.0,남성,2026-06-24 19:22:31,사이즈: 조금 작음 / 화면 대비 색감: 화면과 비슷 / 두께감: 얇음 / 신축성: 강함,True,0,travel,상의,XL,,2026,6,24,수,5,응답,조금 작음,화면과 비슷,,,,강함,얇음,,,,4.0,2.0,,-1.0,1.0,0.0,0.0,,,저렴한 가격에 좋은 상품 구매했습니다. 사이즈도. 색감도 너무좋아요,저렴한가격에좋은상품구매했습니다사이즈도색감도너무좋아요,0,0,0,0,0,False,37,28,37,True
6083675,85561268,general,내사탕민,기본샥상에 디자인 독특한 느낌에 목라인소재도 탄단하고 제품 좋아요,5.0,False,L,165.0,56.0,여성,2026-06-22 14:07:03,사이즈: 정사이즈 / 화면 대비 색감: 화면과 비슷 / 두께감: 적당함 / 신축성: 적당함,True,0,travel,상의,L,,2026,6,22,월,5,응답,정사이즈,화면과 비슷,,,,적당함,적당함,,,,3.0,3.0,,0.0,0.0,0.0,0.0,,,기본샥상에 디자인 독특한 느낌에 목라인소재도 탄단하고 제품 좋아요,기본샥상에디자인독특한느낌에목라인소재도탄단하고제품좋아요,0,0,0,0,0,False,36,29,36,True
6083675,85554519,general,버내너니냐,얇아서 시원한데 재질은 탄탄해서 아주 맘에 듭니당,5.0,False,XL,174.0,78.0,남성,2026-06-22 11:30:12,사이즈: 조금 큼 / 화면 대비 색감: 화면과 비슷 / 두께감: 얇음 / 신축성: 강함,False,0,travel,상의,XL,,2026,6,22,월,5,응답,조금 큼,화면과 비슷,,,,강함,얇음,,,,4.0,2.0,,1.0,1.0,0.0,0.0,,,얇아서 시원한데 재질은 탄탄해서 아주 맘에 듭니당,얇아서시원한데재질은탄탄해서아주맘에듭니당,0,0,0,0,0,False,27,21,27,True
﻿6083609,85889368,style,ttorrri,옷 재질 탄탄하고 질이 좋습니다. 자주 입을 것 같아요.,5.0,False,XL,162.0,68.0,여성,2026-06-29 01:47:17,사이즈: 정사이즈 / 화면 대비 색감: 화면과 비슷 / 두께감: 적당함 / 신축성: 적당함,True,0,travel,상의,XL,,2026,6,29,월,5,응답,정사이즈,화면과 비슷,,,,적당함,적당함,,,,3.0,3.0,,0.0,0.0,0.0,0.0,,,옷 재질 탄탄하고 질이 좋습니다. 자주 입을 것 같아요.,옷재질탄탄하고질이좋습니다자주입을것같아요,0,0,0,0,0,False,31,21,31,True
﻿6083607,85873670,general,체교물주먹,나쁘지않습니다 재질도 괜찮고 핏도 꽤 괜찮아요,5.0,False,XL,181.0,79.0,남성,2026-06-28 17:45:14,사이즈: 정사이즈 / 화면 대비 색감: 화면과 비슷 / 두께감: 적당함 / 신축성: 적당함,True,0,travel,상의,XL,,2026,6,28,일,5,응답,정사이즈,화면과 비슷,,,,적당함,적당함,,,,3.0,3.0,,0.0,0.0,0.0,0.0,,,나쁘지않습니다 재질도 괜찮고 핏도 꽤 괜찮아요,나쁘지않습니다재질도괜찮고핏도꽤괜찮아요,0,0,0,0,0,False,25,20,25,True
6083607,85690614,general,imhpy,두껍지 않은 반팔이라 더울 때 입기 좋아요 너무길지 않은 길이라 좋아요,5.0,False,M,172.0,71.0,여성,2026-06-24 17:35:01,사이즈: 조금 큼 / 화면 대비 색감: 매우 어두움 / 두께감: 얇음 / 신축성: 강함,False,0,travel,상의,M,,2026,6,24,수,5,응답,조금 큼,매우 어두움,,,,강함,얇음,,,,4.0,2.0,,1.0,1.0,-2.0,2.0,,,두껍지 않은 반팔이라 더울 때 입기 좋아요 너무길지 않은 길이라 좋아요,두껍지않은반팔이라더울때입기좋아요너무길지않은길이라좋아요,0,0,0,0,0,False,39,29,39,True
﻿6083643,86013344,general,사서여,사이즈 적당하고 두께감도 적당햇습니다 색깔도 사진과 똑같아요,4.0,False,M,173.0,68.0,남성,2026-07-03 14:44:14,사이즈: 정사이즈 / 화면 대비 색감: 화면과 비슷 / 두께감: 적당함 / 신축성: 적당함,False,0,travel,상의,M,,2026,7,3,금,4,응답,정사이즈,화면과 비슷,,,,적당함,적당함,,,,3.0,3.0,,0.0,0.0,0.0,0.0,,,사이즈 적당하고 두께감도 적당햇습니다 색깔도 사진과 똑같아요,사이즈적당하고두께감도적당햇습니다색깔도사진과똑같아요,0,0,0,0,0,False,33,27,33,True
6083643,85992721,general,시크한라임반다나,배송은 완전 빠르지 않았지만 사이즈도 적당하고 길이도 너무 길지않고 적당하여 여름에 입기 좋습니다!!,5.0,False,S,172.0,73.0,남성,2026-07-02 18:36:07,사이즈: 정사이즈 / 화면 대비 색감: 화면과 비슷 / 두께감: 적당함 / 신축성: 적당함,False,0,travel,상의,S,,2026,7,2,목,5,응답,정사이즈,화면과 비슷,,,,적당함,적당함,,,,3.0,3.0,,0.0,0.0,0.0,0.0,,,배송은 완전 빠르지 않았지만 사이즈도 적당하고 길이도 너무 길지않고 적당하여 여름에 입기 좋습니다!!,배송은완전빠르지않았지만사이즈도적당하고길이도너무길지않고적당하여여름에입기좋습니다,0,0,2,0,0,False,56,42,56,True
6083643,85982114,general,제주도 노형,디자인이 흔하지 않았고 세일시즌에 가성비 좋게 얻었습니다. 그리고 사이즈 추천하자면 평소보다 1업 추천합니다,5.0,False,XL,178.0,70.0,남성,2026-07-02 11:17:10,사이즈: 조금 큼 / 화면 대비 색감: 밝음 / 두께감: 적당함 / 신축성: 적당함,False,0,travel,상의,XL,,2026,7,2,목,5,응답,조금 큼,밝음,,,,적당함,적당함,,,,3.0,3.0,,1.0,1.0,1.0,1.0,,,디자인이 흔하지 않았고 세일시즌에 가성비 좋게 얻었습니다. 그리고 사이즈 추천하자면 평소보다 1업 추천합니다,디자인이흔하지않았고세일시즌에가성비좋게얻었습니다그리고사이즈추천하자면평소보다1업추천합니다,0,0,0,0,0,False,60,46,60,True
6083643,85931068,general,송꼬부기1,색감이 너무 예뻐요! 재질도 너무 좋구요! 잘 입겠습니닷! 트래블 믿고 구매해요!!,5.0,False,XL,173.0,150.0,여성,2026-06-30 17:29:04,사이즈: 정사이즈 / 화면 대비 색감: 화면과 비슷 / 두께감: 적당함 / 신축성: 적당함,False,0,travel,상의,XL,,2026,6,30,화,5,응답,정사이즈,화면과 비슷,,,,적당함,적당함,,,,3.0,3.0,,0.0,0.0,0.0,0.0,,,색감이 너무 예뻐요! 재질도 너무 좋구요! 잘 입겠습니닷! 트래블 믿고 구매해요!!,색감이너무예뻐요재질도너무좋구요잘입겠습니닷트래블믿고구매해요,0,0,5,0,0,False,46,31,46,True
6083643,85909670,general,사탕먹는핑구,디자인이 유니크하구 이뻐서 샀는데 여자가 입기에도 넘 귀엽고 힙해요ㅠㅠ 가격도 저렴하구 체고체고,5.0,False,S,164.0,47.0,여성,2026-06-29 20:53:24,사이즈: 조금 큼 / 화면 대비 색감: 어두움 / 두께감: 얇음 / 신축성: 적당함,True,0,travel,상의,S,,2026,6,29,월,5,응답,조금 큼,어두움,,,,적당함,얇음,,,,3.0,2.0,,1.0,1.0,-1.0,1.0,,,디자인이 유니크하구 이뻐서 샀는데 여자가 입기에도 넘 귀엽고 힙해요ㅠㅠ 가격도 저렴하구 체고체고,디자인이유니크하구이뻐서샀는데여자가입기에도넘귀엽고힙해요가격도저렴하구체고체고,0,2,0,0,0,False,53,40,53,True
6083643,85793850,style,맑은시카고웨지,공용이라 그런지 m사이즈는 박시핏이에요 s사이즈 했어도 이뻣을거 같아요 색상은 크림이랑 아이보리 중간 정도 인대 프링팅이랑 배색이 이쁘게 들어가서 맘에 들어요  여기저기 편하게 잘 입을거 같아요,5.0,False,M,164.0,65.0,여성,2026-06-26 16:32:43,사이즈: 많이 큼 / 화면 대비 색감: 화면과 비슷 / 두께감: 적당함 / 신축성: 적당함,True,0,travel,상의,M,,2026,6,26,금,5,응답,많이 큼,화면과 비슷,,,,적당함,적당함,,,,3.0,3.0,,2.0,2.0,0.0,0.0,,,공용이라 그런지 m사이즈는 박시핏이에요 s사이즈 했어도 이뻣을거 같아요 색상은 크림이랑 아이보리 중간 정도 인대 프링팅이랑 배색이 이쁘게 들어가서 맘에 들어요 여기저기 편하게 잘 입을거 같아요,공용이라그런지m사이즈는박시핏이에요s사이즈했어도이뻣을거같아요색상은크림이랑아이보리중간정도인대프링팅이랑배색이이쁘게들어가서맘에들어요여기저기편하게잘입을거같아요,0,0,0,0,0,False,108,81,107,True
6083643,85793309,general,맑은시카고웨지,공용이라 그런가 m 사이즈 샀더니 박시핏입니다  S사이즈 사도 될 뻔 했어요  색상은 크림? 아이보리 그 사이인대 저한테 잘 어울리는 색인거 같아 맘에 듭니당,5.0,False,M,164.0,65.0,여성,2026-06-26 16:22:04,사이즈: 많이 큼 / 화면 대비 색감: 화면과 비슷 / 두께감: 두꺼움 / 신축성: 적당함,True,0,travel,상의,M,,2026,6,26,금,5,응답,많이 큼,화면과 비슷,,,,적당함,두꺼움,,,,3.0,4.0,,2.0,2.0,0.0,0.0,,,공용이라 그런가 m 사이즈 샀더니 박시핏입니다 S사이즈 사도 될 뻔 했어요 색상은 크림? 아이보리 그 사이인대 저한테 잘 어울리는 색인거 같아 맘에 듭니당,공용이라그런가m사이즈샀더니박시핏입니다s사이즈사도될뻔했어요색상은크림아이보리그사이인대저한테잘어울리는색인거같아맘에듭니당,0,0,0,1,0,False,88,61,86,True
6083643,85775297,style,yuubm,세일할때 저렴하게 샀는데 너무 마음에 들어요 프린팅도 너무 귀여워요 근데 오래 입으면 떨어질 것 같은 느낌이긴해요 옷이 적당하게 얇은편이어서 올 여름에 손이 잘 갈 것 같아요,5.0,False,XL,162.0,70.0,여성,2026-06-26 08:27:07,사이즈: 정사이즈 / 화면 대비 색감: 화면과 비슷 / 두께감: 적당함 / 신축성: 적당함,True,0,travel,상의,XL,,2026,6,26,금,5,응답,정사이즈,화면과 비슷,,,,적당함,적당함,,,,3.0,3.0,,0.0,0.0,0.0,0.0,,,세일할때 저렴하게 샀는데 너무 마음에 들어요 프린팅도 너무 귀여워요 근데 오래 입으면 떨어질 것 같은 느낌이긴해요 옷이 적당하게 얇은편이어서 올 여름에 손이 잘 갈 것 같아요,세일할때저렴하게샀는데너무마음에들어요프린팅도너무귀여워요근데오래입으면떨어질것같은느낌이긴해요옷이적당하게얇은편이어서올여름에손이잘갈것같아요,0,0,0,0,0,False,97,72,97,True
6083643,85775247,general,yuubm,세일할때 저렴하게 샀는데 너무 마음에 들어요 프린팅도 너무 귀여워요 근데 오래 입으면 떨어질 것 같은 느낌이긴해요,5.0,False,XL,162.0,70.0,여성,2026-06-26 08:25:05,사이즈: 정사이즈 / 화면 대비 색감: 화면과 비슷 / 두께감: 적당함 / 신축성: 적당함,True,0,travel,상의,XL,,2026,6,26,금,5,응답,정사이즈,화면과 비슷,,,,적당함,적당함,,,,3.0,3.0,,0.0,0.0,0.0,0.0,,,세일할때 저렴하게 샀는데 너무 마음에 들어요 프린팅도 너무 귀여워요 근데 오래 입으면 떨어질 것 같은 느낌이긴해요,세일할때저렴하게샀는데너무마음에들어요프린팅도너무귀여워요근데오래입으면떨어질것같은느낌이긴해요,0,0,0,0,0,False,63,48,63,True
6083643,85591207,general,닉네임이즈컴백,티셔츠 프린팅도 이쁘고 딱 좋았흡미다! 고민마세요‘,5.0,False,XL,163.0,70.0,여성,2026-06-22 23:47:27,사이즈: 많이 큼 / 화면 대비 색감: 화면과 비슷 / 두께감: 매우 얇음 / 신축성: 적당함,False,0,travel,상의,XL,,2026,6,22,월,5,응답,많이 큼,화면과 비슷,,,,적당함,매우 얇음,,,,3.0,1.0,,2.0,2.0,0.0,0.0,,,티셔츠 프린팅도 이쁘고 딱 좋았흡미다! 고민마세요‘,티셔츠프린팅도이쁘고딱좋았흡미다고민마세요,0,0,1,0,0,False,28,21,28,True
﻿4280447,85876860,general,스껄혀니,스포티하고 제가 딱 좋아하는 스타일이에요͙ᐟ͙ᐟ  가을이 되면 꼭 입어볼게여,5.0,False,SMALL,157.0,57.0,여성,2026-06-28 19:19:38,사이즈: 정사이즈 / 화면 대비 색감: 화면과 비슷 / 두께감: 적당함 / 신축성: 적당함,True,0,travel,상의,SMALL,,2026,6,28,일,5,응답,정사이즈,화면과 비슷,,,,적당함,적당함,,,,3.0,3.0,,0.0,0.0,0.0,0.0,,,스포티하고 제가 딱 좋아하는 스타일이에요͙ᐟ͙ᐟ 가을이 되면 꼭 입어볼게여,스포티하고제가딱좋아하는스타일이에요가을이되면꼭입어볼게여,0,0,0,0,0,False,42,29,41,True
﻿6083635,85997207,general,주루루루루룰루,재질이 좋고 사이즈도 생각했던 만큼 딱 맞는것 같아요,5.0,False,M,172.0,57.0,남성,2026-07-02 21:27:38,사이즈: 정사이즈 / 화면 대비 색감: 화면과 비슷 / 두께감: 적당함 / 신축성: 적당함,False,0,travel,상의,M,,2026,7,2,목,5,응답,정사이즈,화면과 비슷,,,,적당함,적당함,,,,3.0,3.0,,0.0,0.0,0.0,0.0,,,재질이 좋고 사이즈도 생각했던 만큼 딱 맞는것 같아요,재질이좋고사이즈도생각했던만큼딱맞는것같아요,0,0,0,0,0,False,29,22,29,True
6083635,85985425,general,대세는분홍마스크,"오버핏으로 입으려면 보통 M을 샀는데, 이 옷은 S를 사야 다른 M사이즈랑 비슷했어요",5.0,False,S,155.0,45.0,여성,2026-07-02 13:46:59,사이즈: 조금 큼 / 화면 대비 색감: 화면과 비슷 / 두께감: 적당함 / 신축성: 적당함,False,0,travel,상의,S,,2026,7,2,목,5,응답,조금 큼,화면과 비슷,,,,적당함,적당함,,,,3.0,3.0,,1.0,1.0,0.0,0.0,,,"오버핏으로 입으려면 보통 M을 샀는데, 이 옷은 S를 사야 다른 M사이즈랑 비슷했어요",오버핏으로입으려면보통m을샀는데이옷은s를사야다른m사이즈랑비슷했어요,0,0,0,0,0,False,47,32,47,True
6083635,85869691,general,낮은살구색긴양말,"사진과 색상 비슷하고 , 오버핏도 아니고 타이트도 아니게 잘 맞아요. 화면보다 입어보니 더 이뻐요.",5.0,False,L,177.0,91.0,남성,2026-06-28 15:47:57,사이즈: 정사이즈 / 화면 대비 색감: 화면과 비슷 / 두께감: 적당함 / 신축성: 적당함,False,0,travel,상의,L,,2026,6,28,일,5,응답,정사이즈,화면과 비슷,,,,적당함,적당함,,,,3.0,3.0,,0.0,0.0,0.0,0.0,,,"사진과 색상 비슷하고 , 오버핏도 아니고 타이트도 아니게 잘 맞아요. 화면보다 입어보니 더 이뻐요.",사진과색상비슷하고오버핏도아니고타이트도아니게잘맞아요화면보다입어보니더이뻐요,0,0,0,0,0,False,55,39,55,True
6083635,85846838,general,오랑이랑이,적당하게 좋아요 막 입기 좋은 정도 적당히 오버핏,5.0,False,L,177.0,78.0,남성,2026-06-27 21:06:40,사이즈: 정사이즈 / 화면 대비 색감: 화면과 비슷 / 두께감: 적당함 / 신축성: 적당함,True,0,travel,상의,L,,2026,6,27,토,5,응답,정사이즈,화면과 비슷,,,,적당함,적당함,,,,3.0,3.0,,0.0,0.0,0.0,0.0,,,적당하게 좋아요 막 입기 좋은 정도 적당히 오버핏,적당하게좋아요막입기좋은정도적당히오버핏,0,0,0,0,0,False,27,20,27,True
6083635,85846365,general,깊은아테네트윌리,가볍고 좋아여 다른티 샀다가 마음에 들어서 이제품 재구매 했어요,5.0,False,M,163.0,56.0,여성,2026-06-27 20:52:38,사이즈: 정사이즈 / 화면 대비 색감: 화면과 비슷 / 두께감: 적당함 / 신축성: 적당함,True,0,travel,상의,M,,2026,6,27,토,5,응답,정사이즈,화면과 비슷,,,,적당함,적당함,,,,3.0,3.0,,0.0,0.0,0.0,0.0,,,가볍고 좋아여 다른티 샀다가 마음에 들어서 이제품 재구매 했어요,가볍고좋아여다른티샀다가마음에들어서이제품재구매했어요,0,0,0,0,0,False,35,27,35,True
6083635,85845877,general,똑똑딱딱,세일가로 싸게 샀어요 꾸안꾸 느낌 편하게 입기 좋아용,5.0,False,S,162.0,50.0,여성,2026-06-27 20:40:26,사이즈: 정사이즈 / 화면 대비 색감: 화면과 비슷 / 두께감: 적당함 / 신축성: 적당함,True,0,travel,상의,S,,2026,6,27,토,5,응답,정사이즈,화면과 비슷,,,,적당함,적당함,,,,3.0,3.0,,0.0,0.0,0.0,0.0,,,세일가로 싸게 샀어요 꾸안꾸 느낌 편하게 입기 좋아용,세일가로싸게샀어요꾸안꾸느낌편하게입기좋아용,0,0,0,0,0,False,29,22,29,True
6083635,85772403,general,산톡기톡기,색상 예쁘고 사이즈 적당해요 어깨선 때문에 팔 부분이 뜨는게 좀 아쉽긴 한데 괜찮아요,5.0,False,L,163.0,55.0,여성,2026-06-26 02:42:57,사이즈: 정사이즈 / 화면 대비 색감: 화면과 비슷 / 두께감: 적당함 / 신축성: 적당함,False,0,travel,상의,L,,2026,6,26,금,5,응답,정사이즈,화면과 비슷,,,,적당함,적당함,,,,3.0,3.0,,0.0,0.0,0.0,0.0,,,색상 예쁘고 사이즈 적당해요 어깨선 때문에 팔 부분이 뜨는게 좀 아쉽긴 한데 괜찮아요,색상예쁘고사이즈적당해요어깨선때문에팔부분이뜨는게좀아쉽긴한데괜찮아요,0,0,0,0,0,False,47,35,47,True
﻿6205179,85970779,general,dpqnfs,크롭이라서 딱 예뻐용 옷 비율에서 어깨가 조금 이상하긴 한데 괜찮아요,5.0,False,L,166.0,30.0,여성,2026-07-01 21:57:24,사이즈: 정사이즈 / 화면 대비 색감: 화면과 비슷 / 두께감: 적당함 / 신축성: 적당함,False,0,travel,상의,L,,2026,7,1,수,5,응답,정사이즈,화면과 비슷,,,,적당함,적당함,,,,3.0,3.0,,0.0,0.0,0.0,0.0,,,크롭이라서 딱 예뻐용 옷 비율에서 어깨가 조금 이상하긴 한데 괜찮아요,크롭이라서딱예뻐용옷비율에서어깨가조금이상하긴한데괜찮아요,0,0,0,0,0,False,38,29,38,True
6205179,85909961,style,망한민국,자주입을거같아요 깔끔하고 포인트가 좋네요 올 여름은 이걸로 다닐을듯,5.0,False,L,173.0,80.0,남성,2026-06-29 21:03:33,사이즈: 정사이즈 / 화면 대비 색감: 화면과 비슷 / 두께감: 적당함 / 신축성: 적당함,True,0,travel,상의,L,,2026,6,29,월,5,응답,정사이즈,화면과 비슷,,,,적당함,적당함,,,,3.0,3.0,,0.0,0.0,0.0,0.0,,,자주입을거같아요 깔끔하고 포인트가 좋네요 올 여름은 이걸로 다닐을듯,자주입을거같아요깔끔하고포인트가좋네요올여름은이걸로다닐을듯,0,0,0,0,0,False,37,30,37,True
6205179,85909935,general,망한민국,넘 심플하고 이쁩니다 깔끔하고 핏이좋네요 자주입을듯,5.0,False,L,173.0,80.0,남성,2026-06-29 21:02:25,사이즈: 정사이즈 / 화면 대비 색감: 화면과 비슷 / 두께감: 적당함 / 신축성: 적당함,True,0,travel,상의,L,,2026,6,29,월,5,응답,정사이즈,화면과 비슷,,,,적당함,적당함,,,,3.0,3.0,,0.0,0.0,0.0,0.0,,,넘 심플하고 이쁩니다 깔끔하고 핏이좋네요 자주입을듯,넘심플하고이쁩니다깔끔하고핏이좋네요자주입을듯,0,0,0,0,0,False,28,23,28,True
6205179,85883426,experience,희망짱짱,"요즘 내 문신템 등장.. 트래블 포티스 크롭 반팔티 블랙 진짜 개예쁨!! 이번에 좋은 기회로 체험단 당첨돼서 입어봤는데, 입자마자 이건 내 교복이다 싶었음 ㅠㅠ ​ 크롭인데 너무 부담스럽게 짧지 않고 딱 예쁘게 툭 떨어지는 기장감임. 보면 알겠지만 와이드한 카고팬츠나 벌룬팬츠랑 같이 매치하면 힙한 무드 바로 완성임. 핏이 다했다 진짜.. ​ 전면에 들어간 빈티지한 폰트랑 그래픽 프린팅이 대존예임. 블랙 컬러라 밋밋할 수 있는데 이 그래픽 덕분에 단독으로만 입어도 심심하지 않고 꾸안꾸 룩으로 찰떡임. ​ 소재도 탄탄하고 편해서 일상 포토존이나 여행지에서 활동할 때 입기 너무 좋음. 요즘 유행하는 고프코어룩이나 스트릿한 무드 좋아하면 무조건 소장해야 할 템!!",5.0,True,S,153.0,53.0,여성,2026-06-28 22:21:39,사이즈: 정사이즈 / 화면 대비 색감: 화면과 비슷 / 두께감: 적당함 / 신축성: 적당함,True,0,travel,상의,S,,2026,6,28,일,5,응답,정사이즈,화면과 비슷,,,,적당함,적당함,,,,3.0,3.0,,0.0,0.0,0.0,0.0,,,"요즘 내 문신템 등장.. 트래블 포티스 크롭 반팔티 블랙 진짜 개예쁨!! 이번에 좋은 기회로 체험단 당첨돼서 입어봤는데, 입자마자 이건 내 교복이다 싶었음 ㅠㅠ ​ 크롭인데 너무 부담스럽게 짧지 않고 딱 예쁘게 툭 떨어지는 기장감임. 보면 알겠지만 와이드한 카고팬츠나 벌룬팬츠랑 같이 매치하면 힙한 무드 바로 완성임. 핏이 다했다 진짜.. ​ 전면에 들어간 빈티지한 폰트랑 그래픽 프린팅이 대존예임. 블랙 컬러라 밋밋할 수 있는데 이 그래픽 덕분에 단독으로만 입어도 심심하지 않고 꾸안꾸 룩으로 찰떡임. ​ 소재도 탄탄하고 편해서 일상 포토존이나 여행지에서 활동할 때 입기 너무 좋음. 요즘 유행하는 고프코어룩이나 스트릿한 무드 좋아하면 무조건 소장해야 할 템!!",요즘내문신템등장트래블포티스크롭반팔티블랙진짜개예쁨이번에좋은기회로체험단당첨돼서입어봤는데입자마자이건내교복이다싶었음크롭인데너무부담스럽게짧지않고딱예쁘게툭떨어지는기장감임보면알겠지만와이드한카고팬츠나벌룬팬츠랑같이매치하면힙한무드바로완성임핏이다했다진짜전면에들어간빈티지한폰트랑그래픽프린팅이대존예임블랙컬러라밋밋할수있는데이그래픽덕분에단독으로만입어도심심하지않고꾸안꾸룩으로찰떡임소재도탄탄하고편해서일상포토존이나여행지에서활동할때입기너무좋음요즘유행하는고프코어룩이나스트릿한무드좋아하면무조건소장해야할템,0,2,4,0,0,False,371,260,371,True
6205179,85611029,style,데이랑사는중,여름에 루즈한 핏으로 편하게 입기 좋아요~! 프린팅이 예뻐서 밋밋하지 않고 좋네요~!,5.0,False,M,172.0,68.0,남성,2026-06-23 13:35:35,사이즈: 정사이즈 / 화면 대비 색감: 화면과 비슷 / 두께감: 적당함 / 신축성: 적당함,True,0,travel,상의,M,,2026,6,23,화,5,응답,정사이즈,화면과 비슷,,,,적당함,적당함,,,,3.0,3.0,,0.0,0.0,0.0,0.0,,,여름에 루즈한 핏으로 편하게 입기 좋아요~! 프린팅이 예뻐서 밋밋하지 않고 좋네요~!,여름에루즈한핏으로편하게입기좋아요프린팅이예뻐서밋밋하지않고좋네요,0,0,2,0,0,False,47,33,47,True
6205179,85610988,general,데이랑사는중,루즈한 핏으로 편하게 입기 좋아요. 무엇보다 프린팅이 예뻐요~!,5.0,False,M,172.0,68.0,남성,2026-06-23 13:34:29,사이즈: 정사이즈 / 화면 대비 색감: 화면과 비슷 / 두께감: 적당함 / 신축성: 적당함,True,0,travel,상의,M,,2026,6,23,화,5,응답,정사이즈,화면과 비슷,,,,적당함,적당함,,,,3.0,3.0,,0.0,0.0,0.0,0.0,,,루즈한 핏으로 편하게 입기 좋아요. 무엇보다 프린팅이 예뻐요~!,루즈한핏으로편하게입기좋아요무엇보다프린팅이예뻐요,0,0,1,0,0,False,35,25,35,True
6205179,85561229,general,론나따,적당히 크롭하고 적당히 얇은 두께라서 여름에 잘 입을거 같아요,5.0,False,L,162.0,70.0,여성,2026-06-22 14:06:06,사이즈: 조금 큼 / 화면 대비 색감: 화면과 비슷 / 두께감: 적당함 / 신축성: 적당함,False,0,travel,상의,L,,2026,6,22,월,5,응답,조금 큼,화면과 비슷,,,,적당함,적당함,,,,3.0,3.0,,1.0,1.0,0.0,0.0,,,적당히 크롭하고 적당히 얇은 두께라서 여름에 잘 입을거 같아요,적당히크롭하고적당히얇은두께라서여름에잘입을거같아요,0,0,0,0,0,False,34,26,34,True
6205179,85561189,style,론나따,딱 적당한 크롭이라서 좋고 엄청 얇지도 두껍지도 않은 두께라서 여름에 잘입을듯합니다,5.0,False,L,162.0,70.0,여성,2026-06-22 14:05:11,사이즈: 조금 큼 / 화면 대비 색감: 화면과 비슷 / 두께감: 적당함 / 신축성: 적당함,True,0,travel,상의,L,,2026,6,22,월,5,응답,조금 큼,화면과 비슷,,,,적당함,적당함,,,,3.0,3.0,,1.0,1.0,0.0,0.0,,,딱 적당한 크롭이라서 좋고 엄청 얇지도 두껍지도 않은 두께라서 여름에 잘입을듯합니다,딱적당한크롭이라서좋고엄청얇지도두껍지도않은두께라서여름에잘입을듯합니다,0,0,0,0,0,False,46,36,46,True
﻿5960799,85854838,general,뽈뽈뽈ㄹ,생각보다커요.에스살걸후회합니다.그래도옷은할인받고사서싸게잘산것같어요.,5.0,False,M,165.0,50.0,여성,2026-06-28 01:34:31,사이즈: 조금 큼 / 화면 대비 색감: 화면과 비슷 / 두께감: 적당함 / 신축성: 적당함,False,0,travel,상의,M,,2026,6,28,일,5,응답,조금 큼,화면과 비슷,,,,적당함,적당함,,,,3.0,3.0,,1.0,1.0,0.0,0.0,,,생각보다커요.에스살걸후회합니다.그래도옷은할인받고사서싸게잘산것같어요.,생각보다커요에스살걸후회합니다그래도옷은할인받고사서싸게잘산것같어요,0,0,0,0,0,False,37,34,37,True
﻿6083676,85635858,general,ㅎㅎㅋㅎㅎㅋㄴ,다른 컬러 사서 입다가 추가 구매합니다 프린트 포인트가 이뻐요,5.0,False,M,159.0,54.0,여성,2026-06-23 20:52:22,사이즈: 정사이즈 / 화면 대비 색감: 화면과 비슷 / 두께감: 적당함 / 신축성: 적당함,False,0,travel,상의,M,,2026,6,23,화,5,응답,정사이즈,화면과 비슷,,,,적당함,적당함,,,,3.0,3.0,,0.0,0.0,0.0,0.0,,,다른 컬러 사서 입다가 추가 구매합니다 프린트 포인트가 이뻐요,다른컬러사서입다가추가구매합니다프린트포인트가이뻐요,0,0,0,0,0,False,34,26,34,True
6083676,85561350,general,내사탕민,색상이 베이지와흰색사이쯤밝은흰색아님 디자인 유치할까고민했지만 매우 느낌있음,5.0,False,L,165.0,56.0,여성,2026-06-22 14:09:14,사이즈: 정사이즈 / 화면 대비 색감: 화면과 비슷 / 두께감: 적당함 / 신축성: 적당함,True,0,travel,상의,L,,2026,6,22,월,5,응답,정사이즈,화면과 비슷,,,,적당함,적당함,,,,3.0,3.0,,0.0,0.0,0.0,0.0,,,색상이 베이지와흰색사이쯤밝은흰색아님 디자인 유치할까고민했지만 매우 느낌있음,색상이베이지와흰색사이쯤밝은흰색아님디자인유치할까고민했지만매우느낌있음,0,0,0,0,0,False,41,36,41,True
﻿6083685,85889504,style,ttorrri,부들부들한 재질인데 너무 마음에 들아요 질좋고 사진이랑 똑같아요,5.0,False,XL,162.0,68.0,여성,2026-06-29 01:55:35,사이즈: 정사이즈 / 화면 대비 색감: 화면과 비슷 / 두께감: 적당함 / 신축성: 적당함,True,0,travel,상의,XL,,2026,6,29,월,5,응답,정사이즈,화면과 비슷,,,,적당함,적당함,,,,3.0,3.0,,0.0,0.0,0.0,0.0,,,부들부들한 재질인데 너무 마음에 들아요 질좋고 사진이랑 똑같아요,부들부들한재질인데너무마음에들아요질좋고사진이랑똑같아요,0,0,0,0,0,False,35,28,35,True
6083685,85669622,general,무신오랑해-,동생 선물줬는데 키에비해 살짝 커요 근데 딱 오버핏이라 갠춘,5.0,False,M,167.0,64.0,여성,2026-06-24 11:11:59,사이즈: 조금 큼 / 화면 대비 색감: 어두움 / 두께감: 두꺼움 / 신축성: 강함,True,0,travel,상의,M,,2026,6,24,수,5,응답,조금 큼,어두움,,,,강함,두꺼움,,,,4.0,4.0,,1.0,1.0,-1.0,1.0,,,동생 선물줬는데 키에비해 살짝 커요 근데 딱 오버핏이라 갠춘,동생선물줬는데키에비해살짝커요근데딱오버핏이라갠춘,0,0,0,0,0,False,33,25,33,True
6083685,85600734,style,쌍문동치타여사,후들후들하고 부드러워요 소매 롤업하면 5초만에 풀릴정도,5.0,False,M,170.0,52.0,여성,2026-06-23 09:22:51,사이즈: 조금 큼 / 화면 대비 색감: 화면과 비슷 / 두께감: 적당함 / 신축성: 적당함,True,0,travel,상의,M,,2026,6,23,화,5,응답,조금 큼,화면과 비슷,,,,적당함,적당함,,,,3.0,3.0,,1.0,1.0,0.0,0.0,,,후들후들하고 부드러워요 소매 롤업하면 5초만에 풀릴정도,후들후들하고부드러워요소매롤업하면5초만에풀릴정도,0,0,0,0,0,False,30,24,30,True
6083685,85580486,general,쌍문동치타여사,후들후들하고 부드러워요 소매 롤업하면 5초만에 풀릴정도,5.0,False,M,170.0,52.0,여성,2026-06-22 20:46:29,사이즈: 조금 큼 / 화면 대비 색감: 화면과 비슷 / 두께감: 적당함 / 신축성: 강함,True,0,travel,상의,M,,2026,6,22,월,5,응답,조금 큼,화면과 비슷,,,,강함,적당함,,,,4.0,3.0,,1.0,1.0,0.0,0.0,,,후들후들하고 부드러워요 소매 롤업하면 5초만에 풀릴정도,후들후들하고부드러워요소매롤업하면5초만에풀릴정도,0,0,0,0,0,False,30,24,30,True
﻿6219047,85961245,general,무지신비로운으나,디자인이 예쁘고 무난히 입기 편했어요 가격이 저렴해서 좋아요,5.0,False,M,169.0,74.0,남성,2026-07-01 16:29:17,사이즈: 정사이즈 / 화면 대비 색감: 화면과 비슷 / 두께감: 두꺼움 / 신축성: 거의 없음,False,0,travel,상의,M,,2026,7,1,수,5,응답,정사이즈,화면과 비슷,,,,거의 없음,두꺼움,,,,2.0,4.0,,0.0,0.0,0.0,0.0,,,디자인이 예쁘고 무난히 입기 편했어요 가격이 저렴해서 좋아요,디자인이예쁘고무난히입기편했어요가격이저렴해서좋아요,0,0,0,0,0,False,33,26,33,True
6219047,85839828,general,삼진사,싸게득템 개이둑 아싸라뵤~~ Very nice~~ 굿굿~^^,5.0,False,S,167.0,55.0,여성,2026-06-27 17:40:42,사이즈: 정사이즈 / 화면 대비 색감: 화면과 비슷 / 두께감: 적당함 / 신축성: 적당함,True,0,travel,상의,S,,2026,6,27,토,5,응답,정사이즈,화면과 비슷,,,,적당함,적당함,,,,3.0,3.0,,0.0,0.0,0.0,0.0,,,싸게득템 개이둑 아싸라뵤~~ Very nice~~ 굿굿~^^,싸게득템개이둑아싸라뵤verynice굿굿,0,0,0,0,0,False,33,13,33,True
﻿6083678,85710302,general,독서기록장,색은 노란기 도는 아이보리색이고 신축성이좋아요 목부분도 탄탄해서 안늘어날거같아용,4.0,False,S,173.0,63.0,여성,2026-06-24 22:19:31,사이즈: 조금 큼 / 화면 대비 색감: 화면과 비슷 / 두께감: 얇음 / 신축성: 강함,True,0,travel,상의,S,,2026,6,24,수,4,응답,조금 큼,화면과 비슷,,,,강함,얇음,,,,4.0,2.0,,1.0,1.0,0.0,0.0,,,색은 노란기 도는 아이보리색이고 신축성이좋아요 목부분도 탄탄해서 안늘어날거같아용,색은노란기도는아이보리색이고신축성이좋아요목부분도탄탄해서안늘어날거같아용,0,0,0,0,0,False,44,37,44,True
6083678,85469376,style,쩌이ㅇ,색감도 괜찮고 프린팅도 예뻐요 만족합니다 자주입을 것 같아요,5.0,False,M,164.0,49.0,여성,2026-06-20 19:31:36,사이즈: 조금 큼 / 화면 대비 색감: 화면과 비슷 / 두께감: 적당함 / 신축성: 적당함,True,0,travel,상의,M,,2026,6,20,토,5,응답,조금 큼,화면과 비슷,,,,적당함,적당함,,,,3.0,3.0,,1.0,1.0,0.0,0.0,,,색감도 괜찮고 프린팅도 예뻐요 만족합니다 자주입을 것 같아요,색감도괜찮고프린팅도예뻐요만족합니다자주입을것같아요,0,0,0,0,0,False,33,26,33,True
﻿5960800,86052910,general,댕그댕,사이즈는 약간 크는데 핏이이쁘고 디자인도 이쁘네요,5.0,False,M,180.0,70.0,남성,2026-07-05 03:56:01,사이즈: 조금 큼 / 화면 대비 색감: 화면과 비슷 / 두께감: 두꺼움 / 신축성: 강함,True,0,travel,상의,M,,2026,7,5,일,5,응답,조금 큼,화면과 비슷,,,,강함,두꺼움,,,,4.0,4.0,,1.0,1.0,0.0,0.0,,,사이즈는 약간 크는데 핏이이쁘고 디자인도 이쁘네요,사이즈는약간크는데핏이이쁘고디자인도이쁘네요,0,0,0,0,0,False,27,22,27,True
﻿6219036,86050707,general,봉꾸리,핏도 좋고 사이즈도 약간 오버핏으로 나오니 체형커버 잘되네요 이가격에 아주 좋습니다,5.0,False,MEDIUM,170.0,60.0,남성,2026-07-05 00:23:43,사이즈: 조금 큼 / 화면 대비 색감: 화면과 비슷 / 두께감: 적당함 / 신축성: 적당함,False,0,travel,상의,MEDIUM,,2026,7,5,일,5,응답,조금 큼,화면과 비슷,,,,적당함,적당함,,,,3.0,3.0,,1.0,1.0,0.0,0.0,,,핏도 좋고 사이즈도 약간 오버핏으로 나오니 체형커버 잘되네요 이가격에 아주 좋습니다,핏도좋고사이즈도약간오버핏으로나오니체형커버잘되네요이가격에아주좋습니다,0,0,0,0,0,False,46,36,46,True
6219036,85879801,style,현명한신사코튼,피그먼트 스타일 좋아해서 신랑 주려고 샀어요 잘 입고 다니구요 원단도 늘어짐 없이 세탁후.건조후에도 핏이 예쁘구요,5.0,False,LARGE,175.0,69.0,남성,2026-06-28 20:49:50,사이즈: 정사이즈 / 화면 대비 색감: 화면과 비슷 / 두께감: 적당함 / 신축성: 적당함,True,0,travel,상의,LARGE,,2026,6,28,일,5,응답,정사이즈,화면과 비슷,,,,적당함,적당함,,,,3.0,3.0,,0.0,0.0,0.0,0.0,,,피그먼트 스타일 좋아해서 신랑 주려고 샀어요 잘 입고 다니구요 원단도 늘어짐 없이 세탁후.건조후에도 핏이 예쁘구요,피그먼트스타일좋아해서신랑주려고샀어요잘입고다니구요원단도늘어짐없이세탁후건조후에도핏이예쁘구요,0,0,0,0,0,False,63,48,63,True
6219036,85879090,general,현명한신사코튼,신랑 주려고 샀어요 톡톡한 원단이고 세탁.건도조기 돌렸을때 크게 줄어듬 없이 좋았어요,5.0,False,LARGE,175.0,69.0,남성,2026-06-28 20:30:16,사이즈: 정사이즈 / 화면 대비 색감: 화면과 비슷 / 두께감: 적당함 / 신축성: 적당함,False,0,travel,상의,LARGE,,2026,6,28,일,5,응답,정사이즈,화면과 비슷,,,,적당함,적당함,,,,3.0,3.0,,0.0,0.0,0.0,0.0,,,신랑 주려고 샀어요 톡톡한 원단이고 세탁.건도조기 돌렸을때 크게 줄어듬 없이 좋았어요,신랑주려고샀어요톡톡한원단이고세탁건도조기돌렸을때크게줄어듬없이좋았어요,0,0,0,0,0,False,47,36,47,True
6219036,85146852,style,동겸동,얇은데 색감이 너무 좋고 핏도 오버하게 좋아서 자주 애용할 것 같은 템이에요,5.0,False,EXTRA LARGE,181.0,83.0,남성,2026-06-23 12:07:54,사이즈: 조금 큼 / 화면 대비 색감: 화면과 비슷 / 두께감: 얇음 / 신축성: 적당함,True,0,travel,상의,EXTRA LARGE,,2026,6,23,화,5,응답,조금 큼,화면과 비슷,,,,적당함,얇음,,,,3.0,2.0,,1.0,1.0,0.0,0.0,,,얇은데 색감이 너무 좋고 핏도 오버하게 좋아서 자주 애용할 것 같은 템이에요,얇은데색감이너무좋고핏도오버하게좋아서자주애용할것같은템이에요,0,0,0,0,0,False,42,31,42,True
6219036,85146864,general,동겸동,두께감 얇아서 여름에 딱 입기 훌륭하고 색감 조합 너무 젛습니다!!,5.0,False,EXTRA LARGE,181.0,83.0,남성,2026-06-23 12:07:20,사이즈: 조금 큼 / 화면 대비 색감: 화면과 비슷 / 두께감: 얇음 / 신축성: 적당함,True,0,travel,상의,EXTRA LARGE,,2026,6,23,화,5,응답,조금 큼,화면과 비슷,,,,적당함,얇음,,,,3.0,2.0,,1.0,1.0,0.0,0.0,,,두께감 얇아서 여름에 딱 입기 훌륭하고 색감 조합 너무 젛습니다!!,두께감얇아서여름에딱입기훌륭하고색감조합너무젛습니다,0,0,2,0,0,False,37,26,37,True
6219036,85566005,general,배고픈하로로,옷 디자인도 예쁘고 피그먼트 색감도 예뻐용 재질도 굿,5.0,False,LARGE,170.0,49.0,여성,2026-06-22 15:53:16,사이즈: 정사이즈 / 화면 대비 색감: 화면과 비슷 / 두께감: 적당함 / 신축성: 적당함,False,0,travel,상의,LARGE,,2026,6,22,월,5,응답,정사이즈,화면과 비슷,,,,적당함,적당함,,,,3.0,3.0,,0.0,0.0,0.0,0.0,,,옷 디자인도 예쁘고 피그먼트 색감도 예뻐용 재질도 굿,옷디자인도예쁘고피그먼트색감도예뻐용재질도굿,0,0,0,0,0,False,29,22,29,True
﻿6219016,86011654,general,woone ウネ,옷 색상도 이쁘고 그래픽도 맘에 들어요 사이즈도 딱 적당해요,5.0,False,LARGE,171.0,53.0,여성,2026-07-03 13:26:51,사이즈: 정사이즈 / 화면 대비 색감: 화면과 비슷 / 두께감: 적당함 / 신축성: 적당함,True,0,travel,상의,LARGE,,2026,7,3,금,5,응답,정사이즈,화면과 비슷,,,,적당함,적당함,,,,3.0,3.0,,0.0,0.0,0.0,0.0,,,옷 색상도 이쁘고 그래픽도 맘에 들어요 사이즈도 딱 적당해요,옷색상도이쁘고그래픽도맘에들어요사이즈도딱적당해요,0,0,0,0,0,False,33,25,33,True
6219016,85689065,general,유유얘비,배송빠르고 가격도 저렴하고 상품도 튼튼합니다 목이 튼튼함,5.0,False,LARGE,184.0,70.0,남성,2026-06-24 17:13:09,사이즈: 정사이즈 / 화면 대비 색감: 화면과 비슷 / 두께감: 적당함 / 신축성: 적당함,True,0,travel,상의,LARGE,,2026,6,24,수,5,응답,정사이즈,화면과 비슷,,,,적당함,적당함,,,,3.0,3.0,,0.0,0.0,0.0,0.0,,,배송빠르고 가격도 저렴하고 상품도 튼튼합니다 목이 튼튼함,배송빠르고가격도저렴하고상품도튼튼합니다목이튼튼함,0,0,0,0,0,False,31,25,31,True
6219016,85688965,style,유유얘비,목이 짱짱해서 너무 좋아요 사이즈도 딱이네요 제기준에  잘입을께요,5.0,False,LARGE,184.0,70.0,남성,2026-06-24 17:11:32,사이즈: 정사이즈 / 화면 대비 색감: 화면과 비슷 / 두께감: 적당함 / 신축성: 적당함,True,0,travel,상의,LARGE,,2026,6,24,수,5,응답,정사이즈,화면과 비슷,,,,적당함,적당함,,,,3.0,3.0,,0.0,0.0,0.0,0.0,,,목이 짱짱해서 너무 좋아요 사이즈도 딱이네요 제기준에 잘입을께요,목이짱짱해서너무좋아요사이즈도딱이네요제기준에잘입을께요,0,0,0,0,0,False,36,28,35,True
6219016,85598635,general,예민한미국니트,가성비로 잘사서 입고있습니다. 사이즈는 약간 오버사이즈입니다,5.0,False,LARGE,178.0,79.0,남성,2026-06-23 07:59:19,사이즈: 정사이즈 / 화면 대비 색감: 화면과 비슷 / 두께감: 적당함 / 신축성: 적당함,False,0,travel,상의,LARGE,,2026,6,23,화,5,응답,정사이즈,화면과 비슷,,,,적당함,적당함,,,,3.0,3.0,,0.0,0.0,0.0,0.0,,,가성비로 잘사서 입고있습니다. 사이즈는 약간 오버사이즈입니다,가성비로잘사서입고있습니다사이즈는약간오버사이즈입니다,0,0,0,0,0,False,33,27,33,True
﻿4275053,85549104,style,두더지모험가,이정도 가격에 퀄리티좋은 제품 찾기 어려운데 아주 만족합니다,5.0,False,MEDIUM,171.0,75.0,남성,2026-06-22 08:51:14,사이즈: 정사이즈 / 화면 대비 색감: 화면과 비슷 / 두께감: 적당함 / 퀄리티: 보통,True,0,travel,상의,MEDIUM,,2026,6,22,월,5,응답,정사이즈,화면과 비슷,보통,,,,적당함,,3.0,,,3.0,,0.0,0.0,0.0,0.0,,,이정도 가격에 퀄리티좋은 제품 찾기 어려운데 아주 만족합니다,이정도가격에퀄리티좋은제품찾기어려운데아주만족합니다,0,0,0,0,0,False,33,26,33,True
4275053,85549070,general,두더지모험가,한여름은 안돠고 봄여름에 입기 좋은제품입니다,5.0,False,MEDIUM,171.0,75.0,남성,2026-06-22 08:50:09,사이즈: 정사이즈 / 화면 대비 색감: 화면과 비슷 / 두께감: 적당함 / 퀄리티: 보통,True,0,travel,상의,MEDIUM,,2026,6,22,월,5,응답,정사이즈,화면과 비슷,보통,,,,적당함,,3.0,,,3.0,,0.0,0.0,0.0,0.0,,,한여름은 안돠고 봄여름에 입기 좋은제품입니다,한여름은안돠고봄여름에입기좋은제품입니다,0,0,0,0,0,False,24,20,24,True
﻿6564892,86069917,general,프로리뷰러S2,기대 안했는데 생각보다 맘에 들어요. 잘 입을게요.,5.0,False,LARGE,175.0,68.0,남성,2026-07-05 20:56:12,사이즈: 정사이즈 / 화면 대비 색감: 화면과 비슷 / 두께감: 적당함 / 신축성: 적당함,True,0,travel,상의,LARGE,,2026,7,5,일,5,응답,정사이즈,화면과 비슷,,,,적당함,적당함,,,,3.0,3.0,,0.0,0.0,0.0,0.0,,,기대 안했는데 생각보다 맘에 들어요. 잘 입을게요.,기대안했는데생각보다맘에들어요잘입을게요,0,0,0,0,0,False,28,20,28,True
6564892,85957402,general,뜽호임다,"생각치못한 티셔츠 득템,, 사이즈 찰떡이고 너무 이쁩니다. 무난히 입기 좋아요",5.0,False,MEDIUM,171.0,65.0,남성,2026-07-01 14:02:48,사이즈: 정사이즈 / 화면 대비 색감: 화면과 비슷 / 두께감: 적당함 / 신축성: 적당함,False,0,travel,상의,MEDIUM,,2026,7,1,수,5,응답,정사이즈,화면과 비슷,,,,적당함,적당함,,,,3.0,3.0,,0.0,0.0,0.0,0.0,,,"생각치못한 티셔츠 득템,, 사이즈 찰떡이고 너무 이쁩니다. 무난히 입기 좋아요",생각치못한티셔츠득템사이즈찰떡이고너무이쁩니다무난히입기좋아요,0,0,0,0,0,False,43,31,43,True
6564892,85933493,general,아쿠아로,완전흰색이 아닌 크림색이라 더 코디하기 편합니다,5.0,False,SMALL,162.0,58.0,남성,2026-06-30 18:47:06,사이즈: 정사이즈 / 화면 대비 색감: 화면과 비슷 / 두께감: 적당함 / 신축성: 적당함,False,0,travel,상의,SMALL,,2026,6,30,화,5,응답,정사이즈,화면과 비슷,,,,적당함,적당함,,,,3.0,3.0,,0.0,0.0,0.0,0.0,,,완전흰색이 아닌 크림색이라 더 코디하기 편합니다,완전흰색이아닌크림색이라더코디하기편합니다,0,0,0,0,0,False,26,21,26,True
6564892,85655850,general,산톡기톡기,생화이트가 아니라 살짝 크림 색이라 더 좋아요 사이즈도 딱좋음,5.0,False,MEDIUM,163.0,55.0,여성,2026-06-24 01:29:36,사이즈: 정사이즈 / 화면 대비 색감: 화면과 비슷 / 두께감: 적당함 / 신축성: 적당함,True,0,travel,상의,MEDIUM,,2026,6,24,수,5,응답,정사이즈,화면과 비슷,,,,적당함,적당함,,,,3.0,3.0,,0.0,0.0,0.0,0.0,,,생화이트가 아니라 살짝 크림 색이라 더 좋아요 사이즈도 딱좋음,생화이트가아니라살짝크림색이라더좋아요사이즈도딱좋음,0,0,0,0,0,False,34,26,34,True
6564892,85635916,general,ㅎㅎㅋㅎㅎㅋㄴ,할인이 엄청된 가격에 구매해서 좋아요 원단도 시원하고 여름에 잘입을거같아요,5.0,False,MEDIUM,159.0,54.0,여성,2026-06-23 20:53:02,사이즈: 정사이즈 / 화면 대비 색감: 화면과 비슷 / 두께감: 적당함 / 신축성: 적당함,False,0,travel,상의,MEDIUM,,2026,6,23,화,5,응답,정사이즈,화면과 비슷,,,,적당함,적당함,,,,3.0,3.0,,0.0,0.0,0.0,0.0,,,할인이 엄청된 가격에 구매해서 좋아요 원단도 시원하고 여름에 잘입을거같아요,할인이엄청된가격에구매해서좋아요원단도시원하고여름에잘입을거같아요,0,0,0,0,0,False,41,33,41,True
﻿6083608,85681763,general,m_iii,옷 재질도 부드럽고 과하지않은 디자인으로 아무때나 편하게 입을수있을거같아요,5.0,False,M,170.0,60.0,여성,2026-06-24 15:03:06,사이즈: 조금 큼 / 화면 대비 색감: 화면과 비슷 / 두께감: 적당함 / 신축성: 적당함,True,0,travel,상의,M,,2026,6,24,수,5,응답,조금 큼,화면과 비슷,,,,적당함,적당함,,,,3.0,3.0,,1.0,1.0,0.0,0.0,,,옷 재질도 부드럽고 과하지않은 디자인으로 아무때나 편하게 입을수있을거같아요,옷재질도부드럽고과하지않은디자인으로아무때나편하게입을수있을거같아요,0,0,0,0,0,False,41,34,41,True
6083608,85597305,general,만둘,배송도 빠르고 얇아서 시원하고 디자인도 유니크하고 이뻐요^^,5.0,False,S,154.0,50.0,여성,2026-06-23 06:06:45,사이즈: 정사이즈 / 화면 대비 색감: 화면과 비슷 / 두께감: 적당함 / 신축성: 적당함,False,0,travel,상의,S,,2026,6,23,화,5,응답,정사이즈,화면과 비슷,,,,적당함,적당함,,,,3.0,3.0,,0.0,0.0,0.0,0.0,,,배송도 빠르고 얇아서 시원하고 디자인도 유니크하고 이뻐요^^,배송도빠르고얇아서시원하고디자인도유니크하고이뻐요,0,0,0,0,0,False,33,25,33,True
﻿5960801,85631850,general,ttorrri,마음에 들어요 배송도 빨리오고 옷도 색감 너무 이쁩니다,5.0,False,L,162.0,68.0,여성,2026-06-23 19:59:33,사이즈: 정사이즈 / 화면 대비 색감: 화면과 비슷 / 두께감: 적당함 / 신축성: 적당함,False,0,travel,상의,L,,2026,6,23,화,5,응답,정사이즈,화면과 비슷,,,,적당함,적당함,,,,3.0,3.0,,0.0,0.0,0.0,0.0,,,마음에 들어요 배송도 빨리오고 옷도 색감 너무 이쁩니다,마음에들어요배송도빨리오고옷도색감너무이쁩니다,0,0,0,0,0,False,30,23,30,True
﻿6219090,85893892,style,lx_xl,핏 예쁘고 입으면 여리여리해보여서 좋아요 요새 유행하는 핀터룩느낌내기굳,5.0,False,S,160.0,48.0,여성,2026-06-29 10:23:17,사이즈: 정사이즈 / 화면 대비 색감: 화면과 비슷 / 두께감: 적당함 / 신축성: 적당함,True,0,travel,상의,S,,2026,6,29,월,5,응답,정사이즈,화면과 비슷,,,,적당함,적당함,,,,3.0,3.0,,0.0,0.0,0.0,0.0,,,핏 예쁘고 입으면 여리여리해보여서 좋아요 요새 유행하는 핀터룩느낌내기굳,핏예쁘고입으면여리여리해보여서좋아요요새유행하는핀터룩느낌내기굳,0,0,0,0,0,False,39,32,39,True
6219090,85893881,general,lx_xl,핏 예쁘고 입으면 여리여리해보여서 좋아요 요새 유행하는 핀터룩느낌내기굳,5.0,False,S,160.0,48.0,여성,2026-06-29 10:22:47,사이즈: 정사이즈 / 화면 대비 색감: 화면과 비슷 / 두께감: 적당함 / 신축성: 적당함,True,0,travel,상의,S,,2026,6,29,월,5,응답,정사이즈,화면과 비슷,,,,적당함,적당함,,,,3.0,3.0,,0.0,0.0,0.0,0.0,,,핏 예쁘고 입으면 여리여리해보여서 좋아요 요새 유행하는 핀터룩느낌내기굳,핏예쁘고입으면여리여리해보여서좋아요요새유행하는핀터룩느낌내기굳,0,0,0,0,0,False,39,32,39,True
6219090,85747998,general,gojin_,적당히 오버핏이고 이쁩니다 팔에 프린팅도 이쁨~,4.0,False,M,173.0,60.0,여성,2026-06-25 18:04:13,사이즈: 정사이즈 / 화면 대비 색감: 화면과 비슷 / 두께감: 얇음 / 신축성: 적당함,False,0,travel,상의,M,,2026,6,25,목,4,응답,정사이즈,화면과 비슷,,,,적당함,얇음,,,,3.0,2.0,,0.0,0.0,0.0,0.0,,,적당히 오버핏이고 이쁩니다 팔에 프린팅도 이쁨~,적당히오버핏이고이쁩니다팔에프린팅도이쁨,0,0,0,0,0,False,26,20,26,True
6219090,85746492,style,아침먹으면속안좋아,제가 회색 스트라이프 넘 조아하는데 마침 트래블에서 개큰세일과 함께 헨리넥을^^ 디자인이 독특하면서도 캐주얼해서 입었더요!!! 친구가 비록 미국교도소에 수감될 것 같다고 했지만 저같경 극복^^ 제가 팔뚝살이 많은데 은근 살이 조금 덜 잇어보이기도 해욤(아마),5.0,False,S,168.0,56.0,여성,2026-06-25 17:29:29,사이즈: 조금 큼 / 화면 대비 색감: 화면과 비슷 / 두께감: 적당함 / 신축성: 적당함,True,1,travel,상의,S,,2026,6,25,목,5,응답,조금 큼,화면과 비슷,,,,적당함,적당함,,,,3.0,3.0,,1.0,1.0,0.0,0.0,,,제가 회색 스트라이프 넘 조아하는데 마침 트래블에서 개큰세일과 함께 헨리넥을^^ 디자인이 독특하면서도 캐주얼해서 입었더요!!! 친구가 비록 미국교도소에 수감될 것 같다고 했지만 저같경 극복^^ 제가 팔뚝살이 많은데 은근 살이 조금 덜 잇어보이기도 해욤(아마),제가회색스트라이프넘조아하는데마침트래블에서개큰세일과함께헨리넥을디자인이독특하면서도캐주얼해서입었더요친구가비록미국교도소에수감될것같다고했지만저같경극복제가팔뚝살이많은데은근살이조금덜잇어보이기도해욤아마,0,0,3,0,0,True,144,104,144,True
﻿6083677,86028409,general,자신있는은색빅백,피그먼트 재질도 좋고 부드러워서 여름에도 입기 좋아요,5.0,False,M,170.0,60.0,여성,2026-07-04 01:17:54,사이즈: 정사이즈 / 화면 대비 색감: 화면과 비슷 / 두께감: 적당함 / 신축성: 적당함,False,0,travel,상의,M,,2026,7,4,토,5,응답,정사이즈,화면과 비슷,,,,적당함,적당함,,,,3.0,3.0,,0.0,0.0,0.0,0.0,,,피그먼트 재질도 좋고 부드러워서 여름에도 입기 좋아요,피그먼트재질도좋고부드러워서여름에도입기좋아요,0,0,0,0,0,False,29,23,29,True
6083677,85691635,style,1호미라클,오버 사이즈로 입어도 데일리로 예쁘게 입고 다닐 수 있어 좋은 것 같아요,5.0,False,M,170.0,58.0,남성,2026-06-24 17:52:04,사이즈: 정사이즈 / 화면 대비 색감: 화면과 비슷 / 두께감: 적당함 / 신축성: 적당함,True,0,travel,상의,M,,2026,6,24,수,5,응답,정사이즈,화면과 비슷,,,,적당함,적당함,,,,3.0,3.0,,0.0,0.0,0.0,0.0,,,오버 사이즈로 입어도 데일리로 예쁘게 입고 다닐 수 있어 좋은 것 같아요,오버사이즈로입어도데일리로예쁘게입고다닐수있어좋은것같아요,0,0,0,0,0,False,40,29,40,True
﻿6219032,85931002,general,송꼬부기1,색감이 너무 예뻐요! 재질도 너무 좋구요! 잘 입겠습니닷! 트래블 믿고 구매해요!!,5.0,False,EXTRA LARGE,173.0,150.0,여성,2026-06-30 17:27:21,사이즈: 많이 큼 / 화면 대비 색감: 화면과 비슷 / 두께감: 적당함 / 신축성: 적당함,False,0,travel,상의,EXTRA LARGE,,2026,6,30,화,5,응답,많이 큼,화면과 비슷,,,,적당함,적당함,,,,3.0,3.0,,2.0,2.0,0.0,0.0,,,색감이 너무 예뻐요! 재질도 너무 좋구요! 잘 입겠습니닷! 트래블 믿고 구매해요!!,색감이너무예뻐요재질도너무좋구요잘입겠습니닷트래블믿고구매해요,0,0,5,0,0,False,46,31,46,True
﻿6205183,85895239,general,zkdlss,적당한 길이라서 편하게 입고 다니기 좋고 그래픽이 마음에 들어용,5.0,False,S,170.0,56.0,여성,2026-06-29 11:19:14,사이즈: 정사이즈 / 화면 대비 색감: 화면과 비슷 / 두께감: 적당함 / 신축성: 적당함,False,0,travel,상의,S,,2026,6,29,월,5,응답,정사이즈,화면과 비슷,,,,적당함,적당함,,,,3.0,3.0,,0.0,0.0,0.0,0.0,,,적당한 길이라서 편하게 입고 다니기 좋고 그래픽이 마음에 들어용,적당한길이라서편하게입고다니기좋고그래픽이마음에들어용,0,0,0,0,0,False,35,27,35,True
﻿4275054,85790316,style,이터스트,스포티하게 입기 좋은 후드티~ 대충 입기에도 좋아서 집앞 슈퍼갈 때도 굿👍🏼,5.0,False,MEDIUM,162.0,52.0,여성,2026-06-26 15:22:35,사이즈: 정사이즈 / 화면 대비 색감: 화면과 비슷 / 두께감: 적당함 / 퀄리티: 좋음,True,0,travel,상의,MEDIUM,,2026,6,26,금,5,응답,정사이즈,화면과 비슷,좋음,,,,적당함,,4.0,,,3.0,,0.0,0.0,0.0,0.0,,,스포티하게 입기 좋은 후드티~ 대충 입기에도 좋아서 집앞 슈퍼갈 때도 굿,스포티하게입기좋은후드티대충입기에도좋아서집앞슈퍼갈때도굿,0,0,0,0,1,False,42,29,40,True
4275054,85788292,general,이터스트,편하게 입기 너무 좋은 후드티!! 세일할 때 사게 주고 사서 가성비 굿👍🏼,5.0,False,MEDIUM,162.0,52.0,여성,2026-06-26 14:41:04,사이즈: 정사이즈 / 화면 대비 색감: 화면과 비슷 / 두께감: 적당함 / 퀄리티: 좋음,True,0,travel,상의,MEDIUM,,2026,6,26,금,5,응답,정사이즈,화면과 비슷,좋음,,,,적당함,,4.0,,,3.0,,0.0,0.0,0.0,0.0,,,편하게 입기 너무 좋은 후드티!! 세일할 때 사게 주고 사서 가성비 굿,편하게입기너무좋은후드티세일할때사게주고사서가성비굿,0,0,2,0,1,False,41,26,39,True
﻿6564900,85662075,general,제모받은몰디브퍼,세탁 후에 물빠지고 나서 색감이 너무 이뻐요 잘 입고 다닐게요,5.0,False,LARGE,184.0,67.0,남성,2026-06-24 08:27:56,사이즈: 정사이즈 / 화면 대비 색감: 화면과 비슷 / 두께감: 적당함 / 신축성: 적당함,False,0,travel,상의,LARGE,,2026,6,24,수,5,응답,정사이즈,화면과 비슷,,,,적당함,적당함,,,,3.0,3.0,,0.0,0.0,0.0,0.0,,,세탁 후에 물빠지고 나서 색감이 너무 이뻐요 잘 입고 다닐게요,세탁후에물빠지고나서색감이너무이뻐요잘입고다닐게요,0,0,0,0,0,False,34,25,34,True
﻿6219041,86071775,general,77rccon,옷 재질이 생각보다 얇은데 지금 계절에 입기 딱 좋아요!,5.0,False,MEDIUM,175.0,69.0,남성,2026-07-05 22:07:22,사이즈: 정사이즈 / 화면 대비 색감: 화면과 비슷 / 두께감: 얇음 / 신축성: 적당함,False,0,travel,상의,MEDIUM,,2026,7,5,일,5,응답,정사이즈,화면과 비슷,,,,적당함,얇음,,,,3.0,2.0,,0.0,0.0,0.0,0.0,,,옷 재질이 생각보다 얇은데 지금 계절에 입기 딱 좋아요!,옷재질이생각보다얇은데지금계절에입기딱좋아요,0,0,1,0,0,False,31,22,31,True
6219041,85916982,general,½,프린팅이 넘 흐릿해여 교환 귀찮아서 그냥 입습니다,4.0,False,SMALL,160.0,50.0,여성,2026-06-30 01:36:13,사이즈: 정사이즈 / 화면 대비 색감: 어두움 / 두께감: 적당함 / 신축성: 적당함,True,0,travel,상의,SMALL,,2026,6,30,화,4,응답,정사이즈,어두움,,,,적당함,적당함,,,,3.0,3.0,,0.0,0.0,-1.0,1.0,,,프린팅이 넘 흐릿해여 교환 귀찮아서 그냥 입습니다,프린팅이넘흐릿해여교환귀찮아서그냥입습니다,0,0,0,0,0,False,27,21,27,True
﻿6219028,85565781,general,멧뚱이,트래블 보통 M입는데 S사니까 몸에 약간 핏되는 느낌이네요. 하의 와이드하게 입으니까 힙하니 더 좋은 것 같아요. 원단도 부드럽고 막 늘어날 겉 가지도 않아서 좋습니당!,5.0,False,SMALL,164.0,57.0,여성,2026-06-22 15:47:55,사이즈: 정사이즈 / 화면 대비 색감: 화면과 비슷 / 두께감: 적당함 / 신축성: 적당함,True,0,travel,상의,SMALL,,2026,6,22,월,5,응답,정사이즈,화면과 비슷,,,,적당함,적당함,,,,3.0,3.0,,0.0,0.0,0.0,0.0,,,트래블 보통 M입는데 S사니까 몸에 약간 핏되는 느낌이네요. 하의 와이드하게 입으니까 힙하니 더 좋은 것 같아요. 원단도 부드럽고 막 늘어날 겉 가지도 않아서 좋습니당!,트래블보통m입는데s사니까몸에약간핏되는느낌이네요하의와이드하게입으니까힙하니더좋은것같아요원단도부드럽고막늘어날겉가지도않아서좋습니당,0,0,1,0,0,False,94,66,94,True
﻿6564910,85902650,experience,뒤지고싶냐,사진에는 좀 더 밝게 나왔는데 실제로 보면 어둡고 짙은 파란색이에용 !! 입었을 때 팔부분이 생각보다 크고 후들후들해서 팔 부분 접어입었더니 핏이 좀 더 예쁘게 나오는 것 같습니당 ~~ 제가 어깨가 좀 넓은 편이라 가로 스트라이프에 어깨선 때문에 어깨 좀 더 넓어보이긴 합니다ㅏ 그래도 재질도 얆고 부드러워서 잘 입을 것 같아요 길이는 딱 적당한 것 같습니당 프린팅은 실제로 보면 엄청 쨍하진 않고 사진보다는 살짝 흐려서 예뻐요 이런 파란 색감에 독특한 프린팅 찾고 계신 분들 추천합니당 !! 트래블에서 산 베이지 버뮤다랑 잘 어울릴 것 같아요,4.0,True,SMALL,168.0,57.0,여성,2026-06-29 16:23:42,사이즈: 조금 큼 / 화면 대비 색감: 화면과 비슷 / 두께감: 적당함 / 신축성: 적당함,True,0,travel,상의,SMALL,,2026,6,29,월,4,응답,조금 큼,화면과 비슷,,,,적당함,적당함,,,,3.0,3.0,,1.0,1.0,0.0,0.0,,,사진에는 좀 더 밝게 나왔는데 실제로 보면 어둡고 짙은 파란색이에용 !! 입었을 때 팔부분이 생각보다 크고 후들후들해서 팔 부분 접어입었더니 핏이 좀 더 예쁘게 나오는 것 같습니당 ~~ 제가 어깨가 좀 넓은 편이라 가로 스트라이프에 어깨선 때문에 어깨 좀 더 넓어보이긴 합니다ㅏ 그래도 재질도 얆고 부드러워서 잘 입을 것 같아요 길이는 딱 적당한 것 같습니당 프린팅은 실제로 보면 엄청 쨍하진 않고 사진보다는 살짝 흐려서 예뻐요 이런 파란 색감에 독특한 프린팅 찾고 계신 분들 추천합니당 !! 트래블에서 산 베이지 버뮤다랑 잘 어울릴 것 같아요,사진에는좀더밝게나왔는데실제로보면어둡고짙은파란색이에용입었을때팔부분이생각보다크고후들후들해서팔부분접어입었더니핏이좀더예쁘게나오는것같습니당제가어깨가좀넓은편이라가로스트라이프에어깨선때문에어깨좀더넓어보이긴합니다그래도재질도얆고부드러워서잘입을것같아요길이는딱적당한것같습니당프린팅은실제로보면엄청쨍하진않고사진보다는살짝흐려서예뻐요이런파란색감에독특한프린팅찾고계신분들추천합니당트래블에서산베이지버뮤다랑잘어울릴것같아요,0,0,4,0,0,False,304,215,304,True
﻿6564884,85985500,general,마인바부우,괜찮음 선물로 사줬는디 입고 다니기 편하다고 함,5.0,False,EXTRA LARGE,168.0,49.0,여성,2026-07-02 13:50:42,사이즈: 정사이즈 / 화면 대비 색감: 화면과 비슷 / 두께감: 적당함 / 신축성: 적당함,False,0,travel,상의,EXTRA LARGE,,2026,7,2,목,5,응답,정사이즈,화면과 비슷,,,,적당함,적당함,,,,3.0,3.0,,0.0,0.0,0.0,0.0,,,괜찮음 선물로 사줬는디 입고 다니기 편하다고 함,괜찮음선물로사줬는디입고다니기편하다고함,0,0,0,0,0,False,26,20,26,True
6564884,85772409,general,산톡기톡기,색상 예쁘고 사이즈 좋아요 어깨선 때문에 팔 부분이 뜨는게 좀 아쉽지만 걷어 입으면 괜찮아요,5.0,False,MEDIUM,163.0,55.0,여성,2026-06-26 02:43:48,사이즈: 정사이즈 / 화면 대비 색감: 화면과 비슷 / 두께감: 적당함 / 신축성: 적당함,True,0,travel,상의,MEDIUM,,2026,6,26,금,5,응답,정사이즈,화면과 비슷,,,,적당함,적당함,,,,3.0,3.0,,0.0,0.0,0.0,0.0,,,색상 예쁘고 사이즈 좋아요 어깨선 때문에 팔 부분이 뜨는게 좀 아쉽지만 걷어 입으면 괜찮아요,색상예쁘고사이즈좋아요어깨선때문에팔부분이뜨는게좀아쉽지만걷어입으면괜찮아요,0,0,0,0,0,False,51,38,51,True
6564884,85643625,general,sb매니아123,배송빠르고 핏좋고 이쁘네요 잘입을게요 딱 좋아요,5.0,False,EXTRA LARGE,181.0,80.0,남성,2026-06-23 22:24:05,사이즈: 정사이즈 / 화면 대비 색감: 화면과 비슷 / 두께감: 적당함 / 신축성: 적당함,True,0,travel,상의,EXTRA LARGE,,2026,6,23,화,5,응답,정사이즈,화면과 비슷,,,,적당함,적당함,,,,3.0,3.0,,0.0,0.0,0.0,0.0,,,배송빠르고 핏좋고 이쁘네요 잘입을게요 딱 좋아요,배송빠르고핏좋고이쁘네요잘입을게요딱좋아요,0,0,0,0,0,False,26,21,26,True
﻿6564883,85985513,general,마인바부우,괜찮음 선물로 사줬는디 입고 다니기 편하다고 함,5.0,False,EXTRA LARGE,168.0,49.0,여성,2026-07-02 13:51:21,사이즈: 정사이즈 / 화면 대비 색감: 화면과 비슷 / 두께감: 적당함 / 신축성: 적당함,False,0,travel,상의,EXTRA LARGE,,2026,7,2,목,5,응답,정사이즈,화면과 비슷,,,,적당함,적당함,,,,3.0,3.0,,0.0,0.0,0.0,0.0,,,괜찮음 선물로 사줬는디 입고 다니기 편하다고 함,괜찮음선물로사줬는디입고다니기편하다고함,0,0,0,0,0,False,26,20,26,True
﻿6219039,86069950,general,프로리뷰러S2,기대 안했는데 생각보다 맘에 들어요. 잘 입을게요.,5.0,False,EXTRA LARGE,175.0,68.0,남성,2026-07-05 20:57:07,사이즈: 정사이즈 / 화면 대비 색감: 화면과 비슷 / 두께감: 적당함 / 신축성: 적당함,True,0,travel,상의,EXTRA LARGE,,2026,7,5,일,5,응답,정사이즈,화면과 비슷,,,,적당함,적당함,,,,3.0,3.0,,0.0,0.0,0.0,0.0,,,기대 안했는데 생각보다 맘에 들어요. 잘 입을게요.,기대안했는데생각보다맘에들어요잘입을게요,0,0,0,0,0,False,28,20,28,True
﻿6219022,85933517,general,아쿠아로,프린팅이 아니라 튀어나온 별들이라 더 예쁜거 같습니다,5.0,False,SMALL,162.0,58.0,남성,2026-06-30 18:47:52,사이즈: 정사이즈 / 화면 대비 색감: 화면과 비슷 / 두께감: 적당함 / 신축성: 적당함,False,0,travel,상의,SMALL,,2026,6,30,화,5,응답,정사이즈,화면과 비슷,,,,적당함,적당함,,,,3.0,3.0,,0.0,0.0,0.0,0.0,,,프린팅이 아니라 튀어나온 별들이라 더 예쁜거 같습니다,프린팅이아니라튀어나온별들이라더예쁜거같습니다,0,0,0,0,0,False,29,23,29,True
﻿6083614,85711068,general,아르네브,매년 여름이 다가오면 트래블 티셔츠는 한벌 이상 구매하는것 같습니다 올해도 역시 잘 입겠습니다,5.0,False,L,171.0,78.0,남성,2026-06-24 22:28:35,사이즈: 정사이즈 / 화면 대비 색감: 화면과 비슷 / 두께감: 적당함 / 신축성: 적당함,True,0,travel,상의,L,,2026,6,24,수,5,응답,정사이즈,화면과 비슷,,,,적당함,적당함,,,,3.0,3.0,,0.0,0.0,0.0,0.0,,,매년 여름이 다가오면 트래블 티셔츠는 한벌 이상 구매하는것 같습니다 올해도 역시 잘 입겠습니다,매년여름이다가오면트래블티셔츠는한벌이상구매하는것같습니다올해도역시잘입겠습니다,0,0,0,0,0,False,52,40,52,True
﻿5960796,85951571,general,성실한동묘에코백,면이 부드럽고 좋아서 여름에도 실내에서 입기 좋은 것 같아요,5.0,False,S,151.0,47.0,여성,2026-07-01 10:22:29,사이즈: 정사이즈 / 화면 대비 색감: 화면과 비슷 / 두께감: 적당함 / 신축성: 적당함,False,0,travel,상의,S,,2026,7,1,수,5,응답,정사이즈,화면과 비슷,,,,적당함,적당함,,,,3.0,3.0,,0.0,0.0,0.0,0.0,,,면이 부드럽고 좋아서 여름에도 실내에서 입기 좋은 것 같아요,면이부드럽고좋아서여름에도실내에서입기좋은것같아요,0,0,0,0,0,False,33,25,33,True
﻿6564895,85997215,general,주루루루루룰루,재질이 좋고 사이즈도 생각했던 만큼 딱 맞는것 같아요,5.0,False,MEDIUM,172.0,57.0,남성,2026-07-02 21:27:59,사이즈: 정사이즈 / 화면 대비 색감: 화면과 비슷 / 두께감: 적당함 / 신축성: 적당함,False,0,travel,상의,MEDIUM,,2026,7,2,목,5,응답,정사이즈,화면과 비슷,,,,적당함,적당함,,,,3.0,3.0,,0.0,0.0,0.0,0.0,,,재질이 좋고 사이즈도 생각했던 만큼 딱 맞는것 같아요,재질이좋고사이즈도생각했던만큼딱맞는것같아요,0,0,0,0,0,False,29,22,29,True
6564895,85931022,general,송꼬부기1,색감이 너무 예뻐요! 재질도 너무 좋구요! 잘 입겠습니닷! 트래블 믿고 구매해요!!,5.0,False,EXTRA LARGE,173.0,150.0,여성,2026-06-30 17:28:00,사이즈: 정사이즈 / 화면 대비 색감: 화면과 비슷 / 두께감: 적당함 / 신축성: 적당함,False,0,travel,상의,EXTRA LARGE,,2026,6,30,화,5,응답,정사이즈,화면과 비슷,,,,적당함,적당함,,,,3.0,3.0,,0.0,0.0,0.0,0.0,,,색감이 너무 예뻐요! 재질도 너무 좋구요! 잘 입겠습니닷! 트래블 믿고 구매해요!!,색감이너무예뻐요재질도너무좋구요잘입겠습니닷트래블믿고구매해요,0,0,5,0,0,False,46,31,46,True
﻿6564887,85760801,style,심각한인사동구두,물빠젠 느낌이나 글자 색도 좋고 면이 실에 닿는 느낌도 부드럽고 너무 좋아요~,5.0,False,EXTRA LARGE,179.0,90.0,남성,2026-06-25 21:41:32,사이즈: 정사이즈 / 화면 대비 색감: 화면과 비슷 / 두께감: 적당함 / 신축성: 적당함,True,0,travel,상의,EXTRA LARGE,,2026,6,25,목,5,응답,정사이즈,화면과 비슷,,,,적당함,적당함,,,,3.0,3.0,,0.0,0.0,0.0,0.0,,,물빠젠 느낌이나 글자 색도 좋고 면이 실에 닿는 느낌도 부드럽고 너무 좋아요~,물빠젠느낌이나글자색도좋고면이실에닿는느낌도부드럽고너무좋아요,0,0,0,0,0,False,43,31,43,True
﻿6564881,85980695,general,꽃초잉,색상이 예뻐요   아주 예쁘게 잘 입을거 같아요 스타일도 좋구 재질도 좋아요,3.0,False,SMALL,160.0,60.0,여성,2026-07-02 10:09:36,사이즈: 정사이즈 / 화면 대비 색감: 화면과 비슷 / 두께감: 적당함 / 신축성: 적당함,False,0,travel,상의,SMALL,,2026,7,2,목,3,응답,정사이즈,화면과 비슷,,,,적당함,적당함,,,,3.0,3.0,,0.0,0.0,0.0,0.0,,,색상이 예뻐요 아주 예쁘게 잘 입을거 같아요 스타일도 좋구 재질도 좋아요,색상이예뻐요아주예쁘게잘입을거같아요스타일도좋구재질도좋아요,0,0,0,0,0,True,42,30,40,True
﻿6564214,85745113,style,푸른들꽃,아들용으로 구매했는데 여자가 입어도 괜찮아요. 천은ㅇ부들 좋은데 구김이 잘가는 면입니다.,3.0,False,L,163.0,55.0,여성,2026-06-25 16:56:06,사이즈: 정사이즈 / 화면 대비 색감: 화면과 비슷 / 두께감: 적당함 / 신축성: 적당함,True,0,travel,상의,L,,2026,6,25,목,3,응답,정사이즈,화면과 비슷,,,,적당함,적당함,,,,3.0,3.0,,0.0,0.0,0.0,0.0,,,아들용으로 구매했는데 여자가 입어도 괜찮아요. 천은ㅇ부들 좋은데 구김이 잘가는 면입니다.,아들용으로구매했는데여자가입어도괜찮아요천은부들좋은데구김이잘가는면입니다,0,0,0,0,0,False,49,37,49,True
6564214,85745063,general,푸른들꽃,카라셔츠가 필요해서 구매 약간의 변형된 디자인이 맘에 듭니다. 여자가 입어도 괜찮을듯 합니다.,3.0,False,L,163.0,55.0,여성,2026-06-25 16:55:03,사이즈: 정사이즈 / 화면 대비 색감: 화면과 비슷 / 두께감: 적당함 / 신축성: 적당함,True,0,travel,상의,L,,2026,6,25,목,3,응답,정사이즈,화면과 비슷,,,,적당함,적당함,,,,3.0,3.0,,0.0,0.0,0.0,0.0,,,카라셔츠가 필요해서 구매 약간의 변형된 디자인이 맘에 듭니다. 여자가 입어도 괜찮을듯 합니다.,카라셔츠가필요해서구매약간의변형된디자인이맘에듭니다여자가입어도괜찮을듯합니다,0,0,0,0,0,False,52,39,52,True
﻿6564212,85745208,style,푸른들꽃,아들용 구입인데 여자가 입어도 될거 같고요. 변형된 카라가 이쁘네요.,3.0,False,L,163.0,55.0,여성,2026-06-25 16:58:02,사이즈: 정사이즈 / 화면 대비 색감: 화면과 비슷 / 두께감: 적당함 / 신축성: 적당함,True,0,travel,상의,L,,2026,6,25,목,3,응답,정사이즈,화면과 비슷,,,,적당함,적당함,,,,3.0,3.0,,0.0,0.0,0.0,0.0,,,아들용 구입인데 여자가 입어도 될거 같고요. 변형된 카라가 이쁘네요.,아들용구입인데여자가입어도될거같고요변형된카라가이쁘네요,0,0,0,0,0,False,38,28,38,True
6564212,85745168,general,푸른들꽃,일반적인 카라셔츠가 아니라서 좋아요. 편하게 입을수 있습니다.,3.0,False,L,163.0,55.0,여성,2026-06-25 16:57:10,사이즈: 정사이즈 / 화면 대비 색감: 화면과 비슷 / 두께감: 적당함 / 신축성: 적당함,True,0,travel,상의,L,,2026,6,25,목,3,응답,정사이즈,화면과 비슷,,,,적당함,적당함,,,,3.0,3.0,,0.0,0.0,0.0,0.0,,,일반적인 카라셔츠가 아니라서 좋아요. 편하게 입을수 있습니다.,일반적인카라셔츠가아니라서좋아요편하게입을수있습니다,0,0,0,0,0,False,34,26,34,True
﻿6219089,85912540,general,옷좀사려고해,배송 진짜 빨라요 실물 이쁘고 약간 커서 편하게 입을수 있을거 같아요 굿,5.0,False,S,168.0,53.0,여성,2026-06-29 22:25:58,사이즈: 조금 큼 / 화면 대비 색감: 화면과 비슷 / 두께감: 적당함 / 신축성: 적당함,True,0,travel,상의,S,,2026,6,29,월,5,응답,조금 큼,화면과 비슷,,,,적당함,적당함,,,,3.0,3.0,,1.0,1.0,0.0,0.0,,,배송 진짜 빨라요 실물 이쁘고 약간 커서 편하게 입을수 있을거 같아요 굿,배송진짜빨라요실물이쁘고약간커서편하게입을수있을거같아요굿,0,0,0,0,0,False,40,29,40,True
﻿6219024,86011625,general,woone ウネ,옷 디자인 디테일이 예뻐요 사이즈 두께 다 괜찮아요,5.0,False,LARGE,171.0,53.0,여성,2026-07-03 13:25:32,사이즈: 정사이즈 / 화면 대비 색감: 화면과 비슷 / 두께감: 적당함 / 신축성: 적당함,True,0,travel,상의,LARGE,,2026,7,3,금,5,응답,정사이즈,화면과 비슷,,,,적당함,적당함,,,,3.0,3.0,,0.0,0.0,0.0,0.0,,,옷 디자인 디테일이 예뻐요 사이즈 두께 다 괜찮아요,옷디자인디테일이예뻐요사이즈두께다괜찮아요,0,0,0,0,0,False,28,21,28,True
﻿6219012,85821806,style,aitit,"타이포그래피와 말?페가수스?와의 디자인 조화가 찰떡입니다. 차콜컬러랑 고민하다 크림으로 샀는데 크림도 시원, 깔끔해보여서 만족스러워요.🐎🪽",5.0,False,EXTRA LARGE,171.0,65.0,여성,2026-06-27 09:06:46,사이즈: 정사이즈 / 화면 대비 색감: 화면과 비슷 / 두께감: 적당함 / 신축성: 적당함,True,0,travel,상의,EXTRA LARGE,,2026,6,27,토,5,응답,정사이즈,화면과 비슷,,,,적당함,적당함,,,,3.0,3.0,,0.0,0.0,0.0,0.0,,,"타이포그래피와 말?페가수스?와의 디자인 조화가 찰떡입니다. 차콜컬러랑 고민하다 크림으로 샀는데 크림도 시원, 깔끔해보여서 만족스러워요.",타이포그래피와말페가수스와의디자인조화가찰떡입니다차콜컬러랑고민하다크림으로샀는데크림도시원깔끔해보여서만족스러워요,0,0,0,2,2,False,77,58,75,True
6219012,85821764,general,aitit,필기체 느낌 타이포그래피 디자인 좋아하는데 딱 좋아하는 서체라 구매해봤습니다. 역시 예쁘네요.☺️👍,5.0,False,EXTRA LARGE,171.0,65.0,여성,2026-06-27 09:04:59,사이즈: 정사이즈 / 화면 대비 색감: 화면과 비슷 / 두께감: 적당함 / 신축성: 적당함,True,0,travel,상의,EXTRA LARGE,,2026,6,27,토,5,응답,정사이즈,화면과 비슷,,,,적당함,적당함,,,,3.0,3.0,,0.0,0.0,0.0,0.0,,,필기체 느낌 타이포그래피 디자인 좋아하는데 딱 좋아하는 서체라 구매해봤습니다. 역시 예쁘네요.,필기체느낌타이포그래피디자인좋아하는데딱좋아하는서체라구매해봤습니다역시예쁘네요,0,0,0,0,2,False,55,40,52,True
﻿6083647,85547155,style,써니벨,운동할때나 일상생활에서도 편하게 입을 수 있어서 깔별로 구매중이예요 스몰은 허리쪽이 통이 작아서 핏이 이상해요 한치수 크게 입는게 좋네요,5.0,False,M,165.0,48.0,여성,2026-06-22 07:16:34,사이즈: 정사이즈 / 화면 대비 색감: 화면과 비슷 / 두께감: 적당함 / 신축성: 적당함,True,0,travel,상의,M,,2026,6,22,월,5,응답,정사이즈,화면과 비슷,,,,적당함,적당함,,,,3.0,3.0,,0.0,0.0,0.0,0.0,,,운동할때나 일상생활에서도 편하게 입을 수 있어서 깔별로 구매중이예요 스몰은 허리쪽이 통이 작아서 핏이 이상해요 한치수 크게 입는게 좋네요,운동할때나일상생활에서도편하게입을수있어서깔별로구매중이예요스몰은허리쪽이통이작아서핏이이상해요한치수크게입는게좋네요,0,0,0,0,0,False,76,59,76,True
6083647,85547118,general,써니벨,운동할때나 일상생활에서도 편하게 입을 수 있어서 깔별로 구매중이예요,5.0,False,M,165.0,48.0,여성,2026-06-22 07:13:20,사이즈: 정사이즈 / 화면 대비 색감: 화면과 비슷 / 두께감: 적당함 / 신축성: 적당함,True,0,travel,상의,M,,2026,6,22,월,5,응답,정사이즈,화면과 비슷,,,,적당함,적당함,,,,3.0,3.0,,0.0,0.0,0.0,0.0,,,운동할때나 일상생활에서도 편하게 입을 수 있어서 깔별로 구매중이예요,운동할때나일상생활에서도편하게입을수있어서깔별로구매중이예요,0,0,0,0,0,False,37,30,37,True
﻿6083644,85750885,general,집이제일죠아,블프 할인율이 좋아 매번 구매해요 색상 디자인 모두 맘에 듭니다,5.0,False,M,175.0,48.0,남성,2026-06-25 19:01:56,사이즈: 정사이즈 / 화면 대비 색감: 화면과 비슷 / 두께감: 적당함 / 신축성: 적당함,True,0,travel,상의,M,,2026,6,25,목,5,응답,정사이즈,화면과 비슷,,,,적당함,적당함,,,,3.0,3.0,,0.0,0.0,0.0,0.0,,,블프 할인율이 좋아 매번 구매해요 색상 디자인 모두 맘에 듭니다,블프할인율이좋아매번구매해요색상디자인모두맘에듭니다,0,0,0,0,0,False,35,26,35,True
﻿5960682,85920447,general,사려깊은칠레버클,엄청 나풀나풀하고 여름에 입기 딱 좋은 반팔 셔츠예요. 안에 배색 티 입고 소매 접어서 레이어드하면 제일 이뻐요,5.0,False,S,174.0,70.0,남성,2026-06-30 09:59:47,사이즈: 정사이즈 / 화면 대비 색감: 화면과 비슷 / 퀄리티: 좋음 / 구김: 많음,True,0,travel,상의,S,,2026,6,30,화,5,응답,정사이즈,화면과 비슷,좋음,많음,,,,,4.0,,,,2.0,0.0,0.0,0.0,0.0,,,엄청 나풀나풀하고 여름에 입기 딱 좋은 반팔 셔츠예요. 안에 배색 티 입고 소매 접어서 레이어드하면 제일 이뻐요,엄청나풀나풀하고여름에입기딱좋은반팔셔츠예요안에배색티입고소매접어서레이어드하면제일이뻐요,0,0,0,0,0,False,62,45,62,True
﻿6564916,85914412,general,야마쓰정,예뻐요 여름에 잘 입을거 같아여 괜춘괜춘 굿굿야,4.0,False,L,186.0,80.0,남성,2026-06-29 23:25:51,사이즈: 정사이즈 / 화면 대비 색감: 화면과 비슷 / 두께감: 적당함 / 신축성: 적당함,False,0,travel,상의,L,,2026,6,29,월,4,응답,정사이즈,화면과 비슷,,,,적당함,적당함,,,,3.0,3.0,,0.0,0.0,0.0,0.0,,,예뻐요 여름에 잘 입을거 같아여 괜춘괜춘 굿굿야,예뻐요여름에잘입을거같아여괜춘괜춘굿굿야,0,0,0,0,0,False,26,20,26,True
﻿6564912,86007190,general,호또호또호,사이즈 딱 맞고 입어보니 너무 예쁘네요 배송도 빠르고 이뻐용,5.0,False,M,177.0,80.0,남성,2026-07-03 09:32:47,사이즈: 정사이즈 / 화면 대비 색감: 화면과 비슷 / 두께감: 적당함 / 신축성: 적당함,True,0,travel,상의,M,,2026,7,3,금,5,응답,정사이즈,화면과 비슷,,,,적당함,적당함,,,,3.0,3.0,,0.0,0.0,0.0,0.0,,,사이즈 딱 맞고 입어보니 너무 예쁘네요 배송도 빠르고 이뻐용,사이즈딱맞고입어보니너무예쁘네요배송도빠르고이뻐용,0,0,0,0,0,False,33,25,33,True
﻿6564899,85868485,general,럭키비키몬,프린팅이 빈티지 느낌 나서 예뻐요 실제로는 사진보다 연합니다,5.0,False,MEDIUM,162.0,53.0,여성,2026-06-28 15:11:52,사이즈: 정사이즈 / 화면 대비 색감: 화면과 비슷 / 두께감: 적당함 / 신축성: 적당함,True,0,travel,상의,MEDIUM,,2026,6,28,일,5,응답,정사이즈,화면과 비슷,,,,적당함,적당함,,,,3.0,3.0,,0.0,0.0,0.0,0.0,,,프린팅이 빈티지 느낌 나서 예뻐요 실제로는 사진보다 연합니다,프린팅이빈티지느낌나서예뻐요실제로는사진보다연합니다,0,0,0,0,0,False,33,26,33,True
﻿6564898,85802499,general,화려한베니스향수,적당히 얇고 시원하고 좋아요 ㅎㅎ  편하게 입을수 있을거 같아요,4.0,False,MEDIUM,165.0,57.0,여성,2026-06-26 19:24:44,사이즈: 조금 큼 / 화면 대비 색감: 화면과 비슷 / 두께감: 얇음 / 신축성: 적당함,False,0,travel,상의,MEDIUM,,2026,6,26,금,4,응답,조금 큼,화면과 비슷,,,,적당함,얇음,,,,3.0,2.0,,1.0,1.0,0.0,0.0,,,적당히 얇고 시원하고 좋아요 ㅎㅎ 편하게 입을수 있을거 같아요,적당히얇고시원하고좋아요편하게입을수있을거같아요,2,0,0,0,0,False,35,24,34,True
﻿6564890,85752309,general,산만한유럽패치,색깔 마음에 들고 편하고 여름계절이랑 입기 딱 좋은 것 같아요!,5.0,False,MEDIUM,168.0,72.0,남성,2026-06-25 19:26:02,사이즈: 정사이즈 / 화면 대비 색감: 화면과 비슷 / 두께감: 적당함 / 신축성: 적당함,True,0,travel,상의,MEDIUM,,2026,6,25,목,5,응답,정사이즈,화면과 비슷,,,,적당함,적당함,,,,3.0,3.0,,0.0,0.0,0.0,0.0,,,색깔 마음에 들고 편하고 여름계절이랑 입기 딱 좋은 것 같아요!,색깔마음에들고편하고여름계절이랑입기딱좋은것같아요,0,0,1,0,0,False,35,25,35,True
﻿6564878,85837577,general,알잖아이십이유,이 브랜드 제품이 재질이 좋아서 올해도 사게 됐는데 여름에 맞게 얇고 안감 느낌도 시원합니다.,5.0,False,EXTRA LARGE,170.0,75.0,남성,2026-06-27 16:47:37,사이즈: 정사이즈 / 화면 대비 색감: 밝음 / 두께감: 적당함 / 신축성: 적당함,True,0,travel,상의,EXTRA LARGE,,2026,6,27,토,5,응답,정사이즈,밝음,,,,적당함,적당함,,,,3.0,3.0,,0.0,0.0,1.0,1.0,,,이 브랜드 제품이 재질이 좋아서 올해도 사게 됐는데 여름에 맞게 얇고 안감 느낌도 시원합니다.,이브랜드제품이재질이좋아서올해도사게됐는데여름에맞게얇고안감느낌도시원합니다,0,0,0,0,0,False,52,38,52,True
﻿6564877,85985505,general,마인바부우,괜찮음 선물로 사줬는디 입고 다니기 편하다고 함,5.0,False,EXTRA LARGE,168.0,49.0,여성,2026-07-02 13:51:01,사이즈: 정사이즈 / 화면 대비 색감: 화면과 비슷 / 두께감: 적당함 / 신축성: 적당함,False,0,travel,상의,EXTRA LARGE,,2026,7,2,목,5,응답,정사이즈,화면과 비슷,,,,적당함,적당함,,,,3.0,3.0,,0.0,0.0,0.0,0.0,,,괜찮음 선물로 사줬는디 입고 다니기 편하다고 함,괜찮음선물로사줬는디입고다니기편하다고함,0,0,0,0,0,False,26,20,26,True
﻿6219033,85631803,general,ttorrri,질도 좋고 너무 마음에 듭니다 트래블에서 사는건 믿고사요,5.0,False,EXTRA LARGE,162.0,68.0,여성,2026-06-23 19:58:57,사이즈: 정사이즈 / 화면 대비 색감: 화면과 비슷 / 두께감: 적당함 / 신축성: 적당함,True,0,travel,상의,EXTRA LARGE,,2026,6,23,화,5,응답,정사이즈,화면과 비슷,,,,적당함,적당함,,,,3.0,3.0,,0.0,0.0,0.0,0.0,,,질도 좋고 너무 마음에 듭니다 트래블에서 사는건 믿고사요,질도좋고너무마음에듭니다트래블에서사는건믿고사요,0,0,0,0,0,False,31,24,31,True
﻿6219021,85933539,general,아쿠아로,예뻐서 흰색 검정 두가지 색상을 모두 구매했습니다,5.0,False,SMALL,162.0,58.0,남성,2026-06-30 18:48:28,사이즈: 정사이즈 / 화면 대비 색감: 화면과 비슷 / 두께감: 적당함 / 신축성: 적당함,False,0,travel,상의,SMALL,,2026,6,30,화,5,응답,정사이즈,화면과 비슷,,,,적당함,적당함,,,,3.0,3.0,,0.0,0.0,0.0,0.0,,,예뻐서 흰색 검정 두가지 색상을 모두 구매했습니다,예뻐서흰색검정두가지색상을모두구매했습니다,0,0,0,0,0,False,27,21,27,True
﻿6219011,85842614,general,ddddddddddyyyyy,빈티지한 느낌으로 박시하게 입고싶어서 주문했어요 팔 길이가 길긴한데 접어서 입으면 괜찮아요!,4.0,False,MEDIUM,155.0,111.0,여성,2026-06-28 14:58:54,사이즈: 정사이즈 / 화면 대비 색감: 화면과 비슷 / 두께감: 적당함 / 신축성: 적당함,True,0,travel,상의,MEDIUM,,2026,6,28,일,4,응답,정사이즈,화면과 비슷,,,,적당함,적당함,,,,3.0,3.0,,0.0,0.0,0.0,0.0,,,빈티지한 느낌으로 박시하게 입고싶어서 주문했어요 팔 길이가 길긴한데 접어서 입으면 괜찮아요!,빈티지한느낌으로박시하게입고싶어서주문했어요팔길이가길긴한데접어서입으면괜찮아요,0,0,1,0,0,False,51,40,51,True
﻿2340574,85986108,general,뷁234,안감도 있어서 튼튼해보이고 편해서 잘 입고 있습니드,5.0,False,SMALL,163.0,53.0,여성,2026-07-02 14:16:28,사이즈: 정사이즈 / 화면 대비 색감: 화면과 비슷 / 퀄리티: 보통 / 두께감: 적당함,False,0,travel,아우터,SMALL,,2026,7,2,목,5,응답,정사이즈,화면과 비슷,보통,,,,적당함,,3.0,,,3.0,,0.0,0.0,0.0,0.0,,,안감도 있어서 튼튼해보이고 편해서 잘 입고 있습니드,안감도있어서튼튼해보이고편해서잘입고있습니드,0,0,0,0,0,False,28,22,28,True
2340574,85938933,general,yukyuk,믿고사는 트래블입니다. 소재 핏 너무 좋아요 ㅎㅎ감사합니다.,5.0,False,MEDIUM,175.0,76.0,남성,2026-06-30 21:27:46,사이즈: 정사이즈 / 화면 대비 색감: 화면과 비슷 / 퀄리티: 보통 / 두께감: 적당함,False,0,travel,아우터,MEDIUM,,2026,6,30,화,5,응답,정사이즈,화면과 비슷,보통,,,,적당함,,3.0,,,3.0,,0.0,0.0,0.0,0.0,,,믿고사는 트래블입니다. 소재 핏 너무 좋아요 ㅎㅎ감사합니다.,믿고사는트래블입니다소재핏너무좋아요감사합니다,2,0,0,0,0,False,33,23,33,True
﻿1817381,85454159,general,jccace,"173, 73 미듐 사이즈 적당히 원하는 핏 잘 나와요 아주 맘에 듭니다",5.0,False,MEDIUM,173.0,73.0,남성,2026-06-20 20:59:53,사이즈: 조금 큼 / 화면 대비 색감: 화면과 비슷 / 퀄리티: 좋음 / 두께감: 적당함,True,0,travel,아우터,MEDIUM,,2026,6,20,토,5,응답,조금 큼,화면과 비슷,좋음,,,,적당함,,4.0,,,3.0,,1.0,1.0,0.0,0.0,,,"173, 73 미듐 사이즈 적당히 원하는 핏 잘 나와요 아주 맘에 듭니다",17373미듐사이즈적당히원하는핏잘나와요아주맘에듭니다,0,0,0,0,0,False,40,23,40,True
1817381,85454403,style,jccace,"173, 73 미듐 적당히 핏 잘나오고 생활방수도 잘되고 맘에 듭니다",5.0,False,MEDIUM,173.0,73.0,남성,2026-06-20 15:22:14,사이즈: 조금 큼 / 화면 대비 색감: 화면과 비슷 / 퀄리티: 좋음 / 두께감: 얇음,True,0,travel,아우터,MEDIUM,,2026,6,20,토,5,응답,조금 큼,화면과 비슷,좋음,,,,얇음,,4.0,,,2.0,,1.0,1.0,0.0,0.0,,,"173, 73 미듐 적당히 핏 잘나오고 생활방수도 잘되고 맘에 듭니다",17373미듐적당히핏잘나오고생활방수도잘되고맘에듭니다,0,0,0,0,0,False,38,23,38,True
﻿4280527,85987244,style,일병10호봉,색상도 밝고 시보리 부분 두깨감이 너무 마음에 들어요! 그런데 너무 잘 만들어서 그런가 최근에 저랑 같은 옷 입으신 분을 일평균 두분은 본 거 같아요;;,5.0,False,SMALL,171.0,63.0,남성,2026-07-02 15:03:44,사이즈: 조금 큼 / 화면 대비 색감: 밝음 / 퀄리티: 매우 좋음 / 두께감: 적당함,True,0,travel,아우터,SMALL,,2026,7,2,목,5,응답,조금 큼,밝음,매우 좋음,,,,적당함,,5.0,,,3.0,,1.0,1.0,1.0,1.0,,,색상도 밝고 시보리 부분 두깨감이 너무 마음에 들어요! 그런데 너무 잘 만들어서 그런가 최근에 저랑 같은 옷 입으신 분을 일평균 두분은 본 거 같아요;;,색상도밝고시보리부분두깨감이너무마음에들어요그런데너무잘만들어서그런가최근에저랑같은옷입으신분을일평균두분은본거같아요,0,0,1,0,0,False,85,59,85,True
4280527,85929203,general,선아ೀ,특가할 때 구매 했는데 가성비 좋고 귀엽게 디자인해서 너무 좋아요.,5.0,False,SMALL,162.0,52.0,missing,2026-06-30 16:28:11,사이즈: 정사이즈 / 화면 대비 색감: 화면과 비슷 / 퀄리티: 매우 좋음 / 두께감: 적당함,False,0,travel,아우터,SMALL,,2026,6,30,화,5,응답,정사이즈,화면과 비슷,매우 좋음,,,,적당함,,5.0,,,3.0,,0.0,0.0,0.0,0.0,,,특가할 때 구매 했는데 가성비 좋고 귀엽게 디자인해서 너무 좋아요.,특가할때구매했는데가성비좋고귀엽게디자인해서너무좋아요,0,0,0,0,0,False,37,27,37,True
﻿3049030,85817655,style,간지폭발충,L사이즈가 크지 않을까 걱정했는데 재가 원하는 핏이 나와서 너무 좋습니다.,5.0,False,LARGE,166.0,65.0,남성,2026-06-27 01:40:41,사이즈: 조금 큼 / 화면 대비 색감: 화면과 비슷 / 퀄리티: 좋음 / 두께감: 두꺼움,True,0,travel,아우터,LARGE,,2026,6,27,토,5,응답,조금 큼,화면과 비슷,좋음,,,,두꺼움,,4.0,,,4.0,,1.0,1.0,0.0,0.0,,,L사이즈가 크지 않을까 걱정했는데 재가 원하는 핏이 나와서 너무 좋습니다.,l사이즈가크지않을까걱정했는데재가원하는핏이나와서너무좋습니다,0,0,0,0,0,False,41,30,41,True
3049030,85817589,general,간지폭발충,M사이즈가 없어서 어쩔수없이 L로 주문했는데 진짜 맘에드네요..,5.0,False,LARGE,166.0,65.0,남성,2026-06-27 01:38:01,사이즈: 조금 큼 / 화면 대비 색감: 화면과 비슷 / 퀄리티: 좋음 / 두께감: 두꺼움,True,0,travel,아우터,LARGE,,2026,6,27,토,5,응답,조금 큼,화면과 비슷,좋음,,,,두꺼움,,4.0,,,4.0,,1.0,1.0,0.0,0.0,,,M사이즈가 없어서 어쩔수없이 L로 주문했는데 진짜 맘에드네요..,m사이즈가없어서어쩔수없이l로주문했는데진짜맘에드네요,0,0,0,0,0,False,35,25,35,True
﻿2340573,85889406,style,ttorrri,질이 탄탄하고 좋습니다 다른 색상으로도 구매하려고요,5.0,False,LARGE,162.0,68.0,여성,2026-06-29 01:49:03,사이즈: 정사이즈 / 화면 대비 색감: 화면과 비슷 / 퀄리티: 보통 / 두께감: 적당함,True,0,travel,아우터,LARGE,,2026,6,29,월,5,응답,정사이즈,화면과 비슷,보통,,,,적당함,,3.0,,,3.0,,0.0,0.0,0.0,0.0,,,질이 탄탄하고 좋습니다 다른 색상으로도 구매하려고요,질이탄탄하고좋습니다다른색상으로도구매하려고요,0,0,0,0,0,False,28,23,28,True
﻿2844728,85893582,general,deathday,"가을에 데일리로 입고다닐만한거 찾다가 사봤는데 적당한 두께감에 무난한 디자인, 아쉬운 점은 2way 지퍼가 아니라는것",5.0,False,SMALL,168.0,65.0,남성,2026-06-29 10:07:21,사이즈: 정사이즈 / 화면 대비 색감: 화면과 비슷 / 퀄리티: 보통 / 보온성: 적당함,True,0,travel,아우터,SMALL,,2026,6,29,월,5,응답,정사이즈,화면과 비슷,보통,,,,,적당함,3.0,3.0,,,,0.0,0.0,0.0,0.0,,,"가을에 데일리로 입고다닐만한거 찾다가 사봤는데 적당한 두께감에 무난한 디자인, 아쉬운 점은 2way 지퍼가 아니라는것",가을에데일리로입고다닐만한거찾다가사봤는데적당한두께감에무난한디자인아쉬운점은2way지퍼가아니라는것,0,0,0,0,0,False,65,47,65,True
﻿4280525,85931357,general,선아ೀ,특가할 때 구매 했는데 가성비 좋고 귀엽게 디자인해서 너무 좋아요.,5.0,False,SMALL,162.0,52.0,missing,2026-06-30 17:38:26,사이즈: 정사이즈 / 화면 대비 색감: 화면과 비슷 / 퀄리티: 매우 좋음 / 두께감: 적당함,False,0,travel,아우터,SMALL,,2026,6,30,화,5,응답,정사이즈,화면과 비슷,매우 좋음,,,,적당함,,5.0,,,3.0,,0.0,0.0,0.0,0.0,,,특가할 때 구매 했는데 가성비 좋고 귀엽게 디자인해서 너무 좋아요.,특가할때구매했는데가성비좋고귀엽게디자인해서너무좋아요,0,0,0,0,0,False,37,27,37,True
4280525,85931304,general,선아ೀ,특가할 때 구매 했는데 가성비 좋고 귀엽게 디자인해서 너무 좋아요.,5.0,False,LARGE,162.0,52.0,missing,2026-06-30 17:36:55,사이즈: 정사이즈 / 화면 대비 색감: 화면과 비슷 / 퀄리티: 보통 / 두께감: 적당함,False,0,travel,아우터,LARGE,,2026,6,30,화,5,응답,정사이즈,화면과 비슷,보통,,,,적당함,,3.0,,,3.0,,0.0,0.0,0.0,0.0,,,특가할 때 구매 했는데 가성비 좋고 귀엽게 디자인해서 너무 좋아요.,특가할때구매했는데가성비좋고귀엽게디자인해서너무좋아요,0,0,0,0,0,False,37,27,37,True
4280525,85624874,general,힙한대만댄디룩,색도 제가 원하는 네이비색으로 빠져서 너무 만족스럽고 학교 에어컨바람때문에 추워서 입으려고 산건데 두께도 적당하고 좋았어요 너무 잘 입고다닐거같아요!,5.0,False,SMALL,165.0,55.0,여성,2026-06-23 18:15:00,사이즈: 정사이즈 / 화면 대비 색감: 화면과 비슷 / 퀄리티: 좋음 / 두께감: 적당함,False,0,travel,아우터,SMALL,,2026,6,23,화,5,응답,정사이즈,화면과 비슷,좋음,,,,적당함,,4.0,,,3.0,,0.0,0.0,0.0,0.0,,,색도 제가 원하는 네이비색으로 빠져서 너무 만족스럽고 학교 에어컨바람때문에 추워서 입으려고 산건데 두께도 적당하고 좋았어요 너무 잘 입고다닐거같아요!,색도제가원하는네이비색으로빠져서너무만족스럽고학교에어컨바람때문에추워서입으려고산건데두께도적당하고좋았어요너무잘입고다닐거같아요,0,0,1,0,0,False,83,65,83,True
﻿1817380,85949976,style,옥군이,네이비색 입어보고 다른색도 입어보고 싶어서 재구매했어요! 편하고 예쁩니다:),5.0,False,MEDIUM,165.0,65.0,여성,2026-07-01 09:25:17,사이즈: 조금 큼 / 화면 대비 색감: 화면과 비슷 / 퀄리티: 좋음 / 두께감: 적당함,True,0,travel,아우터,MEDIUM,,2026,7,1,수,5,응답,조금 큼,화면과 비슷,좋음,,,,적당함,,4.0,,,3.0,,1.0,1.0,0.0,0.0,,,네이비색 입어보고 다른색도 입어보고 싶어서 재구매했어요! 편하고 예쁩니다:),네이비색입어보고다른색도입어보고싶어서재구매했어요편하고예쁩니다,0,0,1,0,0,False,42,32,42,True
1817380,85715184,general,꿀산,요즘거의 매일입는데 진짜 만족합니다 저렴하게 좋은 제품 구입했습니다,5.0,False,LARGE,178.0,82.0,남성,2026-06-24 23:18:32,사이즈: 정사이즈 / 화면 대비 색감: 화면과 비슷 / 퀄리티: 매우 좋음 / 두께감: 매우 얇음,False,0,travel,아우터,LARGE,,2026,6,24,수,5,응답,정사이즈,화면과 비슷,매우 좋음,,,,매우 얇음,,5.0,,,1.0,,0.0,0.0,0.0,0.0,,,요즘거의 매일입는데 진짜 만족합니다 저렴하게 좋은 제품 구입했습니다,요즘거의매일입는데진짜만족합니다저렴하게좋은제품구입했습니다,0,0,0,0,0,False,37,30,37,True
﻿4280526,86010792,general,달복덩이,가을에 없을까봐 미리 구매하였습니다 비오는날 입기도 하는데 친구들이 어디서 샀는지 물어본다네요~^^ 넘 이뻐요,5.0,False,MEDIUM,169.0,69.0,여성,2026-07-03 12:39:59,사이즈: 조금 큼 / 화면 대비 색감: 어두움 / 퀄리티: 좋음 / 두께감: 두꺼움,True,0,travel,아우터,MEDIUM,,2026,7,3,금,5,응답,조금 큼,어두움,좋음,,,,두꺼움,,4.0,,,4.0,,1.0,1.0,-1.0,1.0,,,가을에 없을까봐 미리 구매하였습니다 비오는날 입기도 하는데 친구들이 어디서 샀는지 물어본다네요~^^ 넘 이뻐요,가을에없을까봐미리구매하였습니다비오는날입기도하는데친구들이어디서샀는지물어본다네요넘이뻐요,0,0,0,0,0,False,61,46,61,True
4280526,85862398,general,오오오5오오오,핏 예쁘고 재질도 좋아요. 가격 대비 만족스럽고 데일리로 입기 딱입니다!,5.0,False,LARGE,183.0,70.0,남성,2026-06-28 12:03:59,사이즈: 정사이즈 / 화면 대비 색감: 화면과 비슷 / 퀄리티: 보통 / 두께감: 적당함,False,0,travel,아우터,LARGE,,2026,6,28,일,5,응답,정사이즈,화면과 비슷,보통,,,,적당함,,3.0,,,3.0,,0.0,0.0,0.0,0.0,,,핏 예쁘고 재질도 좋아요. 가격 대비 만족스럽고 데일리로 입기 딱입니다!,핏예쁘고재질도좋아요가격대비만족스럽고데일리로입기딱입니다,0,0,1,0,0,False,40,29,40,True
4280526,85738377,style,opchled,크게 두껍지도 얇지도 않아서 봄가을겨울 다 입을 거 같아요,5.0,False,MEDIUM,160.0,50.0,여성,2026-06-25 14:20:32,사이즈: 정사이즈 / 화면 대비 색감: 화면과 비슷 / 퀄리티: 보통 / 두께감: 적당함,True,0,travel,아우터,MEDIUM,,2026,6,25,목,5,응답,정사이즈,화면과 비슷,보통,,,,적당함,,3.0,,,3.0,,0.0,0.0,0.0,0.0,,,크게 두껍지도 얇지도 않아서 봄가을겨울 다 입을 거 같아요,크게두껍지도얇지도않아서봄가을겨울다입을거같아요,0,0,0,0,0,False,32,24,32,True
﻿3514473,85692287,general,얄미운부산스냅,생각보다 너무 두꺼워서 좀 놀랐어요. 가볍게 실내에서 입으려고 샀는데 정도면 늦가을?까지 입을수 있을 거 같네요. 디자인은 정말 예쁜데 지금 당장 입을 수 없다는게 좀 슬픕니다😢,4.0,False,SMALL,159.0,45.0,여성,2026-06-24 18:01:52,사이즈: 조금 큼 / 화면 대비 색감: 화면과 비슷 / 퀄리티: 좋음 / 두께감: 두꺼움,False,0,travel,아우터,SMALL,,2026,6,24,수,4,응답,조금 큼,화면과 비슷,좋음,,,,두꺼움,,4.0,,,4.0,,1.0,1.0,0.0,0.0,,,생각보다 너무 두꺼워서 좀 놀랐어요. 가볍게 실내에서 입으려고 샀는데 정도면 늦가을?까지 입을수 있을 거 같네요. 디자인은 정말 예쁜데 지금 당장 입을 수 없다는게 좀 슬픕니다,생각보다너무두꺼워서좀놀랐어요가볍게실내에서입으려고샀는데정도면늦가을까지입을수있을거같네요디자인은정말예쁜데지금당장입을수없다는게좀슬픕니다,0,0,0,1,1,False,99,71,98,True
3514473,85570261,general,갓파맨,전체적인 디자인도 힙해서 좋고 편해서 마음에 듭니다,5.0,False,MEDIUM,163.0,53.0,여성,2026-06-22 17:25:03,사이즈: 정사이즈 / 화면 대비 색감: 화면과 비슷 / 퀄리티: 보통 / 두께감: 적당함,False,0,travel,아우터,MEDIUM,,2026,6,22,월,5,응답,정사이즈,화면과 비슷,보통,,,,적당함,,3.0,,,3.0,,0.0,0.0,0.0,0.0,,,전체적인 디자인도 힙해서 좋고 편해서 마음에 듭니다,전체적인디자인도힙해서좋고편해서마음에듭니다,0,0,0,0,0,False,28,22,28,True
﻿3514474,85922383,style,yj3721,바람막이에 달린 모자 넘 작지도 않고 딱 좋아요 환절기에 잘 입을듯,5.0,False,MEDIUM,162.0,60.0,여성,2026-06-30 11:38:13,사이즈: 조금 큼 / 화면 대비 색감: 화면과 비슷 / 퀄리티: 보통 / 두께감: 적당함,True,0,travel,아우터,MEDIUM,,2026,6,30,화,5,응답,조금 큼,화면과 비슷,보통,,,,적당함,,3.0,,,3.0,,1.0,1.0,0.0,0.0,,,바람막이에 달린 모자 넘 작지도 않고 딱 좋아요 환절기에 잘 입을듯,바람막이에달린모자넘작지도않고딱좋아요환절기에잘입을듯,0,0,0,0,0,False,37,27,37,True
3514474,85481843,style,차기여왕,모자도 매우 귀여움이.  힙한데 흰색 부분이 살짝 때가 많이 타요  그래도 너무 예쁨! 다만 여름에는 덥고 초여름초가을용입니다,5.0,False,LARGE,174.0,70.0,남성,2026-06-20 23:16:48,사이즈: 정사이즈 / 화면 대비 색감: 화면과 비슷 / 퀄리티: 보통 / 두께감: 적당함,True,0,travel,아우터,LARGE,,2026,6,20,토,5,응답,정사이즈,화면과 비슷,보통,,,,적당함,,3.0,,,3.0,,0.0,0.0,0.0,0.0,,,모자도 매우 귀여움이. 힙한데 흰색 부분이 살짝 때가 많이 타요 그래도 너무 예쁨! 다만 여름에는 덥고 초여름초가을용입니다,모자도매우귀여움이힙한데흰색부분이살짝때가많이타요그래도너무예쁨다만여름에는덥고초여름초가을용입니다,0,0,1,0,0,False,70,50,68,True
﻿4694108,86052240,general,선아ೀ,너무 귀엽고 마음에 들어서 특가할 때 구매해서 가성비도 좋습니다,5.0,False,MEDIUM,162.0,52.0,missing,2026-07-05 01:59:49,사이즈: 정사이즈 / 화면 대비 색감: 화면과 비슷 / 퀄리티: 매우 좋음 / 두께감: 적당함,False,0,travel,아우터,MEDIUM,,2026,7,5,일,5,응답,정사이즈,화면과 비슷,매우 좋음,,,,적당함,,5.0,,,3.0,,0.0,0.0,0.0,0.0,,,너무 귀엽고 마음에 들어서 특가할 때 구매해서 가성비도 좋습니다,너무귀엽고마음에들어서특가할때구매해서가성비도좋습니다,0,0,0,0,0,False,35,27,35,True
4694108,86052221,general,선아ೀ,너무 귀엽고 마음에 들어서 특가할 때 구매해서 가성비도 좋습니다,5.0,False,LARGE,162.0,52.0,missing,2026-07-05 01:58:12,사이즈: 정사이즈 / 화면 대비 색감: 화면과 비슷 / 퀄리티: 매우 좋음 / 두께감: 적당함,False,0,travel,아우터,LARGE,,2026,7,5,일,5,응답,정사이즈,화면과 비슷,매우 좋음,,,,적당함,,5.0,,,3.0,,0.0,0.0,0.0,0.0,,,너무 귀엽고 마음에 들어서 특가할 때 구매해서 가성비도 좋습니다,너무귀엽고마음에들어서특가할때구매해서가성비도좋습니다,0,0,0,0,0,False,35,27,35,True
4694108,86050232,style,bloomoon,진짜 빨리 선선한 가을이 와서 매일매일 입고 다니고 싶을 정도로 빨리 입고 싶어역!!!! 진짜 완전 대만족이에여!!!!,5.0,False,MEDIUM,165.0,55.0,여성,2026-07-05 00:04:33,사이즈: 조금 큼 / 화면 대비 색감: 화면과 비슷 / 퀄리티: 보통 / 두께감: 적당함,True,0,travel,아우터,MEDIUM,,2026,7,5,일,5,응답,조금 큼,화면과 비슷,보통,,,,적당함,,3.0,,,3.0,,1.0,1.0,0.0,0.0,,,진짜 빨리 선선한 가을이 와서 매일매일 입고 다니고 싶을 정도로 빨리 입고 싶어역!!! 진짜 완전 대만족이에여!!!,진짜빨리선선한가을이와서매일매일입고다니고싶을정도로빨리입고싶어역진짜완전대만족이에여,0,0,8,0,0,True,66,43,64,True
4694108,86050204,general,bloomoon,"와 진짜 너무 예쁘고 오버핏은 아니면서도 정사이즈는 아니고 살짝의 여유폼이 있으면 좋겠다고 생각했는데, 아주 그냥 기가막히게 딱 들어맞아서 너무 대만족해요ㅠㅠ",5.0,False,MEDIUM,165.0,55.0,여성,2026-07-05 00:03:29,사이즈: 조금 큼 / 화면 대비 색감: 화면과 비슷 / 퀄리티: 보통 / 두께감: 적당함,True,0,travel,아우터,MEDIUM,,2026,7,5,일,5,응답,조금 큼,화면과 비슷,보통,,,,적당함,,3.0,,,3.0,,1.0,1.0,0.0,0.0,,,"와 진짜 너무 예쁘고 오버핏은 아니면서도 정사이즈는 아니고 살짝의 여유폼이 있으면 좋겠다고 생각했는데, 아주 그냥 기가막히게 딱 들어맞아서 너무 대만족해요ㅠㅠ",와진짜너무예쁘고오버핏은아니면서도정사이즈는아니고살짝의여유폼이있으면좋겠다고생각했는데아주그냥기가막히게딱들어맞아서너무대만족해요,0,2,0,0,0,False,88,66,88,True
4694108,86049370,general,단정한베이지핀턱,가을에 입으려고 싸게 구매해서 잘 입고다닐 것 같습니다!,4.0,False,SMALL,165.0,60.0,여성,2026-07-04 23:25:37,사이즈: 정사이즈 / 화면 대비 색감: 화면과 비슷 / 퀄리티: 좋음 / 두께감: 적당함,True,0,travel,아우터,SMALL,,2026,7,4,토,4,응답,정사이즈,화면과 비슷,좋음,,,,적당함,,4.0,,,3.0,,0.0,0.0,0.0,0.0,,,가을에 입으려고 싸게 구매해서 잘 입고다닐 것 같습니다!,가을에입으려고싸게구매해서잘입고다닐것같습니다,0,0,1,0,0,False,31,23,31,True
4694108,85619300,general,포용적인옥색캡슐,생각보다 커요 평소져지 사이즈보다 한두배는 큰느낌? 그래서 더 좋아요!,5.0,False,MEDIUM,164.0,58.0,여성,2026-06-23 16:34:28,사이즈: 많이 큼 / 화면 대비 색감: 화면과 비슷 / 퀄리티: 좋음 / 두께감: 적당함,True,0,travel,아우터,MEDIUM,,2026,6,23,화,5,응답,많이 큼,화면과 비슷,좋음,,,,적당함,,4.0,,,3.0,,2.0,2.0,0.0,0.0,,,생각보다 커요 평소져지 사이즈보다 한두배는 큰느낌? 그래서 더 좋아요!,생각보다커요평소져지사이즈보다한두배는큰느낌그래서더좋아요,0,0,1,1,0,False,39,29,39,True
﻿4694112,86052172,general,선아ೀ,너무 귀엽고 마음에 들어서 특가할 때 구매해서 가성비도 좋습니다,5.0,False,SMALL,162.0,52.0,missing,2026-07-05 01:54:09,사이즈: 정사이즈 / 화면 대비 색감: 화면과 비슷 / 퀄리티: 매우 좋음 / 두께감: 적당함,False,0,travel,아우터,SMALL,,2026,7,5,일,5,응답,정사이즈,화면과 비슷,매우 좋음,,,,적당함,,5.0,,,3.0,,0.0,0.0,0.0,0.0,,,너무 귀엽고 마음에 들어서 특가할 때 구매해서 가성비도 좋습니다,너무귀엽고마음에들어서특가할때구매해서가성비도좋습니다,0,0,0,0,0,False,35,27,35,True
4694112,85929323,general,선아ೀ,특가할 때 구매 했는데 가성비 좋고 귀엽게 디자인해서 너무 좋아요.,5.0,False,SMALL,162.0,52.0,missing,2026-06-30 16:31:34,사이즈: 정사이즈 / 화면 대비 색감: 화면과 비슷 / 퀄리티: 매우 좋음 / 두께감: 적당함,False,0,travel,아우터,SMALL,,2026,6,30,화,5,응답,정사이즈,화면과 비슷,매우 좋음,,,,적당함,,5.0,,,3.0,,0.0,0.0,0.0,0.0,,,특가할 때 구매 했는데 가성비 좋고 귀엽게 디자인해서 너무 좋아요.,특가할때구매했는데가성비좋고귀엽게디자인해서너무좋아요,0,0,0,0,0,False,37,27,37,True
﻿4720611,86072803,style,아직설치중,생각보다 두꺼워서 봄가을에 입어야할 두께감입니다. 색 조합 예뻐요.,5.0,False,MEDIUM,168.0,62.0,남성,2026-07-05 22:44:19,사이즈: 정사이즈 / 화면 대비 색감: 화면과 비슷 / 퀄리티: 매우 좋음 / 두께감: 두꺼움,True,0,travel,아우터,MEDIUM,,2026,7,5,일,5,응답,정사이즈,화면과 비슷,매우 좋음,,,,두꺼움,,5.0,,,4.0,,0.0,0.0,0.0,0.0,,,생각보다 두꺼워서 봄가을에 입어야할 두께감입니다. 색 조합 예뻐요.,생각보다두꺼워서봄가을에입어야할두께감입니다색조합예뻐요,0,0,0,0,0,False,37,28,37,True
4720611,85886284,general,Synclair,생각보다 두꺼운데 또 입으면 막상 덥진 않음 여름이어도 낮밥에는 입을만함. 디자인도 깔끔하게 나와서 평소에 입기도 좋고 사람 만날때 입기도 괜찮음,5.0,False,LARGE,182.0,63.0,남성,2026-06-28 23:32:53,사이즈: 조금 큼 / 화면 대비 색감: 화면과 비슷 / 퀄리티: 좋음 / 두께감: 두꺼움,False,0,travel,아우터,LARGE,,2026,6,28,일,5,응답,조금 큼,화면과 비슷,좋음,,,,두꺼움,,4.0,,,4.0,,1.0,1.0,0.0,0.0,,,생각보다 두꺼운데 또 입으면 막상 덥진 않음 여름이어도 낮밥에는 입을만함. 디자인도 깔끔하게 나와서 평소에 입기도 좋고 사람 만날때 입기도 괜찮음,생각보다두꺼운데또입으면막상덥진않음여름이어도낮밥에는입을만함디자인도깔끔하게나와서평소에입기도좋고사람만날때입기도괜찮음,0,0,0,0,0,False,81,61,81,True
4720611,85556922,general,키치한그린앙고라,배송도 빠른고 가격이 할인있어서 좋아요 디자인도 예쁘고 맘에 들어요,5.0,False,MEDIUM,160.0,48.0,missing,2026-06-22 12:29:39,사이즈: 조금 큼 / 화면 대비 색감: 화면과 비슷 / 퀄리티: 매우 좋음 / 두께감: 적당함,False,0,travel,아우터,MEDIUM,,2026,6,22,월,5,응답,조금 큼,화면과 비슷,매우 좋음,,,,적당함,,5.0,,,3.0,,1.0,1.0,0.0,0.0,,,배송도 빠른고 가격이 할인있어서 좋아요 디자인도 예쁘고 맘에 들어요,배송도빠른고가격이할인있어서좋아요디자인도예쁘고맘에들어요,0,0,0,0,0,False,37,29,37,True
﻿5475907,85382497,general,bomb109,"디자인 쏘 큐트입니다, 넘 예뻐서 겨울에 잘 입구 다닐 것 같애요. 보온성은 딱 경량패딩의 적당함이에요",4.0,False,SMALL,156.0,39.0,여성,2026-06-25 07:43:52,사이즈: 조금 큼 / 화면 대비 색감: 화면과 비슷 / 퀄리티: 보통 / 보온성: 적당함,False,0,travel,아우터,SMALL,,2026,6,25,목,4,응답,조금 큼,화면과 비슷,보통,,,,,적당함,3.0,3.0,,,,1.0,1.0,0.0,0.0,,,"디자인 쏘 큐트입니다, 넘 예뻐서 겨울에 잘 입구 다닐 것 같애요. 보온성은 딱 경량패딩의 적당함이에요",디자인쏘큐트입니다넘예뻐서겨울에잘입구다닐것같애요보온성은딱경량패딩의적당함이에요,0,0,0,0,0,False,57,41,57,True
﻿5290704,85619347,general,포용적인옥색캡슐,생각보다 커서 평소에 사 입는 져지보다는 한사이즈에서 두사이즈는 큰다고 생각해야해요! 하지먼 너무 이뻐요,5.0,False,LARGE,164.0,58.0,여성,2026-06-23 16:35:22,사이즈: 많이 큼 / 화면 대비 색감: 화면과 비슷 / 퀄리티: 좋음 / 두께감: 두꺼움,True,0,travel,아우터,LARGE,,2026,6,23,화,5,응답,많이 큼,화면과 비슷,좋음,,,,두꺼움,,4.0,,,4.0,,2.0,2.0,0.0,0.0,,,생각보다 커서 평소에 사 입는 져지보다는 한사이즈에서 두사이즈는 큰다고 생각해야해요! 하지먼 너무 이뻐요,생각보다커서평소에사입는져지보다는한사이즈에서두사이즈는큰다고생각해야해요하지먼너무이뻐요,0,0,1,0,0,False,58,45,58,True
5290704,85573679,general,이쁜단이,일단 사진이랑 색감이 진짜 비슷해요 넘 예쁨ㅜ 하늘색 같기도 하고 그레이 같기도 한 느낌?🩵🩶 한사이즈 큰거 할까 고민했었는데 s사이즈가 딱 아방하니 딱 이쁘고 반바지랑 입어도 긴바지랑 입어도 이뻐요 큰거샀으면 애매했을듯. 진짜 넘예뻐요,5.0,False,SMALL,165.0,50.0,여성,2026-06-22 18:31:24,사이즈: 정사이즈 / 화면 대비 색감: 화면과 비슷 / 퀄리티: 매우 좋음 / 두께감: 적당함,False,0,travel,아우터,SMALL,,2026,6,22,월,5,응답,정사이즈,화면과 비슷,매우 좋음,,,,적당함,,5.0,,,3.0,,0.0,0.0,0.0,0.0,,,일단 사진이랑 색감이 진짜 비슷해요 넘 예쁨ㅜ 하늘색 같기도 하고 그레이 같기도 한 느낌? 한사이즈 큰거 할까 고민했었는데 s사이즈가 딱 아방하니 딱 이쁘고 반바지랑 입어도 긴바지랑 입어도 이뻐요 큰거샀으면 애매했을듯. 진짜 넘예뻐요,일단사진이랑색감이진짜비슷해요넘예쁨하늘색같기도하고그레이같기도한느낌한사이즈큰거할까고민했었는데s사이즈가딱아방하니딱이쁘고반바지랑입어도긴바지랑입어도이뻐요큰거샀으면애매했을듯진짜넘예뻐요,0,1,0,1,2,False,132,95,130,True
﻿5290703,86063631,general,차수혁,소매쪽이 과하게 긴게 좀 아쉽고 그 외 나머진 모두 만족스러웠습니다.,5.0,False,LARGE,184.0,84.0,남성,2026-07-05 16:42:46,사이즈: 조금 큼 / 화면 대비 색감: 화면과 비슷 / 퀄리티: 보통 / 두께감: 두꺼움,True,0,travel,아우터,LARGE,,2026,7,5,일,5,응답,조금 큼,화면과 비슷,보통,,,,두꺼움,,3.0,,,4.0,,1.0,1.0,0.0,0.0,,,소매쪽이 과하게 긴게 좀 아쉽고 그 외 나머진 모두 만족스러웠습니다.,소매쪽이과하게긴게좀아쉽고그외나머진모두만족스러웠습니다,0,0,0,0,0,False,38,28,38,True
5290703,86063543,style,차수혁,팔쪽이 되게 긴 편인거 같습니다 그거 말곤 딱히 아쉬운건 없고 2.5에 싸게 잘 구매했습니다,5.0,False,LARGE,184.0,84.0,남성,2026-07-05 16:38:37,사이즈: 많이 큼 / 화면 대비 색감: 화면과 비슷 / 퀄리티: 좋음 / 두께감: 두꺼움,True,0,travel,아우터,LARGE,,2026,7,5,일,5,응답,많이 큼,화면과 비슷,좋음,,,,두꺼움,,4.0,,,4.0,,2.0,2.0,0.0,0.0,,,팔쪽이 되게 긴 편인거 같습니다 그거 말곤 딱히 아쉬운건 없고 2.5에 싸게 잘 구매했습니다,팔쪽이되게긴편인거같습니다그거말곤딱히아쉬운건없고25에싸게잘구매했습니다,0,0,0,0,0,False,51,35,51,True
﻿4720512,85845275,general,달봉누이,세일할때 저렴하게 잘 샀어요!! 아직 입어보진 않았지만 너무 밈에 들어요,5.0,False,MEDIUM,162.0,63.0,여성,2026-06-27 20:23:35,사이즈: 정사이즈 / 화면 대비 색감: 화면과 비슷 / 두께감: 적당함 / 퀄리티: 보통,True,0,travel,아우터,MEDIUM,,2026,6,27,토,5,응답,정사이즈,화면과 비슷,보통,,,,적당함,,3.0,,,3.0,,0.0,0.0,0.0,0.0,,,세일할때 저렴하게 잘 샀어요!! 아직 입어보진 않았지만 너무 밈에 들어요,세일할때저렴하게잘샀어요아직입어보진않았지만너무밈에들어요,0,0,2,0,0,False,40,29,40,True
﻿5960871,85648736,general,오닝오닝,"처음 입어봤을 때 스트라이프 디테일이 포인트가 되어 만족스러웠습니다. 그레이 컬러라 부담 없이 입기 좋고 다양한 하의와도 자연스럽게 매치됐습니다. S 사이즈 기준으로 전체적으로 여유 있는 핏이라 편하게 착용 가능했고, 가볍게 걸치기 좋은 데일리 아우터였습니다.",5.0,False,S,163.0,49.0,여성,2026-06-23 23:24:17,사이즈: 정사이즈 / 화면 대비 색감: 화면과 비슷 / 퀄리티: 보통 / 두께감: 적당함,False,0,travel,아우터,S,,2026,6,23,화,5,응답,정사이즈,화면과 비슷,보통,,,,적당함,,3.0,,,3.0,,0.0,0.0,0.0,0.0,,,"처음 입어봤을 때 스트라이프 디테일이 포인트가 되어 만족스러웠습니다. 그레이 컬러라 부담 없이 입기 좋고 다양한 하의와도 자연스럽게 매치됐습니다. S 사이즈 기준으로 전체적으로 여유 있는 핏이라 편하게 착용 가능했고, 가볍게 걸치기 좋은 데일리 아우터였습니다.",처음입어봤을때스트라이프디테일이포인트가되어만족스러웠습니다그레이컬러라부담없이입기좋고다양한하의와도자연스럽게매치됐습니다s사이즈기준으로전체적으로여유있는핏이라편하게착용가능했고가볍게걸치기좋은데일리아우터였습니다,0,0,0,0,0,False,145,108,145,True
﻿5960875,85825518,general,한석원 선생님,귀엽고 스타 포인트가 너무 마음에 들어요! 가을 봄 용으로 추천해요,5.0,False,M,167.0,56.0,남성,2026-06-27 11:12:42,사이즈: 정사이즈 / 화면 대비 색감: 화면과 비슷 / 두께감: 적당함 / 퀄리티: 보통,True,0,travel,아우터,M,,2026,6,27,토,5,응답,정사이즈,화면과 비슷,보통,,,,적당함,,3.0,,,3.0,,0.0,0.0,0.0,0.0,,,귀엽고 스타 포인트가 너무 마음에 들어요! 가을 봄 용으로 추천해요,귀엽고스타포인트가너무마음에들어요가을봄용으로추천해요,0,0,1,0,0,False,37,27,37,True
﻿5748733,85703635,general,EllaU,생각보다 밝은? 회색이지만 너무너무 이뻐요! 사이즈도 딱 좋은 것 같아요. 여자분들은 무조건 가장 작은 사이즈 추천입니당,5.0,False,SMALL,165.0,52.0,여성,2026-06-24 20:56:25,사이즈: 정사이즈 / 화면 대비 색감: 밝음 / 두께감: 두꺼움 / 퀄리티: 매우 좋음,True,0,travel,아우터,SMALL,,2026,6,24,수,5,응답,정사이즈,밝음,매우 좋음,,,,두꺼움,,5.0,,,4.0,,0.0,0.0,1.0,1.0,,,생각보다 밝은? 회색이지만 너무너무 이뻐요! 사이즈도 딱 좋은 것 같아요. 여자분들은 무조건 가장 작은 사이즈 추천입니당,생각보다밝은회색이지만너무너무이뻐요사이즈도딱좋은것같아요여자분들은무조건가장작은사이즈추천입니당,0,0,1,1,0,False,67,49,67,True
﻿5960862,85981070,general,매혹적인인도키링,디자린이 독특하고 이뻐요 재질도 괜찮고 막 입고 다니느중,5.0,False,S,162.0,44.0,여성,2026-07-02 10:24:04,사이즈: 정사이즈 / 화면 대비 색감: 화면과 비슷 / 두께감: 적당함 / 퀄리티: 보통,False,0,travel,아우터,S,,2026,7,2,목,5,응답,정사이즈,화면과 비슷,보통,,,,적당함,,3.0,,,3.0,,0.0,0.0,0.0,0.0,,,디자린이 독특하고 이뻐요 재질도 괜찮고 막 입고 다니느중,디자린이독특하고이뻐요재질도괜찮고막입고다니느중,0,0,0,0,0,False,31,24,31,True
﻿3048838,86066536,general,윤두존잘,핏이 약간 체육복갘음체육복이맞긴한데 힙한 느낌은 아니에료,4.0,False,LARGE,167.0,89.0,여성,2026-07-05 18:43:24,사이즈: 정사이즈 / 화면 대비 색감: 화면과 비슷 / 퀄리티: 보통 / 신축성: 적당함,False,0,travel,하의,LARGE,,2026,7,5,일,4,응답,정사이즈,화면과 비슷,보통,,,적당함,,,3.0,,3.0,,,0.0,0.0,0.0,0.0,,,핏이 약간 체육복갘음체육복이맞긴한데 힙한 느낌은 아니에료,핏이약간체육복갘음체육복이맞긴한데힙한느낌은아니에료,0,0,0,0,0,False,31,26,31,True
3048838,86055000,general,고요한헬싱키헬멧,검정색에 이어서 그레이도 샀습니다 어디든지 편하게 입고 다닐 수 있어서 좋아요!,4.0,False,MEDIUM,174.0,65.0,남성,2026-07-05 09:58:30,사이즈: 정사이즈 / 화면 대비 색감: 화면과 비슷 / 퀄리티: 보통 / 신축성: 적당함,False,0,travel,하의,MEDIUM,,2026,7,5,일,4,응답,정사이즈,화면과 비슷,보통,,,적당함,,,3.0,,3.0,,,0.0,0.0,0.0,0.0,,,검정색에 이어서 그레이도 샀습니다 어디든지 편하게 입고 다닐 수 있어서 좋아요!,검정색에이어서그레이도샀습니다어디든지편하게입고다닐수있어서좋아요,0,0,1,0,0,False,44,33,44,True
3048838,85989891,general,은밀한광주래플,"중딩 아들 입히려고 샀어요.  생각보다 더 말랐는지 허리가 조금 커요.  핏은 좋고, 색깔도 흔하지않아 좋아요.",5.0,False,SMALL,172.0,52.0,남성,2026-07-02 16:52:27,사이즈: 정사이즈 / 화면 대비 색감: 화면과 비슷 / 퀄리티: 보통 / 신축성: 적당함,False,0,travel,하의,SMALL,,2026,7,2,목,5,응답,정사이즈,화면과 비슷,보통,,,적당함,,,3.0,,3.0,,,0.0,0.0,0.0,0.0,,,"중딩 아들 입히려고 샀어요. 생각보다 더 말랐는지 허리가 조금 커요. 핏은 좋고, 색깔도 흔하지않아 좋아요.",중딩아들입히려고샀어요생각보다더말랐는지허리가조금커요핏은좋고색깔도흔하지않아좋아요,0,0,0,0,0,False,62,42,60,True
3048838,85987106,general,타임트레블,잘입을게요 만족해여 감사합니다 너무너무 잘입을게요 ㅎㅎ 번창하세요 ㅎㅎ너무 마음에 들어요,5.0,False,MEDIUM,170.0,70.0,남성,2026-07-02 14:57:51,사이즈: 정사이즈 / 화면 대비 색감: 화면과 비슷 / 퀄리티: 보통 / 신축성: 적당함,True,0,travel,하의,MEDIUM,,2026,7,2,목,5,응답,정사이즈,화면과 비슷,보통,,,적당함,,,3.0,,3.0,,,0.0,0.0,0.0,0.0,,,잘입을게요 만족해여 감사합니다 너무너무 잘입을게요 ㅎㅎ 번창하세요 ㅎㅎ너무 마음에 들어요,잘입을게요만족해여감사합니다너무너무잘입을게요번창하세요너무마음에들어요,2,0,0,0,0,False,49,36,49,True
3048838,85974958,style,나장기운,핏 좋고 색깔도 화면과 같아 좋았습니다 떠한 어떤 옷이랑도 잘 매치 되네요,5.0,False,MEDIUM,170.0,60.0,남성,2026-07-02 00:06:34,사이즈: 정사이즈 / 화면 대비 색감: 화면과 비슷 / 퀄리티: 보통 / 신축성: 적당함,True,0,travel,하의,MEDIUM,,2026,7,2,목,5,응답,정사이즈,화면과 비슷,보통,,,적당함,,,3.0,,3.0,,,0.0,0.0,0.0,0.0,,,핏 좋고 색깔도 화면과 같아 좋았습니다 떠한 어떤 옷이랑도 잘 매치 되네요,핏좋고색깔도화면과같아좋았습니다떠한어떤옷이랑도잘매치되네요,0,0,0,0,0,False,41,30,41,True
3048838,85974951,general,나장기운,핏 좋고 색깔도 화면과 같아 좋았습니다 떠한 어떤 옷이랑도 잘 매치 되네요,4.0,False,MEDIUM,170.0,60.0,남성,2026-07-02 00:06:10,사이즈: 정사이즈 / 화면 대비 색감: 화면과 비슷 / 퀄리티: 보통 / 신축성: 적당함,False,0,travel,하의,MEDIUM,,2026,7,2,목,4,응답,정사이즈,화면과 비슷,보통,,,적당함,,,3.0,,3.0,,,0.0,0.0,0.0,0.0,,,핏 좋고 색깔도 화면과 같아 좋았습니다 떠한 어떤 옷이랑도 잘 매치 되네요,핏좋고색깔도화면과같아좋았습니다떠한어떤옷이랑도잘매치되네요,0,0,0,0,0,False,41,30,41,True
3048838,85957636,general,코너맥그릭어,디자인도 이쁘고 핏이 이쁘게 딱 떨어져요 소재가 좀 더울 수 있는데 무릎 부분도 열었다 닫았다 할 수 있어서 좋네요,5.0,False,LARGE,178.0,80.0,남성,2026-07-01 14:13:24,사이즈: 정사이즈 / 화면 대비 색감: 화면과 비슷 / 퀄리티: 보통 / 신축성: 거의 없음,False,0,travel,하의,LARGE,,2026,7,1,수,5,응답,정사이즈,화면과 비슷,보통,,,거의 없음,,,3.0,,2.0,,,0.0,0.0,0.0,0.0,,,디자인도 이쁘고 핏이 이쁘게 딱 떨어져요 소재가 좀 더울 수 있는데 무릎 부분도 열었다 닫았다 할 수 있어서 좋네요,디자인도이쁘고핏이이쁘게딱떨어져요소재가좀더울수있는데무릎부분도열었다닫았다할수있어서좋네요,0,0,0,0,0,False,64,46,64,True
3048838,85956891,general,초키포킥,예뻐요 흰옷이랑 입어도 잘 어울리고 검은옷이랑도 잘 어울려요 굿,5.0,False,MEDIUM,169.0,55.0,여성,2026-07-01 13:44:40,사이즈: 정사이즈 / 화면 대비 색감: 화면과 비슷 / 퀄리티: 보통 / 신축성: 적당함,True,0,travel,하의,MEDIUM,,2026,7,1,수,5,응답,정사이즈,화면과 비슷,보통,,,적당함,,,3.0,,3.0,,,0.0,0.0,0.0,0.0,,,예뻐요 흰옷이랑 입어도 잘 어울리고 검은옷이랑도 잘 어울려요 굿,예뻐요흰옷이랑입어도잘어울리고검은옷이랑도잘어울려요굿,0,0,0,0,0,False,35,27,35,True
3048838,85947913,general,대담한대학로팬츠,블랙에 이어 결국샀어요. 오픈지퍼있어서 스타일리쉬하고 시원하고 편하게 착용하고 있습니다.!!,5.0,False,MEDIUM,161.0,65.0,여성,2026-07-01 06:41:34,사이즈: 정사이즈 / 화면 대비 색감: 화면과 비슷 / 퀄리티: 매우 좋음 / 신축성: 거의 없음,False,0,travel,하의,MEDIUM,,2026,7,1,수,5,응답,정사이즈,화면과 비슷,매우 좋음,,,거의 없음,,,5.0,,2.0,,,0.0,0.0,0.0,0.0,,,블랙에 이어 결국샀어요. 오픈지퍼있어서 스타일리쉬하고 시원하고 편하게 착용하고 있습니다.!!,블랙에이어결국샀어요오픈지퍼있어서스타일리쉬하고시원하고편하게착용하고있습니다,0,0,2,0,0,False,51,39,51,True
3048838,85937630,general,근면한화이트점퍼,힙하고 편하고 아주 마음에 듭니당 여름에도 입을것같아요!,5.0,False,SMALL,163.0,52.0,여성,2026-06-30 20:52:10,사이즈: 조금 큼 / 화면 대비 색감: 화면과 비슷 / 퀄리티: 매우 좋음 / 신축성: 적당함,False,0,travel,하의,SMALL,,2026,6,30,화,5,응답,조금 큼,화면과 비슷,매우 좋음,,,적당함,,,5.0,,3.0,,,1.0,1.0,0.0,0.0,,,힙하고 편하고 아주 마음에 듭니당 여름에도 입을것같아요!,힙하고편하고아주마음에듭니당여름에도입을것같아요,0,0,1,0,0,False,31,24,31,True
3048838,85935486,general,대구날씨님,정사이즈로 잘 맞고 색상이 정말 예뻐요 재구매 의사 있어요,5.0,False,MEDIUM,180.0,100.0,남성,2026-06-30 19:48:55,사이즈: 정사이즈 / 화면 대비 색감: 화면과 비슷 / 퀄리티: 보통 / 신축성: 적당함,False,0,travel,하의,MEDIUM,,2026,6,30,화,5,응답,정사이즈,화면과 비슷,보통,,,적당함,,,3.0,,3.0,,,0.0,0.0,0.0,0.0,,,정사이즈로 잘 맞고 색상이 정말 예뻐요 재구매 의사 있어요,정사이즈로잘맞고색상이정말예뻐요재구매의사있어요,0,0,0,0,0,False,32,24,32,True
3048838,85917503,general,풍뎅이궁뎅이,나일론 바지에 통이커서 편안해요 기장은 스트링 있어서 좋음,5.0,False,MEDIUM,178.0,85.0,남성,2026-06-30 02:39:56,사이즈: 조금 큼 / 화면 대비 색감: 화면과 비슷 / 퀄리티: 좋음 / 신축성: 전혀 없음,False,0,travel,하의,MEDIUM,,2026,6,30,화,5,응답,조금 큼,화면과 비슷,좋음,,,전혀 없음,,,4.0,,1.0,,,1.0,1.0,0.0,0.0,,,나일론 바지에 통이커서 편안해요 기장은 스트링 있어서 좋음,나일론바지에통이커서편안해요기장은스트링있어서좋음,0,0,0,0,0,False,32,25,32,True
3048838,85894672,general,쿠키마끼,밴딩이 편하고 밑단에 조절스트링이 있어서 안끌리고 좋아요,4.0,False,MEDIUM,172.0,60.0,남성,2026-06-29 10:52:28,사이즈: 조금 큼 / 화면 대비 색감: 화면과 비슷 / 퀄리티: 보통 / 신축성: 거의 없음,True,0,travel,하의,MEDIUM,,2026,6,29,월,4,응답,조금 큼,화면과 비슷,보통,,,거의 없음,,,3.0,,2.0,,,1.0,1.0,0.0,0.0,,,밴딩이 편하고 밑단에 조절스트링이 있어서 안끌리고 좋아요,밴딩이편하고밑단에조절스트링이있어서안끌리고좋아요,0,0,0,0,0,False,31,25,31,True
3048838,85873345,general,행운맘,"스타일도 있고, 색상도 좋고 착한가격에 잘 구매했습니다.  평상시나 등산할때 여러모로 입을수있을것같아 좋아요",5.0,False,SMALL,165.0,59.0,여성,2026-06-28 17:35:08,사이즈: 정사이즈 / 화면 대비 색감: 화면과 비슷 / 퀄리티: 매우 좋음 / 신축성: 전혀 없음,False,0,travel,하의,SMALL,,2026,6,28,일,5,응답,정사이즈,화면과 비슷,매우 좋음,,,전혀 없음,,,5.0,,1.0,,,0.0,0.0,0.0,0.0,,,"스타일도 있고, 색상도 좋고 착한가격에 잘 구매했습니다. 평상시나 등산할때 여러모로 입을수있을것같아 좋아요",스타일도있고색상도좋고착한가격에잘구매했습니다평상시나등산할때여러모로입을수있을것같아좋아요,0,0,0,0,0,False,60,46,59,True
3048838,85868402,style,지퍼J,얇고 편하고 좋습니다 신축성이 없어서 조심히 입긴해야 할 듯 합니다,5.0,False,MEDIUM,171.0,75.0,남성,2026-06-28 15:09:39,사이즈: 정사이즈 / 화면 대비 색감: 화면과 비슷 / 퀄리티: 보통 / 신축성: 전혀 없음,True,0,travel,하의,MEDIUM,,2026,6,28,일,5,응답,정사이즈,화면과 비슷,보통,,,전혀 없음,,,3.0,,1.0,,,0.0,0.0,0.0,0.0,,,얇고 편하고 좋습니다 신축성이 없어서 조심히 입긴해야 할 듯 합니다,얇고편하고좋습니다신축성이없어서조심히입긴해야할듯합니다,0,0,0,0,0,False,37,28,37,True
3048838,85868349,general,지퍼J,얇고 예쁘고 편합니다 신축성이 없어서 조심히 입어야할 것 같긴 합니다,5.0,False,MEDIUM,171.0,75.0,남성,2026-06-28 15:08:18,사이즈: 정사이즈 / 화면 대비 색감: 화면과 비슷 / 퀄리티: 보통 / 신축성: 전혀 없음,True,0,travel,하의,MEDIUM,,2026,6,28,일,5,응답,정사이즈,화면과 비슷,보통,,,전혀 없음,,,3.0,,1.0,,,0.0,0.0,0.0,0.0,,,얇고 예쁘고 편합니다 신축성이 없어서 조심히 입어야할 것 같긴 합니다,얇고예쁘고편합니다신축성이없어서조심히입어야할것같긴합니다,0,0,0,0,0,False,38,29,38,True
3048838,85859246,general,edne,"아주좋네요, 근데 다만 폭이 좀 커요! 미디움살걸 그랫나바여",5.0,False,MEDIUM,173.0,78.0,남성,2026-06-28 09:58:42,사이즈: 조금 큼 / 화면 대비 색감: 매우 밝음 / 퀄리티: 매우 좋음 / 신축성: 매우 강함,False,0,travel,하의,MEDIUM,,2026,6,28,일,5,응답,조금 큼,매우 밝음,매우 좋음,,,매우 강함,,,5.0,,5.0,,,1.0,1.0,2.0,2.0,,,"아주좋네요, 근데 다만 폭이 좀 커요! 미디움살걸 그랫나바여",아주좋네요근데다만폭이좀커요미디움살걸그랫나바여,0,0,1,0,0,False,33,24,33,True
3048838,85828442,general,Ssg9-9_9,생각보다 많이 크긴해요 못입을정도는 아니라서 걍 입으려고요 기장도 키작은 사람들이 잊기엔 좀 길어요,4.0,False,SMALL,158.0,53.0,여성,2026-06-27 12:39:04,사이즈: 많이 큼 / 화면 대비 색감: 화면과 비슷 / 퀄리티: 보통 / 신축성: 적당함,False,0,travel,하의,SMALL,,2026,6,27,토,4,응답,많이 큼,화면과 비슷,보통,,,적당함,,,3.0,,3.0,,,2.0,2.0,0.0,0.0,,,생각보다 많이 크긴해요 못입을정도는 아니라서 걍 입으려고요 기장도 키작은 사람들이 잊기엔 좀 길어요,생각보다많이크긴해요못입을정도는아니라서걍입으려고요기장도키작은사람들이잊기엔좀길어요,0,0,0,0,0,False,55,43,55,True
3048838,85819054,style,쿨하고깔끔하게,얇은데다 무릎 오픈도 가능해 여름에 잘 입을 듯함,5.0,False,MEDIUM,172.0,150.0,남성,2026-06-27 03:47:33,사이즈: 정사이즈 / 화면 대비 색감: 화면과 비슷 / 퀄리티: 보통 / 신축성: 적당함,True,0,travel,하의,MEDIUM,,2026,6,27,토,5,응답,정사이즈,화면과 비슷,보통,,,적당함,,,3.0,,3.0,,,0.0,0.0,0.0,0.0,,,얇은데다 무릎 오픈도 가능해 여름에 잘 입을 듯함,얇은데다무릎오픈도가능해여름에잘입을듯함,0,0,0,0,0,False,27,20,27,True
3048838,85789015,general,그래i나,여유있는 너비와 디자인으로 편하게 입을 수 있어요..,4.0,False,MEDIUM,173.0,70.0,남성,2026-06-26 14:57:55,사이즈: 정사이즈 / 화면 대비 색감: 화면과 비슷 / 퀄리티: 보통 / 신축성: 거의 없음,True,0,travel,하의,MEDIUM,,2026,6,26,금,4,응답,정사이즈,화면과 비슷,보통,,,거의 없음,,,3.0,,2.0,,,0.0,0.0,0.0,0.0,,,여유있는 너비와 디자인으로 편하게 입을 수 있어요..,여유있는너비와디자인으로편하게입을수있어요,0,0,0,0,0,False,29,21,29,True
3048838,85782401,general,즐거운도쿄벨라인,사진이랑 색상 똑같고 얇아요 무릎이 열려서 시원해요,3.0,False,SMALL,156.0,45.0,여성,2026-06-26 12:04:07,사이즈: 정사이즈 / 화면 대비 색감: 화면과 비슷 / 퀄리티: 보통 / 신축성: 적당함,False,0,travel,하의,SMALL,,2026,6,26,금,3,응답,정사이즈,화면과 비슷,보통,,,적당함,,,3.0,,3.0,,,0.0,0.0,0.0,0.0,,,사진이랑 색상 똑같고 얇아요 무릎이 열려서 시원해요,사진이랑색상똑같고얇아요무릎이열려서시원해요,0,0,0,0,0,False,28,22,28,True
3048838,85742727,general,nike.mo,무진장 할때 좋은 가격에 잘샀네요 휘뚤마뚤로 잘 입을게용 ㅎㅎ,5.0,False,LARGE,178.0,74.0,남성,2026-06-25 15:58:44,사이즈: 조금 큼 / 화면 대비 색감: 화면과 비슷 / 퀄리티: 좋음 / 신축성: 거의 없음,True,0,travel,하의,LARGE,,2026,6,25,목,5,응답,조금 큼,화면과 비슷,좋음,,,거의 없음,,,4.0,,2.0,,,1.0,1.0,0.0,0.0,,,무진장 할때 좋은 가격에 잘샀네요 휘뚤마뚤로 잘 입을게용 ㅎㅎ,무진장할때좋은가격에잘샀네요휘뚤마뚤로잘입을게용,2,0,0,0,0,False,34,24,34,True
3048838,85740431,general,무로l한,여름에 가볍게 입으려고 샀어요. 사이즈가 커서 편하게 입기 좋아요.,5.0,False,LARGE,175.0,85.0,남성,2026-06-25 15:03:31,사이즈: 조금 큼 / 화면 대비 색감: 밝음 / 퀄리티: 좋음 / 신축성: 거의 없음,True,0,travel,하의,LARGE,,2026,6,25,목,5,응답,조금 큼,밝음,좋음,,,거의 없음,,,4.0,,2.0,,,1.0,1.0,1.0,1.0,,,여름에 가볍게 입으려고 샀어요. 사이즈가 커서 편하게 입기 좋아요.,여름에가볍게입으려고샀어요사이즈가커서편하게입기좋아요,0,0,0,0,0,False,37,27,37,True
3048838,85737125,style,햇닝`1,트래블 바지는 믿고 사는거여서 세일 엄청 하길래  득템했습니다 앞에 지퍼 부분이 포인트여서 맘에 들어요,5.0,False,MEDIUM,174.0,74.0,여성,2026-06-25 13:51:28,사이즈: 조금 큼 / 화면 대비 색감: 화면과 비슷 / 퀄리티: 매우 좋음 / 신축성: 적당함,True,0,travel,하의,MEDIUM,,2026,6,25,목,5,응답,조금 큼,화면과 비슷,매우 좋음,,,적당함,,,5.0,,3.0,,,1.0,1.0,0.0,0.0,,,트래블 바지는 믿고 사는거여서 세일 엄청 하길래 득템했습니다 앞에 지퍼 부분이 포인트여서 맘에 들어요,트래블바지는믿고사는거여서세일엄청하길래득템했습니다앞에지퍼부분이포인트여서맘에들어요,0,0,0,0,0,False,57,43,56,True
3048838,85730259,general,yukyuk,이전에도 구매햇는데 너무 맘에 들어서 같은 색상 하나 더 구매합니드.,5.0,False,MEDIUM,175.0,76.0,남성,2026-06-25 11:05:16,사이즈: 정사이즈 / 화면 대비 색감: 화면과 비슷 / 퀄리티: 보통 / 신축성: 적당함,False,0,travel,하의,MEDIUM,,2026,6,25,목,5,응답,정사이즈,화면과 비슷,보통,,,적당함,,,3.0,,3.0,,,0.0,0.0,0.0,0.0,,,이전에도 구매햇는데 너무 맘에 들어서 같은 색상 하나 더 구매합니드.,이전에도구매햇는데너무맘에들어서같은색상하나더구매합니드,0,0,0,0,0,False,38,28,38,True
3048838,85705521,general,개졸림ㅎ,원래 같은 색상 s사이즈 입었는데 밑단 스프링이 나가서 재구매했어요 m 사이즈 엄청 크고 원단 조금 바뀐듯 더 빳빳해졌엉ㅎ,5.0,False,MEDIUM,160.0,55.0,여성,2026-06-24 21:20:16,사이즈: 많이 큼 / 화면 대비 색감: 화면과 비슷 / 퀄리티: 좋음 / 신축성: 거의 없음,True,0,travel,하의,MEDIUM,,2026,6,24,수,5,응답,많이 큼,화면과 비슷,좋음,,,거의 없음,,,4.0,,2.0,,,2.0,2.0,0.0,0.0,,,원래 같은 색상 s사이즈 입었는데 밑단 스프링이 나가서 재구매했어요 m 사이즈 엄청 크고 원단 조금 바뀐듯 더 빳빳해졌엉ㅎ,원래같은색상s사이즈입었는데밑단스프링이나가서재구매했어요m사이즈엄청크고원단조금바뀐듯더빳빳해졌엉,1,0,0,0,0,False,68,48,68,True
3048838,85666652,style,우진파파.,검은색만 주구장창 입다가 추가로 구매함. 그레이 컬러도 맛도리네요!,5.0,False,MEDIUM,174.0,78.0,남성,2026-06-24 10:05:45,사이즈: 정사이즈 / 화면 대비 색감: 화면과 비슷 / 퀄리티: 좋음 / 신축성: 전혀 없음,True,0,travel,하의,MEDIUM,,2026,6,24,수,5,응답,정사이즈,화면과 비슷,좋음,,,전혀 없음,,,4.0,,1.0,,,0.0,0.0,0.0,0.0,,,검은색만 주구장창 입다가 추가로 구매함. 그레이 컬러도 맛도리네요!,검은색만주구장창입다가추가로구매함그레이컬러도맛도리네요,0,0,1,0,0,False,37,28,37,True
3048838,85666565,general,우진파파.,전에 블랙컬러 구매 후 너무만족하여 세일기간에 다른색상도 추가구매하였습니다. 밑단 스트링으러 핏조절도 좋고 과하지않은 오버핏 나일론팬츠로 강추합니다!,5.0,False,MEDIUM,174.0,78.0,남성,2026-06-24 10:03:58,사이즈: 정사이즈 / 화면 대비 색감: 화면과 비슷 / 퀄리티: 좋음 / 신축성: 전혀 없음,True,0,travel,하의,MEDIUM,,2026,6,24,수,5,응답,정사이즈,화면과 비슷,좋음,,,전혀 없음,,,4.0,,1.0,,,0.0,0.0,0.0,0.0,,,전에 블랙컬러 구매 후 너무만족하여 세일기간에 다른색상도 추가구매하였습니다. 밑단 스트링으러 핏조절도 좋고 과하지않은 오버핏 나일론팬츠로 강추합니다!,전에블랙컬러구매후너무만족하여세일기간에다른색상도추가구매하였습니다밑단스트링으러핏조절도좋고과하지않은오버핏나일론팬츠로강추합니다,0,0,1,0,0,False,83,66,83,True
3048838,85662386,style,쿠키마끼,사이즈 여유있어요 바지통이 많이 크네요 무릎오픈형이라 시원해요,4.0,False,MEDIUM,172.0,60.0,남성,2026-06-24 08:35:33,사이즈: 조금 큼 / 화면 대비 색감: 화면과 비슷 / 퀄리티: 보통 / 신축성: 적당함,True,0,travel,하의,MEDIUM,,2026,6,24,수,4,응답,조금 큼,화면과 비슷,보통,,,적당함,,,3.0,,3.0,,,1.0,1.0,0.0,0.0,,,사이즈 여유있어요 바지통이 많이 크네요 무릎오픈형이라 시원해요,사이즈여유있어요바지통이많이크네요무릎오픈형이라시원해요,0,0,0,0,0,False,34,28,34,True
3048838,85642694,general,무슨소리해,후기처럼 허리가 조금 불편해요! 그래도 바지 자체는 편하고 좋아용,5.0,False,MEDIUM,176.0,63.0,남성,2026-06-23 22:14:35,사이즈: 정사이즈 / 화면 대비 색감: 화면과 비슷 / 퀄리티: 보통 / 신축성: 적당함,False,0,travel,하의,MEDIUM,,2026,6,23,화,5,응답,정사이즈,화면과 비슷,보통,,,적당함,,,3.0,,3.0,,,0.0,0.0,0.0,0.0,,,후기처럼 허리가 조금 불편해요! 그래도 바지 자체는 편하고 좋아용,후기처럼허리가조금불편해요그래도바지자체는편하고좋아용,0,0,1,0,0,False,36,27,36,True
3048838,85612922,general,무진장장장,신축성은 없지만 사이즈가 넉넉해서 편하게 입을것 같아요 바지 핏도 예쁘고 만족합니다~,5.0,False,MEDIUM,160.0,60.0,여성,2026-06-23 14:18:10,사이즈: 조금 큼 / 화면 대비 색감: 화면과 비슷 / 퀄리티: 보통 / 신축성: 거의 없음,True,0,travel,하의,MEDIUM,,2026,6,23,화,5,응답,조금 큼,화면과 비슷,보통,,,거의 없음,,,3.0,,2.0,,,1.0,1.0,0.0,0.0,,,신축성은 없지만 사이즈가 넉넉해서 편하게 입을것 같아요 바지 핏도 예쁘고 만족합니다~,신축성은없지만사이즈가넉넉해서편하게입을것같아요바지핏도예쁘고만족합니다,0,0,0,0,0,False,47,36,47,True
3048838,85599010,general,cloudmoon,"예전에 구매했던 옷이라 재구매했습니다. 허리부분 신축성이 거의 없어서 입고 벗는걸 고려하면 정사이즈가 맞지만 예전 S, 이번 M을 구매했는데 그 외 사이즈는 넉넉합니다.",5.0,False,MEDIUM,178.0,73.0,남성,2026-06-23 08:14:37,사이즈: 조금 큼 / 화면 대비 색감: 밝음 / 퀄리티: 좋음 / 신축성: 거의 없음,True,0,travel,하의,MEDIUM,,2026,6,23,화,5,응답,조금 큼,밝음,좋음,,,거의 없음,,,4.0,,2.0,,,1.0,1.0,1.0,1.0,,,"예전에 구매했던 옷이라 재구매했습니다. 허리부분 신축성이 거의 없어서 입고 벗는걸 고려하면 정사이즈가 맞지만 예전 S, 이번 M을 구매했는데 그 외 사이즈는 넉넉합니다.",예전에구매했던옷이라재구매했습니다허리부분신축성이거의없어서입고벗는걸고려하면정사이즈가맞지만예전s이번m을구매했는데그외사이즈는넉넉합니다,0,0,0,0,0,False,94,68,94,True
3048838,85590971,general,tjwn323,통 넓어서 움직일때 편해요! 근데 여름에 입기엔 좀 더운데 참을만 합니다!!,5.0,False,LARGE,170.0,63.0,여성,2026-06-22 23:43:09,사이즈: 정사이즈 / 화면 대비 색감: 화면과 비슷 / 퀄리티: 보통 / 신축성: 적당함,False,0,travel,하의,LARGE,,2026,6,22,월,5,응답,정사이즈,화면과 비슷,보통,,,적당함,,,3.0,,3.0,,,0.0,0.0,0.0,0.0,,,통 넓어서 움직일때 편해요! 근데 여름에 입기엔 좀 더운데 참을만 합니다!!,통넓어서움직일때편해요근데여름에입기엔좀더운데참을만합니다,0,0,3,0,0,False,42,29,42,True
3048838,85585131,general,힘있는북촌무드,"오픈니, 발목 스트링 디테일 이용하여 다양한 연출 가능해서 좋아요 간만에 가성비 훌륭한 바지 구매해서 기분이 좋습니다.",5.0,False,MEDIUM,186.0,70.0,남성,2026-06-22 22:07:47,사이즈: 정사이즈 / 화면 대비 색감: 밝음 / 퀄리티: 매우 좋음 / 신축성: 거의 없음,True,0,travel,하의,MEDIUM,,2026,6,22,월,5,응답,정사이즈,밝음,매우 좋음,,,거의 없음,,,5.0,,2.0,,,0.0,0.0,1.0,1.0,,,"오픈니, 발목 스트링 디테일 이용하여 다양한 연출 가능해서 좋아요 간만에 가성비 훌륭한 바지 구매해서 기분이 좋습니다.",오픈니발목스트링디테일이용하여다양한연출가능해서좋아요간만에가성비훌륭한바지구매해서기분이좋습니다,0,0,0,0,0,False,66,49,66,True
3048838,85556836,general,기침엔도라지환,얇고 가볍고 몸에 붙지 않아 여름 바지로 딱입니다.  일할때 입어봤는데 신축성은 없지만 바지통이 있어 전혀 불편하지 않아요. 이리저리 움직여도 너무 편해서 다른색 더 구입할까 합니다!! 허벅지 지퍼 살짝 열어놨더니 시원하고 좋네요~,5.0,False,MEDIUM,157.0,63.0,여성,2026-06-22 12:27:40,사이즈: 조금 큼 / 화면 대비 색감: 밝음 / 퀄리티: 매우 좋음 / 신축성: 적당함,False,0,travel,하의,MEDIUM,,2026,6,22,월,5,응답,조금 큼,밝음,매우 좋음,,,적당함,,,5.0,,3.0,,,1.0,1.0,1.0,1.0,,,얇고 가볍고 몸에 붙지 않아 여름 바지로 딱입니다. 일할때 입어봤는데 신축성은 없지만 바지통이 있어 전혀 불편하지 않아요. 이리저리 움직여도 너무 편해서 다른색 더 구입할까 합니다!! 허벅지 지퍼 살짝 열어놨더니 시원하고 좋네요~,얇고가볍고몸에붙지않아여름바지로딱입니다일할때입어봤는데신축성은없지만바지통이있어전혀불편하지않아요이리저리움직여도너무편해서다른색더구입할까합니다허벅지지퍼살짝열어놨더니시원하고좋네요,0,0,2,0,0,False,129,93,128,True
3048838,85555651,general,nbagba,사진이랑 색 비슷하고요 신축성도 좋아요 다음에 또 구매예정입니다 완전 강추,4.0,False,MEDIUM,172.0,67.0,남성,2026-06-22 12:00:23,사이즈: 정사이즈 / 화면 대비 색감: 화면과 비슷 / 퀄리티: 보통 / 신축성: 적당함,True,0,travel,하의,MEDIUM,,2026,6,22,월,4,응답,정사이즈,화면과 비슷,보통,,,적당함,,,3.0,,3.0,,,0.0,0.0,0.0,0.0,,,사진이랑 색 비슷하고요 신축성도 좋아요 다음에 또 구매예정입니다 완전 강추,사진이랑색비슷하고요신축성도좋아요다음에또구매예정입니다완전강추,0,0,0,0,0,False,41,32,41,True
3048838,85553257,general,쿨하고깔끔하게,할인할 때 쟁여서 좋음 편하게 입을 수 있을 듯 굿굿,5.0,False,MEDIUM,172.0,150.0,남성,2026-06-22 10:57:45,사이즈: 정사이즈 / 화면 대비 색감: 화면과 비슷 / 퀄리티: 보통 / 신축성: 적당함,True,0,travel,하의,MEDIUM,,2026,6,22,월,5,응답,정사이즈,화면과 비슷,보통,,,적당함,,,3.0,,3.0,,,0.0,0.0,0.0,0.0,,,할인할 때 쟁여서 좋음 편하게 입을 수 있을 듯 굿굿,할인할때쟁여서좋음편하게입을수있을듯굿굿,0,0,0,0,0,False,29,20,29,True
3048838,85549535,general,꼼꼼한빨강쇼핑몰,남편입으라고 사봤어요 색상 마음에들어요 사이즈 크게나왔어요. 무릎이 열려요 더울때 살짝 오픈 신기한 옷입니다.,5.0,False,MEDIUM,158.0,56.0,여성,2026-06-22 09:06:36,사이즈: 정사이즈 / 화면 대비 색감: 화면과 비슷 / 퀄리티: 보통 / 신축성: 적당함,False,0,travel,하의,MEDIUM,,2026,6,22,월,5,응답,정사이즈,화면과 비슷,보통,,,적당함,,,3.0,,3.0,,,0.0,0.0,0.0,0.0,,,남편입으라고 사봤어요 색상 마음에들어요 사이즈 크게나왔어요. 무릎이 열려요 더울때 살짝 오픈 신기한 옷입니다.,남편입으라고사봤어요색상마음에들어요사이즈크게나왔어요무릎이열려요더울때살짝오픈신기한옷입니다,0,0,0,0,0,False,61,47,61,True
3048838,85354288,general,디올12,여름에 나일론팬츠가 필요했는데 원단도 시원한 원단 입니다!!,5.0,False,MEDIUM,181.0,80.0,남성,2026-06-21 21:02:13,사이즈: 정사이즈 / 화면 대비 색감: 화면과 비슷 / 퀄리티: 좋음 / 신축성: 적당함,True,0,travel,하의,MEDIUM,,2026,6,21,일,5,응답,정사이즈,화면과 비슷,좋음,,,적당함,,,4.0,,3.0,,,0.0,0.0,0.0,0.0,,,여름에 나일론팬츠가 필요했는데 원단도 시원한 원단 입니다!!,여름에나일론팬츠가필요했는데원단도시원한원단입니다,0,0,2,0,0,False,33,25,33,True
﻿3048830,86034590,general,공손한케냐데님,배송도 빠르고 다 좋았습니다. 바지도 사이즈가 컸지만 가격대비 좋았습니다,5.0,False,MEDIUM,169.0,66.0,missing,2026-07-04 12:38:03,사이즈: 많이 큼 / 화면 대비 색감: 밝음 / 퀄리티: 보통 / 신축성: 적당함,False,0,travel,하의,MEDIUM,,2026,7,4,토,5,응답,많이 큼,밝음,보통,,,적당함,,,3.0,,3.0,,,2.0,2.0,1.0,1.0,,,배송도 빠르고 다 좋았습니다. 바지도 사이즈가 컸지만 가격대비 좋았습니다,배송도빠르고다좋았습니다바지도사이즈가컸지만가격대비좋았습니다,0,0,0,0,0,False,40,31,40,True
3048830,86025374,general,설희공주맘,너무 착장이 좋고 다른색상으로 재구매 할꺼 같아요 좋아요 정말,5.0,False,SMALL,163.0,63.0,여성,2026-07-03 22:46:20,사이즈: 매우 작음 / 화면 대비 색감: 매우 밝음 / 퀄리티: 매우 나쁨 / 신축성: 전혀 없음,False,0,travel,하의,SMALL,,2026,7,3,금,5,응답,매우 작음,매우 밝음,매우 나쁨,,,전혀 없음,,,1.0,,1.0,,,-2.0,2.0,2.0,2.0,,,너무 착장이 좋고 다른색상으로 재구매 할꺼 같아요 좋아요 정말,너무착장이좋고다른색상으로재구매할꺼같아요좋아요정말,0,0,0,0,0,False,34,26,34,True
3048830,85889450,style,ttorrri,바지 질도 좋고 편해요 엄청 자주 입게되요 다양한 색상이 나오면 좋겠어요,5.0,False,LARGE,162.0,68.0,여성,2026-06-29 01:51:29,사이즈: 정사이즈 / 화면 대비 색감: 화면과 비슷 / 퀄리티: 보통 / 신축성: 적당함,True,1,travel,하의,LARGE,,2026,6,29,월,5,응답,정사이즈,화면과 비슷,보통,,,적당함,,,3.0,,3.0,,,0.0,0.0,0.0,0.0,,,바지 질도 좋고 편해요 엄청 자주 입게되요 다양한 색상이 나오면 좋겠어요,바지질도좋고편해요엄청자주입게되요다양한색상이나오면좋겠어요,0,0,0,0,0,False,40,30,40,True
3048830,85888858,general,Andrew:7,여름에 입기 너무 좋고 밑단에 스트랩이 있어서 길이가 길어도 조거로 만들어서 입으면 괜찮아요 핏이 스타일대로 안 되는 것 빼곤요,5.0,False,MEDIUM,163.0,49.0,여성,2026-06-29 01:15:53,사이즈: 조금 큼 / 화면 대비 색감: 화면과 비슷 / 퀄리티: 보통 / 신축성: 전혀 없음,False,0,travel,하의,MEDIUM,,2026,6,29,월,5,응답,조금 큼,화면과 비슷,보통,,,전혀 없음,,,3.0,,1.0,,,1.0,1.0,0.0,0.0,,,여름에 입기 너무 좋고 밑단에 스트랩이 있어서 길이가 길어도 조거로 만들어서 입으면 괜찮아요 핏이 스타일대로 안 되는 것 빼곤요,여름에입기너무좋고밑단에스트랩이있어서길이가길어도조거로만들어서입으면괜찮아요핏이스타일대로안되는것빼곤요,0,0,0,0,0,False,71,53,71,True
3048830,85862677,style,겨울멋쟁이*.*,그냥 이뻐요 디자인과 재질 둘 다 만족 합니다 또 사러 올게요,5.0,False,LARGE,184.0,73.0,남성,2026-06-28 12:11:37,사이즈: 정사이즈 / 화면 대비 색감: 화면과 비슷 / 퀄리티: 보통 / 신축성: 적당함,True,0,travel,하의,LARGE,,2026,6,28,일,5,응답,정사이즈,화면과 비슷,보통,,,적당함,,,3.0,,3.0,,,0.0,0.0,0.0,0.0,,,그냥 이뻐요 디자인과 재질 둘 다 만족 합니다 또 사러 올게요,그냥이뻐요디자인과재질둘다만족합니다또사러올게요,0,0,0,0,0,False,34,24,34,True
3048830,85862633,general,겨울멋쟁이*.*,너무 이쁘네요 지인꺼랑 해서 2개 주문 했고 만족 합니다,5.0,False,LARGE,184.0,73.0,남성,2026-06-28 12:10:24,사이즈: 정사이즈 / 화면 대비 색감: 화면과 비슷 / 퀄리티: 보통 / 신축성: 적당함,True,0,travel,하의,LARGE,,2026,6,28,일,5,응답,정사이즈,화면과 비슷,보통,,,적당함,,,3.0,,3.0,,,0.0,0.0,0.0,0.0,,,너무 이쁘네요 지인꺼랑 해서 2개 주문 했고 만족 합니다,너무이쁘네요지인꺼랑해서2개주문했고만족합니다,0,0,0,0,0,False,31,22,31,True
3048830,85769151,style,옥수수수수숭이,팔공산 갈 때 입고 갔는데 다른 건 다 좋은데 너무 바지가 벙벙해서 좀 거슬리긴 했어요 ㅎㅎ,5.0,False,SMALL,160.0,55.0,여성,2026-06-26 00:19:52,사이즈: 많이 큼 / 화면 대비 색감: 매우 어두움 / 퀄리티: 매우 좋음 / 신축성: 매우 강함,True,0,travel,하의,SMALL,,2026,6,26,금,5,응답,많이 큼,매우 어두움,매우 좋음,,,매우 강함,,,5.0,,5.0,,,2.0,2.0,-2.0,2.0,,,팔공산 갈 때 입고 갔는데 다른 건 다 좋은데 너무 바지가 벙벙해서 좀 거슬리긴 했어요 ㅎㅎ,팔공산갈때입고갔는데다른건다좋은데너무바지가벙벙해서좀거슬리긴했어요,2,0,0,0,0,False,51,34,51,True
3048830,85746542,general,환한신사터틀넥,배송 빠르구 운동할때나 편하게 입기 좋은거 같아요!!,5.0,False,MEDIUM,174.0,68.0,남성,2026-06-25 17:30:42,사이즈: 조금 큼 / 화면 대비 색감: 화면과 비슷 / 퀄리티: 좋음 / 신축성: 거의 없음,False,0,travel,하의,MEDIUM,,2026,6,25,목,5,응답,조금 큼,화면과 비슷,좋음,,,거의 없음,,,4.0,,2.0,,,1.0,1.0,0.0,0.0,,,배송 빠르구 운동할때나 편하게 입기 좋은거 같아요!!,배송빠르구운동할때나편하게입기좋은거같아요,0,0,2,0,0,False,29,21,29,True
3048830,85737248,style,햇닝`1,트래블 바지는 믿고 사는거여서 세일 엄청 하길래  득템했습니다 밑에 스트링 부분 조이면 벌룬핏이 돼서 맘에 들어요 그리고 다른 제품들은 스트링 조이면 옆으로 튀어나와서 안 예쁜데 이 바지는 스트링이 고정 되어 있어서 스트링 조여도 밖으로 안 보이게끔 해서 진짜 맘에 들어요,5.0,False,MEDIUM,174.0,74.0,여성,2026-06-25 13:54:16,사이즈: 조금 큼 / 화면 대비 색감: 화면과 비슷 / 퀄리티: 매우 좋음 / 신축성: 적당함,True,0,travel,하의,MEDIUM,,2026,6,25,목,5,응답,조금 큼,화면과 비슷,매우 좋음,,,적당함,,,5.0,,3.0,,,1.0,1.0,0.0,0.0,,,트래블 바지는 믿고 사는거여서 세일 엄청 하길래 득템했습니다 밑에 스트링 부분 조이면 벌룬핏이 돼서 맘에 들어요 그리고 다른 제품들은 스트링 조이면 옆으로 튀어나와서 안 예쁜데 이 바지는 스트링이 고정 되어 있어서 스트링 조여도 밖으로 안 보이게끔 해서 진짜 맘에 들어요,트래블바지는믿고사는거여서세일엄청하길래득템했습니다밑에스트링부분조이면벌룬핏이돼서맘에들어요그리고다른제품들은스트링조이면옆으로튀어나와서안예쁜데이바지는스트링이고정되어있어서스트링조여도밖으로안보이게끔해서진짜맘에들어요,0,0,0,0,0,False,152,112,151,True
3048830,85737199,general,햇닝`1,트래블 바지는 믿고 사는거여서 세일 엄청 하길래  득템했습니다 밑에 스트링 부분 조이면 벌룬핏이 돼서 맘에 들어요,5.0,False,MEDIUM,174.0,74.0,여성,2026-06-25 13:52:57,사이즈: 조금 큼 / 화면 대비 색감: 화면과 비슷 / 퀄리티: 매우 좋음 / 신축성: 적당함,True,1,travel,하의,MEDIUM,,2026,6,25,목,5,응답,조금 큼,화면과 비슷,매우 좋음,,,적당함,,,5.0,,3.0,,,1.0,1.0,0.0,0.0,,,트래블 바지는 믿고 사는거여서 세일 엄청 하길래 득템했습니다 밑에 스트링 부분 조이면 벌룬핏이 돼서 맘에 들어요,트래블바지는믿고사는거여서세일엄청하길래득템했습니다밑에스트링부분조이면벌룬핏이돼서맘에들어요,0,0,0,0,0,False,63,47,62,True
3048830,85648926,general,명균26,사진과 비슷해서 좋았고 이 바지 산 뒤로는 이 바지만 찾게 되는거 같아요,5.0,False,LARGE,184.0,73.0,남성,2026-06-23 23:26:55,사이즈: 정사이즈 / 화면 대비 색감: 밝음 / 퀄리티: 보통 / 신축성: 적당함,True,0,travel,하의,LARGE,,2026,6,23,화,5,응답,정사이즈,밝음,보통,,,적당함,,,3.0,,3.0,,,0.0,0.0,1.0,1.0,,,사진과 비슷해서 좋았고 이 바지 산 뒤로는 이 바지만 찾게 되는거 같아요,사진과비슷해서좋았고이바지산뒤로는이바지만찾게되는거같아요,0,0,0,0,0,False,40,29,40,True
3048830,85520182,general,チ,위시에 있었는데 세일해서 구매했어오 좋은 가격에 사서 좋아요,5.0,False,SMALL,165.0,53.0,여성,2026-06-21 18:48:07,사이즈: 조금 큼 / 화면 대비 색감: 화면과 비슷 / 퀄리티: 좋음 / 신축성: 적당함,True,0,travel,하의,SMALL,,2026,6,21,일,5,응답,조금 큼,화면과 비슷,좋음,,,적당함,,,4.0,,3.0,,,1.0,1.0,0.0,0.0,,,위시에 있었는데 세일해서 구매했어오 좋은 가격에 사서 좋아요,위시에있었는데세일해서구매했어오좋은가격에사서좋아요,0,0,0,0,0,False,33,26,33,True
﻿3048710,85855695,style,막알옹,핏예쁘고 좋아요 처음에 냄새만 좀빼고입으면 될거같아요,5.0,False,SMALL,164.0,55.0,여성,2026-06-28 02:28:04,사이즈: 정사이즈 / 화면 대비 색감: 화면과 비슷 / 퀄리티: 보통 / 신축성: 적당함,True,0,travel,하의,SMALL,,2026,6,28,일,5,응답,정사이즈,화면과 비슷,보통,,,적당함,,,3.0,,3.0,,,0.0,0.0,0.0,0.0,,,핏예쁘고 좋아요 처음에 냄새만 좀빼고입으면 될거같아요,핏예쁘고좋아요처음에냄새만좀빼고입으면될거같아요,0,0,0,0,0,False,29,24,29,True
3048710,85855673,general,막알옹,길이 딱적당하고 힙한느낌 좋아요 근데 처음에 냄새가좀 납니당,5.0,False,SMALL,164.0,55.0,여성,2026-06-28 02:26:53,사이즈: 정사이즈 / 화면 대비 색감: 화면과 비슷 / 퀄리티: 보통 / 신축성: 적당함,True,0,travel,하의,SMALL,,2026,6,28,일,5,응답,정사이즈,화면과 비슷,보통,,,적당함,,,3.0,,3.0,,,0.0,0.0,0.0,0.0,,,길이 딱적당하고 힙한느낌 좋아요 근데 처음에 냄새가좀 납니당,길이딱적당하고힙한느낌좋아요근데처음에냄새가좀납니당,0,0,0,0,0,False,33,26,33,True
3048710,85816969,style,얌전한로마데님,미디움인데 충분히 오버핏으로 핏예뻐요 근데 허리가 좀 뜬다? 헐렁거리긴 해요,5.0,False,MEDIUM,167.0,64.0,여성,2026-06-27 01:07:51,사이즈: 조금 큼 / 화면 대비 색감: 화면과 비슷 / 퀄리티: 보통 / 신축성: 전혀 없음,True,0,travel,하의,MEDIUM,,2026,6,27,토,5,응답,조금 큼,화면과 비슷,보통,,,전혀 없음,,,3.0,,1.0,,,1.0,1.0,0.0,0.0,,,미디움인데 충분히 오버핏으로 핏예뻐요 근데 허리가 좀 뜬다? 헐렁거리긴 해요,미디움인데충분히오버핏으로핏예뻐요근데허리가좀뜬다헐렁거리긴해요,0,0,0,1,0,False,42,32,42,True
3048710,85786034,general,명확한옥색슬림,바지 군데군데 은색 버튼이 포인트로 스타일을 잘 살려주네요,5.0,False,MEDIUM,170.0,75.0,남성,2026-06-26 13:48:22,사이즈: 정사이즈 / 화면 대비 색감: 화면과 비슷 / 퀄리티: 매우 좋음 / 신축성: 적당함,True,0,travel,하의,MEDIUM,,2026,6,26,금,5,응답,정사이즈,화면과 비슷,매우 좋음,,,적당함,,,5.0,,3.0,,,0.0,0.0,0.0,0.0,,,바지 군데군데 은색 버튼이 포인트로 스타일을 잘 살려주네요,바지군데군데은색버튼이포인트로스타일을잘살려주네요,0,0,0,0,0,False,32,25,32,True
3048710,85786012,style,명확한옥색슬림,바지 군데군데 은색 버튼이 포인트로 스타일을 잘 살려주네요,5.0,False,MEDIUM,170.0,75.0,남성,2026-06-26 13:47:56,사이즈: 정사이즈 / 화면 대비 색감: 화면과 비슷 / 퀄리티: 매우 좋음 / 신축성: 적당함,True,0,travel,하의,MEDIUM,,2026,6,26,금,5,응답,정사이즈,화면과 비슷,매우 좋음,,,적당함,,,5.0,,3.0,,,0.0,0.0,0.0,0.0,,,바지 군데군데 은색 버튼이 포인트로 스타일을 잘 살려주네요,바지군데군데은색버튼이포인트로스타일을잘살려주네요,0,0,0,0,0,False,32,25,32,True
3048710,85653421,general,메이드in차이나,좋은가격에 좋은상품 좋습니다! 블랙프라이 화이팅!!!!,5.0,False,LARGE,179.0,83.0,남성,2026-06-24 00:32:50,사이즈: 정사이즈 / 화면 대비 색감: 화면과 비슷 / 퀄리티: 보통 / 신축성: 적당함,False,0,travel,하의,LARGE,,2026,6,24,수,5,응답,정사이즈,화면과 비슷,보통,,,적당함,,,3.0,,3.0,,,0.0,0.0,0.0,0.0,,,좋은가격에 좋은상품 좋습니다! 블랙프라이 화이팅!!!,좋은가격에좋은상품좋습니다블랙프라이화이팅,0,0,5,0,0,True,30,21,29,True
﻿3048839,86006074,style,지루한워싱턴소품,위크샵 오픈니팬츠 그레이 사고 너무 좋아서 블랙으로 하나더 구입했습니다 역시 좋네요^^,5.0,False,MEDIUM,177.0,72.0,남성,2026-07-03 08:34:09,사이즈: 정사이즈 / 화면 대비 색감: 화면과 비슷 / 퀄리티: 매우 좋음 / 신축성: 거의 없음,True,0,travel,하의,MEDIUM,,2026,7,3,금,5,응답,정사이즈,화면과 비슷,매우 좋음,,,거의 없음,,,5.0,,2.0,,,0.0,0.0,0.0,0.0,,,위크샵 오픈니팬츠 그레이 사고 너무 좋아서 블랙으로 하나더 구입했습니다 역시 좋네요^^,위크샵오픈니팬츠그레이사고너무좋아서블랙으로하나더구입했습니다역시좋네요,0,0,0,0,0,False,48,36,48,True
3048839,86005933,general,지루한워싱턴소품,캠핑이나 등산시 또는 평상시에도 데일리로 입을수 있어서 좋네요,4.0,False,MEDIUM,177.0,72.0,남성,2026-07-03 08:28:13,사이즈: 정사이즈 / 화면 대비 색감: 화면과 비슷 / 퀄리티: 좋음 / 신축성: 전혀 없음,True,0,travel,하의,MEDIUM,,2026,7,3,금,4,응답,정사이즈,화면과 비슷,좋음,,,전혀 없음,,,4.0,,1.0,,,0.0,0.0,0.0,0.0,,,캠핑이나 등산시 또는 평상시에도 데일리로 입을수 있어서 좋네요,캠핑이나등산시또는평상시에도데일리로입을수있어서좋네요,0,0,0,0,0,False,34,27,34,True
3048839,85795945,general,김용호02,저렴하게 잘 구매했습니다. 길이만 조금 더 길면 좋겠네요,4.0,False,MEDIUM,178.0,60.0,남성,2026-06-26 17:10:02,사이즈: 조금 큼 / 화면 대비 색감: 화면과 비슷 / 퀄리티: 좋음 / 신축성: 거의 없음,False,0,travel,하의,MEDIUM,,2026,6,26,금,4,응답,조금 큼,화면과 비슷,좋음,,,거의 없음,,,4.0,,2.0,,,1.0,1.0,0.0,0.0,,,저렴하게 잘 구매했습니다. 길이만 조금 더 길면 좋겠네요,저렴하게잘구매했습니다길이만조금더길면좋겠네요,0,0,0,0,0,False,31,23,31,True
3048839,85771052,general,귀중한폴란도심플,오픈니라 좋아요 시원합니다 전체적으로 편합니다 허리만 조금 작았으면 더 좋았을것 같아요,4.0,False,MEDIUM,180.0,80.0,여성,2026-06-26 01:20:32,사이즈: 조금 큼 / 화면 대비 색감: 화면과 비슷 / 퀄리티: 보통 / 신축성: 거의 없음,True,0,travel,하의,MEDIUM,,2026,6,26,금,4,응답,조금 큼,화면과 비슷,보통,,,거의 없음,,,3.0,,2.0,,,1.0,1.0,0.0,0.0,,,오픈니라 좋아요 시원합니다 전체적으로 편합니다 허리만 조금 작았으면 더 좋았을것 같아요,오픈니라좋아요시원합니다전체적으로편합니다허리만조금작았으면더좋았을것같아요,0,0,0,0,0,False,48,38,48,True
﻿1291791,85692292,general,Dongu-,가성비가 좋고 가볍게 입기 최고 바지 밑단을 조절하면 힙한느낌 max,5.0,False,LARGE,178.0,77.0,남성,2026-06-24 18:01:53,사이즈: 정사이즈 / 화면 대비 색감: 화면과 비슷 / 퀄리티: 보통 / 신축성: 적당함,True,0,travel,하의,LARGE,,2026,6,24,수,5,응답,정사이즈,화면과 비슷,보통,,,적당함,,,3.0,,3.0,,,0.0,0.0,0.0,0.0,,,가성비가 좋고 가볍게 입기 최고 바지 밑단을 조절하면 힙한느낌 max,가성비가좋고가볍게입기최고바지밑단을조절하면힙한느낌max,0,0,0,0,0,False,38,26,38,True
﻿3440143,85649300,general,우수한시카고체크,생각했던것 보다 더 옷이 예쁘고 워싱도 잘 되어있네요,5.0,False,LARGE,171.0,77.0,남성,2026-06-23 23:31:58,사이즈: 정사이즈 / 화면 대비 색감: 화면과 비슷 / 퀄리티: 보통 / 신축성: 적당함,False,0,travel,하의,LARGE,,2026,6,23,화,5,응답,정사이즈,화면과 비슷,보통,,,적당함,,,3.0,,3.0,,,0.0,0.0,0.0,0.0,,,생각했던것 보다 더 옷이 예쁘고 워싱도 잘 되어있네요,생각했던것보다더옷이예쁘고워싱도잘되어있네요,0,0,0,0,0,False,29,22,29,True
﻿2065064,85869546,general,SON흥민,키171에 몸무게69인데 기장이 적당해서 신발신어도 바지가 안끌려서 좋아요,5.0,False,SMALL,171.0,69.0,남성,2026-06-28 15:43:33,사이즈: 정사이즈 / 화면 대비 색감: 화면과 비슷 / 퀄리티: 매우 좋음 / 신축성: 적당함,False,0,travel,하의,SMALL,,2026,6,28,일,5,응답,정사이즈,화면과 비슷,매우 좋음,,,적당함,,,5.0,,3.0,,,0.0,0.0,0.0,0.0,,,키171에 몸무게69인데 기장이 적당해서 신발신어도 바지가 안끌려서 좋아요,키171에몸무게69인데기장이적당해서신발신어도바지가안끌려서좋아요,0,0,0,0,0,False,41,29,41,True
﻿3048837,85570652,general,산데비슷탄,검정 회색 다 갖고있는데 진짜 편하고 무릎 지퍼 열면 여름에도 입어요 갑자기 핑크도 갖고싶어서 왔더니 L밖에 없어서 걍 샀어요 m도 큰데 엘은 더크지만 끈쪼이니까 괜찮네요 품잘될까뱌 무진장 전에 더 비싸게 샀는데 진자 바로 품절됨 조아요얘뻐요,5.0,False,LARGE,167.0,55.0,여성,2026-06-22 17:32:34,사이즈: 정사이즈 / 화면 대비 색감: 화면과 비슷 / 퀄리티: 보통 / 신축성: 적당함,True,0,travel,하의,LARGE,,2026,6,22,월,5,응답,정사이즈,화면과 비슷,보통,,,적당함,,,3.0,,3.0,,,0.0,0.0,0.0,0.0,,,검정 회색 다 갖고있는데 진짜 편하고 무릎 지퍼 열면 여름에도 입어요 갑자기 핑크도 갖고싶어서 왔더니 L밖에 없어서 걍 샀어요 m도 큰데 엘은 더크지만 끈쪼이니까 괜찮네요 품잘될까뱌 무진장 전에 더 비싸게 샀는데 진자 바로 품절됨 조아요얘뻐요,검정회색다갖고있는데진짜편하고무릎지퍼열면여름에도입어요갑자기핑크도갖고싶어서왔더니l밖에없어서걍샀어요m도큰데엘은더크지만끈쪼이니까괜찮네요품잘될까뱌무진장전에더비싸게샀는데진자바로품절됨조아요얘뻐요,0,0,0,0,0,False,135,99,135,True
﻿3048630,85907087,general,이 장훈,핏이 이뻐서 휘뚜루마뚜루 입고 있습니다 👍🏻 구매하세요,5.0,False,LARGE,172.0,68.0,남성,2026-06-29 19:15:54,사이즈: 정사이즈 / 화면 대비 색감: 화면과 비슷 / 퀄리티: 보통 / 신축성: 적당함,False,0,travel,하의,LARGE,,2026,6,29,월,5,응답,정사이즈,화면과 비슷,보통,,,적당함,,,3.0,,3.0,,,0.0,0.0,0.0,0.0,,,핏이 이뻐서 휘뚜루마뚜루 입고 있습니다 구매하세요,핏이이뻐서휘뚜루마뚜루입고있습니다구매하세요,0,0,0,0,1,False,30,22,27,True
3048630,85446600,general,아보카도베베,허리가 많이 크긴한데 크게 입고 싶어서 크게 샀어요 편하고 좋아요,5.0,False,LARGE,167.0,57.0,여성,2026-06-20 13:10:19,사이즈: 정사이즈 / 화면 대비 색감: 화면과 비슷 / 퀄리티: 보통 / 신축성: 적당함,True,0,travel,하의,LARGE,,2026,6,20,토,5,응답,정사이즈,화면과 비슷,보통,,,적당함,,,3.0,,3.0,,,0.0,0.0,0.0,0.0,,,허리가 많이 크긴한데 크게 입고 싶어서 크게 샀어요 편하고 좋아요,허리가많이크긴한데크게입고싶어서크게샀어요편하고좋아요,0,0,0,0,0,False,36,27,36,True
﻿3048629,86069323,general,얍기,스타일은 보이는 그대로 입니다. 다만 살짝 비침이 있습니다.,4.0,False,MEDIUM,170.0,67.0,남성,2026-07-05 20:36:29,사이즈: 정사이즈 / 화면 대비 색감: 화면과 비슷 / 퀄리티: 보통 / 신축성: 적당함,False,0,travel,하의,MEDIUM,,2026,7,5,일,4,응답,정사이즈,화면과 비슷,보통,,,적당함,,,3.0,,3.0,,,0.0,0.0,0.0,0.0,,,스타일은 보이는 그대로 입니다. 다만 살짝 비침이 있습니다.,스타일은보이는그대로입니다다만살짝비침이있습니다,0,0,0,0,0,False,33,24,33,True
3048629,86057857,general,이터스트,작년에 샀는데 다 얼룩져서 이번년도에 새로 삼ㅎ 이거 검정도 있을 정도로 조녜,5.0,False,MEDIUM,162.0,52.0,여성,2026-07-05 12:21:50,사이즈: 정사이즈 / 화면 대비 색감: 화면과 비슷 / 퀄리티: 좋음 / 신축성: 적당함,True,0,travel,하의,MEDIUM,,2026,7,5,일,5,응답,정사이즈,화면과 비슷,좋음,,,적당함,,,4.0,,3.0,,,0.0,0.0,0.0,0.0,,,작년에 샀는데 다 얼룩져서 이번년도에 새로 삼ㅎ 이거 검정도 있을 정도로 조녜,작년에샀는데다얼룩져서이번년도에새로삼이거검정도있을정도로조녜,1,0,0,0,0,False,43,31,43,True
﻿3048829,85822534,general,30살 취업예정자,생각보다 밝은 색이긴 한데 오히려 더 예쁜거 같아요!!! 담에도 또 살까 싶어용,5.0,False,LARGE,177.0,65.0,남성,2026-06-27 09:38:52,사이즈: 조금 큼 / 화면 대비 색감: 밝음 / 퀄리티: 좋음 / 신축성: 거의 없음,False,0,travel,하의,LARGE,,2026,6,27,토,5,응답,조금 큼,밝음,좋음,,,거의 없음,,,4.0,,2.0,,,1.0,1.0,1.0,1.0,,,생각보다 밝은 색이긴 한데 오히려 더 예쁜거 같아요!!! 담에도 또 살까 싶어용,생각보다밝은색이긴한데오히려더예쁜거같아요담에도또살까싶어용,0,0,3,0,0,True,44,30,44,True
3048829,85724302,style,Neg사무라이,예전부터 봐뒀는데 할인기간에 잘 산 것 같아요 생각한 느낌 그대로입니당 m샀어야할 것 같은데 품절이라 L 샀어요 크긴한데 그래도 ㄱㅊ은 것 같아용,5.0,False,LARGE,178.0,64.0,남성,2026-06-25 07:14:33,사이즈: 정사이즈 / 화면 대비 색감: 화면과 비슷 / 퀄리티: 좋음 / 신축성: 적당함,True,0,travel,하의,LARGE,,2026,6,25,목,5,응답,정사이즈,화면과 비슷,좋음,,,적당함,,,4.0,,3.0,,,0.0,0.0,0.0,0.0,,,예전부터 봐뒀는데 할인기간에 잘 산 것 같아요 생각한 느낌 그대로입니당 m샀어야할 것 같은데 품절이라 L 샀어요 크긴한데 그래도 ㄱㅊ은 것 같아용,예전부터봐뒀는데할인기간에잘산것같아요생각한느낌그대로입니당m샀어야할것같은데품절이라l샀어요크긴한데그래도은것같아용,0,0,0,0,0,False,81,57,81,True
3048829,85565546,general,멧뚱이,청록색에 회끼 많이 넣은 느낌. 무채색 상의랑 딱 잘 어울릴 것 같음. 여름에 시원해보이고 사이드에 찡이 있어서 밋밋하지 않고 좋아요. 57정도인데 오버핏으로 편하게 입기 딱 좋습니당!,5.0,False,SMALL,164.0,57.0,여성,2026-06-22 15:42:03,사이즈: 정사이즈 / 화면 대비 색감: 밝음 / 퀄리티: 보통 / 신축성: 적당함,True,0,travel,하의,SMALL,,2026,6,22,월,5,응답,정사이즈,밝음,보통,,,적당함,,,3.0,,3.0,,,0.0,0.0,1.0,1.0,,,청록색에 회끼 많이 넣은 느낌. 무채색 상의랑 딱 잘 어울릴 것 같음. 여름에 시원해보이고 사이드에 찡이 있어서 밋밋하지 않고 좋아요. 57정도인데 오버핏으로 편하게 입기 딱 좋습니당!,청록색에회끼많이넣은느낌무채색상의랑딱잘어울릴것같음여름에시원해보이고사이드에찡이있어서밋밋하지않고좋아요57정도인데오버핏으로편하게입기딱좋습니당,0,0,1,0,0,False,103,72,103,True
﻿3826328,85654843,general,검소한브라운포멀,그레이색상 구매하고 넘 맘에 들어서 블랙색상도 주문했어요.시원하고 가볍고 기장도 딱입니다.,5.0,False,SMALL,161.0,53.0,여성,2026-06-24 01:00:39,사이즈: 정사이즈 / 화면 대비 색감: 화면과 비슷 / 퀄리티: 보통 / 신축성: 거의 없음,True,0,travel,하의,SMALL,,2026,6,24,수,5,응답,정사이즈,화면과 비슷,보통,,,거의 없음,,,3.0,,2.0,,,0.0,0.0,0.0,0.0,,,그레이색상 구매하고 넘 맘에 들어서 블랙색상도 주문했어요.시원하고 가볍고 기장도 딱입니다.,그레이색상구매하고넘맘에들어서블랙색상도주문했어요시원하고가볍고기장도딱입니다,0,0,0,0,0,False,50,39,50,True
﻿3048828,85839956,style,Trust_m,재질도 너무 좋구 튼튼합니다! 무엇보다 색감과 핏이 너무 예뻐요 !!,5.0,False,SMALL,163.0,,여성,2026-06-27 17:43:24,사이즈: 정사이즈 / 화면 대비 색감: 화면과 비슷 / 퀄리티: 보통 / 신축성: 거의 없음,True,0,travel,하의,SMALL,,2026,6,27,토,5,응답,정사이즈,화면과 비슷,보통,,,거의 없음,,,3.0,,2.0,,,0.0,0.0,0.0,0.0,,,재질도 너무 좋구 튼튼합니다! 무엇보다 색감과 핏이 너무 예뻐요 !!,재질도너무좋구튼튼합니다무엇보다색감과핏이너무예뻐요,0,0,3,0,0,False,38,26,38,True
3048828,85839930,general,Trust_m,재질도 너무 좋구 튼튼합니다! 무엇보다 색감과 핏이 너무 예뻐요 !!,5.0,False,SMALL,163.0,,여성,2026-06-27 17:42:58,사이즈: 정사이즈 / 화면 대비 색감: 화면과 비슷 / 퀄리티: 보통 / 신축성: 거의 없음,True,0,travel,하의,SMALL,,2026,6,27,토,5,응답,정사이즈,화면과 비슷,보통,,,거의 없음,,,3.0,,2.0,,,0.0,0.0,0.0,0.0,,,재질도 너무 좋구 튼튼합니다! 무엇보다 색감과 핏이 너무 예뻐요 !!,재질도너무좋구튼튼합니다무엇보다색감과핏이너무예뻐요,0,0,3,0,0,False,38,26,38,True
﻿1807711,85856635,general,통귤탕후루,사이즈가 넉넉해서 좋고 길이감은 꽤나 길어서 허리를 접어서 입고 다녀야 할 거 같아요,4.0,False,LARGE,163.0,80.0,여성,2026-06-28 04:20:43,사이즈: 조금 큼 / 화면 대비 색감: 화면과 비슷 / 퀄리티: 보통 / 신축성: 적당함,False,0,travel,하의,LARGE,,2026,6,28,일,4,응답,조금 큼,화면과 비슷,보통,,,적당함,,,3.0,,3.0,,,1.0,1.0,0.0,0.0,,,사이즈가 넉넉해서 좋고 길이감은 꽤나 길어서 허리를 접어서 입고 다녀야 할 거 같아요,사이즈가넉넉해서좋고길이감은꽤나길어서허리를접어서입고다녀야할거같아요,0,0,0,0,0,False,47,35,47,True
﻿3048709,84832370,style,기속구,앞면에 포인트 버튼들이 너무 이쁘게 스타일링이 되네요 키가 작아 바지 기장은 줄였는데 깨끗히 입으면 도시남의 찐한 매력을 가진 옷이라 자부합니다 강추~~~,4.0,False,MEDIUM,165.0,62.0,남성,2026-06-26 23:35:55,사이즈: 조금 큼 / 화면 대비 색감: 화면과 비슷 / 퀄리티: 보통 / 신축성: 적당함,True,0,travel,하의,MEDIUM,,2026,6,26,금,4,응답,조금 큼,화면과 비슷,보통,,,적당함,,,3.0,,3.0,,,1.0,1.0,0.0,0.0,,,앞면에 포인트 버튼들이 너무 이쁘게 스타일링이 되네요 키가 작아 바지 기장은 줄였는데 깨끗히 입으면 도시남의 찐한 매력을 가진 옷이라 자부합니다 강추~~~,앞면에포인트버튼들이너무이쁘게스타일링이되네요키가작아바지기장은줄였는데깨끗히입으면도시남의찐한매력을가진옷이라자부합니다강추,0,0,0,0,0,True,86,63,86,True
3048709,85786102,general,명확한옥색슬림,바지 군데군데 은색 버튼이 포인트로 스타일을 잘 살려주네요,5.0,False,MEDIUM,170.0,75.0,남성,2026-06-26 13:49:32,사이즈: 정사이즈 / 화면 대비 색감: 화면과 비슷 / 퀄리티: 매우 좋음 / 신축성: 적당함,True,0,travel,하의,MEDIUM,,2026,6,26,금,5,응답,정사이즈,화면과 비슷,매우 좋음,,,적당함,,,5.0,,3.0,,,0.0,0.0,0.0,0.0,,,바지 군데군데 은색 버튼이 포인트로 스타일을 잘 살려주네요,바지군데군데은색버튼이포인트로스타일을잘살려주네요,0,0,0,0,0,False,32,25,32,True
3048709,85786083,style,명확한옥색슬림,바지 군데군데 은색 버튼이 포인트로 스타일을 잘 살려주네요.,5.0,False,MEDIUM,170.0,75.0,남성,2026-06-26 13:49:10,사이즈: 정사이즈 / 화면 대비 색감: 화면과 비슷 / 퀄리티: 매우 좋음 / 신축성: 적당함,True,0,travel,하의,MEDIUM,,2026,6,26,금,5,응답,정사이즈,화면과 비슷,매우 좋음,,,적당함,,,5.0,,3.0,,,0.0,0.0,0.0,0.0,,,바지 군데군데 은색 버튼이 포인트로 스타일을 잘 살려주네요.,바지군데군데은색버튼이포인트로스타일을잘살려주네요,0,0,0,0,0,False,33,25,33,True
﻿3048779,85830927,general,5252오이오이,길이가 살짝 길긴한데 밑에 스트링이 있어서  조여서 입으면 괜찮아요! 잘 입을게요  컬러는 살짝 어둡긴해요,5.0,False,SMALL,159.0,56.0,여성,2026-06-27 13:47:51,사이즈: 정사이즈 / 화면 대비 색감: 어두움 / 퀄리티: 보통 / 신축성: 적당함,True,0,travel,하의,SMALL,,2026,6,27,토,5,응답,정사이즈,어두움,보통,,,적당함,,,3.0,,3.0,,,0.0,0.0,-1.0,1.0,,,길이가 살짝 길긴한데 밑에 스트링이 있어서 조여서 입으면 괜찮아요! 잘 입을게요 컬러는 살짝 어둡긴해요,길이가살짝길긴한데밑에스트링이있어서조여서입으면괜찮아요잘입을게요컬러는살짝어둡긴해요,0,0,1,0,0,False,59,43,57,True
﻿4756932,86007720,general,banpal.t,마감도 잘 되어있고 여름에 입기좋게 시원한 재질이에요,5.0,False,SMALL,170.0,77.0,남성,2026-07-03 10:03:30,사이즈: 정사이즈 / 화면 대비 색감: 화면과 비슷 / 퀄리티: 보통 / 신축성: 적당함,False,0,travel,하의,SMALL,,2026,7,3,금,5,응답,정사이즈,화면과 비슷,보통,,,적당함,,,3.0,,3.0,,,0.0,0.0,0.0,0.0,,,마감도 잘 되어있고 여름에 입기좋게 시원한 재질이에요,마감도잘되어있고여름에입기좋게시원한재질이에요,0,0,0,0,0,False,29,23,29,True
4756932,85857510,general,금모석,적당한 크기와 두께감으로 여름에 간편하게 입을 수 있는 바지 입니다.,5.0,False,LARGE,178.0,84.0,남성,2026-06-28 08:08:02,사이즈: 정사이즈 / 화면 대비 색감: 화면과 비슷 / 퀄리티: 보통 / 신축성: 적당함,False,0,travel,하의,LARGE,,2026,6,28,일,5,응답,정사이즈,화면과 비슷,보통,,,적당함,,,3.0,,3.0,,,0.0,0.0,0.0,0.0,,,적당한 크기와 두께감으로 여름에 간편하게 입을 수 있는 바지 입니다.,적당한크기와두께감으로여름에간편하게입을수있는바지입니다,0,0,0,0,0,False,38,28,38,True
4756932,85597797,style,산만한서초바지,편하게 착용할 수 있고 데일리로 어떤 옷에든 어울려서 좋아요,5.0,False,LARGE,176.0,77.0,남성,2026-06-23 07:08:13,사이즈: 정사이즈 / 화면 대비 색감: 화면과 비슷 / 퀄리티: 보통 / 신축성: 적당함,True,0,travel,하의,LARGE,,2026,6,23,화,5,응답,정사이즈,화면과 비슷,보통,,,적당함,,,3.0,,3.0,,,0.0,0.0,0.0,0.0,,,편하게 착용할 수 있고 데일리로 어떤 옷에든 어울려서 좋아요,편하게착용할수있고데일리로어떤옷에든어울려서좋아요,0,0,0,0,0,False,33,25,33,True
﻿3440142,85846912,general,오랑이랑이,적당하게 좋아요 막 입기 좋은 정도 적당히 오버핏,5.0,False,LARGE,177.0,78.0,남성,2026-06-27 21:09:00,사이즈: 정사이즈 / 화면 대비 색감: 화면과 비슷 / 퀄리티: 보통 / 신축성: 적당함,True,0,travel,하의,LARGE,,2026,6,27,토,5,응답,정사이즈,화면과 비슷,보통,,,적당함,,,3.0,,3.0,,,0.0,0.0,0.0,0.0,,,적당하게 좋아요 막 입기 좋은 정도 적당히 오버핏,적당하게좋아요막입기좋은정도적당히오버핏,0,0,0,0,0,False,27,20,27,True
﻿4756930,85685839,general,땡초조아,배송도 빠르고 네이비 입어보고 편해서 블라우스 재구매했네요,5.0,False,MEDIUM,160.0,60.0,여성,2026-06-24 16:18:42,사이즈: 정사이즈 / 화면 대비 색감: 화면과 비슷 / 퀄리티: 보통 / 신축성: 적당함,True,0,travel,하의,MEDIUM,,2026,6,24,수,5,응답,정사이즈,화면과 비슷,보통,,,적당함,,,3.0,,3.0,,,0.0,0.0,0.0,0.0,,,배송도 빠르고 네이비 입어보고 편해서 블라우스 재구매했네요,배송도빠르고네이비입어보고편해서블라우스재구매했네요,0,0,0,0,0,False,32,26,32,True
4756930,85622542,style,'@#?!@,타임세일할때 구매했는데 여름에 편하게 입기 좋을 거 같아요,5.0,False,LARGE,184.0,78.0,남성,2026-06-23 17:34:16,사이즈: 정사이즈 / 화면 대비 색감: 화면과 비슷 / 퀄리티: 보통 / 신축성: 적당함,True,0,travel,하의,LARGE,,2026,6,23,화,5,응답,정사이즈,화면과 비슷,보통,,,적당함,,,3.0,,3.0,,,0.0,0.0,0.0,0.0,,,타임세일할때 구매했는데 여름에 편하게 입기 좋을 거 같아요,타임세일할때구매했는데여름에편하게입기좋을거같아요,0,0,0,0,0,False,32,25,32,True
4756930,85622517,general,'@#?!@,타임세일할때 구매했는데 여름에 편하게 입기 좋을 거 같아요,5.0,False,LARGE,184.0,78.0,남성,2026-06-23 17:33:43,사이즈: 정사이즈 / 화면 대비 색감: 화면과 비슷 / 퀄리티: 보통 / 신축성: 적당함,True,0,travel,하의,LARGE,,2026,6,23,화,5,응답,정사이즈,화면과 비슷,보통,,,적당함,,,3.0,,3.0,,,0.0,0.0,0.0,0.0,,,타임세일할때 구매했는데 여름에 편하게 입기 좋을 거 같아요,타임세일할때구매했는데여름에편하게입기좋을거같아요,0,0,0,0,0,False,32,25,32,True
4756930,85592587,style,나무나무박씨,운동할 때 입으려고 샀습니다 일단 편해서 좋습니다 굿  근데 뭔가 체육복같은 느낌은 아쉽..,4.0,False,MEDIUM,178.0,65.0,남성,2026-06-23 00:14:09,사이즈: 정사이즈 / 화면 대비 색감: 어두움 / 퀄리티: 좋음 / 신축성: 강함,True,0,travel,하의,MEDIUM,,2026,6,23,화,4,응답,정사이즈,어두움,좋음,,,강함,,,4.0,,4.0,,,0.0,0.0,-1.0,1.0,,,운동할 때 입으려고 샀습니다 일단 편해서 좋습니다 굿 근데 뭔가 체육복같은 느낌은 아쉽..,운동할때입으려고샀습니다일단편해서좋습니다굿근데뭔가체육복같은느낌은아쉽,0,0,0,0,0,False,51,36,50,True
4756930,85592521,general,나무나무박씨,운동할 때 입으려고 샀습니다 일단 편해서 좋습니다 굿  근데 뭔가 체육복같은 느낌은 아쉽..,4.0,False,MEDIUM,178.0,65.0,남성,2026-06-23 00:12:37,사이즈: 정사이즈 / 화면 대비 색감: 어두움 / 퀄리티: 좋음 / 신축성: 강함,True,0,travel,하의,MEDIUM,,2026,6,23,화,4,응답,정사이즈,어두움,좋음,,,강함,,,4.0,,4.0,,,0.0,0.0,-1.0,1.0,,,운동할 때 입으려고 샀습니다 일단 편해서 좋습니다 굿 근데 뭔가 체육복같은 느낌은 아쉽..,운동할때입으려고샀습니다일단편해서좋습니다굿근데뭔가체육복같은느낌은아쉽,0,0,0,0,0,False,51,36,50,True
﻿4756936,85759252,general,중대한플럼쿨톤,예전에 사서 아주 잘 입고있다가 옷에 뭐가 묻은게 안지워져서 하나 더 샀어요~~~~!! 주로 운동할때 입는데 정말 잘 입어지는 옷입니다👍,5.0,False,LARGE,163.0,54.0,여성,2026-06-25 21:18:11,사이즈: 정사이즈 / 화면 대비 색감: 화면과 비슷 / 퀄리티: 보통 / 신축성: 적당함,True,0,travel,하의,LARGE,,2026,6,25,목,5,응답,정사이즈,화면과 비슷,보통,,,적당함,,,3.0,,3.0,,,0.0,0.0,0.0,0.0,,,예전에 사서 아주 잘 입고있다가 옷에 뭐가 묻은게 안지워져서 하나 더 샀어요~~~!! 주로 운동할때 입는데 정말 잘 입어지는 옷입니다,예전에사서아주잘입고있다가옷에뭐가묻은게안지워져서하나더샀어요주로운동할때입는데정말잘입어지는옷입니다,0,0,2,0,1,True,76,51,74,True
﻿3826344,86008364,general,스티브 조,버뮤다 기장도 적당하고 버건디 색감이 너무 좋아요,5.0,False,커브드 파이핑 라인_그레이 · MEDIUM,168.0,66.0,남성,2026-07-03 10:28:53,사이즈: 정사이즈 / 화면 대비 색감: 화면과 비슷 / 퀄리티: 보통 / 신축성: 적당함,True,0,travel,하의,MEDIUM,커브드 파이핑 라인_그레이,2026,7,3,금,5,응답,정사이즈,화면과 비슷,보통,,,적당함,,,3.0,,3.0,,,0.0,0.0,0.0,0.0,,,버뮤다 기장도 적당하고 버건디 색감이 너무 좋아요,버뮤다기장도적당하고버건디색감이너무좋아요,0,0,0,0,0,False,27,21,27,True
3826344,86008353,style,스티브 조,요즘 유행하는 버뮤다 기장에 버건디 색감도 너무 좋네요,5.0,False,커브드 파이핑 라인_그레이 · MEDIUM,168.0,66.0,남성,2026-07-03 10:28:26,사이즈: 정사이즈 / 화면 대비 색감: 화면과 비슷 / 퀄리티: 보통 / 신축성: 적당함,True,0,travel,하의,MEDIUM,커브드 파이핑 라인_그레이,2026,7,3,금,5,응답,정사이즈,화면과 비슷,보통,,,적당함,,,3.0,,3.0,,,0.0,0.0,0.0,0.0,,,요즘 유행하는 버뮤다 기장에 버건디 색감도 너무 좋네요,요즘유행하는버뮤다기장에버건디색감도너무좋네요,0,0,0,0,0,False,30,23,30,True
﻿3826332,85989072,general,기쁜코랄반팔티,매우 편하고 스포티하고 나일론이라 시원하고 기장 짧은 반바지 싫어하는 분들한테는 딱이네요 아주 맘에 듭니다,5.0,False,MEDIUM,177.0,57.0,남성,2026-07-02 16:15:20,사이즈: 정사이즈 / 화면 대비 색감: 화면과 비슷 / 퀄리티: 좋음 / 신축성: 거의 없음,True,0,travel,하의,MEDIUM,,2026,7,2,목,5,응답,정사이즈,화면과 비슷,좋음,,,거의 없음,,,4.0,,2.0,,,0.0,0.0,0.0,0.0,,,매우 편하고 스포티하고 나일론이라 시원하고 기장 짧은 반바지 싫어하는 분들한테는 딱이네요 아주 맘에 듭니다,매우편하고스포티하고나일론이라시원하고기장짧은반바지싫어하는분들한테는딱이네요아주맘에듭니다,0,0,0,0,0,False,59,46,59,True
﻿4756931,85685942,general,섬세한글로시시크,집 근처 나갈때 편하게 입으려고 샀어요 통이 커서 시원하게 입을 수 있을거같아요,5.0,False,SMALL,165.0,50.0,여성,2026-06-24 16:20:30,사이즈: 조금 큼 / 화면 대비 색감: 화면과 비슷 / 퀄리티: 보통 / 신축성: 거의 없음,False,0,travel,하의,SMALL,,2026,6,24,수,5,응답,조금 큼,화면과 비슷,보통,,,거의 없음,,,3.0,,2.0,,,1.0,1.0,0.0,0.0,,,집 근처 나갈때 편하게 입으려고 샀어요 통이 커서 시원하게 입을 수 있을거같아요,집근처나갈때편하게입으려고샀어요통이커서시원하게입을수있을거같아요,0,0,0,0,0,False,44,33,44,True
﻿4719773,85750649,style,LEGGO03,할인 크게할때 잘 사서 만족중인 제품이에요 워싱이랑 프린팅 맛있게 들어가있는데 스웻팬츠라 편하기까지해서 최고입니다 주변에서 데님이냐고 물어볼때마다 기분좋음,5.0,False,MEDIUM,172.0,65.0,남성,2026-06-25 18:57:22,사이즈: 정사이즈 / 화면 대비 색감: 화면과 비슷 / 퀄리티: 보통 / 신축성: 적당함,True,0,travel,하의,MEDIUM,,2026,6,25,목,5,응답,정사이즈,화면과 비슷,보통,,,적당함,,,3.0,,3.0,,,0.0,0.0,0.0,0.0,,,할인 크게할때 잘 사서 만족중인 제품이에요 워싱이랑 프린팅 맛있게 들어가있는데 스웻팬츠라 편하기까지해서 최고입니다 주변에서 데님이냐고 물어볼때마다 기분좋음,할인크게할때잘사서만족중인제품이에요워싱이랑프린팅맛있게들어가있는데스웻팬츠라편하기까지해서최고입니다주변에서데님이냐고물어볼때마다기분좋음,0,0,0,0,0,False,86,70,86,True
﻿4756934,85597677,general,산만한서초바지,편하게 착용할 수 있고 데일리로 어떤 옷에든 어울려서 좋아요,5.0,False,LARGE,176.0,77.0,남성,2026-06-23 06:58:50,사이즈: 정사이즈 / 화면 대비 색감: 화면과 비슷 / 퀄리티: 보통 / 신축성: 적당함,True,0,travel,하의,LARGE,,2026,6,23,화,5,응답,정사이즈,화면과 비슷,보통,,,적당함,,,3.0,,3.0,,,0.0,0.0,0.0,0.0,,,편하게 착용할 수 있고 데일리로 어떤 옷에든 어울려서 좋아요,편하게착용할수있고데일리로어떤옷에든어울려서좋아요,0,0,0,0,0,False,33,25,33,True
﻿4694271,85845371,style,달봉누이,바지 너무 유니크하고 이뻐요!! 사이즈 완전 맞춘듯이 딱이었고 접어놓은 부분은 계속 내려가서 담에 입을 땐 고정해야겠어요ㅋㅋ,5.0,False,MEDIUM,162.0,63.0,여성,2026-06-27 20:26:38,사이즈: 정사이즈 / 화면 대비 색감: 화면과 비슷 / 퀄리티: 보통 / 신축성: 적당함,True,0,travel,하의,MEDIUM,,2026,6,27,토,5,응답,정사이즈,화면과 비슷,보통,,,적당함,,,3.0,,3.0,,,0.0,0.0,0.0,0.0,,,바지 너무 유니크하고 이뻐요!! 사이즈 완전 맞춘듯이 딱이었고 접어놓은 부분은 계속 내려가서 담에 입을 땐 고정해야겠어요ㅋㅋ,바지너무유니크하고이뻐요사이즈완전맞춘듯이딱이었고접어놓은부분은계속내려가서담에입을땐고정해야겠어요,2,0,2,0,0,False,69,50,69,True
4694271,85845356,general,달봉누이,바지 너무 유니크하고 이뻐요!! 사이즈 완전 맞춘듯이 딱이었고 접어놓은 부분은 계속 내려가서 담에 입을 땐 고정해야겠어요ㅋㅋ,5.0,False,MEDIUM,162.0,63.0,여성,2026-06-27 20:26:06,사이즈: 정사이즈 / 화면 대비 색감: 화면과 비슷 / 퀄리티: 보통 / 신축성: 적당함,True,0,travel,하의,MEDIUM,,2026,6,27,토,5,응답,정사이즈,화면과 비슷,보통,,,적당함,,,3.0,,3.0,,,0.0,0.0,0.0,0.0,,,바지 너무 유니크하고 이뻐요!! 사이즈 완전 맞춘듯이 딱이었고 접어놓은 부분은 계속 내려가서 담에 입을 땐 고정해야겠어요ㅋㅋ,바지너무유니크하고이뻐요사이즈완전맞춘듯이딱이었고접어놓은부분은계속내려가서담에입을땐고정해야겠어요,2,0,2,0,0,False,69,50,69,True
﻿5960587,85920431,general,사려깊은칠레버클,7부 기장 버뮤다 생각했는데 밑단 피면 꽤 길어요 꼭 접어 입어야할텐데 박음질이 돼있어서 크게 내려가지도 않고 핏이랑 디테일도 이뻐요,5.0,False,M,174.0,70.0,남성,2026-06-30 09:58:55,사이즈: 조금 큼 / 화면 대비 색감: 화면과 비슷 / 퀄리티: 나쁨 / 신축성: 적당함,True,0,travel,하의,M,,2026,6,30,화,5,응답,조금 큼,화면과 비슷,나쁨,,,적당함,,,2.0,,3.0,,,1.0,1.0,0.0,0.0,,,7부 기장 버뮤다 생각했는데 밑단 피면 꽤 길어요 꼭 접어 입어야할텐데 박음질이 돼있어서 크게 내려가지도 않고 핏이랑 디테일도 이뻐요,7부기장버뮤다생각했는데밑단피면꽤길어요꼭접어입어야할텐데박음질이돼있어서크게내려가지도않고핏이랑디테일도이뻐요,0,0,0,0,0,False,74,55,74,True
5960587,85665614,general,어느날무신사가된,디자인도 예쁘고 핏도 예뻐서 다 좋은데 조금만 빨리 걸어도 밑단 접힌 곳이 자꾸 흘러내리거나 펼쳐져서 너무 불편하고 짜증남ㅠㅜ 실핀으로 따로 고정하거나 해야될거같아요,4.0,False,S,158.0,47.0,여성,2026-06-24 09:45:53,사이즈: 조금 큼 / 화면 대비 색감: 화면과 비슷 / 퀄리티: 보통 / 신축성: 적당함,False,0,travel,하의,S,,2026,6,24,수,4,응답,조금 큼,화면과 비슷,보통,,,적당함,,,3.0,,3.0,,,1.0,1.0,0.0,0.0,,,디자인도 예쁘고 핏도 예뻐서 다 좋은데 조금만 빨리 걸어도 밑단 접힌 곳이 자꾸 흘러내리거나 펼쳐져서 너무 불편하고 짜증남ㅠㅜ 실핀으로 따로 고정하거나 해야될거같아요,디자인도예쁘고핏도예뻐서다좋은데조금만빨리걸어도밑단접힌곳이자꾸흘러내리거나펼쳐져서너무불편하고짜증남실핀으로따로고정하거나해야될거같아요,0,2,0,0,0,False,92,69,92,True
﻿5290623,85576620,general,장마엔이태원벨벳,디자인 예쁘고 만듦새 좋습니다 잘 사용하겠습니다,5.0,False,LARGE,188.0,78.0,남성,2026-06-22 19:29:31,사이즈: 정사이즈 / 화면 대비 색감: 화면과 비슷 / 퀄리티: 보통 / 신축성: 적당함,True,0,travel,하의,LARGE,,2026,6,22,월,5,응답,정사이즈,화면과 비슷,보통,,,적당함,,,3.0,,3.0,,,0.0,0.0,0.0,0.0,,,디자인 예쁘고 만듦새 좋습니다 잘 사용하겠습니다,디자인예쁘고만듦새좋습니다잘사용하겠습니다,0,0,0,0,0,False,26,21,26,True
﻿6204817,85946262,general,2하zero,엉덩이에 레터링 포인트가 정말 예뻐요 힙한 느낌의 바지라서 너무 마음에 듭니다,5.0,False,S,179.0,60.0,여성,2026-07-01 01:38:01,사이즈: 조금 큼 / 화면 대비 색감: 화면과 비슷 / 퀄리티: 매우 좋음 / 신축성: 적당함,True,0,travel,하의,S,,2026,7,1,수,5,응답,조금 큼,화면과 비슷,매우 좋음,,,적당함,,,5.0,,3.0,,,1.0,1.0,0.0,0.0,,,엉덩이에 레터링 포인트가 정말 예뻐요 힙한 느낌의 바지라서 너무 마음에 듭니다,엉덩이에레터링포인트가정말예뻐요힙한느낌의바지라서너무마음에듭니다,0,0,0,0,0,False,43,33,43,True
6204817,85934025,general,게으른감귤,제가 생각한 느낌대로라서 좋습니다 자주입을것같네용,5.0,False,L,178.0,78.0,남성,2026-06-30 19:04:49,사이즈: 정사이즈 / 화면 대비 색감: 화면과 비슷 / 퀄리티: 보통 / 신축성: 적당함,False,0,travel,하의,L,,2026,6,30,화,5,응답,정사이즈,화면과 비슷,보통,,,적당함,,,3.0,,3.0,,,0.0,0.0,0.0,0.0,,,제가 생각한 느낌대로라서 좋습니다 자주입을것같네용,제가생각한느낌대로라서좋습니다자주입을것같네용,0,0,0,0,0,False,27,23,27,True
﻿5960583,86044709,general,일반적인잠실플랫,사진과 똑같은 색감이고 사이즈도 딱 맞음. 매우만족.,5.0,False,M,174.0,70.0,남성,2026-07-04 20:03:53,사이즈: 정사이즈 / 화면 대비 색감: 화면과 비슷 / 퀄리티: 보통 / 신축성: 적당함,False,0,travel,하의,M,,2026,7,4,토,5,응답,정사이즈,화면과 비슷,보통,,,적당함,,,3.0,,3.0,,,0.0,0.0,0.0,0.0,,,사진과 똑같은 색감이고 사이즈도 딱 맞음. 매우만족.,사진과똑같은색감이고사이즈도딱맞음매우만족,0,0,0,0,0,False,29,21,29,True
5960583,85746679,general,괜찮은북촌하객룩,사진하고 비슷한데 살짝 무거운감 있긴한데 예뻐요,5.0,False,M,168.0,56.0,여성,2026-06-25 17:34:11,사이즈: 정사이즈 / 화면 대비 색감: 밝음 / 퀄리티: 보통 / 신축성: 적당함,False,0,travel,하의,M,,2026,6,25,목,5,응답,정사이즈,밝음,보통,,,적당함,,,3.0,,3.0,,,0.0,0.0,1.0,1.0,,,사진하고 비슷한데 살짝 무거운감 있긴한데 예뻐요,사진하고비슷한데살짝무거운감있긴한데예뻐요,0,0,0,0,0,False,26,21,26,True
5960583,85632018,general,요즘대세핑크발찌,길이감 너무 만족하고 디자인또한 스타일 아주 좋아요~,5.0,False,L,160.0,57.0,여성,2026-06-23 20:01:58,사이즈: 정사이즈 / 화면 대비 색감: 화면과 비슷 / 퀄리티: 좋음 / 신축성: 거의 없음,False,0,travel,하의,L,,2026,6,23,화,5,응답,정사이즈,화면과 비슷,좋음,,,거의 없음,,,4.0,,2.0,,,0.0,0.0,0.0,0.0,,,길이감 너무 만족하고 디자인또한 스타일 아주 좋아요~,길이감너무만족하고디자인또한스타일아주좋아요,0,0,0,0,0,False,29,22,29,True
﻿6204815,85690701,general,imhpy,다른 버지들은 허리 조절이 어려운데 허리 조절하는 끈 있어서 너무 좋아요!!,5.0,False,L,172.0,71.0,여성,2026-06-24 17:36:40,사이즈: 정사이즈 / 화면 대비 색감: 어두움 / 퀄리티: 좋음 / 신축성: 적당함,False,0,travel,하의,L,,2026,6,24,수,5,응답,정사이즈,어두움,좋음,,,적당함,,,4.0,,3.0,,,0.0,0.0,-1.0,1.0,,,다른 버지들은 허리 조절이 어려운데 허리 조절하는 끈 있어서 너무 좋아요!!,다른버지들은허리조절이어려운데허리조절하는끈있어서너무좋아요,0,0,2,0,0,False,42,30,42,True
﻿5960639,85825539,general,한석원 선생님,귀엽고 스타 포인트가 너무 마음에 들어요! 가을 봄 용으로 추천해요,5.0,False,S,167.0,56.0,남성,2026-06-27 11:13:16,사이즈: 정사이즈 / 화면 대비 색감: 화면과 비슷 / 퀄리티: 보통 / 신축성: 적당함,True,0,travel,하의,S,,2026,6,27,토,5,응답,정사이즈,화면과 비슷,보통,,,적당함,,,3.0,,3.0,,,0.0,0.0,0.0,0.0,,,귀엽고 스타 포인트가 너무 마음에 들어요! 가을 봄 용으로 추천해요,귀엽고스타포인트가너무마음에들어요가을봄용으로추천해요,0,0,1,0,0,False,37,27,37,True
﻿5960585,85683519,style,평범한로마카라티,키가 작아서 버뮤다 팬츠가 애매해지기 쉬운데 딱 맞는 길이라 너무 좋아요 옷도 탄탄하고 잘만들어져잇어요,5.0,False,S,155.0,55.0,여성,2026-06-24 15:35:25,사이즈: 정사이즈 / 화면 대비 색감: 화면과 비슷 / 퀄리티: 매우 좋음 / 신축성: 적당함,True,0,travel,하의,S,,2026,6,24,수,5,응답,정사이즈,화면과 비슷,매우 좋음,,,적당함,,,5.0,,3.0,,,0.0,0.0,0.0,0.0,,,키가 작아서 버뮤다 팬츠가 애매해지기 쉬운데 딱 맞는 길이라 너무 좋아요 옷도 탄탄하고 잘만들어져잇어요,키가작아서버뮤다팬츠가애매해지기쉬운데딱맞는길이라너무좋아요옷도탄탄하고잘만들어져잇어요,0,0,0,0,0,False,57,44,57,True
5960585,85671567,general,taeyan9.17,"기대한 만큼 실물도 만족스럽고, 다트 포켓 포인트가 넘넘 매력적입니다 다만, 옷 자체가 조금 무거워서 구매하실때 그 점 유의 하셔야 될거 같아요 그래도 전체적으로 만족합니다. :-)",5.0,False,L,182.0,65.0,남성,2026-06-24 11:49:28,사이즈: 조금 큼 / 화면 대비 색감: 밝음 / 퀄리티: 좋음 / 신축성: 거의 없음,True,0,travel,하의,L,,2026,6,24,수,5,응답,조금 큼,밝음,좋음,,,거의 없음,,,4.0,,2.0,,,1.0,1.0,1.0,1.0,,,"기대한 만큼 실물도 만족스럽고, 다트 포켓 포인트가 넘넘 매력적입니다 다만, 옷 자체가 조금 무거워서 구매하실때 그 점 유의 하셔야 될거 같아요 그래도 전체적으로 만족합니다. :-)",기대한만큼실물도만족스럽고다트포켓포인트가넘넘매력적입니다다만옷자체가조금무거워서구매하실때그점유의하셔야될거같아요그래도전체적으로만족합니다,0,0,0,0,0,False,101,71,101,True
﻿5960616,85693545,general,Dongu-,이번 블프에서 가장 잘 산 제품! 진짜 이쁘고 핏이 좋음 허리 32인데 허리가 조금 많이 남긴해도 허리끈으로 조절하면 딱,5.0,False,M,178.0,77.0,남성,2026-06-24 18:22:09,사이즈: 정사이즈 / 화면 대비 색감: 화면과 비슷 / 퀄리티: 보통 / 신축성: 적당함,True,0,travel,하의,M,,2026,6,24,수,5,응답,정사이즈,화면과 비슷,보통,,,적당함,,,3.0,,3.0,,,0.0,0.0,0.0,0.0,,,이번 블프에서 가장 잘 산 제품! 진짜 이쁘고 핏이 좋음 허리 32인데 허리가 조금 많이 남긴해도 허리끈으로 조절하면 딱,이번블프에서가장잘산제품진짜이쁘고핏이좋음허리32인데허리가조금많이남긴해도허리끈으로조절하면딱,0,0,1,0,0,False,67,46,67,True
﻿5960615,85846899,general,오랑이랑이,적당하게 좋아요 막 입기 좋은 정도 적당히 오버핏,5.0,False,M,177.0,78.0,남성,2026-06-27 21:08:32,사이즈: 정사이즈 / 화면 대비 색감: 화면과 비슷 / 퀄리티: 보통 / 신축성: 적당함,True,0,travel,하의,M,,2026,6,27,토,5,응답,정사이즈,화면과 비슷,보통,,,적당함,,,3.0,,3.0,,,0.0,0.0,0.0,0.0,,,적당하게 좋아요 막 입기 좋은 정도 적당히 오버핏,적당하게좋아요막입기좋은정도적당히오버핏,0,0,0,0,0,False,27,20,27,True
